# 3ds Max Wavefront OBJ Exporter v0.97b - (c)2007 guruware
# File Created: 12.09.2015 15:14:12

mtllib 3d-model.mtl

#
# object Layer0_001
#

v  -228.3465 2370.0789 4527.5591
v  -244.0945 2370.0789 4527.5591
v  -244.0945 2370.0789 4429.1338
v  -228.3465 2370.0789 4429.1338
v  -244.0945 2448.8188 5905.5117
v  -228.3465 2448.8188 5905.5117
v  -228.3465 2527.5591 5905.5117
v  -244.0945 2539.3701 5905.5117
v  -228.3465 2539.3701 5905.5117
v  -244.0945 2527.5591 4429.1338
v  -228.3465 2378.0859 4429.1338
v  -228.3465 2527.5591 4429.1338
v  -228.3465 2448.3630 5897.5352
v  -228.3465 2527.5591 5897.5352
v  -228.3465 2466.9197 5897.5352
v  -228.3465 2519.5825 5897.5352
v  -244.0945 2466.9197 5897.5352
v  -244.0945 2519.5825 5897.5352
v  -244.0945 2519.5825 5839.9351
v  -228.3465 2519.5825 5839.9351
v  -244.0945 2455.6143 5886.4102
v  -244.0945 2509.6909 5827.2637
v  -228.3465 2509.6909 5827.2637
v  -228.3465 2455.6143 5886.4102
v  -244.0945 2452.2344 5827.2637
v  -228.3465 2452.2344 5827.2637
v  -244.0945 2519.5825 5811.4131
v  -244.0945 2519.5825 5752.9263
v  -228.3465 2519.5825 5752.9263
v  -228.3465 2519.5825 5811.4131
v  -228.3465 2462.7668 5811.4131
v  -244.0945 2462.7668 5811.4131
v  -244.0945 2447.3132 5741.1416
v  -244.0945 2450.7366 5801.0493
v  -228.3465 2450.7366 5801.0493
v  -228.3465 2447.3132 5741.1416
v  -228.3465 2508.9324 5741.1416
v  -244.0945 2508.9324 5741.1416
v  -244.0945 2458.6238 5725.2910
v  -228.3465 2458.6238 5725.2910
v  -228.3465 2519.5825 5666.0254
v  -244.0945 2519.5825 5666.0254
v  -244.0945 2519.5825 5725.2910
v  -228.3465 2519.5825 5725.2910
v  -244.0945 2442.3918 5655.0195
v  -244.0945 2445.8535 5715.5996
v  -228.3465 2445.8535 5715.5996
v  -228.3465 2442.3918 5655.0195
v  -228.3465 2508.1643 5655.0195
v  -244.0945 2508.1643 5655.0195
v  -244.0945 2454.4893 5639.1689
v  -228.3465 2454.4893 5639.1689
v  -228.3465 2519.5825 5579.2148
v  -244.0945 2519.5825 5579.2148
v  -244.0945 2519.5825 5639.1689
v  -228.3465 2519.5825 5639.1689
v  -244.0945 2437.4707 5568.8975
v  -244.0945 2440.9666 5630.0747
v  -228.3465 2440.9666 5630.0747
v  -228.3465 2437.4707 5568.8975
v  -228.3465 2507.3875 5568.8975
v  -244.0945 2507.3875 5568.8975
v  -228.3465 2436.0757 5544.4868
v  -244.0945 2436.0757 5544.4868
v  -244.0945 2506.6028 5482.7754
v  -228.3465 2506.6028 5482.7754
v  -244.0945 2432.5493 5482.7754
v  -228.3465 2432.5493 5482.7754
v  -244.0945 2519.5825 5553.0469
v  -244.0945 2519.5825 5492.4800
v  -228.3465 2519.5825 5492.4800
v  -228.3465 2519.5825 5553.0469
v  -228.3465 2450.3630 5553.0469
v  -244.0945 2450.3630 5553.0469
v  -244.0945 2519.5825 5466.9248
v  -244.0945 2519.5825 5405.8096
v  -228.3465 2519.5825 5405.8096
v  -228.3465 2519.5825 5466.9248
v  -228.3465 2446.2444 5466.9248
v  -244.0945 2446.2444 5466.9248
v  -244.0945 2427.6282 5396.6533
v  -228.3465 2427.6282 5396.6533
v  -228.3465 2505.8105 5396.6533
v  -244.0945 2505.8105 5396.6533
v  -228.3465 2431.1819 5458.8442
v  -244.0945 2431.1819 5458.8442
v  -228.3465 2442.1323 5380.8027
v  -244.0945 2442.1323 5380.8027
v  -244.0945 2519.5825 5380.8027
v  -228.3465 2519.5825 5380.8027
v  -228.3465 2519.5825 5319.1948
v  -244.0945 2519.5825 5319.1948
v  -244.0945 2433.9268 5208.5586
v  -228.3465 2433.9268 5208.5586
v  -228.3465 2519.5825 5146.1016
v  -244.0945 2519.5825 5146.1016
v  -244.0945 2519.5825 5208.5586
v  -228.3465 2519.5825 5208.5586
v  -228.3465 2438.0266 5294.6807
v  -244.0945 2438.0266 5294.6807
v  -244.0945 2519.5825 5294.6807
v  -228.3465 2519.5825 5294.6807
v  -228.3465 2519.5825 5232.6274
v  -244.0945 2519.5825 5232.6274
v  -244.0945 2417.7856 5224.4092
v  -244.0945 2421.3865 5287.4248
v  -228.3465 2421.3865 5287.4248
v  -228.3465 2417.7856 5224.4092
v  -228.3465 2504.2065 5224.4092
v  -244.0945 2504.2065 5224.4092
v  -244.0945 2422.7068 5310.5313
v  -244.0945 2426.2854 5373.1548
v  -228.3465 2426.2854 5373.1548
v  -228.3465 2422.7068 5310.5313
v  -228.3465 2505.0117 5310.5313
v  -244.0945 2505.0117 5310.5313
v  -228.3465 2416.4856 5201.6592
v  -244.0945 2416.4856 5201.6592
v  -244.0945 2503.3958 5138.2871
v  -228.3465 2503.3958 5138.2871
v  -244.0945 2412.8643 5138.2871
v  -228.3465 2412.8643 5138.2871
v  -244.0945 2429.8320 5122.4365
v  -228.3465 2429.8320 5122.4365
v  -228.3465 2519.5825 5059.6113
v  -244.0945 2519.5825 5059.6113
v  -244.0945 2519.5825 5122.4365
v  -228.3465 2519.5825 5122.4365
v  -244.0945 2407.9431 5052.1650
v  -228.3465 2407.9431 5052.1650
v  -228.3465 2502.5798 5052.1650
v  -244.0945 2502.5798 5052.1650
v  -228.3465 2411.5830 5115.8633
v  -244.0945 2411.5830 5115.8633
v  -228.3465 2425.7424 5036.3145
v  -244.0945 2425.7424 5036.3145
v  -244.0945 2519.5825 5036.3145
v  -228.3465 2519.5825 5036.3145
v  -228.3465 2519.5825 4973.1533
v  -244.0945 2519.5825 4973.1533
v  -228.3465 2417.5764 4864.0703
v  -244.0945 2417.5764 4864.0703
v  -244.0945 2519.5825 4864.0703
v  -228.3465 2519.5825 4864.0703
v  -228.3465 2519.5825 4800.3169
v  -244.0945 2519.5825 4800.3169
v  -244.0945 2398.1006 4879.9209
v  -244.0945 2401.7732 4944.1919
v  -228.3465 2401.7732 4944.1919
v  -228.3465 2398.1006 4879.9209
v  -228.3465 2500.9336 4879.9209
v  -244.0945 2500.9336 4879.9209
v  -244.0945 2421.6575 4950.1924
v  -228.3465 2421.6575 4950.1924
v  -228.3465 2519.5825 4886.7227
v  -244.0945 2519.5825 4886.7227
v  -244.0945 2519.5825 4950.1924
v  -228.3465 2519.5825 4950.1924
v  -244.0945 2403.0217 4966.0430
v  -228.3465 2403.0217 4966.0430
v  -228.3465 2501.7588 4966.0430
v  -244.0945 2501.7588 4966.0430
v  -228.3465 2406.6787 5030.0396
v  -244.0945 2406.6787 5030.0396
v  -244.0945 2393.1794 4793.7988
v  -228.3465 2393.1794 4793.7988
v  -228.3465 2500.1040 4793.7988
v  -244.0945 2500.1040 4793.7988
v  -228.3465 2396.8665 4858.3228
v  -244.0945 2396.8665 4858.3228
v  -228.3465 2378.0859 4513.1123
v  -244.0945 2378.0859 4513.1123
v  -244.0945 2499.6399 4437.1406
v  -228.3465 2499.6399 4437.1406
v  -244.0945 2378.0859 4437.1406
v  -228.3465 2378.0859 4437.1406
v  -244.0945 2519.5825 4519.5825
v  -244.0945 2519.5825 4443.5254
v  -228.3465 2519.5825 4443.5254
v  -228.3465 2519.5825 4519.5825
v  -228.3465 2397.8914 4519.5825
v  -244.0945 2397.8914 4519.5825
v  -244.0945 2378.4155 4535.4331
v  -228.3465 2378.4155 4535.4331
v  -228.3465 2497.5935 4535.4331
v  -244.0945 2497.5935 4535.4331
v  -228.3465 2382.1399 4600.6084
v  -244.0945 2382.1399 4600.6084
v  -228.3465 2405.3557 4605.7046
v  -244.0945 2405.3557 4605.7046
v  -244.0945 2519.5825 4605.7046
v  -228.3465 2519.5825 4605.7046
v  -228.3465 2519.5825 4541.2217
v  -244.0945 2519.5825 4541.2217
v  -244.0945 2383.3369 4621.5552
v  -244.0945 2387.0496 4686.5293
v  -228.3465 2387.0496 4686.5293
v  -228.3465 2383.3369 4621.5552
v  -228.3465 2498.4336 4621.5552
v  -244.0945 2498.4336 4621.5552
v  -228.3465 2409.4260 4691.8267
v  -244.0945 2409.4260 4691.8267
v  -244.0945 2519.5825 4691.8267
v  -228.3465 2519.5825 4691.8267
v  -228.3465 2519.5825 4627.5684
v  -244.0945 2519.5825 4627.5684
v  -244.0945 2388.2581 4707.6772
v  -244.0945 2391.9585 4772.4346
v  -228.3465 2391.9585 4772.4346
v  -228.3465 2388.2581 4707.6772
v  -228.3465 2499.2705 4707.6772
v  -244.0945 2499.2705 4707.6772
v  -244.0945 2519.5825 4777.9482
v  -244.0945 2519.5825 4713.9326
v  -228.3465 2519.5825 4713.9326
v  -228.3465 2519.5825 4777.9482
v  -228.3465 2413.4993 4777.9482
v  -244.0945 2413.4993 4777.9482
v  -244.0945 2539.3701 4429.1338
v  -228.3465 2539.3701 4429.1338
v  -228.3465 2362.2048 4527.5591
v  -244.0945 2362.2048 4527.5591
v  -244.0945 2362.2048 4429.1338
v  -228.3465 2362.2048 4429.1338
v  -228.3465 2440.9448 5905.5117
v  -244.0945 2440.9448 5905.5117
v  -125.9842 2519.5825 4605.7046
v  -125.9842 2519.5825 4541.2217
v  -110.2362 2519.5825 4541.2217
v  -110.2362 2519.5825 4605.7046
v  -125.9842 2519.5825 4777.9482
v  -125.9842 2519.5825 4713.9326
v  -110.2362 2519.5825 4713.9326
v  -110.2362 2519.5825 4777.9482
v  -125.9842 2409.4260 4691.8267
v  -110.2362 2409.4260 4691.8267
v  -110.2362 2519.5825 4627.5684
v  -125.9842 2519.5825 4627.5684
v  -125.9842 2519.5825 4691.8267
v  -110.2362 2519.5825 4691.8267
v  -110.2362 2413.4993 4777.9482
v  -125.9842 2413.4993 4777.9482
v  -125.9842 2440.9448 5905.5117
v  -110.2362 2440.9448 5905.5117
v  -110.2362 2448.8188 5905.5117
v  -125.9842 2448.8188 5905.5117
v  -110.2362 2362.2048 4527.5591
v  -110.2362 2448.3630 5897.5352
v  -110.2362 2370.0789 4527.5591
v  -125.9842 2362.2048 4527.5591
v  -125.9842 2519.5825 5839.9351
v  -125.9842 2466.9197 5897.5352
v  -110.2362 2466.9197 5897.5352
v  -110.2362 2519.5825 5839.9351
v  -110.2362 2370.0789 4429.1338
v  -125.9842 2370.0789 4429.1338
v  -125.9842 2378.0859 4429.1338
v  -110.2362 2378.0859 4429.1338
v  -125.9842 2527.5591 4429.1338
v  -110.2362 2527.5591 4429.1338
v  -125.9842 2452.2344 5827.2637
v  -125.9842 2455.6143 5886.4102
v  -110.2362 2455.6143 5886.4102
v  -110.2362 2452.2344 5827.2637
v  -125.9842 2447.3132 5741.1416
v  -110.2362 2447.3132 5741.1416
v  -110.2362 2508.9324 5741.1416
v  -125.9842 2508.9324 5741.1416
v  -125.9842 2519.5825 5897.5352
v  -110.2362 2519.5825 5897.5352
v  -125.9842 2450.7366 5801.0493
v  -110.2362 2450.7366 5801.0493
v  -125.9842 2509.6909 5827.2637
v  -110.2362 2509.6909 5827.2637
v  -110.2362 2421.6575 4950.1924
v  -125.9842 2421.6575 4950.1924
v  -125.9842 2519.5825 4950.1924
v  -110.2362 2519.5825 4950.1924
v  -125.9842 2519.5825 4886.7227
v  -110.2362 2519.5825 4886.7227
v  -125.9842 2539.3701 4429.1338
v  -125.9842 2539.3701 5905.5117
v  -110.2362 2539.3701 5905.5117
v  -110.2362 2539.3701 4429.1338
v  -125.9842 2403.0217 4966.0430
v  -110.2362 2403.0217 4966.0430
v  -110.2362 2501.7588 4966.0430
v  -125.9842 2501.7588 4966.0430
v  -110.2362 2406.6787 5030.0396
v  -125.9842 2406.6787 5030.0396
v  -110.2362 2378.0859 4513.1123
v  -125.9842 2378.0859 4513.1123
v  -125.9842 2499.6399 4437.1406
v  -110.2362 2499.6399 4437.1406
v  -125.9842 2378.0859 4437.1406
v  -110.2362 2378.0859 4437.1406
v  -125.9842 2388.2581 4707.6772
v  -125.9842 2391.9585 4772.4346
v  -110.2362 2391.9585 4772.4346
v  -110.2362 2388.2581 4707.6772
v  -125.9842 2378.4155 4535.4331
v  -110.2362 2378.4155 4535.4331
v  -110.2362 2497.5935 4535.4331
v  -125.9842 2497.5935 4535.4331
v  -110.2362 2382.1399 4600.6084
v  -125.9842 2382.1399 4600.6084
v  -125.9842 2383.3369 4621.5552
v  -125.9842 2387.0496 4686.5293
v  -110.2362 2387.0496 4686.5293
v  -110.2362 2383.3369 4621.5552
v  -110.2362 2498.4336 4621.5552
v  -125.9842 2498.4336 4621.5552
v  -110.2362 2499.2705 4707.6772
v  -125.9842 2499.2705 4707.6772
v  -125.9842 2527.5591 5905.5117
v  -125.9842 2527.5591 5897.5352
v  -110.2362 2527.5591 5905.5117
v  -110.2362 2527.5591 5897.5352
v  -125.9842 2519.5825 5811.4131
v  -125.9842 2519.5825 5752.9263
v  -125.9842 2519.5825 5725.2910
v  -125.9842 2519.5825 5666.0254
v  -125.9842 2519.5825 5639.1689
v  -125.9842 2519.5825 5579.2148
v  -125.9842 2519.5825 5553.0469
v  -125.9842 2519.5825 5492.4800
v  -125.9842 2519.5825 5466.9248
v  -125.9842 2519.5825 5405.8096
v  -125.9842 2519.5825 5380.8027
v  -125.9842 2519.5825 5319.1948
v  -125.9842 2519.5825 5294.6807
v  -125.9842 2519.5825 5232.6274
v  -125.9842 2519.5825 5208.5586
v  -125.9842 2519.5825 5146.1016
v  -125.9842 2519.5825 5122.4365
v  -125.9842 2519.5825 5059.6113
v  -125.9842 2519.5825 5036.3145
v  -125.9842 2519.5825 4973.1533
v  -125.9842 2519.5825 4864.0703
v  -125.9842 2519.5825 4800.3169
v  -125.9842 2519.5825 4519.5825
v  -125.9842 2519.5825 4443.5254
v  -125.9842 2370.0789 4527.5591
v  -125.9842 2397.8914 4519.5825
v  -125.9842 2405.3557 4605.7046
v  -125.9842 2393.1794 4793.7988
v  -125.9842 2396.8665 4858.3228
v  -125.9842 2398.1006 4879.9209
v  -125.9842 2401.7732 4944.1919
v  -125.9842 2407.9431 5052.1650
v  -125.9842 2411.5830 5115.8633
v  -125.9842 2412.8643 5138.2871
v  -125.9842 2416.4856 5201.6592
v  -125.9842 2417.7856 5224.4092
v  -125.9842 2421.3865 5287.4248
v  -125.9842 2422.7068 5310.5313
v  -125.9842 2426.2854 5373.1548
v  -125.9842 2427.6282 5396.6533
v  -125.9842 2431.1819 5458.8442
v  -125.9842 2432.5493 5482.7754
v  -125.9842 2436.0757 5544.4868
v  -125.9842 2437.4707 5568.8975
v  -125.9842 2440.9666 5630.0747
v  -125.9842 2442.3918 5655.0195
v  -125.9842 2445.8535 5715.5996
v  -125.9842 2448.3630 5897.5352
v  -125.9842 2462.7668 5811.4131
v  -125.9842 2458.6238 5725.2910
v  -125.9842 2508.1643 5655.0195
v  -125.9842 2454.4893 5639.1689
v  -125.9842 2507.3875 5568.8975
v  -125.9842 2450.3630 5553.0469
v  -125.9842 2506.6028 5482.7754
v  -125.9842 2446.2444 5466.9248
v  -125.9842 2505.8105 5396.6533
v  -125.9842 2442.1323 5380.8027
v  -125.9842 2505.0117 5310.5313
v  -125.9842 2438.0266 5294.6807
v  -125.9842 2504.2065 5224.4092
v  -125.9842 2433.9268 5208.5586
v  -125.9842 2503.3958 5138.2871
v  -125.9842 2429.8320 5122.4365
v  -125.9842 2502.5798 5052.1650
v  -125.9842 2425.7424 5036.3145
v  -125.9842 2500.9336 4879.9209
v  -125.9842 2417.5764 4864.0703
v  -125.9842 2500.1040 4793.7988
v  -110.2362 2362.2048 4429.1338
v  -125.9842 2362.2048 4429.1338
v  -110.2362 2519.5825 5752.9263
v  -110.2362 2519.5825 5811.4131
v  -110.2362 2462.7668 5811.4131
v  -110.2362 2454.4893 5639.1689
v  -110.2362 2519.5825 5579.2148
v  -110.2362 2458.6238 5725.2910
v  -110.2362 2519.5825 5666.0254
v  -110.2362 2519.5825 5725.2910
v  -110.2362 2519.5825 5639.1689
v  -110.2362 2436.0757 5544.4868
v  -110.2362 2506.6028 5482.7754
v  -110.2362 2432.5493 5482.7754
v  -110.2362 2519.5825 5405.8096
v  -110.2362 2519.5825 5466.9248
v  -110.2362 2446.2444 5466.9248
v  -110.2362 2442.1323 5380.8027
v  -110.2362 2519.5825 5380.8027
v  -110.2362 2519.5825 5319.1948
v  -110.2362 2438.0266 5294.6807
v  -110.2362 2519.5825 5294.6807
v  -110.2362 2519.5825 5232.6274
v  -110.2362 2426.2854 5373.1548
v  -110.2362 2422.7068 5310.5313
v  -110.2362 2505.0117 5310.5313
v  -110.2362 2429.8320 5122.4365
v  -110.2362 2519.5825 5059.6113
v  -110.2362 2519.5825 5122.4365
v  -110.2362 2425.7424 5036.3145
v  -110.2362 2519.5825 5036.3145
v  -110.2362 2519.5825 4973.1533
v  -110.2362 2437.4707 5568.8975
v  -110.2362 2507.3875 5568.8975
v  -110.2362 2445.8535 5715.5996
v  -110.2362 2442.3918 5655.0195
v  -110.2362 2508.1643 5655.0195
v  -110.2362 2412.8643 5138.2871
v  -110.2362 2503.3958 5138.2871
v  -110.2362 2411.5830 5115.8633
v  -110.2362 2502.5798 5052.1650
v  -110.2362 2416.4856 5201.6592
v  -110.2362 2421.3865 5287.4248
v  -110.2362 2504.2065 5224.4092
v  -110.2362 2417.7856 5224.4092
v  -110.2362 2433.9268 5208.5586
v  -110.2362 2519.5825 5208.5586
v  -110.2362 2519.5825 5146.1016
v  -110.2362 2431.1819 5458.8442
v  -110.2362 2427.6282 5396.6533
v  -110.2362 2505.8105 5396.6533
v  -110.2362 2450.3630 5553.0469
v  -110.2362 2519.5825 5492.4800
v  -110.2362 2519.5825 5553.0469
v  -110.2362 2440.9666 5630.0747
v  -110.2362 2407.9431 5052.1650
v  -110.2362 2417.5764 4864.0703
v  -110.2362 2519.5825 4800.3169
v  -110.2362 2519.5825 4864.0703
v  -110.2362 2398.1006 4879.9209
v  -110.2362 2500.9336 4879.9209
v  -110.2362 2401.7732 4944.1919
v  -110.2362 2393.1794 4793.7988
v  -110.2362 2500.1040 4793.7988
v  -110.2362 2519.5825 4443.5254
v  -110.2362 2519.5825 4519.5825
v  -110.2362 2396.8665 4858.3228
v  -110.2362 2405.3557 4605.7046
v  -110.2362 2397.8914 4519.5825
v  -7.8740 2519.5825 4605.7046
v  -7.8740 2519.5825 4541.2217
v  7.8740 2519.5825 4541.2217
v  7.8740 2519.5825 4605.7046
v  -7.8740 2519.5825 4777.9482
v  -7.8740 2519.5825 4713.9326
v  7.8740 2519.5825 4713.9326
v  7.8740 2519.5825 4777.9482
v  -7.8740 2409.4260 4691.8267
v  7.8740 2409.4260 4691.8267
v  7.8740 2519.5825 4627.5684
v  -7.8740 2519.5825 4627.5684
v  -7.8740 2519.5825 4691.8267
v  7.8740 2519.5825 4691.8267
v  7.8740 2413.4993 4777.9482
v  -7.8740 2413.4993 4777.9482
v  -7.8740 2440.9448 5905.5117
v  7.8740 2440.9448 5905.5117
v  7.8740 2448.8188 5905.5117
v  -7.8740 2448.8188 5905.5117
v  7.8740 2362.2048 4527.5591
v  7.8740 2448.3630 5897.5352
v  7.8740 2370.0789 4527.5591
v  -7.8740 2362.2048 4527.5591
v  -7.8740 2448.3630 5897.5352
v  -7.8740 2370.0789 4527.5591
v  -7.8740 2519.5825 5839.9351
v  -7.8740 2466.9197 5897.5352
v  7.8740 2466.9197 5897.5352
v  7.8740 2519.5825 5839.9351
v  7.8740 2370.0789 4429.1338
v  -7.8740 2370.0789 4429.1338
v  -7.8740 2378.0859 4429.1338
v  7.8740 2378.0859 4429.1338
v  -7.8740 2527.5591 4429.1338
v  7.8740 2527.5591 4429.1338
v  -7.8740 2452.2344 5827.2637
v  -7.8740 2455.6143 5886.4102
v  7.8740 2455.6143 5886.4102
v  7.8740 2452.2344 5827.2637
v  -7.8740 2447.3132 5741.1416
v  7.8740 2447.3132 5741.1416
v  7.8740 2508.9324 5741.1416
v  -7.8740 2508.9324 5741.1416
v  -7.8740 2519.5825 5897.5352
v  7.8740 2519.5825 5897.5352
v  -7.8740 2450.7366 5801.0493
v  7.8740 2450.7366 5801.0493
v  -7.8740 2509.6909 5827.2637
v  7.8740 2509.6909 5827.2637
v  7.8740 2421.6575 4950.1924
v  -7.8740 2421.6575 4950.1924
v  -7.8740 2519.5825 4950.1924
v  7.8740 2519.5825 4950.1924
v  -7.8740 2519.5825 4886.7227
v  7.8740 2519.5825 4886.7227
v  -7.8740 2403.0217 4966.0430
v  7.8740 2403.0217 4966.0430
v  7.8740 2501.7588 4966.0430
v  -7.8740 2501.7588 4966.0430
v  7.8740 2406.6787 5030.0396
v  -7.8740 2406.6787 5030.0396
v  7.8740 2378.0859 4513.1123
v  -7.8740 2378.0859 4513.1123
v  -7.8740 2499.6399 4437.1406
v  7.8740 2499.6399 4437.1406
v  -7.8740 2378.0859 4437.1406
v  7.8740 2378.0859 4437.1406
v  -7.8740 2388.2581 4707.6772
v  -7.8740 2391.9585 4772.4346
v  7.8740 2391.9585 4772.4346
v  7.8740 2388.2581 4707.6772
v  -7.8740 2378.4155 4535.4331
v  7.8740 2378.4155 4535.4331
v  7.8740 2497.5935 4535.4331
v  -7.8740 2497.5935 4535.4331
v  7.8740 2382.1399 4600.6084
v  -7.8740 2382.1399 4600.6084
v  -7.8740 2383.3369 4621.5552
v  -7.8740 2387.0496 4686.5293
v  7.8740 2387.0496 4686.5293
v  7.8740 2383.3369 4621.5552
v  7.8740 2498.4336 4621.5552
v  -7.8740 2498.4336 4621.5552
v  7.8740 2499.2705 4707.6772
v  -7.8740 2499.2705 4707.6772
v  -7.8740 2539.3701 4429.1338
v  7.8740 2539.3701 4429.1338
v  -7.8740 2527.5591 5897.5352
v  -7.8740 2519.5825 5811.4131
v  -7.8740 2519.5825 5752.9263
v  -7.8740 2519.5825 5725.2910
v  -7.8740 2519.5825 5666.0254
v  -7.8740 2519.5825 5639.1689
v  -7.8740 2519.5825 5579.2148
v  -7.8740 2519.5825 5553.0469
v  -7.8740 2519.5825 5492.4800
v  -7.8740 2519.5825 5466.9248
v  -7.8740 2519.5825 5405.8096
v  -7.8740 2519.5825 5380.8027
v  -7.8740 2519.5825 5319.1948
v  -7.8740 2519.5825 5294.6807
v  -7.8740 2519.5825 5232.6274
v  -7.8740 2519.5825 5208.5586
v  -7.8740 2519.5825 5146.1016
v  -7.8740 2519.5825 5122.4365
v  -7.8740 2519.5825 5059.6113
v  -7.8740 2519.5825 5036.3145
v  -7.8740 2519.5825 4973.1533
v  -7.8740 2519.5825 4864.0703
v  -7.8740 2519.5825 4800.3169
v  -7.8740 2519.5825 4519.5825
v  -7.8740 2519.5825 4443.5254
v  -7.8740 2397.8914 4519.5825
v  -7.8740 2405.3557 4605.7046
v  -7.8740 2393.1794 4793.7988
v  -7.8740 2396.8665 4858.3228
v  -7.8740 2398.1006 4879.9209
v  -7.8740 2401.7732 4944.1919
v  -7.8740 2407.9431 5052.1650
v  -7.8740 2411.5830 5115.8633
v  -7.8740 2412.8643 5138.2871
v  -7.8740 2416.4856 5201.6592
v  -7.8740 2417.7856 5224.4092
v  -7.8740 2421.3865 5287.4248
v  -7.8740 2422.7068 5310.5313
v  -7.8740 2426.2854 5373.1548
v  -7.8740 2427.6282 5396.6533
v  -7.8740 2431.1819 5458.8442
v  -7.8740 2432.5493 5482.7754
v  -7.8740 2436.0757 5544.4868
v  -7.8740 2437.4707 5568.8975
v  -7.8740 2440.9666 5630.0747
v  -7.8740 2442.3918 5655.0195
v  -7.8740 2445.8535 5715.5996
v  -7.8740 2527.5591 5905.5117
v  -7.8740 2462.7668 5811.4131
v  -7.8740 2458.6238 5725.2910
v  -7.8740 2508.1643 5655.0195
v  -7.8740 2454.4893 5639.1689
v  -7.8740 2507.3875 5568.8975
v  -7.8740 2450.3630 5553.0469
v  -7.8740 2506.6028 5482.7754
v  -7.8740 2446.2444 5466.9248
v  -7.8740 2505.8105 5396.6533
v  -7.8740 2442.1323 5380.8027
v  -7.8740 2505.0117 5310.5313
v  -7.8740 2438.0266 5294.6807
v  -7.8740 2504.2065 5224.4092
v  -7.8740 2433.9268 5208.5586
v  -7.8740 2503.3958 5138.2871
v  -7.8740 2429.8320 5122.4365
v  -7.8740 2502.5798 5052.1650
v  -7.8740 2425.7424 5036.3145
v  -7.8740 2500.9336 4879.9209
v  -7.8740 2417.5764 4864.0703
v  -7.8740 2500.1040 4793.7988
v  7.8740 2362.2048 4429.1338
v  -7.8740 2362.2048 4429.1338
v  7.8740 2519.5825 5752.9263
v  7.8740 2519.5825 5811.4131
v  7.8740 2462.7668 5811.4131
v  7.8740 2454.4893 5639.1689
v  7.8740 2519.5825 5579.2148
v  7.8740 2458.6238 5725.2910
v  7.8740 2519.5825 5666.0254
v  7.8740 2519.5825 5725.2910
v  7.8740 2519.5825 5639.1689
v  7.8740 2436.0757 5544.4868
v  7.8740 2506.6028 5482.7754
v  7.8740 2432.5493 5482.7754
v  7.8740 2519.5825 5405.8096
v  7.8740 2519.5825 5466.9248
v  7.8740 2446.2444 5466.9248
v  7.8740 2442.1323 5380.8027
v  7.8740 2519.5825 5380.8027
v  7.8740 2519.5825 5319.1948
v  7.8740 2438.0266 5294.6807
v  7.8740 2519.5825 5294.6807
v  7.8740 2519.5825 5232.6274
v  7.8740 2426.2854 5373.1548
v  7.8740 2422.7068 5310.5313
v  7.8740 2505.0117 5310.5313
v  7.8740 2429.8320 5122.4365
v  7.8740 2519.5825 5059.6113
v  7.8740 2519.5825 5122.4365
v  7.8740 2425.7424 5036.3145
v  7.8740 2519.5825 5036.3145
v  7.8740 2519.5825 4973.1533
v  7.8740 2437.4707 5568.8975
v  7.8740 2507.3875 5568.8975
v  7.8740 2445.8535 5715.5996
v  7.8740 2442.3918 5655.0195
v  7.8740 2508.1643 5655.0195
v  7.8740 2412.8643 5138.2871
v  7.8740 2503.3958 5138.2871
v  7.8740 2519.5825 4443.5254
v  7.8740 2397.8914 4519.5825
v  7.8740 2519.5825 4519.5825
v  7.8740 2519.5825 4800.3169
v  7.8740 2519.5825 4864.0703
v  7.8740 2519.5825 5146.1016
v  7.8740 2519.5825 5208.5586
v  7.8740 2519.5825 5492.4800
v  7.8740 2519.5825 5553.0469
v  7.8740 2527.5591 5897.5352
v  7.8740 2440.9666 5630.0747
v  7.8740 2431.1819 5458.8442
v  7.8740 2427.6282 5396.6533
v  7.8740 2421.3865 5287.4248
v  7.8740 2417.7856 5224.4092
v  7.8740 2416.4856 5201.6592
v  7.8740 2411.5830 5115.8633
v  7.8740 2407.9431 5052.1650
v  7.8740 2401.7732 4944.1919
v  7.8740 2398.1006 4879.9209
v  7.8740 2396.8665 4858.3228
v  7.8740 2393.1794 4793.7988
v  7.8740 2405.3557 4605.7046
v  7.8740 2500.1040 4793.7988
v  7.8740 2417.5764 4864.0703
v  7.8740 2500.9336 4879.9209
v  7.8740 2502.5798 5052.1650
v  7.8740 2433.9268 5208.5586
v  7.8740 2504.2065 5224.4092
v  7.8740 2505.8105 5396.6533
v  7.8740 2450.3630 5553.0469
v  110.2362 2519.5825 4605.7046
v  110.2362 2519.5825 4541.2217
v  125.9843 2519.5825 4541.2217
v  125.9843 2519.5825 4605.7046
v  110.2362 2519.5825 4777.9482
v  110.2362 2519.5825 4713.9326
v  125.9843 2519.5825 4713.9326
v  125.9843 2519.5825 4777.9482
v  110.2362 2409.4260 4691.8267
v  125.9843 2409.4260 4691.8267
v  125.9843 2519.5825 4627.5684
v  110.2362 2519.5825 4627.5684
v  110.2362 2519.5825 4691.8267
v  125.9843 2519.5825 4691.8267
v  125.9843 2413.4993 4777.9482
v  110.2362 2413.4993 4777.9482
v  110.2362 2440.9448 5905.5117
v  125.9843 2440.9448 5905.5117
v  125.9843 2448.8188 5905.5117
v  110.2362 2448.8188 5905.5117
v  125.9843 2362.2048 4527.5591
v  125.9843 2448.3630 5897.5352
v  125.9843 2370.0789 4527.5591
v  110.2362 2362.2048 4527.5591
v  110.2362 2448.3630 5897.5352
v  110.2362 2370.0789 4527.5591
v  110.2362 2519.5825 5839.9351
v  110.2362 2466.9197 5897.5352
v  125.9843 2466.9197 5897.5352
v  125.9843 2519.5825 5839.9351
v  125.9843 2370.0789 4429.1338
v  110.2362 2370.0789 4429.1338
v  110.2362 2378.0859 4429.1338
v  125.9843 2378.0859 4429.1338
v  110.2362 2527.5591 4429.1338
v  125.9843 2527.5591 4429.1338
v  110.2362 2452.2344 5827.2637
v  110.2362 2455.6143 5886.4102
v  125.9843 2455.6143 5886.4102
v  125.9843 2452.2344 5827.2637
v  110.2362 2447.3132 5741.1416
v  125.9843 2447.3132 5741.1416
v  125.9843 2508.9324 5741.1416
v  110.2362 2508.9324 5741.1416
v  110.2362 2519.5825 5897.5352
v  125.9843 2519.5825 5897.5352
v  110.2362 2450.7366 5801.0493
v  125.9843 2450.7366 5801.0493
v  110.2362 2509.6909 5827.2637
v  125.9843 2509.6909 5827.2637
v  125.9843 2421.6575 4950.1924
v  110.2362 2421.6575 4950.1924
v  110.2362 2519.5825 4950.1924
v  125.9843 2519.5825 4950.1924
v  110.2362 2519.5825 4886.7227
v  125.9843 2519.5825 4886.7227
v  110.2362 2403.0217 4966.0430
v  125.9843 2403.0217 4966.0430
v  125.9843 2501.7588 4966.0430
v  110.2362 2501.7588 4966.0430
v  125.9843 2406.6787 5030.0396
v  110.2362 2406.6787 5030.0396
v  125.9843 2378.0859 4513.1123
v  110.2362 2378.0859 4513.1123
v  110.2362 2499.6399 4437.1406
v  125.9843 2499.6399 4437.1406
v  110.2362 2378.0859 4437.1406
v  125.9843 2378.0859 4437.1406
v  110.2362 2388.2581 4707.6772
v  110.2362 2391.9585 4772.4346
v  125.9843 2391.9585 4772.4346
v  125.9843 2388.2581 4707.6772
v  110.2362 2378.4155 4535.4331
v  125.9843 2378.4155 4535.4331
v  125.9843 2497.5935 4535.4331
v  110.2362 2497.5935 4535.4331
v  125.9843 2382.1399 4600.6084
v  110.2362 2382.1399 4600.6084
v  110.2362 2383.3369 4621.5552
v  110.2362 2387.0496 4686.5293
v  125.9843 2387.0496 4686.5293
v  125.9843 2383.3369 4621.5552
v  125.9843 2498.4336 4621.5552
v  110.2362 2498.4336 4621.5552
v  125.9843 2499.2705 4707.6772
v  110.2362 2499.2705 4707.6772
v  110.2362 2539.3701 4429.1338
v  125.9843 2539.3701 4429.1338
v  110.2362 2527.5591 5905.5117
v  110.2362 2539.3701 5905.5117
v  110.2362 2527.5591 5897.5352
v  125.9843 2527.5591 5905.5117
v  125.9843 2539.3701 5905.5117
v  125.9843 2527.5591 5897.5352
v  110.2362 2519.5825 5811.4131
v  110.2362 2519.5825 5752.9263
v  110.2362 2519.5825 5725.2910
v  110.2362 2519.5825 5666.0254
v  110.2362 2519.5825 5639.1689
v  110.2362 2519.5825 5579.2148
v  110.2362 2519.5825 5553.0469
v  110.2362 2519.5825 5492.4800
v  110.2362 2519.5825 5466.9248
v  110.2362 2519.5825 5405.8096
v  110.2362 2519.5825 5380.8027
v  110.2362 2519.5825 5319.1948
v  110.2362 2519.5825 5294.6807
v  110.2362 2519.5825 5232.6274
v  110.2362 2519.5825 5208.5586
v  110.2362 2519.5825 5146.1016
v  110.2362 2519.5825 5122.4365
v  110.2362 2519.5825 5059.6113
v  110.2362 2519.5825 5036.3145
v  110.2362 2519.5825 4973.1533
v  110.2362 2519.5825 4864.0703
v  110.2362 2519.5825 4800.3169
v  110.2362 2519.5825 4519.5825
v  110.2362 2519.5825 4443.5254
v  110.2362 2397.8914 4519.5825
v  110.2362 2405.3557 4605.7046
v  110.2362 2393.1794 4793.7988
v  110.2362 2396.8665 4858.3228
v  110.2362 2398.1006 4879.9209
v  110.2362 2401.7732 4944.1919
v  110.2362 2407.9431 5052.1650
v  110.2362 2411.5830 5115.8633
v  110.2362 2412.8643 5138.2871
v  110.2362 2416.4856 5201.6592
v  110.2362 2417.7856 5224.4092
v  110.2362 2421.3865 5287.4248
v  110.2362 2422.7068 5310.5313
v  110.2362 2426.2854 5373.1548
v  110.2362 2427.6282 5396.6533
v  110.2362 2431.1819 5458.8442
v  110.2362 2432.5493 5482.7754
v  110.2362 2436.0757 5544.4868
v  110.2362 2437.4707 5568.8975
v  110.2362 2440.9666 5630.0747
v  110.2362 2442.3918 5655.0195
v  110.2362 2445.8535 5715.5996
v  110.2362 2462.7668 5811.4131
v  110.2362 2458.6238 5725.2910
v  110.2362 2508.1643 5655.0195
v  110.2362 2454.4893 5639.1689
v  110.2362 2507.3875 5568.8975
v  110.2362 2450.3630 5553.0469
v  110.2362 2506.6028 5482.7754
v  110.2362 2446.2444 5466.9248
v  110.2362 2505.8105 5396.6533
v  110.2362 2442.1323 5380.8027
v  110.2362 2505.0117 5310.5313
v  110.2362 2438.0266 5294.6807
v  110.2362 2504.2065 5224.4092
v  110.2362 2433.9268 5208.5586
v  110.2362 2503.3958 5138.2871
v  110.2362 2429.8320 5122.4365
v  110.2362 2502.5798 5052.1650
v  110.2362 2425.7424 5036.3145
v  110.2362 2500.9336 4879.9209
v  110.2362 2417.5764 4864.0703
v  110.2362 2500.1040 4793.7988
v  125.9843 2362.2048 4429.1338
v  110.2362 2362.2048 4429.1338
v  125.9843 2519.5825 5752.9263
v  125.9843 2519.5825 5811.4131
v  125.9843 2462.7668 5811.4131
v  125.9843 2454.4893 5639.1689
v  125.9843 2519.5825 5579.2148
v  125.9843 2458.6238 5725.2910
v  125.9843 2519.5825 5666.0254
v  125.9843 2519.5825 5725.2910
v  125.9843 2519.5825 5639.1689
v  125.9843 2436.0757 5544.4868
v  125.9843 2506.6028 5482.7754
v  125.9843 2432.5493 5482.7754
v  125.9843 2519.5825 5405.8096
v  125.9843 2519.5825 5466.9248
v  125.9843 2446.2444 5466.9248
v  125.9843 2442.1323 5380.8027
v  125.9843 2519.5825 5380.8027
v  125.9843 2519.5825 5319.1948
v  125.9843 2438.0266 5294.6807
v  125.9843 2519.5825 5294.6807
v  125.9843 2519.5825 5232.6274
v  125.9843 2426.2854 5373.1548
v  125.9843 2422.7068 5310.5313
v  125.9843 2505.0117 5310.5313
v  125.9843 2429.8320 5122.4365
v  125.9843 2519.5825 5059.6113
v  125.9843 2519.5825 5122.4365
v  125.9843 2425.7424 5036.3145
v  125.9843 2519.5825 5036.3145
v  125.9843 2519.5825 4973.1533
v  125.9843 2437.4707 5568.8975
v  125.9843 2507.3875 5568.8975
v  125.9843 2445.8535 5715.5996
v  125.9843 2442.3918 5655.0195
v  125.9843 2508.1643 5655.0195
v  125.9843 2412.8643 5138.2871
v  125.9843 2503.3958 5138.2871
v  125.9843 2519.5825 4443.5254
v  125.9843 2397.8914 4519.5825
v  125.9843 2519.5825 4519.5825
v  125.9843 2519.5825 4800.3169
v  125.9843 2519.5825 4864.0703
v  125.9843 2519.5825 5146.1016
v  125.9843 2519.5825 5208.5586
v  125.9843 2519.5825 5492.4800
v  125.9843 2519.5825 5553.0469
v  125.9843 2440.9666 5630.0747
v  125.9843 2431.1819 5458.8442
v  125.9843 2427.6282 5396.6533
v  125.9843 2421.3865 5287.4248
v  125.9843 2417.7856 5224.4092
v  125.9843 2416.4856 5201.6592
v  125.9843 2411.5830 5115.8633
v  125.9843 2407.9431 5052.1650
v  125.9843 2401.7732 4944.1919
v  125.9843 2398.1006 4879.9209
v  125.9843 2396.8665 4858.3228
v  125.9843 2393.1794 4793.7988
v  125.9843 2405.3557 4605.7046
v  125.9843 2500.1040 4793.7988
v  125.9843 2417.5764 4864.0703
v  125.9843 2500.9336 4879.9209
v  125.9843 2502.5798 5052.1650
v  125.9843 2433.9268 5208.5586
v  125.9843 2504.2065 5224.4092
v  125.9843 2505.8105 5396.6533
v  125.9843 2450.3630 5553.0469
v  228.3465 2519.5825 4605.7046
v  228.3465 2519.5825 4541.2217
v  244.0945 2519.5825 4541.2217
v  244.0945 2519.5825 4605.7046
v  228.3465 2519.5825 4777.9482
v  228.3465 2519.5825 4713.9326
v  244.0945 2519.5825 4713.9326
v  244.0945 2519.5825 4777.9482
v  228.3465 2409.4260 4691.8267
v  244.0945 2409.4260 4691.8267
v  244.0945 2519.5825 4627.5684
v  228.3465 2519.5825 4627.5684
v  228.3465 2519.5825 4691.8267
v  244.0945 2519.5825 4691.8267
v  244.0945 2413.4993 4777.9482
v  228.3465 2413.4993 4777.9482
v  228.3465 2440.9448 5905.5117
v  244.0945 2440.9448 5905.5117
v  244.0945 2448.8188 5905.5117
v  228.3465 2448.8188 5905.5117
v  244.0945 2362.2048 4527.5591
v  244.0945 2370.0789 4527.5591
v  228.3465 2362.2048 4527.5591
v  228.3465 2519.5825 5839.9351
v  228.3465 2466.9197 5897.5352
v  244.0945 2466.9197 5897.5352
v  244.0945 2519.5825 5839.9351
v  244.0945 2370.0789 4429.1338
v  228.3465 2370.0789 4429.1338
v  228.3465 2378.0859 4429.1338
v  244.0945 2527.5591 4429.1338
v  228.3465 2527.5591 4429.1338
v  228.3465 2452.2344 5827.2637
v  228.3465 2455.6143 5886.4102
v  244.0945 2455.6143 5886.4102
v  244.0945 2452.2344 5827.2637
v  228.3465 2447.3132 5741.1416
v  244.0945 2447.3132 5741.1416
v  244.0945 2508.9324 5741.1416
v  228.3465 2508.9324 5741.1416
v  228.3465 2519.5825 5897.5352
v  244.0945 2519.5825 5897.5352
v  228.3465 2450.7366 5801.0493
v  244.0945 2450.7366 5801.0493
v  228.3465 2509.6909 5827.2637
v  244.0945 2509.6909 5827.2637
v  244.0945 2421.6575 4950.1924
v  228.3465 2421.6575 4950.1924
v  228.3465 2519.5825 4950.1924
v  244.0945 2519.5825 4950.1924
v  228.3465 2519.5825 4886.7227
v  244.0945 2519.5825 4886.7227
v  228.3465 2539.3701 4429.1338
v  228.3465 2539.3701 5905.5117
v  244.0945 2539.3701 5905.5117
v  244.0945 2539.3701 4429.1338
v  228.3465 2403.0217 4966.0430
v  244.0945 2403.0217 4966.0430
v  244.0945 2501.7588 4966.0430
v  228.3465 2501.7588 4966.0430
v  244.0945 2406.6787 5030.0396
v  228.3465 2406.6787 5030.0396
v  244.0945 2378.0859 4513.1123
v  228.3465 2378.0859 4513.1123
v  228.3465 2499.6399 4437.1406
v  244.0945 2499.6399 4437.1406
v  228.3465 2378.0859 4437.1406
v  244.0945 2378.0859 4437.1406
v  228.3465 2388.2581 4707.6772
v  228.3465 2391.9585 4772.4346
v  244.0945 2391.9585 4772.4346
v  244.0945 2388.2581 4707.6772
v  228.3465 2378.4155 4535.4331
v  244.0945 2378.4155 4535.4331
v  244.0945 2497.5935 4535.4331
v  228.3465 2497.5935 4535.4331
v  244.0945 2382.1399 4600.6084
v  228.3465 2382.1399 4600.6084
v  228.3465 2383.3369 4621.5552
v  228.3465 2387.0496 4686.5293
v  244.0945 2387.0496 4686.5293
v  244.0945 2383.3369 4621.5552
v  244.0945 2498.4336 4621.5552
v  228.3465 2498.4336 4621.5552
v  244.0945 2499.2705 4707.6772
v  228.3465 2499.2705 4707.6772
v  228.3465 2527.5591 5905.5117
v  228.3465 2527.5591 5897.5352
v  244.0945 2527.5591 5905.5117
v  228.3465 2519.5825 5811.4131
v  228.3465 2519.5825 5752.9263
v  228.3465 2519.5825 5725.2910
v  228.3465 2519.5825 5666.0254
v  228.3465 2519.5825 5639.1689
v  228.3465 2519.5825 5579.2148
v  228.3465 2519.5825 5553.0469
v  228.3465 2519.5825 5492.4800
v  228.3465 2519.5825 5466.9248
v  228.3465 2519.5825 5405.8096
v  228.3465 2519.5825 5380.8027
v  228.3465 2519.5825 5319.1948
v  228.3465 2519.5825 5294.6807
v  228.3465 2519.5825 5232.6274
v  228.3465 2519.5825 5208.5586
v  228.3465 2519.5825 5146.1016
v  228.3465 2519.5825 5122.4365
v  228.3465 2519.5825 5059.6113
v  228.3465 2519.5825 5036.3145
v  228.3465 2519.5825 4973.1533
v  228.3465 2519.5825 4864.0703
v  228.3465 2519.5825 4800.3169
v  228.3465 2519.5825 4519.5825
v  228.3465 2519.5825 4443.5254
v  228.3465 2370.0789 4527.5591
v  228.3465 2397.8914 4519.5825
v  228.3465 2405.3557 4605.7046
v  228.3465 2393.1794 4793.7988
v  228.3465 2396.8665 4858.3228
v  228.3465 2398.1006 4879.9209
v  228.3465 2401.7732 4944.1919
v  228.3465 2407.9431 5052.1650
v  228.3465 2411.5830 5115.8633
v  228.3465 2412.8643 5138.2871
v  228.3465 2416.4856 5201.6592
v  228.3465 2417.7856 5224.4092
v  228.3465 2421.3865 5287.4248
v  228.3465 2422.7068 5310.5313
v  228.3465 2426.2854 5373.1548
v  228.3465 2427.6282 5396.6533
v  228.3465 2431.1819 5458.8442
v  228.3465 2432.5493 5482.7754
v  228.3465 2436.0757 5544.4868
v  228.3465 2437.4707 5568.8975
v  228.3465 2440.9666 5630.0747
v  228.3465 2442.3918 5655.0195
v  228.3465 2445.8535 5715.5996
v  228.3465 2448.3630 5897.5352
v  228.3465 2462.7668 5811.4131
v  228.3465 2458.6238 5725.2910
v  228.3465 2508.1643 5655.0195
v  228.3465 2454.4893 5639.1689
v  228.3465 2507.3875 5568.8975
v  228.3465 2450.3630 5553.0469
v  228.3465 2506.6028 5482.7754
v  228.3465 2446.2444 5466.9248
v  228.3465 2505.8105 5396.6533
v  228.3465 2442.1323 5380.8027
v  228.3465 2505.0117 5310.5313
v  228.3465 2438.0266 5294.6807
v  228.3465 2504.2065 5224.4092
v  228.3465 2433.9268 5208.5586
v  228.3465 2503.3958 5138.2871
v  228.3465 2429.8320 5122.4365
v  228.3465 2502.5798 5052.1650
v  228.3465 2425.7424 5036.3145
v  228.3465 2500.9336 4879.9209
v  228.3465 2417.5764 4864.0703
v  228.3465 2500.1040 4793.7988
v  244.0945 2362.2048 4429.1338
v  228.3465 2362.2048 4429.1338
v  244.0945 2519.5825 5752.9263
v  244.0945 2519.5825 5811.4131
v  244.0945 2462.7668 5811.4131
v  244.0945 2454.4893 5639.1689
v  244.0945 2519.5825 5579.2148
v  244.0945 2458.6238 5725.2910
v  244.0945 2519.5825 5666.0254
v  244.0945 2519.5825 5725.2910
v  244.0945 2519.5825 5639.1689
v  244.0945 2436.0757 5544.4868
v  244.0945 2506.6028 5482.7754
v  244.0945 2432.5493 5482.7754
v  244.0945 2519.5825 5405.8096
v  244.0945 2519.5825 5466.9248
v  244.0945 2446.2444 5466.9248
v  244.0945 2442.1323 5380.8027
v  244.0945 2519.5825 5380.8027
v  244.0945 2519.5825 5319.1948
v  244.0945 2438.0266 5294.6807
v  244.0945 2519.5825 5294.6807
v  244.0945 2519.5825 5232.6274
v  244.0945 2426.2854 5373.1548
v  244.0945 2422.7068 5310.5313
v  244.0945 2505.0117 5310.5313
v  244.0945 2429.8320 5122.4365
v  244.0945 2519.5825 5059.6113
v  244.0945 2519.5825 5122.4365
v  244.0945 2425.7424 5036.3145
v  244.0945 2519.5825 5036.3145
v  244.0945 2519.5825 4973.1533
v  244.0945 2437.4707 5568.8975
v  244.0945 2507.3875 5568.8975
v  244.0945 2445.8535 5715.5996
v  244.0945 2442.3918 5655.0195
v  244.0945 2508.1643 5655.0195
v  244.0945 2412.8643 5138.2871
v  244.0945 2503.3958 5138.2871
v  244.0945 2519.5825 4443.5254
v  244.0945 2397.8914 4519.5825
v  244.0945 2519.5825 4519.5825
v  244.0945 2519.5825 4800.3169
v  244.0945 2519.5825 4864.0703
v  244.0945 2519.5825 5146.1016
v  244.0945 2519.5825 5208.5586
v  244.0945 2519.5825 5492.4800
v  244.0945 2519.5825 5553.0469
v  244.0945 2440.9666 5630.0747
v  244.0945 2431.1819 5458.8442
v  244.0945 2427.6282 5396.6533
v  244.0945 2421.3865 5287.4248
v  244.0945 2417.7856 5224.4092
v  244.0945 2416.4856 5201.6592
v  244.0945 2411.5830 5115.8633
v  244.0945 2407.9431 5052.1650
v  244.0945 2401.7732 4944.1919
v  244.0945 2398.1006 4879.9209
v  244.0945 2396.8665 4858.3228
v  244.0945 2393.1794 4793.7988
v  244.0945 2405.3557 4605.7046
v  244.0945 2500.1040 4793.7988
v  244.0945 2417.5764 4864.0703
v  244.0945 2500.9336 4879.9209
v  244.0945 2502.5798 5052.1650
v  244.0945 2433.9268 5208.5586
v  244.0945 2504.2065 5224.4092
v  244.0945 2505.8105 5396.6533
v  244.0945 2450.3630 5553.0469
v  -228.3465 2398.1006 3978.3462
v  -244.0945 2398.1006 3978.3462
v  -244.0945 2500.9336 3978.3462
v  -228.3465 2500.9336 3978.3462
v  -244.0945 2401.7732 3914.0757
v  -228.3465 2401.7732 3914.0757
v  -228.3465 2527.5591 2960.7324
v  -228.3465 2527.5591 2952.7559
v  -244.0945 2527.5591 2952.7559
v  -244.0945 2370.0789 4330.7085
v  -228.3465 2370.0789 4330.7085
v  -244.0945 2448.8188 2952.7559
v  -228.3465 2448.8188 2952.7559
v  -228.3465 2393.1794 4064.4683
v  -244.0945 2393.1794 4064.4683
v  -244.0945 2500.1040 4064.4683
v  -228.3465 2500.1040 4064.4683
v  -244.0945 2519.5825 4414.7422
v  -244.0945 2519.5825 4338.6851
v  -228.3465 2519.5825 4338.6851
v  -228.3465 2519.5825 4414.7422
v  -244.0945 2396.8665 3999.9448
v  -228.3465 2396.8665 3999.9448
v  -244.0945 2405.3557 4252.5630
v  -228.3465 2405.3557 4252.5630
v  -228.3465 2519.5825 4252.5630
v  -244.0945 2519.5825 4252.5630
v  -244.0945 2397.8914 4338.6851
v  -228.3465 2397.8914 4338.6851
v  -244.0945 2409.4260 4166.4409
v  -228.3465 2409.4260 4166.4409
v  -228.3465 2519.5825 4166.4409
v  -244.0945 2519.5825 4166.4409
v  -244.0945 2519.5825 4317.0459
v  -228.3465 2519.5825 4317.0459
v  -244.0945 2519.5825 4144.3350
v  -244.0945 2519.5825 4080.3188
v  -228.3465 2519.5825 4080.3188
v  -228.3465 2519.5825 4144.3350
v  -244.0945 2519.5825 4230.6992
v  -228.3465 2519.5825 4230.6992
v  -244.0945 2413.4993 4080.3188
v  -228.3465 2413.4993 4080.3188
v  -228.3465 2362.2048 4330.7085
v  -228.3465 2440.9448 2952.7559
v  -228.3465 2448.3630 2960.7324
v  -244.0945 2362.2048 4330.7085
v  -244.0945 2440.9448 2952.7559
v  -244.0945 2466.9197 2960.7324
v  -244.0945 2519.5825 3018.3323
v  -228.3465 2519.5825 3018.3323
v  -228.3465 2466.9197 2960.7324
v  -244.0945 2455.6143 2971.8574
v  -244.0945 2452.2344 3031.0039
v  -228.3465 2452.2344 3031.0039
v  -228.3465 2455.6143 2971.8574
v  -228.3465 2447.3132 3117.1260
v  -244.0945 2447.3132 3117.1260
v  -244.0945 2508.9324 3117.1260
v  -228.3465 2508.9324 3117.1260
v  -228.3465 2519.5825 2960.7324
v  -244.0945 2519.5825 2960.7324
v  -244.0945 2450.7366 3057.2183
v  -228.3465 2450.7366 3057.2183
v  -244.0945 2509.6909 3031.0039
v  -228.3465 2509.6909 3031.0039
v  -244.0945 2421.6575 3908.0750
v  -228.3465 2421.6575 3908.0750
v  -228.3465 2519.5825 3908.0750
v  -244.0945 2519.5825 3908.0750
v  -244.0945 2519.5825 3971.5449
v  -228.3465 2519.5825 3971.5449
v  110.2362 2519.5825 4317.0459
v  110.2362 2519.5825 4252.5630
v  125.9843 2519.5825 4252.5630
v  125.9843 2519.5825 4317.0459
v  110.2362 2519.5825 4144.3350
v  110.2362 2519.5825 4080.3188
v  125.9843 2519.5825 4080.3188
v  125.9843 2519.5825 4144.3350
v  125.9843 2409.4260 4166.4409
v  110.2362 2409.4260 4166.4409
v  110.2362 2519.5825 4230.6992
v  125.9843 2519.5825 4230.6992
v  110.2362 2519.5825 4166.4409
v  125.9843 2519.5825 4166.4409
v  110.2362 2413.4993 4080.3188
v  125.9843 2413.4993 4080.3188
v  125.9843 2370.0789 4330.7085
v  125.9843 2362.2048 4330.7085
v  125.9843 2440.9448 2952.7559
v  125.9843 2448.3630 2960.7324
v  125.9843 2448.8188 2952.7559
v  110.2362 2362.2048 4330.7085
v  110.2362 2440.9448 2952.7559
v  110.2362 2370.0789 4330.7085
v  110.2362 2448.3630 2960.7324
v  110.2362 2448.8188 2952.7559
v  110.2362 2466.9197 2960.7324
v  110.2362 2519.5825 3018.3323
v  125.9843 2519.5825 3018.3323
v  125.9843 2466.9197 2960.7324
v  110.2362 2455.6143 2971.8574
v  110.2362 2452.2344 3031.0039
v  125.9843 2452.2344 3031.0039
v  125.9843 2455.6143 2971.8574
v  125.9843 2447.3132 3117.1260
v  110.2362 2447.3132 3117.1260
v  110.2362 2508.9324 3117.1260
v  125.9843 2508.9324 3117.1260
v  125.9843 2519.5825 2960.7324
v  110.2362 2519.5825 2960.7324
v  110.2362 2450.7366 3057.2183
v  125.9843 2450.7366 3057.2183
v  110.2362 2509.6909 3031.0039
v  125.9843 2509.6909 3031.0039
v  110.2362 2421.6575 3908.0750
v  125.9843 2421.6575 3908.0750
v  125.9843 2519.5825 3908.0750
v  110.2362 2519.5825 3908.0750
v  110.2362 2519.5825 3971.5449
v  125.9843 2519.5825 3971.5449
v  110.2362 2539.3701 2952.7559
v  125.9843 2539.3701 2952.7559
v  125.9843 2403.0217 3892.2244
v  110.2362 2403.0217 3892.2244
v  110.2362 2501.7588 3892.2244
v  125.9843 2501.7588 3892.2244
v  110.2362 2406.6787 3828.2280
v  125.9843 2406.6787 3828.2280
v  110.2362 2378.0859 4345.1553
v  125.9843 2378.0859 4345.1553
v  125.9843 2499.6399 4421.1265
v  110.2362 2499.6399 4421.1265
v  110.2362 2378.0859 4421.1265
v  125.9843 2378.0859 4421.1265
v  110.2362 2391.9585 4085.8330
v  110.2362 2388.2581 4150.5903
v  125.9843 2388.2581 4150.5903
v  125.9843 2391.9585 4085.8330
v  125.9843 2378.4155 4322.8345
v  110.2362 2378.4155 4322.8345
v  110.2362 2497.5935 4322.8345
v  125.9843 2497.5935 4322.8345
v  110.2362 2382.1399 4257.6592
v  125.9843 2382.1399 4257.6592
v  110.2362 2387.0496 4171.7383
v  110.2362 2383.3369 4236.7124
v  125.9843 2383.3369 4236.7124
v  125.9843 2387.0496 4171.7383
v  110.2362 2498.4336 4236.7124
v  125.9843 2498.4336 4236.7124
v  110.2362 2499.2705 4150.5903
v  125.9843 2499.2705 4150.5903
v  110.2362 2527.5591 2960.7324
v  110.2362 2527.5591 2952.7559
v  110.2362 2519.5825 3105.3411
v  110.2362 2519.5825 3046.8545
v  125.9843 2519.5825 3046.8545
v  125.9843 2519.5825 3105.3411
v  110.2362 2462.7668 3046.8545
v  125.9843 2462.7668 3046.8545
v  125.9843 2454.4893 3219.0986
v  110.2362 2454.4893 3219.0986
v  110.2362 2519.5825 3279.0527
v  125.9843 2519.5825 3279.0527
v  125.9843 2458.6238 3132.9766
v  110.2362 2458.6238 3132.9766
v  110.2362 2519.5825 3192.2419
v  125.9843 2519.5825 3192.2419
v  110.2362 2519.5825 3132.9766
v  125.9843 2519.5825 3132.9766
v  110.2362 2519.5825 3219.0986
v  125.9843 2519.5825 3219.0986
v  110.2362 2436.0757 3313.7810
v  125.9843 2436.0757 3313.7810
v  125.9843 2506.6028 3375.4919
v  110.2362 2506.6028 3375.4919
v  110.2362 2432.5493 3375.4919
v  125.9843 2432.5493 3375.4919
v  110.2362 2519.5825 3452.4578
v  110.2362 2519.5825 3391.3425
v  125.9843 2519.5825 3391.3425
v  125.9843 2519.5825 3452.4578
v  110.2362 2446.2444 3391.3425
v  125.9843 2446.2444 3391.3425
v  110.2362 2442.1323 3477.4646
v  125.9843 2442.1323 3477.4646
v  125.9843 2519.5825 3477.4646
v  110.2362 2519.5825 3477.4646
v  110.2362 2519.5825 3539.0728
v  125.9843 2519.5825 3539.0728
v  110.2362 2438.0266 3563.5867
v  125.9843 2438.0266 3563.5867
v  125.9843 2519.5825 3563.5867
v  110.2362 2519.5825 3563.5867
v  110.2362 2519.5825 3625.6401
v  125.9843 2519.5825 3625.6401
v  110.2362 2426.2854 3485.1128
v  110.2362 2422.7068 3547.7361
v  125.9843 2422.7068 3547.7361
v  125.9843 2426.2854 3485.1128
v  110.2362 2505.0117 3547.7361
v  125.9843 2505.0117 3547.7361
v  125.9843 2429.8320 3735.8308
v  110.2362 2429.8320 3735.8308
v  110.2362 2519.5825 3798.6560
v  125.9843 2519.5825 3798.6560
v  110.2362 2519.5825 3735.8308
v  125.9843 2519.5825 3735.8308
v  110.2362 2425.7424 3821.9529
v  125.9843 2425.7424 3821.9529
v  125.9843 2519.5825 3821.9529
v  110.2362 2519.5825 3821.9529
v  110.2362 2519.5825 3885.1143
v  125.9843 2519.5825 3885.1143
v  125.9843 2437.4707 3289.3699
v  110.2362 2437.4707 3289.3699
v  110.2362 2507.3875 3289.3699
v  125.9843 2507.3875 3289.3699
v  110.2362 2445.8535 3142.6682
v  110.2362 2442.3918 3203.2480
v  125.9843 2442.3918 3203.2480
v  125.9843 2445.8535 3142.6682
v  125.9843 2508.1643 3203.2480
v  110.2362 2508.1643 3203.2480
v  125.9843 2412.8643 3719.9802
v  110.2362 2412.8643 3719.9802
v  110.2362 2503.3958 3719.9802
v  125.9843 2503.3958 3719.9802
v  125.9843 2397.8914 4338.6851
v  125.9843 2519.5825 4338.6851
v  125.9843 2527.5591 2960.7324
v  125.9843 2519.5825 4414.7422
v  125.9843 2405.3557 4252.5630
v  125.9843 2393.1794 4064.4683
v  125.9843 2396.8665 3999.9448
v  125.9843 2398.1006 3978.3462
v  125.9843 2401.7732 3914.0757
v  125.9843 2407.9431 3806.1023
v  125.9843 2411.5830 3742.4045
v  125.9843 2416.4856 3656.6082
v  125.9843 2417.7856 3633.8582
v  125.9843 2421.3865 3570.8428
v  125.9843 2427.6282 3461.6140
v  125.9843 2431.1819 3399.4236
v  125.9843 2440.9666 3228.1926
v  125.9843 2519.5825 3305.2205
v  125.9843 2519.5825 3365.7876
v  125.9843 2519.5825 3649.7087
v  125.9843 2519.5825 3712.1660
v  125.9843 2519.5825 3994.1968
v  125.9843 2519.5825 4057.9507
v  125.9843 2500.1040 4064.4683
v  125.9843 2417.5764 3994.1968
v  125.9843 2500.9336 3978.3462
v  125.9843 2502.5798 3806.1023
v  125.9843 2433.9268 3649.7087
v  125.9843 2504.2065 3633.8582
v  125.9843 2505.8105 3461.6140
v  125.9843 2450.3630 3305.2205
v  125.9843 2527.5591 2952.7559
v  110.2362 2411.5830 3742.4045
v  110.2362 2502.5798 3806.1023
v  110.2362 2416.4856 3656.6082
v  110.2362 2421.3865 3570.8428
v  110.2362 2504.2065 3633.8582
v  110.2362 2417.7856 3633.8582
v  110.2362 2433.9268 3649.7087
v  110.2362 2519.5825 3649.7087
v  110.2362 2519.5825 3712.1660
v  110.2362 2431.1819 3399.4236
v  110.2362 2427.6282 3461.6140
v  110.2362 2505.8105 3461.6140
v  110.2362 2450.3630 3305.2205
v  110.2362 2519.5825 3365.7876
v  110.2362 2519.5825 3305.2205
v  110.2362 2440.9666 3228.1926
v  110.2362 2407.9431 3806.1023
v  110.2362 2417.5764 3994.1968
v  110.2362 2519.5825 4057.9507
v  110.2362 2519.5825 3994.1968
v  110.2362 2398.1006 3978.3462
v  110.2362 2500.9336 3978.3462
v  110.2362 2401.7732 3914.0757
v  110.2362 2393.1794 4064.4683
v  110.2362 2500.1040 4064.4683
v  110.2362 2519.5825 4414.7422
v  110.2362 2519.5825 4338.6851
v  110.2362 2396.8665 3999.9448
v  110.2362 2405.3557 4252.5630
v  110.2362 2397.8914 4338.6851
v  -244.0945 2539.3701 2952.7559
v  -228.3465 2539.3701 2952.7559
v  -228.3465 2403.0217 3892.2244
v  -244.0945 2403.0217 3892.2244
v  -244.0945 2501.7588 3892.2244
v  -228.3465 2501.7588 3892.2244
v  -244.0945 2406.6787 3828.2280
v  -228.3465 2406.6787 3828.2280
v  -244.0945 2378.0859 4345.1553
v  -228.3465 2378.0859 4345.1553
v  -228.3465 2499.6399 4421.1265
v  -244.0945 2499.6399 4421.1265
v  -244.0945 2378.0859 4421.1265
v  -228.3465 2378.0859 4421.1265
v  -244.0945 2391.9585 4085.8330
v  -244.0945 2388.2581 4150.5903
v  -228.3465 2388.2581 4150.5903
v  -228.3465 2391.9585 4085.8330
v  -228.3465 2378.4155 4322.8345
v  -244.0945 2378.4155 4322.8345
v  -244.0945 2497.5935 4322.8345
v  -228.3465 2497.5935 4322.8345
v  -244.0945 2382.1399 4257.6592
v  -228.3465 2382.1399 4257.6592
v  -244.0945 2387.0496 4171.7383
v  -244.0945 2383.3369 4236.7124
v  -228.3465 2383.3369 4236.7124
v  -228.3465 2387.0496 4171.7383
v  -244.0945 2498.4336 4236.7124
v  -228.3465 2498.4336 4236.7124
v  -244.0945 2499.2705 4150.5903
v  -228.3465 2499.2705 4150.5903
v  -244.0945 2519.5825 4057.9507
v  -244.0945 2519.5825 3994.1968
v  -244.0945 2519.5825 3885.1143
v  -244.0945 2519.5825 3821.9529
v  -244.0945 2519.5825 3798.6560
v  -244.0945 2519.5825 3735.8308
v  -244.0945 2519.5825 3712.1660
v  -244.0945 2519.5825 3649.7087
v  -244.0945 2519.5825 3625.6401
v  -244.0945 2519.5825 3563.5867
v  -244.0945 2519.5825 3539.0728
v  -244.0945 2519.5825 3477.4646
v  -244.0945 2519.5825 3452.4578
v  -244.0945 2519.5825 3391.3425
v  -244.0945 2519.5825 3365.7876
v  -244.0945 2519.5825 3305.2205
v  -244.0945 2519.5825 3279.0527
v  -244.0945 2519.5825 3219.0986
v  -244.0945 2519.5825 3192.2419
v  -244.0945 2519.5825 3132.9766
v  -244.0945 2519.5825 3105.3411
v  -244.0945 2519.5825 3046.8545
v  -244.0945 2445.8535 3142.6682
v  -244.0945 2442.3918 3203.2480
v  -244.0945 2440.9666 3228.1926
v  -244.0945 2437.4707 3289.3699
v  -244.0945 2436.0757 3313.7810
v  -244.0945 2432.5493 3375.4919
v  -244.0945 2431.1819 3399.4236
v  -244.0945 2427.6282 3461.6140
v  -244.0945 2426.2854 3485.1128
v  -244.0945 2422.7068 3547.7361
v  -244.0945 2421.3865 3570.8428
v  -244.0945 2417.7856 3633.8582
v  -244.0945 2416.4856 3656.6082
v  -244.0945 2412.8643 3719.9802
v  -244.0945 2411.5830 3742.4045
v  -244.0945 2407.9431 3806.1023
v  -244.0945 2417.5764 3994.1968
v  -244.0945 2425.7424 3821.9529
v  -244.0945 2502.5798 3806.1023
v  -244.0945 2429.8320 3735.8308
v  -244.0945 2503.3958 3719.9802
v  -244.0945 2433.9268 3649.7087
v  -244.0945 2504.2065 3633.8582
v  -244.0945 2438.0266 3563.5867
v  -244.0945 2505.0117 3547.7361
v  -244.0945 2442.1323 3477.4646
v  -244.0945 2505.8105 3461.6140
v  -244.0945 2446.2444 3391.3425
v  -244.0945 2506.6028 3375.4919
v  -244.0945 2450.3630 3305.2205
v  -244.0945 2507.3875 3289.3699
v  -244.0945 2454.4893 3219.0986
v  -244.0945 2508.1643 3203.2480
v  -244.0945 2458.6238 3132.9766
v  -244.0945 2462.7668 3046.8545
v  -228.3465 2519.5825 3046.8545
v  -228.3465 2519.5825 3105.3411
v  -228.3465 2462.7668 3046.8545
v  -228.3465 2454.4893 3219.0986
v  -228.3465 2519.5825 3279.0527
v  -228.3465 2458.6238 3132.9766
v  -228.3465 2519.5825 3192.2419
v  -228.3465 2519.5825 3132.9766
v  -228.3465 2519.5825 3219.0986
v  -228.3465 2436.0757 3313.7810
v  -228.3465 2506.6028 3375.4919
v  -228.3465 2432.5493 3375.4919
v  -228.3465 2519.5825 3391.3425
v  -228.3465 2519.5825 3452.4578
v  -228.3465 2446.2444 3391.3425
v  -228.3465 2442.1323 3477.4646
v  -228.3465 2519.5825 3477.4646
v  -228.3465 2519.5825 3539.0728
v  -228.3465 2438.0266 3563.5867
v  -228.3465 2519.5825 3563.5867
v  -228.3465 2519.5825 3625.6401
v  -228.3465 2422.7068 3547.7361
v  -228.3465 2426.2854 3485.1128
v  -228.3465 2505.0117 3547.7361
v  -228.3465 2429.8320 3735.8308
v  -228.3465 2519.5825 3798.6560
v  -228.3465 2519.5825 3735.8308
v  -228.3465 2425.7424 3821.9529
v  -228.3465 2519.5825 3821.9529
v  -228.3465 2519.5825 3885.1143
v  -228.3465 2437.4707 3289.3699
v  -228.3465 2507.3875 3289.3699
v  -228.3465 2442.3918 3203.2480
v  -228.3465 2445.8535 3142.6682
v  -228.3465 2508.1643 3203.2480
v  -228.3465 2412.8643 3719.9802
v  -228.3465 2503.3958 3719.9802
v  -228.3465 2407.9431 3806.1023
v  -228.3465 2411.5830 3742.4045
v  -228.3465 2416.4856 3656.6082
v  -228.3465 2417.7856 3633.8582
v  -228.3465 2421.3865 3570.8428
v  -228.3465 2427.6282 3461.6140
v  -228.3465 2431.1819 3399.4236
v  -228.3465 2440.9666 3228.1926
v  -228.3465 2519.5825 3305.2205
v  -228.3465 2519.5825 3365.7876
v  -228.3465 2519.5825 3649.7087
v  -228.3465 2519.5825 3712.1660
v  -228.3465 2519.5825 3994.1968
v  -228.3465 2519.5825 4057.9507
v  -228.3465 2417.5764 3994.1968
v  -228.3465 2502.5798 3806.1023
v  -228.3465 2433.9268 3649.7087
v  -228.3465 2504.2065 3633.8582
v  -228.3465 2505.8105 3461.6140
v  -228.3465 2450.3630 3305.2205
v  -7.8740 2519.5825 4317.0459
v  -7.8740 2519.5825 4252.5630
v  7.8740 2519.5825 4252.5630
v  7.8740 2519.5825 4317.0459
v  -7.8740 2519.5825 4144.3350
v  -7.8740 2519.5825 4080.3188
v  7.8740 2519.5825 4080.3188
v  7.8740 2519.5825 4144.3350
v  7.8740 2409.4260 4166.4409
v  -7.8740 2409.4260 4166.4409
v  -7.8740 2519.5825 4230.6992
v  7.8740 2519.5825 4230.6992
v  -7.8740 2519.5825 4166.4409
v  7.8740 2519.5825 4166.4409
v  -7.8740 2413.4993 4080.3188
v  7.8740 2413.4993 4080.3188
v  7.8740 2370.0789 4330.7085
v  7.8740 2362.2048 4330.7085
v  7.8740 2440.9448 2952.7559
v  7.8740 2448.3630 2960.7324
v  7.8740 2448.8188 2952.7559
v  -7.8740 2362.2048 4330.7085
v  -7.8740 2440.9448 2952.7559
v  -7.8740 2370.0789 4330.7085
v  -7.8740 2448.3630 2960.7324
v  -7.8740 2448.8188 2952.7559
v  -7.8740 2466.9197 2960.7324
v  -7.8740 2519.5825 3018.3323
v  7.8740 2519.5825 3018.3323
v  7.8740 2466.9197 2960.7324
v  -7.8740 2455.6143 2971.8574
v  -7.8740 2452.2344 3031.0039
v  7.8740 2452.2344 3031.0039
v  7.8740 2455.6143 2971.8574
v  7.8740 2447.3132 3117.1260
v  -7.8740 2447.3132 3117.1260
v  -7.8740 2508.9324 3117.1260
v  7.8740 2508.9324 3117.1260
v  7.8740 2519.5825 2960.7324
v  -7.8740 2519.5825 2960.7324
v  -7.8740 2450.7366 3057.2183
v  7.8740 2450.7366 3057.2183
v  -7.8740 2509.6909 3031.0039
v  7.8740 2509.6909 3031.0039
v  -7.8740 2421.6575 3908.0750
v  7.8740 2421.6575 3908.0750
v  7.8740 2519.5825 3908.0750
v  -7.8740 2519.5825 3908.0750
v  -7.8740 2519.5825 3971.5449
v  7.8740 2519.5825 3971.5449
v  -7.8740 2539.3701 2952.7559
v  7.8740 2539.3701 2952.7559
v  7.8740 2403.0217 3892.2244
v  -7.8740 2403.0217 3892.2244
v  -7.8740 2501.7588 3892.2244
v  7.8740 2501.7588 3892.2244
v  -7.8740 2406.6787 3828.2280
v  7.8740 2406.6787 3828.2280
v  -7.8740 2378.0859 4345.1553
v  7.8740 2378.0859 4345.1553
v  7.8740 2499.6399 4421.1265
v  -7.8740 2499.6399 4421.1265
v  -7.8740 2378.0859 4421.1265
v  7.8740 2378.0859 4421.1265
v  -7.8740 2391.9585 4085.8330
v  -7.8740 2388.2581 4150.5903
v  7.8740 2388.2581 4150.5903
v  7.8740 2391.9585 4085.8330
v  7.8740 2378.4155 4322.8345
v  -7.8740 2378.4155 4322.8345
v  -7.8740 2497.5935 4322.8345
v  7.8740 2497.5935 4322.8345
v  -7.8740 2382.1399 4257.6592
v  7.8740 2382.1399 4257.6592
v  -7.8740 2387.0496 4171.7383
v  -7.8740 2383.3369 4236.7124
v  7.8740 2383.3369 4236.7124
v  7.8740 2387.0496 4171.7383
v  -7.8740 2498.4336 4236.7124
v  7.8740 2498.4336 4236.7124
v  -7.8740 2499.2705 4150.5903
v  7.8740 2499.2705 4150.5903
v  -7.8740 2527.5591 2952.7559
v  7.8740 2527.5591 2952.7559
v  -7.8740 2527.5591 2960.7324
v  -7.8740 2519.5825 3105.3411
v  -7.8740 2519.5825 3046.8545
v  7.8740 2519.5825 3046.8545
v  7.8740 2519.5825 3105.3411
v  -7.8740 2462.7668 3046.8545
v  7.8740 2462.7668 3046.8545
v  7.8740 2454.4893 3219.0986
v  -7.8740 2454.4893 3219.0986
v  -7.8740 2519.5825 3279.0527
v  7.8740 2519.5825 3279.0527
v  7.8740 2458.6238 3132.9766
v  -7.8740 2458.6238 3132.9766
v  -7.8740 2519.5825 3192.2419
v  7.8740 2519.5825 3192.2419
v  -7.8740 2519.5825 3132.9766
v  7.8740 2519.5825 3132.9766
v  -7.8740 2519.5825 3219.0986
v  7.8740 2519.5825 3219.0986
v  -7.8740 2436.0757 3313.7810
v  7.8740 2436.0757 3313.7810
v  7.8740 2506.6028 3375.4919
v  -7.8740 2506.6028 3375.4919
v  -7.8740 2432.5493 3375.4919
v  7.8740 2432.5493 3375.4919
v  -7.8740 2519.5825 3452.4578
v  -7.8740 2519.5825 3391.3425
v  7.8740 2519.5825 3391.3425
v  7.8740 2519.5825 3452.4578
v  -7.8740 2446.2444 3391.3425
v  7.8740 2446.2444 3391.3425
v  -7.8740 2442.1323 3477.4646
v  7.8740 2442.1323 3477.4646
v  7.8740 2519.5825 3477.4646
v  -7.8740 2519.5825 3477.4646
v  -7.8740 2519.5825 3539.0728
v  7.8740 2519.5825 3539.0728
v  -7.8740 2438.0266 3563.5867
v  7.8740 2438.0266 3563.5867
v  7.8740 2519.5825 3563.5867
v  -7.8740 2519.5825 3563.5867
v  -7.8740 2519.5825 3625.6401
v  7.8740 2519.5825 3625.6401
v  -7.8740 2426.2854 3485.1128
v  -7.8740 2422.7068 3547.7361
v  7.8740 2422.7068 3547.7361
v  7.8740 2426.2854 3485.1128
v  -7.8740 2505.0117 3547.7361
v  7.8740 2505.0117 3547.7361
v  7.8740 2429.8320 3735.8308
v  -7.8740 2429.8320 3735.8308
v  -7.8740 2519.5825 3798.6560
v  7.8740 2519.5825 3798.6560
v  -7.8740 2519.5825 3735.8308
v  7.8740 2519.5825 3735.8308
v  -7.8740 2425.7424 3821.9529
v  7.8740 2425.7424 3821.9529
v  7.8740 2519.5825 3821.9529
v  -7.8740 2519.5825 3821.9529
v  -7.8740 2519.5825 3885.1143
v  7.8740 2519.5825 3885.1143
v  7.8740 2437.4707 3289.3699
v  -7.8740 2437.4707 3289.3699
v  -7.8740 2507.3875 3289.3699
v  7.8740 2507.3875 3289.3699
v  -7.8740 2445.8535 3142.6682
v  -7.8740 2442.3918 3203.2480
v  7.8740 2442.3918 3203.2480
v  7.8740 2445.8535 3142.6682
v  7.8740 2508.1643 3203.2480
v  -7.8740 2508.1643 3203.2480
v  7.8740 2412.8643 3719.9802
v  -7.8740 2412.8643 3719.9802
v  -7.8740 2503.3958 3719.9802
v  7.8740 2503.3958 3719.9802
v  7.8740 2397.8914 4338.6851
v  7.8740 2519.5825 4338.6851
v  7.8740 2527.5591 2960.7324
v  7.8740 2519.5825 4414.7422
v  7.8740 2405.3557 4252.5630
v  7.8740 2393.1794 4064.4683
v  7.8740 2396.8665 3999.9448
v  7.8740 2398.1006 3978.3462
v  7.8740 2401.7732 3914.0757
v  7.8740 2407.9431 3806.1023
v  7.8740 2411.5830 3742.4045
v  7.8740 2416.4856 3656.6082
v  7.8740 2417.7856 3633.8582
v  7.8740 2421.3865 3570.8428
v  7.8740 2427.6282 3461.6140
v  7.8740 2431.1819 3399.4236
v  7.8740 2440.9666 3228.1926
v  7.8740 2519.5825 3305.2205
v  7.8740 2519.5825 3365.7876
v  7.8740 2519.5825 3649.7087
v  7.8740 2519.5825 3712.1660
v  7.8740 2519.5825 3994.1968
v  7.8740 2519.5825 4057.9507
v  7.8740 2500.1040 4064.4683
v  7.8740 2417.5764 3994.1968
v  7.8740 2500.9336 3978.3462
v  7.8740 2502.5798 3806.1023
v  7.8740 2433.9268 3649.7087
v  7.8740 2504.2065 3633.8582
v  7.8740 2505.8105 3461.6140
v  7.8740 2450.3630 3305.2205
v  -7.8740 2411.5830 3742.4045
v  -7.8740 2502.5798 3806.1023
v  -7.8740 2416.4856 3656.6082
v  -7.8740 2421.3865 3570.8428
v  -7.8740 2504.2065 3633.8582
v  -7.8740 2417.7856 3633.8582
v  -7.8740 2433.9268 3649.7087
v  -7.8740 2519.5825 3649.7087
v  -7.8740 2519.5825 3712.1660
v  -7.8740 2431.1819 3399.4236
v  -7.8740 2427.6282 3461.6140
v  -7.8740 2505.8105 3461.6140
v  -7.8740 2450.3630 3305.2205
v  -7.8740 2519.5825 3365.7876
v  -7.8740 2519.5825 3305.2205
v  -7.8740 2440.9666 3228.1926
v  -7.8740 2407.9431 3806.1023
v  -7.8740 2417.5764 3994.1968
v  -7.8740 2519.5825 4057.9507
v  -7.8740 2519.5825 3994.1968
v  -7.8740 2398.1006 3978.3462
v  -7.8740 2500.9336 3978.3462
v  -7.8740 2401.7732 3914.0757
v  -7.8740 2393.1794 4064.4683
v  -7.8740 2500.1040 4064.4683
v  -7.8740 2519.5825 4414.7422
v  -7.8740 2519.5825 4338.6851
v  -7.8740 2396.8665 3999.9448
v  -7.8740 2405.3557 4252.5630
v  -7.8740 2397.8914 4338.6851
v  -125.9842 2519.5825 4317.0459
v  -125.9842 2519.5825 4252.5630
v  -110.2362 2519.5825 4252.5630
v  -110.2362 2519.5825 4317.0459
v  -125.9842 2519.5825 4144.3350
v  -125.9842 2519.5825 4080.3188
v  -110.2362 2519.5825 4080.3188
v  -110.2362 2519.5825 4144.3350
v  -110.2362 2409.4260 4166.4409
v  -125.9842 2409.4260 4166.4409
v  -125.9842 2519.5825 4230.6992
v  -110.2362 2519.5825 4230.6992
v  -125.9842 2519.5825 4166.4409
v  -110.2362 2519.5825 4166.4409
v  -125.9842 2413.4993 4080.3188
v  -110.2362 2413.4993 4080.3188
v  -110.2362 2370.0789 4330.7085
v  -110.2362 2362.2048 4330.7085
v  -110.2362 2440.9448 2952.7559
v  -110.2362 2448.3630 2960.7324
v  -110.2362 2448.8188 2952.7559
v  -125.9842 2362.2048 4330.7085
v  -125.9842 2440.9448 2952.7559
v  -125.9842 2370.0789 4330.7085
v  -125.9842 2448.3630 2960.7324
v  -125.9842 2448.8188 2952.7559
v  -125.9842 2466.9197 2960.7324
v  -125.9842 2519.5825 3018.3323
v  -110.2362 2519.5825 3018.3323
v  -110.2362 2466.9197 2960.7324
v  -125.9842 2455.6143 2971.8574
v  -125.9842 2452.2344 3031.0039
v  -110.2362 2452.2344 3031.0039
v  -110.2362 2455.6143 2971.8574
v  -110.2362 2447.3132 3117.1260
v  -125.9842 2447.3132 3117.1260
v  -125.9842 2508.9324 3117.1260
v  -110.2362 2508.9324 3117.1260
v  -110.2362 2519.5825 2960.7324
v  -125.9842 2519.5825 2960.7324
v  -125.9842 2450.7366 3057.2183
v  -110.2362 2450.7366 3057.2183
v  -125.9842 2509.6909 3031.0039
v  -110.2362 2509.6909 3031.0039
v  -125.9842 2421.6575 3908.0750
v  -110.2362 2421.6575 3908.0750
v  -110.2362 2519.5825 3908.0750
v  -125.9842 2519.5825 3908.0750
v  -125.9842 2519.5825 3971.5449
v  -110.2362 2519.5825 3971.5449
v  -125.9842 2539.3701 2952.7559
v  -110.2362 2539.3701 2952.7559
v  -110.2362 2403.0217 3892.2244
v  -125.9842 2403.0217 3892.2244
v  -125.9842 2501.7588 3892.2244
v  -110.2362 2501.7588 3892.2244
v  -125.9842 2406.6787 3828.2280
v  -110.2362 2406.6787 3828.2280
v  -125.9842 2378.0859 4345.1553
v  -110.2362 2378.0859 4345.1553
v  -110.2362 2499.6399 4421.1265
v  -125.9842 2499.6399 4421.1265
v  -125.9842 2378.0859 4421.1265
v  -110.2362 2378.0859 4421.1265
v  -125.9842 2391.9585 4085.8330
v  -125.9842 2388.2581 4150.5903
v  -110.2362 2388.2581 4150.5903
v  -110.2362 2391.9585 4085.8330
v  -110.2362 2378.4155 4322.8345
v  -125.9842 2378.4155 4322.8345
v  -125.9842 2497.5935 4322.8345
v  -110.2362 2497.5935 4322.8345
v  -125.9842 2382.1399 4257.6592
v  -110.2362 2382.1399 4257.6592
v  -125.9842 2387.0496 4171.7383
v  -125.9842 2383.3369 4236.7124
v  -110.2362 2383.3369 4236.7124
v  -110.2362 2387.0496 4171.7383
v  -125.9842 2498.4336 4236.7124
v  -110.2362 2498.4336 4236.7124
v  -125.9842 2499.2705 4150.5903
v  -110.2362 2499.2705 4150.5903
v  -125.9842 2393.1794 4064.4683
v  -125.9842 2397.8914 4338.6851
v  -125.9842 2519.5825 4338.6851
v  -125.9842 2527.5591 2960.7324
v  -125.9842 2519.5825 4414.7422
v  -125.9842 2519.5825 4057.9507
v  -125.9842 2519.5825 3994.1968
v  -125.9842 2519.5825 3885.1143
v  -125.9842 2519.5825 3821.9529
v  -125.9842 2519.5825 3798.6560
v  -125.9842 2519.5825 3735.8308
v  -125.9842 2519.5825 3712.1660
v  -125.9842 2519.5825 3649.7087
v  -125.9842 2519.5825 3625.6401
v  -125.9842 2519.5825 3563.5867
v  -125.9842 2519.5825 3539.0728
v  -125.9842 2519.5825 3477.4646
v  -125.9842 2519.5825 3452.4578
v  -125.9842 2519.5825 3391.3425
v  -125.9842 2519.5825 3365.7876
v  -125.9842 2519.5825 3305.2205
v  -125.9842 2519.5825 3279.0527
v  -125.9842 2519.5825 3219.0986
v  -125.9842 2519.5825 3192.2419
v  -125.9842 2519.5825 3132.9766
v  -125.9842 2519.5825 3105.3411
v  -125.9842 2519.5825 3046.8545
v  -125.9842 2445.8535 3142.6682
v  -125.9842 2442.3918 3203.2480
v  -125.9842 2440.9666 3228.1926
v  -125.9842 2437.4707 3289.3699
v  -125.9842 2436.0757 3313.7810
v  -125.9842 2432.5493 3375.4919
v  -125.9842 2431.1819 3399.4236
v  -125.9842 2427.6282 3461.6140
v  -125.9842 2426.2854 3485.1128
v  -125.9842 2422.7068 3547.7361
v  -125.9842 2421.3865 3570.8428
v  -125.9842 2417.7856 3633.8582
v  -125.9842 2416.4856 3656.6082
v  -125.9842 2412.8643 3719.9802
v  -125.9842 2411.5830 3742.4045
v  -125.9842 2407.9431 3806.1023
v  -125.9842 2401.7732 3914.0757
v  -125.9842 2398.1006 3978.3462
v  -125.9842 2396.8665 3999.9448
v  -125.9842 2417.5764 3994.1968
v  -125.9842 2500.1040 4064.4683
v  -125.9842 2500.9336 3978.3462
v  -125.9842 2425.7424 3821.9529
v  -125.9842 2502.5798 3806.1023
v  -125.9842 2429.8320 3735.8308
v  -125.9842 2503.3958 3719.9802
v  -125.9842 2433.9268 3649.7087
v  -125.9842 2504.2065 3633.8582
v  -125.9842 2438.0266 3563.5867
v  -125.9842 2505.0117 3547.7361
v  -125.9842 2442.1323 3477.4646
v  -125.9842 2505.8105 3461.6140
v  -125.9842 2446.2444 3391.3425
v  -125.9842 2506.6028 3375.4919
v  -125.9842 2450.3630 3305.2205
v  -125.9842 2507.3875 3289.3699
v  -125.9842 2454.4893 3219.0986
v  -125.9842 2508.1643 3203.2480
v  -125.9842 2458.6238 3132.9766
v  -125.9842 2462.7668 3046.8545
v  -125.9842 2405.3557 4252.5630
v  -110.2362 2519.5825 3046.8545
v  -110.2362 2519.5825 3105.3411
v  -110.2362 2462.7668 3046.8545
v  -110.2362 2454.4893 3219.0986
v  -110.2362 2519.5825 3279.0527
v  -110.2362 2458.6238 3132.9766
v  -110.2362 2519.5825 3192.2419
v  -110.2362 2519.5825 3132.9766
v  -110.2362 2519.5825 3219.0986
v  -110.2362 2436.0757 3313.7810
v  -110.2362 2506.6028 3375.4919
v  -110.2362 2432.5493 3375.4919
v  -110.2362 2519.5825 3391.3425
v  -110.2362 2519.5825 3452.4578
v  -110.2362 2446.2444 3391.3425
v  -110.2362 2442.1323 3477.4646
v  -110.2362 2519.5825 3477.4646
v  -110.2362 2519.5825 3539.0728
v  -110.2362 2438.0266 3563.5867
v  -110.2362 2519.5825 3563.5867
v  -110.2362 2519.5825 3625.6401
v  -110.2362 2422.7068 3547.7361
v  -110.2362 2426.2854 3485.1128
v  -110.2362 2505.0117 3547.7361
v  -110.2362 2429.8320 3735.8308
v  -110.2362 2519.5825 3798.6560
v  -110.2362 2519.5825 3735.8308
v  -110.2362 2425.7424 3821.9529
v  -110.2362 2519.5825 3821.9529
v  -110.2362 2519.5825 3885.1143
v  -110.2362 2437.4707 3289.3699
v  -110.2362 2507.3875 3289.3699
v  -110.2362 2442.3918 3203.2480
v  -110.2362 2445.8535 3142.6682
v  -110.2362 2508.1643 3203.2480
v  -110.2362 2412.8643 3719.9802
v  -110.2362 2503.3958 3719.9802
v  -110.2362 2397.8914 4338.6851
v  -110.2362 2519.5825 4338.6851
v  -110.2362 2527.5591 2960.7324
v  -110.2362 2519.5825 4414.7422
v  -110.2362 2405.3557 4252.5630
v  -110.2362 2393.1794 4064.4683
v  -110.2362 2396.8665 3999.9448
v  -110.2362 2398.1006 3978.3462
v  -110.2362 2401.7732 3914.0757
v  -110.2362 2407.9431 3806.1023
v  -110.2362 2411.5830 3742.4045
v  -110.2362 2416.4856 3656.6082
v  -110.2362 2417.7856 3633.8582
v  -110.2362 2421.3865 3570.8428
v  -110.2362 2427.6282 3461.6140
v  -110.2362 2431.1819 3399.4236
v  -110.2362 2440.9666 3228.1926
v  -110.2362 2519.5825 3305.2205
v  -110.2362 2519.5825 3365.7876
v  -110.2362 2519.5825 3649.7087
v  -110.2362 2519.5825 3712.1660
v  -110.2362 2519.5825 3994.1968
v  -110.2362 2519.5825 4057.9507
v  -110.2362 2500.1040 4064.4683
v  -110.2362 2417.5764 3994.1968
v  -110.2362 2500.9336 3978.3462
v  -110.2362 2502.5798 3806.1023
v  -110.2362 2433.9268 3649.7087
v  -110.2362 2504.2065 3633.8582
v  -110.2362 2505.8105 3461.6140
v  -110.2362 2450.3630 3305.2205
v  -110.2362 2527.5591 2952.7559
v  228.3465 2519.5825 4317.0459
v  228.3465 2519.5825 4252.5630
v  244.0945 2519.5825 4252.5630
v  244.0945 2519.5825 4317.0459
v  228.3465 2519.5825 4144.3350
v  228.3465 2519.5825 4080.3188
v  244.0945 2519.5825 4080.3188
v  244.0945 2519.5825 4144.3350
v  244.0945 2409.4260 4166.4409
v  228.3465 2409.4260 4166.4409
v  228.3465 2519.5825 4230.6992
v  244.0945 2519.5825 4230.6992
v  228.3465 2519.5825 4166.4409
v  244.0945 2519.5825 4166.4409
v  228.3465 2413.4993 4080.3188
v  244.0945 2413.4993 4080.3188
v  244.0945 2370.0789 4330.7085
v  244.0945 2362.2048 4330.7085
v  244.0945 2440.9448 2952.7559
v  244.0945 2448.8188 2952.7559
v  228.3465 2362.2048 4330.7085
v  228.3465 2440.9448 2952.7559
v  228.3465 2370.0789 4330.7085
v  228.3465 2448.3630 2960.7324
v  228.3465 2448.8188 2952.7559
v  228.3465 2466.9197 2960.7324
v  228.3465 2519.5825 3018.3323
v  244.0945 2519.5825 3018.3323
v  244.0945 2466.9197 2960.7324
v  228.3465 2455.6143 2971.8574
v  228.3465 2452.2344 3031.0039
v  244.0945 2452.2344 3031.0039
v  244.0945 2455.6143 2971.8574
v  244.0945 2447.3132 3117.1260
v  228.3465 2447.3132 3117.1260
v  228.3465 2508.9324 3117.1260
v  244.0945 2508.9324 3117.1260
v  244.0945 2519.5825 2960.7324
v  228.3465 2519.5825 2960.7324
v  228.3465 2450.7366 3057.2183
v  244.0945 2450.7366 3057.2183
v  228.3465 2509.6909 3031.0039
v  244.0945 2509.6909 3031.0039
v  228.3465 2421.6575 3908.0750
v  244.0945 2421.6575 3908.0750
v  244.0945 2519.5825 3908.0750
v  228.3465 2519.5825 3908.0750
v  228.3465 2519.5825 3971.5449
v  244.0945 2519.5825 3971.5449
v  228.3465 2539.3701 2952.7559
v  244.0945 2539.3701 2952.7559
v  244.0945 2403.0217 3892.2244
v  228.3465 2403.0217 3892.2244
v  228.3465 2501.7588 3892.2244
v  244.0945 2501.7588 3892.2244
v  228.3465 2406.6787 3828.2280
v  244.0945 2406.6787 3828.2280
v  228.3465 2378.0859 4345.1553
v  244.0945 2378.0859 4345.1553
v  244.0945 2499.6399 4421.1265
v  228.3465 2499.6399 4421.1265
v  228.3465 2378.0859 4421.1265
v  244.0945 2378.0859 4421.1265
v  228.3465 2391.9585 4085.8330
v  228.3465 2388.2581 4150.5903
v  244.0945 2388.2581 4150.5903
v  244.0945 2391.9585 4085.8330
v  244.0945 2378.4155 4322.8345
v  228.3465 2378.4155 4322.8345
v  228.3465 2497.5935 4322.8345
v  244.0945 2497.5935 4322.8345
v  228.3465 2382.1399 4257.6592
v  244.0945 2382.1399 4257.6592
v  228.3465 2387.0496 4171.7383
v  228.3465 2383.3369 4236.7124
v  244.0945 2383.3369 4236.7124
v  244.0945 2387.0496 4171.7383
v  228.3465 2498.4336 4236.7124
v  244.0945 2498.4336 4236.7124
v  228.3465 2499.2705 4150.5903
v  244.0945 2499.2705 4150.5903
v  244.0945 2527.5591 2952.7559
v  228.3465 2393.1794 4064.4683
v  228.3465 2397.8914 4338.6851
v  228.3465 2519.5825 4338.6851
v  228.3465 2527.5591 2960.7324
v  228.3465 2519.5825 4414.7422
v  228.3465 2519.5825 4057.9507
v  228.3465 2519.5825 3994.1968
v  228.3465 2519.5825 3885.1143
v  228.3465 2519.5825 3821.9529
v  228.3465 2519.5825 3798.6560
v  228.3465 2519.5825 3735.8308
v  228.3465 2519.5825 3712.1660
v  228.3465 2519.5825 3649.7087
v  228.3465 2519.5825 3625.6401
v  228.3465 2519.5825 3563.5867
v  228.3465 2519.5825 3539.0728
v  228.3465 2519.5825 3477.4646
v  228.3465 2519.5825 3452.4578
v  228.3465 2519.5825 3391.3425
v  228.3465 2519.5825 3365.7876
v  228.3465 2519.5825 3305.2205
v  228.3465 2519.5825 3279.0527
v  228.3465 2519.5825 3219.0986
v  228.3465 2519.5825 3192.2419
v  228.3465 2519.5825 3132.9766
v  228.3465 2519.5825 3105.3411
v  228.3465 2519.5825 3046.8545
v  228.3465 2445.8535 3142.6682
v  228.3465 2442.3918 3203.2480
v  228.3465 2440.9666 3228.1926
v  228.3465 2437.4707 3289.3699
v  228.3465 2436.0757 3313.7810
v  228.3465 2432.5493 3375.4919
v  228.3465 2431.1819 3399.4236
v  228.3465 2427.6282 3461.6140
v  228.3465 2426.2854 3485.1128
v  228.3465 2422.7068 3547.7361
v  228.3465 2421.3865 3570.8428
v  228.3465 2417.7856 3633.8582
v  228.3465 2416.4856 3656.6082
v  228.3465 2412.8643 3719.9802
v  228.3465 2411.5830 3742.4045
v  228.3465 2407.9431 3806.1023
v  228.3465 2401.7732 3914.0757
v  228.3465 2398.1006 3978.3462
v  228.3465 2396.8665 3999.9448
v  228.3465 2417.5764 3994.1968
v  228.3465 2500.1040 4064.4683
v  228.3465 2500.9336 3978.3462
v  228.3465 2425.7424 3821.9529
v  228.3465 2502.5798 3806.1023
v  228.3465 2429.8320 3735.8308
v  228.3465 2503.3958 3719.9802
v  228.3465 2433.9268 3649.7087
v  228.3465 2504.2065 3633.8582
v  228.3465 2438.0266 3563.5867
v  228.3465 2505.0117 3547.7361
v  228.3465 2442.1323 3477.4646
v  228.3465 2505.8105 3461.6140
v  228.3465 2446.2444 3391.3425
v  228.3465 2506.6028 3375.4919
v  228.3465 2450.3630 3305.2205
v  228.3465 2507.3875 3289.3699
v  228.3465 2454.4893 3219.0986
v  228.3465 2508.1643 3203.2480
v  228.3465 2458.6238 3132.9766
v  228.3465 2462.7668 3046.8545
v  228.3465 2405.3557 4252.5630
v  244.0945 2519.5825 3046.8545
v  244.0945 2519.5825 3105.3411
v  244.0945 2462.7668 3046.8545
v  244.0945 2454.4893 3219.0986
v  244.0945 2519.5825 3279.0527
v  244.0945 2458.6238 3132.9766
v  244.0945 2519.5825 3192.2419
v  244.0945 2519.5825 3132.9766
v  244.0945 2519.5825 3219.0986
v  244.0945 2436.0757 3313.7810
v  244.0945 2506.6028 3375.4919
v  244.0945 2432.5493 3375.4919
v  244.0945 2519.5825 3391.3425
v  244.0945 2519.5825 3452.4578
v  244.0945 2446.2444 3391.3425
v  244.0945 2442.1323 3477.4646
v  244.0945 2519.5825 3477.4646
v  244.0945 2519.5825 3539.0728
v  244.0945 2438.0266 3563.5867
v  244.0945 2519.5825 3563.5867
v  244.0945 2519.5825 3625.6401
v  244.0945 2422.7068 3547.7361
v  244.0945 2426.2854 3485.1128
v  244.0945 2505.0117 3547.7361
v  244.0945 2429.8320 3735.8308
v  244.0945 2519.5825 3798.6560
v  244.0945 2519.5825 3735.8308
v  244.0945 2425.7424 3821.9529
v  244.0945 2519.5825 3821.9529
v  244.0945 2519.5825 3885.1143
v  244.0945 2437.4707 3289.3699
v  244.0945 2507.3875 3289.3699
v  244.0945 2442.3918 3203.2480
v  244.0945 2445.8535 3142.6682
v  244.0945 2508.1643 3203.2480
v  244.0945 2412.8643 3719.9802
v  244.0945 2503.3958 3719.9802
v  244.0945 2397.8914 4338.6851
v  244.0945 2519.5825 4338.6851
v  244.0945 2519.5825 4414.7422
v  244.0945 2405.3557 4252.5630
v  244.0945 2393.1794 4064.4683
v  244.0945 2396.8665 3999.9448
v  244.0945 2398.1006 3978.3462
v  244.0945 2401.7732 3914.0757
v  244.0945 2407.9431 3806.1023
v  244.0945 2411.5830 3742.4045
v  244.0945 2416.4856 3656.6082
v  244.0945 2417.7856 3633.8582
v  244.0945 2421.3865 3570.8428
v  244.0945 2427.6282 3461.6140
v  244.0945 2431.1819 3399.4236
v  244.0945 2440.9666 3228.1926
v  244.0945 2519.5825 3305.2205
v  244.0945 2519.5825 3365.7876
v  244.0945 2519.5825 3649.7087
v  244.0945 2519.5825 3712.1660
v  244.0945 2519.5825 3994.1968
v  244.0945 2519.5825 4057.9507
v  244.0945 2500.1040 4064.4683
v  244.0945 2417.5764 3994.1968
v  244.0945 2500.9336 3978.3462
v  244.0945 2502.5798 3806.1023
v  244.0945 2433.9268 3649.7087
v  244.0945 2504.2065 3633.8582
v  244.0945 2505.8105 3461.6140
v  244.0945 2450.3630 3305.2205
v  -125.9842 2527.5591 2952.7559
v  228.3465 2527.5591 2952.7559
v  244.0945 2318.8977 4429.1338
v  244.0945 2318.8977 4379.9209
v  -244.0945 2318.8977 4478.3462
v  -244.0945 2318.8977 4379.9209
v  -244.0945 2561.5159 2952.7559
v  244.0945 2561.5159 2952.7559
v  -228.3465 2561.5159 2952.7559
v  228.3465 2561.5159 2952.7559
v  244.0945 2561.5159 5905.5117
v  244.0945 2598.4253 5905.5117
v  244.0945 2598.4253 2952.7559
v  228.3465 2598.4253 2952.7559
v  228.3465 2598.4253 5905.5117
v  -244.0945 2561.5159 5905.5117
v  -244.0945 2598.4253 5905.5117
v  -244.0945 2598.4253 2952.7559
v  -228.3465 2561.5159 5905.5117
v  -228.3465 2598.4253 5905.5117
v  228.3465 2561.5159 5905.5117
v  -228.3465 2598.4253 2952.7559
v  7.8740 2527.5591 5905.5117
v  220.5723 2511.7708 5897.5352
v  148.8413 2456.5930 5897.5352
v  133.9771 2465.0513 5897.5352
v  204.8464 2519.5662 5897.5352
v  220.5723 2456.5930 5897.5352
v  133.9771 2519.5662 5897.5352
v  220.5723 2456.5930 5905.5117
v  220.5723 2511.7708 5905.5117
v  204.8464 2519.5662 5905.5117
v  133.9771 2519.5662 5905.5117
v  133.9771 2465.0513 5905.5117
v  148.8413 2456.5930 5905.5117
v  15.6482 2456.5930 5897.5352
v  15.6482 2511.7708 5897.5352
v  31.3741 2519.5662 5897.5352
v  102.2433 2519.5662 5897.5352
v  102.2433 2465.0513 5897.5352
v  87.3792 2456.5930 5897.5352
v  15.6482 2511.7708 5905.5117
v  87.3792 2456.5930 5905.5117
v  102.2433 2465.0513 5905.5117
v  31.3741 2519.5662 5905.5117
v  15.6482 2456.5930 5905.5117
v  102.2433 2519.5662 5905.5117
v  -15.6482 2511.7708 5897.5352
v  -87.3792 2456.5930 5897.5352
v  -102.2433 2465.0513 5897.5352
v  -31.3741 2519.5662 5897.5352
v  -15.6482 2456.5930 5897.5352
v  -102.2433 2519.5662 5897.5352
v  -15.6482 2456.5930 5905.5117
v  -15.6482 2511.7708 5905.5117
v  -31.3741 2519.5662 5905.5117
v  -102.2433 2519.5662 5905.5117
v  -102.2433 2465.0513 5905.5117
v  -87.3792 2456.5930 5905.5117
v  -220.5723 2456.5930 5897.5352
v  -220.5723 2511.7708 5897.5352
v  -204.8464 2519.5662 5897.5352
v  -133.9771 2519.5662 5897.5352
v  -133.9771 2465.0513 5897.5352
v  -148.8413 2456.5930 5897.5352
v  -220.5723 2511.7708 5905.5117
v  -148.8413 2456.5930 5905.5117
v  -133.9771 2465.0513 5905.5117
v  -204.8464 2519.5662 5905.5117
v  -220.5723 2456.5930 5905.5117
v  -133.9771 2519.5662 5905.5117
v  125.9843 2378.0859 4527.5591
v  125.9843 2378.0859 4330.7085
v  228.3465 2378.0859 4330.7085
v  7.8740 2378.0859 4330.7085
v  110.2362 2378.0859 4330.7085
v  -7.8740 2378.0859 4330.7085
v  -110.2362 2378.0859 4330.7085
v  -110.2362 2378.0859 4527.5591
v  -7.8740 2378.0859 4527.5591
v  -228.3465 2378.0859 4330.7085
v  -125.9842 2378.0859 4330.7085
v  -228.3465 2378.0859 4527.5591
v  -125.9842 2378.0859 4527.5591
v  7.8740 2378.0859 4527.5591
v  110.2362 2378.0859 4527.5591
v  228.3465 2378.0859 4527.5591
v  -220.5624 2511.7507 2960.7324
v  -148.8702 2456.6030 2960.7324
v  -133.9877 2465.0728 2960.7324
v  -204.8154 2519.5557 2960.7324
v  -220.5624 2456.6030 2960.7324
v  -133.9877 2519.5557 2960.7324
v  -15.6580 2456.6030 2960.7324
v  -15.6580 2511.7507 2960.7324
v  -31.4051 2519.5557 2960.7324
v  -102.2328 2519.5557 2960.7324
v  -102.2328 2465.0728 2960.7324
v  -87.3503 2456.6030 2960.7324
v  15.6581 2511.7507 2960.7324
v  87.3503 2456.6030 2960.7324
v  102.2328 2465.0728 2960.7324
v  31.4051 2519.5557 2960.7324
v  15.6581 2456.6030 2960.7324
v  102.2328 2519.5557 2960.7324
v  220.5624 2456.6030 2960.7324
v  220.5624 2511.7507 2960.7324
v  204.8154 2519.5557 2960.7324
v  133.9877 2519.5557 2960.7324
v  133.9877 2465.0728 2960.7324
v  148.8702 2456.6030 2960.7324
v  -220.5624 2511.7507 2952.7559
v  -148.8702 2456.6030 2952.7559
v  -220.5624 2456.6030 2952.7559
v  -133.9877 2519.5557 2952.7559
v  -133.9877 2465.0728 2952.7559
v  -204.8154 2519.5557 2952.7559
v  -102.2328 2519.5557 2952.7559
v  -31.4051 2519.5557 2952.7559
v  -102.2328 2465.0728 2952.7559
v  -15.6580 2511.7507 2952.7559
v  -15.6580 2456.6030 2952.7559
v  -87.3503 2456.6030 2952.7559
v  15.6581 2511.7507 2952.7559
v  87.3503 2456.6030 2952.7559
v  15.6581 2456.6030 2952.7559
v  102.2328 2519.5557 2952.7559
v  102.2328 2465.0728 2952.7559
v  31.4051 2519.5557 2952.7559
v  133.9877 2465.0728 2952.7559
v  204.8154 2519.5557 2952.7559
v  133.9877 2519.5557 2952.7559
v  148.8702 2456.6030 2952.7559
v  220.5624 2456.6030 2952.7559
v  220.5624 2511.7507 2952.7559
v  244.0945 2318.8977 4478.3462
v  72.9273 0.0000 4568.7104
v  106.5675 0.0000 4545.0796
v  106.5675 2279.5276 4545.0796
v  72.9273 2279.5276 4568.7104
v  132.9453 0.0000 4513.5469
v  132.9453 2279.5276 4513.5469
v  150.2630 0.0000 4476.2622
v  150.2630 2279.5276 4476.2622
v  157.3406 0.0000 4435.7651
v  157.3406 2279.5276 4435.7651
v  153.6957 0.0000 4394.8164
v  153.6957 2279.5276 4394.8164
v  139.5767 0.0000 4356.2065
v  139.5767 2279.5276 4356.2065
v  115.9458 0.0000 4322.5664
v  115.9458 2279.5276 4322.5664
v  84.4133 0.0000 4296.1885
v  84.4133 2279.5276 4296.1885
v  47.1283 0.0000 4278.8706
v  47.1283 2279.5276 4278.8706
v  6.6315 0.0000 4271.7930
v  6.6315 2279.5276 4271.7930
v  -34.3172 0.0000 4275.4380
v  -34.3172 2279.5276 4275.4380
v  -72.9273 0.0000 4289.5571
v  -72.9273 2279.5276 4289.5571
v  -106.5675 0.0000 4313.1880
v  -106.5675 2279.5276 4313.1880
v  -132.9452 0.0000 4344.7207
v  -132.9452 2279.5276 4344.7207
v  -150.2630 0.0000 4382.0054
v  -150.2630 2279.5276 4382.0054
v  -157.3406 0.0000 4422.5024
v  -157.3406 2279.5276 4422.5024
v  -153.6957 0.0000 4463.4512
v  -153.6957 2279.5276 4463.4512
v  -139.5767 0.0000 4502.0610
v  -139.5767 2279.5276 4502.0610
v  -115.9458 0.0000 4535.7012
v  -115.9458 2279.5276 4535.7012
v  -84.4133 0.0000 4562.0791
v  -84.4133 2279.5276 4562.0791
v  -47.1283 0.0000 4579.3970
v  -47.1283 2279.5276 4579.3970
v  -6.6315 0.0000 4586.4746
v  -6.6315 2279.5276 4586.4746
v  34.3173 0.0000 4582.8296
v  34.3173 2279.5276 4582.8296
v  -236.0808 0.0000 4665.2148
v  -236.0808 0.0000 4193.0527
v  236.0808 0.0000 4193.0527
v  179.1006 0.0000 4665.2148
v  236.0808 0.0000 4665.2148
v  -179.1006 787.4016 4250.0332
v  -179.1006 787.4016 4608.2344
v  179.1006 787.4016 4608.2344
v  179.1006 787.4016 4250.0332
v  -179.1006 472.4409 4608.2344
v  -179.1006 472.4409 4250.0332
v  179.1006 472.4409 4608.2344
v  179.1006 472.4409 4250.0332
v  -102.7688 2318.8977 4396.9014
v  -107.6094 2318.8977 4424.5986
v  -105.1165 2318.8977 4452.6045
v  -95.4602 2318.8977 4479.0107
v  -90.9247 2318.8977 4371.4014
v  -79.2984 2318.8977 4502.0181
v  -72.8843 2318.8977 4349.8354
v  -57.7325 2318.8977 4520.0586
v  -49.8769 2318.8977 4333.6738
v  -32.2322 2318.8977 4531.9023
v  -23.4705 2318.8977 4324.0171
v  -4.5354 2318.8977 4536.7432
v  4.5354 2318.8977 4321.5244
v  23.4705 2318.8977 4534.2500
v  32.2323 2318.8977 4326.3652
v  49.8769 2318.8977 4524.5938
v  57.7325 2318.8977 4338.2090
v  72.8843 2318.8977 4508.4321
v  79.2984 2318.8977 4356.2495
v  90.9247 2318.8977 4486.8662
v  95.4602 2318.8977 4379.2568
v  102.7688 2318.8977 4461.3662
v  105.1165 2318.8977 4405.6631
v  107.6094 2318.8977 4433.6689
v  -105.1165 2279.5276 4452.6045
v  -107.6094 2279.5276 4424.5986
v  -95.4602 2279.5276 4479.0107
v  -79.2984 2279.5276 4502.0181
v  -57.7325 2279.5276 4520.0586
v  -32.2322 2279.5276 4531.9023
v  -4.5354 2279.5276 4536.7432
v  23.4705 2279.5276 4534.2500
v  49.8769 2279.5276 4524.5938
v  72.8843 2279.5276 4508.4321
v  90.9247 2279.5276 4486.8662
v  102.7688 2279.5276 4461.3662
v  107.6094 2279.5276 4433.6689
v  -102.7688 2279.5276 4396.9014
v  -90.9247 2279.5276 4371.4014
v  -72.8843 2279.5276 4349.8354
v  -49.8769 2279.5276 4333.6738
v  -23.4705 2279.5276 4324.0171
v  4.5354 2279.5276 4321.5244
v  32.2323 2279.5276 4326.3652
v  57.7325 2279.5276 4338.2090
v  79.2984 2279.5276 4356.2495
v  95.4602 2279.5276 4379.2568
v  105.1165 2279.5276 4405.6631
v  -244.0945 2388.2581 1754.9214
v  -228.3465 2388.2581 1754.9214
v  -228.3465 2499.2705 1754.9214
v  -244.0945 2499.2705 1754.9214
v  -228.3465 2391.9585 1819.6785
v  -244.0945 2391.9585 1819.6785
v  -228.3465 2527.5591 2944.7793
v  -228.3465 2539.3701 1476.3779
v  -228.3465 2527.5591 1476.3779
v  -244.0945 2539.3701 1476.3779
v  -244.0945 2519.5825 2944.7793
v  -244.0945 2519.5825 2887.1792
v  -244.0945 2519.5825 2858.6572
v  -244.0945 2519.5825 2800.1707
v  -244.0945 2519.5825 2772.5352
v  -244.0945 2519.5825 2713.2698
v  -244.0945 2519.5825 2686.4131
v  -244.0945 2519.5825 2626.4590
v  -244.0945 2519.5825 2600.2910
v  -244.0945 2519.5825 2539.7241
v  -244.0945 2519.5825 2514.1689
v  -244.0945 2519.5825 2453.0537
v  -244.0945 2519.5825 2428.0469
v  -244.0945 2519.5825 2366.4390
v  -244.0945 2519.5825 2341.9248
v  -244.0945 2519.5825 2279.8716
v  -244.0945 2519.5825 2255.8030
v  -244.0945 2519.5825 2193.3455
v  -244.0945 2519.5825 2169.6809
v  -244.0945 2519.5825 2106.8555
v  -244.0945 2519.5825 2083.5588
v  -244.0945 2519.5825 2020.3972
v  -244.0945 2519.5825 1997.4368
v  -244.0945 2519.5825 1933.9668
v  -244.0945 2519.5825 1911.3147
v  -244.0945 2519.5825 1847.5608
v  -244.0945 2519.5825 1825.1926
v  -244.0945 2519.5825 1761.1768
v  -244.0945 2519.5825 1739.0708
v  -244.0945 2519.5825 1674.8125
v  -244.0945 2519.5825 1652.9487
v  -244.0945 2519.5825 1588.4658
v  -244.0945 2519.5825 1566.8267
v  -244.0945 2519.5825 1490.7695
v  -244.0945 2499.6399 1484.3848
v  -244.0945 2378.0859 1484.3848
v  -244.0945 2370.0789 1476.3779
v  -244.0945 2378.0859 1560.3564
v  -244.0945 2370.0789 1574.8032
v  -244.0945 2397.8914 1566.8267
v  -244.0945 2378.4155 1582.6772
v  -244.0945 2497.5935 1582.6772
v  -244.0945 2382.1399 1647.8525
v  -244.0945 2405.3557 1652.9487
v  -244.0945 2383.3369 1668.7993
v  -244.0945 2387.0496 1733.7729
v  -244.0945 2393.1794 1841.0432
v  -244.0945 2396.8665 1905.5667
v  -244.0945 2398.1006 1927.1653
v  -244.0945 2401.7732 1991.4358
v  -244.0945 2403.0217 2013.2874
v  -244.0945 2406.6787 2077.2834
v  -244.0945 2407.9431 2099.4094
v  -244.0945 2411.5830 2163.1072
v  -244.0945 2412.8643 2185.5315
v  -244.0945 2416.4856 2248.9036
v  -244.0945 2417.7856 2271.6536
v  -244.0945 2421.3865 2334.6687
v  -244.0945 2422.7068 2357.7754
v  -244.0945 2426.2854 2420.3987
v  -244.0945 2427.6282 2443.8975
v  -244.0945 2431.1819 2506.0881
v  -244.0945 2432.5493 2530.0195
v  -244.0945 2436.0757 2591.7307
v  -244.0945 2437.4707 2616.1416
v  -244.0945 2440.9666 2677.3188
v  -244.0945 2442.3918 2702.2637
v  -244.0945 2445.8535 2762.8435
v  -244.0945 2447.3132 2788.3857
v  -244.0945 2450.7366 2848.2932
v  -244.0945 2452.2344 2874.5078
v  -244.0945 2455.6143 2933.6543
v  -244.0945 2466.9197 2944.7793
v  -244.0945 2509.6909 2874.5078
v  -244.0945 2462.7668 2858.6572
v  -244.0945 2508.9324 2788.3857
v  -244.0945 2458.6238 2772.5352
v  -244.0945 2508.1643 2702.2637
v  -244.0945 2454.4893 2686.4131
v  -244.0945 2507.3875 2616.1416
v  -244.0945 2450.3630 2600.2910
v  -244.0945 2506.6028 2530.0195
v  -244.0945 2446.2444 2514.1689
v  -244.0945 2505.8105 2443.8975
v  -244.0945 2442.1323 2428.0469
v  -244.0945 2505.0117 2357.7754
v  -244.0945 2438.0266 2341.9248
v  -244.0945 2504.2065 2271.6536
v  -244.0945 2433.9268 2255.8030
v  -244.0945 2503.3958 2185.5315
v  -244.0945 2429.8320 2169.6809
v  -244.0945 2502.5798 2099.4094
v  -244.0945 2425.7424 2083.5588
v  -244.0945 2501.7588 2013.2874
v  -244.0945 2421.6575 1997.4368
v  -244.0945 2500.9336 1927.1653
v  -244.0945 2417.5764 1911.3147
v  -244.0945 2500.1040 1841.0432
v  -244.0945 2413.4993 1825.1926
v  -244.0945 2409.4260 1739.0708
v  -244.0945 2498.4336 1668.7993
v  -244.0945 2527.5591 1476.3779
v  -228.3465 2362.2048 1574.8032
v  -228.3465 2370.0789 1574.8032
v  -228.3465 2370.0789 1476.3779
v  -228.3465 2362.2048 1476.3779
v  -244.0945 2362.2048 1574.8032
v  -244.0945 2362.2048 1476.3779
v  -102.2328 2519.5557 7.9766
v  -102.2328 2465.0728 7.9766
v  -102.2328 2465.0728 -0.0000
v  -102.2328 2519.5557 -0.0000
v  -31.4051 2519.5557 7.9766
v  -31.4051 2519.5557 -0.0000
v  7.8740 2519.5825 7.9766
v  7.8740 2527.5591 7.9766
v  7.8740 2527.5591 -0.0000
v  7.8740 2448.8188 -0.0000
v  7.8740 2466.9197 7.9766
v  7.8740 2448.3630 7.9766
v  125.9843 2448.3630 2944.7793
v  228.3465 2448.3630 2944.7793
v  15.6581 2511.7507 7.9766
v  87.3503 2456.6030 7.9766
v  102.2328 2465.0728 7.9766
v  31.4051 2519.5557 7.9766
v  15.6581 2456.6030 7.9766
v  110.2362 2448.3630 7.9766
v  110.2362 2466.9197 7.9766
v  102.2328 2519.5557 7.9766
v  110.2362 2519.5825 7.9766
v  110.2362 2527.5591 7.9766
v  110.2362 2527.5591 -0.0000
v  15.6581 2456.6030 -0.0000
v  110.2362 2448.8188 -0.0000
v  15.6581 2511.7507 -0.0000
v  31.4051 2519.5557 -0.0000
v  102.2328 2519.5557 -0.0000
v  102.2328 2465.0728 -0.0000
v  87.3503 2456.6030 -0.0000
v  148.8702 2456.6030 -0.0000
v  148.8702 2456.6030 7.9766
v  220.5624 2456.6030 7.9766
v  220.5624 2456.6030 -0.0000
v  -87.3503 2456.6030 -0.0000
v  -87.3503 2456.6030 7.9766
v  -15.6580 2456.6030 7.9766
v  -15.6580 2456.6030 -0.0000
v  -244.0945 2318.8977 1525.5903
v  -244.0945 2318.8977 1427.1650
v  244.0945 2318.8977 1427.1650
v  244.0945 2318.8977 1525.5903
v  244.0945 2318.8977 1476.3779
v  -15.6580 2511.7507 7.9766
v  -15.6580 2511.7507 -0.0000
v  220.5624 2511.7507 7.9766
v  220.5624 2511.7507 -0.0000
v  -228.3465 2519.5825 2800.1707
v  -228.3465 2519.5825 2858.6572
v  -228.3465 2462.7668 2858.6572
v  -228.3465 2454.4893 2686.4131
v  -228.3465 2519.5825 2626.4590
v  -228.3465 2458.6238 2772.5352
v  -228.3465 2519.5825 2713.2698
v  -228.3465 2519.5825 2772.5352
v  -228.3465 2519.5825 2686.4131
v  -228.3465 2436.0757 2591.7307
v  -228.3465 2506.6028 2530.0195
v  -228.3465 2432.5493 2530.0195
v  -228.3465 2519.5825 2453.0537
v  -228.3465 2519.5825 2514.1689
v  -228.3465 2446.2444 2514.1689
v  220.5723 2511.7708 2944.7793
v  148.8413 2456.5930 2944.7793
v  133.9771 2465.0513 2944.7793
v  204.8464 2519.5662 2944.7793
v  228.3465 2519.5825 2944.7793
v  228.3465 2466.9197 2944.7793
v  220.5723 2456.5930 2944.7793
v  125.9843 2466.9197 2944.7793
v  133.9771 2519.5662 2944.7793
v  125.9843 2519.5825 2944.7793
v  125.9843 2527.5591 2944.7793
v  228.3465 2527.5591 2944.7793
v  -228.3465 2442.1323 2428.0469
v  -228.3465 2519.5825 2428.0469
v  -228.3465 2519.5825 2366.4390
v  -228.3465 2438.0266 2341.9248
v  -228.3465 2519.5825 2341.9248
v  -228.3465 2519.5825 2279.8716
v  220.5723 2456.5930 2952.7559
v  220.5723 2511.7708 2952.7559
v  204.8464 2519.5662 2952.7559
v  133.9771 2519.5662 2952.7559
v  133.9771 2465.0513 2952.7559
v  148.8413 2456.5930 2952.7559
v  -228.3465 2426.2854 2420.3987
v  -228.3465 2422.7068 2357.7754
v  -228.3465 2505.0117 2357.7754
v  -110.2362 2519.5825 1933.9668
v  -110.2362 2421.6575 1997.4368
v  -110.2362 2401.7732 1991.4358
v  -110.2362 2500.9336 1927.1653
v  -110.2362 2519.5825 1911.3147
v  -110.2362 2527.5591 1476.3779
v  -110.2362 2519.5825 1997.4368
v  -110.2362 2519.5825 2020.3972
v  -110.2362 2519.5825 2083.5588
v  -110.2362 2519.5825 2106.8555
v  -110.2362 2519.5825 2169.6809
v  -110.2362 2519.5825 2193.3455
v  -110.2362 2519.5825 2255.8030
v  -110.2362 2519.5825 2279.8716
v  -110.2362 2519.5825 2341.9248
v  -110.2362 2519.5825 2366.4390
v  -110.2362 2519.5825 2428.0469
v  -110.2362 2519.5825 2453.0537
v  -110.2362 2519.5825 2514.1689
v  -110.2362 2519.5825 2539.7241
v  -110.2362 2519.5825 2600.2910
v  -110.2362 2519.5825 2626.4590
v  -110.2362 2519.5825 2686.4131
v  -110.2362 2519.5825 2713.2698
v  -110.2362 2519.5825 2772.5352
v  -110.2362 2519.5825 2800.1707
v  -110.2362 2519.5825 2858.6572
v  -110.2362 2519.5825 2887.1792
v  -110.2362 2527.5591 2944.7793
v  -110.2362 2519.5825 2944.7793
v  -110.2362 2509.6909 2874.5078
v  -110.2362 2455.6143 2933.6543
v  -110.2362 2466.9197 2944.7793
v  -110.2362 2448.3630 2944.7793
v  -110.2362 2370.0789 1574.8032
v  -110.2362 2452.2344 2874.5078
v  -110.2362 2450.7366 2848.2932
v  -110.2362 2447.3132 2788.3857
v  -110.2362 2445.8535 2762.8435
v  -110.2362 2442.3918 2702.2637
v  -110.2362 2440.9666 2677.3188
v  -110.2362 2437.4707 2616.1416
v  -110.2362 2436.0757 2591.7307
v  -110.2362 2432.5493 2530.0195
v  -110.2362 2431.1819 2506.0881
v  -110.2362 2427.6282 2443.8975
v  -110.2362 2426.2854 2420.3987
v  -110.2362 2422.7068 2357.7754
v  -110.2362 2421.3865 2334.6687
v  -110.2362 2417.7856 2271.6536
v  -110.2362 2416.4856 2248.9036
v  -110.2362 2412.8643 2185.5315
v  -110.2362 2411.5830 2163.1072
v  -110.2362 2407.9431 2099.4094
v  -110.2362 2406.6787 2077.2834
v  -110.2362 2403.0217 2013.2874
v  -110.2362 2398.1006 1927.1653
v  -110.2362 2396.8665 1905.5667
v  -110.2362 2393.1794 1841.0432
v  -110.2362 2391.9585 1819.6785
v  -110.2362 2388.2581 1754.9214
v  -110.2362 2387.0496 1733.7729
v  -110.2362 2383.3369 1668.7993
v  -110.2362 2382.1399 1647.8525
v  -110.2362 2378.4155 1582.6772
v  -110.2362 2497.5935 1582.6772
v  -110.2362 2519.5825 1566.8267
v  -110.2362 2519.5825 1588.4658
v  -110.2362 2519.5825 1652.9487
v  -110.2362 2519.5825 1674.8125
v  -110.2362 2519.5825 1739.0708
v  -110.2362 2519.5825 1761.1768
v  -110.2362 2519.5825 1825.1926
v  -110.2362 2519.5825 1847.5608
v  -110.2362 2500.1040 1841.0432
v  -110.2362 2417.5764 1911.3147
v  -110.2362 2413.4993 1825.1926
v  -110.2362 2499.2705 1754.9214
v  -110.2362 2409.4260 1739.0708
v  -110.2362 2498.4336 1668.7993
v  -110.2362 2405.3557 1652.9487
v  -110.2362 2519.5825 1490.7695
v  -110.2362 2499.6399 1484.3848
v  -110.2362 2378.0859 1560.3564
v  -110.2362 2397.8914 1566.8267
v  -110.2362 2370.0789 1476.3779
v  -110.2362 2378.0859 1484.3848
v  -110.2362 2378.0859 1476.3779
v  -110.2362 2501.7588 2013.2874
v  -110.2362 2425.7424 2083.5588
v  -110.2362 2502.5798 2099.4094
v  -110.2362 2429.8320 2169.6809
v  -110.2362 2503.3958 2185.5315
v  -110.2362 2433.9268 2255.8030
v  -110.2362 2504.2065 2271.6536
v  -110.2362 2438.0266 2341.9248
v  -110.2362 2505.0117 2357.7754
v  -110.2362 2442.1323 2428.0469
v  -110.2362 2505.8105 2443.8975
v  -110.2362 2446.2444 2514.1689
v  -110.2362 2506.6028 2530.0195
v  -110.2362 2450.3630 2600.2910
v  -110.2362 2507.3875 2616.1416
v  -110.2362 2454.4893 2686.4131
v  -110.2362 2508.1643 2702.2637
v  -110.2362 2458.6238 2772.5352
v  -110.2362 2508.9324 2788.3857
v  -110.2362 2462.7668 2858.6572
v  -228.3465 2429.8320 2169.6809
v  -228.3465 2519.5825 2106.8555
v  -228.3465 2519.5825 2169.6809
v  -228.3465 2425.7424 2083.5588
v  -228.3465 2519.5825 2083.5588
v  -228.3465 2519.5825 2020.3972
v  -228.3465 2448.3630 2944.7793
v  -228.3465 2437.4707 2616.1416
v  -228.3465 2507.3875 2616.1416
v  -228.3465 2445.8535 2762.8435
v  -228.3465 2442.3918 2702.2637
v  -228.3465 2508.1643 2702.2637
v  -228.3465 2412.8643 2185.5315
v  -228.3465 2503.3958 2185.5315
v  -228.3465 2466.9197 2944.7793
v  -228.3465 2519.5825 2944.7793
v  -228.3465 2411.5830 2163.1072
v  -228.3465 2502.5798 2099.4094
v  -228.3465 2416.4856 2248.9036
v  -228.3465 2421.3865 2334.6687
v  -228.3465 2504.2065 2271.6536
v  -228.3465 2417.7856 2271.6536
v  -228.3465 2433.9268 2255.8030
v  -228.3465 2519.5825 2255.8030
v  -228.3465 2519.5825 2193.3455
v  -228.3465 2431.1819 2506.0881
v  -228.3465 2427.6282 2443.8975
v  -228.3465 2505.8105 2443.8975
v  -228.3465 2450.3630 2600.2910
v  -228.3465 2519.5825 2539.7241
v  -228.3465 2519.5825 2600.2910
v  -228.3465 2440.9666 2677.3188
v  -228.3465 2407.9431 2099.4094
v  -228.3465 2417.5764 1911.3147
v  -228.3465 2519.5825 1847.5608
v  -228.3465 2519.5825 1911.3147
v  7.8740 2448.3630 2944.7793
v  7.8740 2527.5591 2944.7793
v  7.8740 2466.9197 2944.7793
v  7.8740 2519.5825 2944.7793
v  -228.3465 2519.5825 1933.9668
v  -228.3465 2421.6575 1997.4368
v  -228.3465 2401.7732 1991.4358
v  -228.3465 2500.9336 1927.1653
v  -228.3465 2519.5825 1997.4368
v  -228.3465 2519.5825 2887.1792
v  -228.3465 2509.6909 2874.5078
v  -228.3465 2455.6143 2933.6543
v  -228.3465 2452.2344 2874.5078
v  -228.3465 2450.7366 2848.2932
v  -228.3465 2447.3132 2788.3857
v  -228.3465 2406.6787 2077.2834
v  -228.3465 2403.0217 2013.2874
v  -228.3465 2398.1006 1927.1653
v  -228.3465 2396.8665 1905.5667
v  -228.3465 2393.1794 1841.0432
v  -228.3465 2387.0496 1733.7729
v  -228.3465 2383.3369 1668.7993
v  -228.3465 2382.1399 1647.8525
v  -228.3465 2378.4155 1582.6772
v  -228.3465 2497.5935 1582.6772
v  -228.3465 2519.5825 1566.8267
v  -228.3465 2519.5825 1588.4658
v  -228.3465 2519.5825 1652.9487
v  -228.3465 2519.5825 1674.8125
v  -228.3465 2519.5825 1739.0708
v  -228.3465 2519.5825 1761.1768
v  -228.3465 2519.5825 1825.1926
v  -228.3465 2500.1040 1841.0432
v  -228.3465 2413.4993 1825.1926
v  -228.3465 2409.4260 1739.0708
v  -228.3465 2498.4336 1668.7993
v  -228.3465 2405.3557 1652.9487
v  -228.3465 2519.5825 1490.7695
v  -228.3465 2499.6399 1484.3848
v  -228.3465 2378.0859 1560.3564
v  -228.3465 2397.8914 1566.8267
v  -228.3465 2378.0859 1484.3848
v  -228.3465 2378.0859 1476.3779
v  -228.3465 2501.7588 2013.2874
v  -228.3465 2508.9324 2788.3857
v  -7.8740 2519.5825 1652.9487
v  -7.8740 2519.5825 1588.4658
v  7.8740 2519.5825 1588.4658
v  7.8740 2519.5825 1652.9487
v  -7.8740 2519.5825 1825.1926
v  -7.8740 2519.5825 1761.1768
v  7.8740 2519.5825 1761.1768
v  7.8740 2519.5825 1825.1926
v  -7.8740 2409.4260 1739.0708
v  7.8740 2409.4260 1739.0708
v  7.8740 2519.5825 1674.8125
v  -7.8740 2519.5825 1674.8125
v  -7.8740 2519.5825 1739.0708
v  7.8740 2519.5825 1739.0708
v  7.8740 2413.4993 1825.1926
v  -7.8740 2413.4993 1825.1926
v  7.8740 2362.2048 1574.8032
v  7.8740 2370.0789 1574.8032
v  -7.8740 2362.2048 1574.8032
v  -7.8740 2448.3630 2944.7793
v  -7.8740 2370.0789 1574.8032
v  -7.8740 2519.5825 2887.1792
v  -7.8740 2466.9197 2944.7793
v  7.8740 2519.5825 2887.1792
v  7.8740 2370.0789 1476.3779
v  -7.8740 2370.0789 1476.3779
v  -7.8740 2378.0859 1476.3779
v  7.8740 2378.0859 1476.3779
v  -7.8740 2527.5591 1476.3779
v  7.8740 2527.5591 1476.3779
v  -7.8740 2452.2344 2874.5078
v  -7.8740 2455.6143 2933.6543
v  7.8740 2455.6143 2933.6543
v  7.8740 2452.2344 2874.5078
v  -7.8740 2447.3132 2788.3857
v  7.8740 2447.3132 2788.3857
v  7.8740 2508.9324 2788.3857
v  -7.8740 2508.9324 2788.3857
v  -7.8740 2519.5825 2944.7793
v  -7.8740 2450.7366 2848.2932
v  7.8740 2450.7366 2848.2932
v  -7.8740 2509.6909 2874.5078
v  7.8740 2509.6909 2874.5078
v  7.8740 2421.6575 1997.4368
v  -7.8740 2421.6575 1997.4368
v  -7.8740 2519.5825 1997.4368
v  7.8740 2519.5825 1997.4368
v  -7.8740 2519.5825 1933.9668
v  7.8740 2519.5825 1933.9668
v  -7.8740 2403.0217 2013.2874
v  7.8740 2403.0217 2013.2874
v  7.8740 2501.7588 2013.2874
v  -7.8740 2501.7588 2013.2874
v  7.8740 2406.6787 2077.2834
v  -7.8740 2406.6787 2077.2834
v  7.8740 2378.0859 1560.3564
v  -7.8740 2378.0859 1560.3564
v  -7.8740 2499.6399 1484.3848
v  7.8740 2499.6399 1484.3848
v  -7.8740 2378.0859 1484.3848
v  7.8740 2378.0859 1484.3848
v  -7.8740 2388.2581 1754.9214
v  -7.8740 2391.9585 1819.6785
v  7.8740 2391.9585 1819.6785
v  7.8740 2388.2581 1754.9214
v  -7.8740 2378.4155 1582.6772
v  7.8740 2378.4155 1582.6772
v  7.8740 2497.5935 1582.6772
v  -7.8740 2497.5935 1582.6772
v  7.8740 2382.1399 1647.8525
v  -7.8740 2382.1399 1647.8525
v  -7.8740 2383.3369 1668.7993
v  -7.8740 2387.0496 1733.7729
v  7.8740 2387.0496 1733.7729
v  7.8740 2383.3369 1668.7993
v  7.8740 2498.4336 1668.7993
v  -7.8740 2498.4336 1668.7993
v  7.8740 2499.2705 1754.9214
v  -7.8740 2499.2705 1754.9214
v  -7.8740 2539.3701 1476.3779
v  7.8740 2539.3701 1476.3779
v  -7.8740 2527.5591 2944.7793
v  -7.8740 2519.5825 2858.6572
v  -7.8740 2519.5825 2800.1707
v  -7.8740 2519.5825 2772.5352
v  -7.8740 2519.5825 2713.2698
v  -7.8740 2519.5825 2686.4131
v  -7.8740 2519.5825 2626.4590
v  -7.8740 2519.5825 2600.2910
v  -7.8740 2519.5825 2539.7241
v  -7.8740 2519.5825 2514.1689
v  -7.8740 2519.5825 2453.0537
v  -7.8740 2519.5825 2428.0469
v  -7.8740 2519.5825 2366.4390
v  -7.8740 2519.5825 2341.9248
v  -7.8740 2519.5825 2279.8716
v  -7.8740 2519.5825 2255.8030
v  -7.8740 2519.5825 2193.3455
v  -7.8740 2519.5825 2169.6809
v  -7.8740 2519.5825 2106.8555
v  -7.8740 2519.5825 2083.5588
v  -7.8740 2519.5825 2020.3972
v  -7.8740 2519.5825 1911.3147
v  -7.8740 2519.5825 1847.5608
v  -7.8740 2519.5825 1566.8267
v  -7.8740 2519.5825 1490.7695
v  -7.8740 2397.8914 1566.8267
v  -7.8740 2405.3557 1652.9487
v  -7.8740 2393.1794 1841.0432
v  -7.8740 2396.8665 1905.5667
v  -7.8740 2398.1006 1927.1653
v  -7.8740 2401.7732 1991.4358
v  -7.8740 2407.9431 2099.4094
v  -7.8740 2411.5830 2163.1072
v  -7.8740 2412.8643 2185.5315
v  -7.8740 2416.4856 2248.9036
v  -7.8740 2417.7856 2271.6536
v  -7.8740 2421.3865 2334.6687
v  -7.8740 2422.7068 2357.7754
v  -7.8740 2426.2854 2420.3987
v  -7.8740 2427.6282 2443.8975
v  -7.8740 2431.1819 2506.0881
v  -7.8740 2432.5493 2530.0195
v  -7.8740 2436.0757 2591.7307
v  -7.8740 2437.4707 2616.1416
v  -7.8740 2440.9666 2677.3188
v  -7.8740 2442.3918 2702.2637
v  -7.8740 2445.8535 2762.8435
v  -7.8740 2462.7668 2858.6572
v  -7.8740 2458.6238 2772.5352
v  -7.8740 2508.1643 2702.2637
v  -7.8740 2454.4893 2686.4131
v  -7.8740 2507.3875 2616.1416
v  -7.8740 2450.3630 2600.2910
v  -7.8740 2506.6028 2530.0195
v  -7.8740 2446.2444 2514.1689
v  -7.8740 2505.8105 2443.8975
v  -7.8740 2442.1323 2428.0469
v  -7.8740 2505.0117 2357.7754
v  -7.8740 2438.0266 2341.9248
v  -7.8740 2504.2065 2271.6536
v  -7.8740 2433.9268 2255.8030
v  -7.8740 2503.3958 2185.5315
v  -7.8740 2429.8320 2169.6809
v  -7.8740 2502.5798 2099.4094
v  -7.8740 2425.7424 2083.5588
v  -7.8740 2500.9336 1927.1653
v  -7.8740 2417.5764 1911.3147
v  -7.8740 2500.1040 1841.0432
v  7.8740 2362.2048 1476.3779
v  -7.8740 2362.2048 1476.3779
v  7.8740 2519.5825 2800.1707
v  7.8740 2519.5825 2858.6572
v  7.8740 2462.7668 2858.6572
v  7.8740 2454.4893 2686.4131
v  7.8740 2519.5825 2626.4590
v  7.8740 2458.6238 2772.5352
v  7.8740 2519.5825 2713.2698
v  7.8740 2519.5825 2772.5352
v  7.8740 2519.5825 2686.4131
v  7.8740 2436.0757 2591.7307
v  7.8740 2506.6028 2530.0195
v  7.8740 2432.5493 2530.0195
v  7.8740 2519.5825 2453.0537
v  7.8740 2519.5825 2514.1689
v  7.8740 2446.2444 2514.1689
v  7.8740 2442.1323 2428.0469
v  7.8740 2519.5825 2428.0469
v  7.8740 2519.5825 2366.4390
v  7.8740 2438.0266 2341.9248
v  7.8740 2519.5825 2341.9248
v  7.8740 2519.5825 2279.8716
v  7.8740 2426.2854 2420.3987
v  7.8740 2422.7068 2357.7754
v  7.8740 2505.0117 2357.7754
v  7.8740 2429.8320 2169.6809
v  7.8740 2519.5825 2106.8555
v  7.8740 2519.5825 2169.6809
v  7.8740 2425.7424 2083.5588
v  7.8740 2519.5825 2083.5588
v  7.8740 2519.5825 2020.3972
v  7.8740 2437.4707 2616.1416
v  7.8740 2507.3875 2616.1416
v  7.8740 2445.8535 2762.8435
v  7.8740 2442.3918 2702.2637
v  7.8740 2508.1643 2702.2637
v  7.8740 2412.8643 2185.5315
v  7.8740 2503.3958 2185.5315
v  7.8740 2519.5825 1490.7695
v  7.8740 2397.8914 1566.8267
v  7.8740 2519.5825 1566.8267
v  7.8740 2519.5825 1847.5608
v  7.8740 2519.5825 1911.3147
v  7.8740 2519.5825 2193.3455
v  7.8740 2519.5825 2255.8030
v  7.8740 2519.5825 2539.7241
v  7.8740 2519.5825 2600.2910
v  7.8740 2440.9666 2677.3188
v  7.8740 2431.1819 2506.0881
v  7.8740 2427.6282 2443.8975
v  7.8740 2421.3865 2334.6687
v  7.8740 2417.7856 2271.6536
v  7.8740 2416.4856 2248.9036
v  7.8740 2411.5830 2163.1072
v  7.8740 2407.9431 2099.4094
v  7.8740 2401.7732 1991.4358
v  7.8740 2398.1006 1927.1653
v  7.8740 2396.8665 1905.5667
v  7.8740 2393.1794 1841.0432
v  7.8740 2405.3557 1652.9487
v  7.8740 2500.1040 1841.0432
v  7.8740 2417.5764 1911.3147
v  7.8740 2500.9336 1927.1653
v  7.8740 2502.5798 2099.4094
v  7.8740 2433.9268 2255.8030
v  7.8740 2504.2065 2271.6536
v  7.8740 2505.8105 2443.8975
v  7.8740 2450.3630 2600.2910
v  -125.9842 2519.5825 1652.9487
v  -125.9842 2519.5825 1588.4658
v  -125.9842 2519.5825 1825.1926
v  -125.9842 2519.5825 1761.1768
v  -125.9842 2409.4260 1739.0708
v  -125.9842 2519.5825 1674.8125
v  -125.9842 2519.5825 1739.0708
v  -125.9842 2413.4993 1825.1926
v  -110.2362 2362.2048 1574.8032
v  -125.9842 2362.2048 1574.8032
v  -125.9842 2448.3630 2944.7793
v  -125.9842 2370.0789 1574.8032
v  -125.9842 2519.5825 2887.1792
v  -125.9842 2466.9197 2944.7793
v  -125.9842 2370.0789 1476.3779
v  -125.9842 2378.0859 1476.3779
v  -125.9842 2527.5591 1476.3779
v  -125.9842 2452.2344 2874.5078
v  -125.9842 2455.6143 2933.6543
v  -125.9842 2447.3132 2788.3857
v  -125.9842 2508.9324 2788.3857
v  -125.9842 2519.5825 2944.7793
v  -125.9842 2450.7366 2848.2932
v  -125.9842 2509.6909 2874.5078
v  -125.9842 2421.6575 1997.4368
v  -125.9842 2519.5825 1997.4368
v  -125.9842 2519.5825 1933.9668
v  -125.9842 2539.3701 1476.3779
v  -110.2362 2539.3701 1476.3779
v  -125.9842 2403.0217 2013.2874
v  -125.9842 2501.7588 2013.2874
v  -125.9842 2406.6787 2077.2834
v  -125.9842 2378.0859 1560.3564
v  -125.9842 2499.6399 1484.3848
v  -125.9842 2378.0859 1484.3848
v  -125.9842 2388.2581 1754.9214
v  -125.9842 2391.9585 1819.6785
v  -125.9842 2378.4155 1582.6772
v  -125.9842 2497.5935 1582.6772
v  -125.9842 2382.1399 1647.8525
v  -125.9842 2383.3369 1668.7993
v  -125.9842 2387.0496 1733.7729
v  -125.9842 2498.4336 1668.7993
v  -125.9842 2499.2705 1754.9214
v  -125.9842 2527.5591 2944.7793
v  -125.9842 2519.5825 2858.6572
v  -125.9842 2519.5825 2800.1707
v  -125.9842 2519.5825 2772.5352
v  -125.9842 2519.5825 2713.2698
v  -125.9842 2519.5825 2686.4131
v  -125.9842 2519.5825 2626.4590
v  -125.9842 2519.5825 2600.2910
v  -125.9842 2519.5825 2539.7241
v  -125.9842 2519.5825 2514.1689
v  -125.9842 2519.5825 2453.0537
v  -125.9842 2519.5825 2428.0469
v  -125.9842 2519.5825 2366.4390
v  -125.9842 2519.5825 2341.9248
v  -125.9842 2519.5825 2279.8716
v  -125.9842 2519.5825 2255.8030
v  -125.9842 2519.5825 2193.3455
v  -125.9842 2519.5825 2169.6809
v  -125.9842 2519.5825 2106.8555
v  -125.9842 2519.5825 2083.5588
v  -125.9842 2519.5825 2020.3972
v  -125.9842 2519.5825 1911.3147
v  -125.9842 2519.5825 1847.5608
v  -125.9842 2519.5825 1566.8267
v  -125.9842 2519.5825 1490.7695
v  -125.9842 2397.8914 1566.8267
v  -125.9842 2405.3557 1652.9487
v  -125.9842 2393.1794 1841.0432
v  -125.9842 2396.8665 1905.5667
v  -125.9842 2398.1006 1927.1653
v  -125.9842 2401.7732 1991.4358
v  -125.9842 2407.9431 2099.4094
v  -125.9842 2411.5830 2163.1072
v  -125.9842 2412.8643 2185.5315
v  -125.9842 2416.4856 2248.9036
v  -125.9842 2417.7856 2271.6536
v  -125.9842 2421.3865 2334.6687
v  -125.9842 2422.7068 2357.7754
v  -125.9842 2426.2854 2420.3987
v  -125.9842 2427.6282 2443.8975
v  -125.9842 2431.1819 2506.0881
v  -125.9842 2432.5493 2530.0195
v  -125.9842 2436.0757 2591.7307
v  -125.9842 2437.4707 2616.1416
v  -125.9842 2440.9666 2677.3188
v  -125.9842 2442.3918 2702.2637
v  -125.9842 2445.8535 2762.8435
v  -125.9842 2462.7668 2858.6572
v  -125.9842 2458.6238 2772.5352
v  -125.9842 2508.1643 2702.2637
v  -125.9842 2454.4893 2686.4131
v  -125.9842 2507.3875 2616.1416
v  -125.9842 2450.3630 2600.2910
v  -125.9842 2506.6028 2530.0195
v  -125.9842 2446.2444 2514.1689
v  -125.9842 2505.8105 2443.8975
v  -125.9842 2442.1323 2428.0469
v  -125.9842 2505.0117 2357.7754
v  -125.9842 2438.0266 2341.9248
v  -125.9842 2504.2065 2271.6536
v  -125.9842 2433.9268 2255.8030
v  -125.9842 2503.3958 2185.5315
v  -125.9842 2429.8320 2169.6809
v  -125.9842 2502.5798 2099.4094
v  -125.9842 2425.7424 2083.5588
v  -125.9842 2500.9336 1927.1653
v  -125.9842 2417.5764 1911.3147
v  -125.9842 2500.1040 1841.0432
v  -110.2362 2362.2048 1476.3779
v  -125.9842 2362.2048 1476.3779
v  228.3465 2519.5825 1652.9487
v  228.3465 2519.5825 1588.4658
v  244.0945 2519.5825 1588.4658
v  244.0945 2519.5825 1652.9487
v  228.3465 2519.5825 1825.1926
v  228.3465 2519.5825 1761.1768
v  244.0945 2519.5825 1761.1768
v  244.0945 2519.5825 1825.1926
v  228.3465 2409.4260 1739.0708
v  244.0945 2409.4260 1739.0708
v  244.0945 2519.5825 1674.8125
v  228.3465 2519.5825 1674.8125
v  228.3465 2519.5825 1739.0708
v  244.0945 2519.5825 1739.0708
v  244.0945 2413.4993 1825.1926
v  228.3465 2413.4993 1825.1926
v  244.0945 2362.2048 1574.8032
v  244.0945 2370.0789 1574.8032
v  228.3465 2362.2048 1574.8032
v  228.3465 2370.0789 1574.8032
v  228.3465 2519.5825 2887.1792
v  244.0945 2466.9197 2944.7793
v  244.0945 2519.5825 2887.1792
v  244.0945 2370.0789 1476.3779
v  228.3465 2370.0789 1476.3779
v  228.3465 2378.0859 1476.3779
v  244.0945 2527.5591 1476.3779
v  228.3465 2527.5591 1476.3779
v  228.3465 2452.2344 2874.5078
v  228.3465 2455.6143 2933.6543
v  244.0945 2455.6143 2933.6543
v  244.0945 2452.2344 2874.5078
v  228.3465 2447.3132 2788.3857
v  244.0945 2447.3132 2788.3857
v  244.0945 2508.9324 2788.3857
v  228.3465 2508.9324 2788.3857
v  244.0945 2519.5825 2944.7793
v  228.3465 2450.7366 2848.2932
v  244.0945 2450.7366 2848.2932
v  228.3465 2509.6909 2874.5078
v  244.0945 2509.6909 2874.5078
v  244.0945 2421.6575 1997.4368
v  228.3465 2421.6575 1997.4368
v  228.3465 2519.5825 1997.4368
v  244.0945 2519.5825 1997.4368
v  228.3465 2519.5825 1933.9668
v  244.0945 2519.5825 1933.9668
v  228.3465 2403.0217 2013.2874
v  244.0945 2403.0217 2013.2874
v  244.0945 2501.7588 2013.2874
v  228.3465 2501.7588 2013.2874
v  244.0945 2406.6787 2077.2834
v  228.3465 2406.6787 2077.2834
v  244.0945 2378.0859 1560.3564
v  228.3465 2378.0859 1560.3564
v  228.3465 2499.6399 1484.3848
v  244.0945 2499.6399 1484.3848
v  228.3465 2378.0859 1484.3848
v  244.0945 2378.0859 1484.3848
v  228.3465 2388.2581 1754.9214
v  228.3465 2391.9585 1819.6785
v  244.0945 2391.9585 1819.6785
v  244.0945 2388.2581 1754.9214
v  228.3465 2378.4155 1582.6772
v  244.0945 2378.4155 1582.6772
v  244.0945 2497.5935 1582.6772
v  228.3465 2497.5935 1582.6772
v  244.0945 2382.1399 1647.8525
v  228.3465 2382.1399 1647.8525
v  228.3465 2383.3369 1668.7993
v  228.3465 2387.0496 1733.7729
v  244.0945 2387.0496 1733.7729
v  244.0945 2383.3369 1668.7993
v  244.0945 2498.4336 1668.7993
v  228.3465 2498.4336 1668.7993
v  244.0945 2499.2705 1754.9214
v  228.3465 2499.2705 1754.9214
v  228.3465 2539.3701 1476.3779
v  244.0945 2539.3701 1476.3779
v  228.3465 2519.5825 2858.6572
v  228.3465 2519.5825 2800.1707
v  228.3465 2519.5825 2772.5352
v  228.3465 2519.5825 2713.2698
v  228.3465 2519.5825 2686.4131
v  228.3465 2519.5825 2626.4590
v  228.3465 2519.5825 2600.2910
v  228.3465 2519.5825 2539.7241
v  228.3465 2519.5825 2514.1689
v  228.3465 2519.5825 2453.0537
v  228.3465 2519.5825 2428.0469
v  228.3465 2519.5825 2366.4390
v  228.3465 2519.5825 2341.9248
v  228.3465 2519.5825 2279.8716
v  228.3465 2519.5825 2255.8030
v  228.3465 2519.5825 2193.3455
v  228.3465 2519.5825 2169.6809
v  228.3465 2519.5825 2106.8555
v  228.3465 2519.5825 2083.5588
v  228.3465 2519.5825 2020.3972
v  228.3465 2519.5825 1911.3147
v  228.3465 2519.5825 1847.5608
v  228.3465 2519.5825 1566.8267
v  228.3465 2519.5825 1490.7695
v  228.3465 2397.8914 1566.8267
v  228.3465 2405.3557 1652.9487
v  228.3465 2393.1794 1841.0432
v  228.3465 2396.8665 1905.5667
v  228.3465 2398.1006 1927.1653
v  228.3465 2401.7732 1991.4358
v  228.3465 2407.9431 2099.4094
v  228.3465 2411.5830 2163.1072
v  228.3465 2412.8643 2185.5315
v  228.3465 2416.4856 2248.9036
v  228.3465 2417.7856 2271.6536
v  228.3465 2421.3865 2334.6687
v  228.3465 2422.7068 2357.7754
v  228.3465 2426.2854 2420.3987
v  228.3465 2427.6282 2443.8975
v  228.3465 2431.1819 2506.0881
v  228.3465 2432.5493 2530.0195
v  228.3465 2436.0757 2591.7307
v  228.3465 2437.4707 2616.1416
v  228.3465 2440.9666 2677.3188
v  228.3465 2442.3918 2702.2637
v  228.3465 2445.8535 2762.8435
v  228.3465 2462.7668 2858.6572
v  228.3465 2458.6238 2772.5352
v  228.3465 2508.1643 2702.2637
v  228.3465 2454.4893 2686.4131
v  228.3465 2507.3875 2616.1416
v  228.3465 2450.3630 2600.2910
v  228.3465 2506.6028 2530.0195
v  228.3465 2446.2444 2514.1689
v  228.3465 2505.8105 2443.8975
v  228.3465 2442.1323 2428.0469
v  228.3465 2505.0117 2357.7754
v  228.3465 2438.0266 2341.9248
v  228.3465 2504.2065 2271.6536
v  228.3465 2433.9268 2255.8030
v  228.3465 2503.3958 2185.5315
v  228.3465 2429.8320 2169.6809
v  228.3465 2502.5798 2099.4094
v  228.3465 2425.7424 2083.5588
v  228.3465 2500.9336 1927.1653
v  228.3465 2417.5764 1911.3147
v  228.3465 2500.1040 1841.0432
v  244.0945 2362.2048 1476.3779
v  228.3465 2362.2048 1476.3779
v  244.0945 2519.5825 2800.1707
v  244.0945 2519.5825 2858.6572
v  244.0945 2462.7668 2858.6572
v  244.0945 2454.4893 2686.4131
v  244.0945 2519.5825 2626.4590
v  244.0945 2458.6238 2772.5352
v  244.0945 2519.5825 2713.2698
v  244.0945 2519.5825 2772.5352
v  244.0945 2519.5825 2686.4131
v  244.0945 2436.0757 2591.7307
v  244.0945 2506.6028 2530.0195
v  244.0945 2432.5493 2530.0195
v  244.0945 2519.5825 2453.0537
v  244.0945 2519.5825 2514.1689
v  244.0945 2446.2444 2514.1689
v  244.0945 2442.1323 2428.0469
v  244.0945 2519.5825 2428.0469
v  244.0945 2519.5825 2366.4390
v  244.0945 2438.0266 2341.9248
v  244.0945 2519.5825 2341.9248
v  244.0945 2519.5825 2279.8716
v  244.0945 2426.2854 2420.3987
v  244.0945 2422.7068 2357.7754
v  244.0945 2505.0117 2357.7754
v  244.0945 2429.8320 2169.6809
v  244.0945 2519.5825 2106.8555
v  244.0945 2519.5825 2169.6809
v  244.0945 2425.7424 2083.5588
v  244.0945 2519.5825 2083.5588
v  244.0945 2519.5825 2020.3972
v  244.0945 2437.4707 2616.1416
v  244.0945 2507.3875 2616.1416
v  244.0945 2445.8535 2762.8435
v  244.0945 2442.3918 2702.2637
v  244.0945 2508.1643 2702.2637
v  244.0945 2412.8643 2185.5315
v  244.0945 2503.3958 2185.5315
v  244.0945 2519.5825 1490.7695
v  244.0945 2397.8914 1566.8267
v  244.0945 2519.5825 1566.8267
v  244.0945 2519.5825 1847.5608
v  244.0945 2519.5825 1911.3147
v  244.0945 2519.5825 2193.3455
v  244.0945 2519.5825 2255.8030
v  244.0945 2519.5825 2539.7241
v  244.0945 2519.5825 2600.2910
v  244.0945 2440.9666 2677.3188
v  244.0945 2431.1819 2506.0881
v  244.0945 2427.6282 2443.8975
v  244.0945 2421.3865 2334.6687
v  244.0945 2417.7856 2271.6536
v  244.0945 2416.4856 2248.9036
v  244.0945 2411.5830 2163.1072
v  244.0945 2407.9431 2099.4094
v  244.0945 2401.7732 1991.4358
v  244.0945 2398.1006 1927.1653
v  244.0945 2396.8665 1905.5667
v  244.0945 2393.1794 1841.0432
v  244.0945 2405.3557 1652.9487
v  244.0945 2500.1040 1841.0432
v  244.0945 2417.5764 1911.3147
v  244.0945 2500.9336 1927.1653
v  244.0945 2502.5798 2099.4094
v  244.0945 2433.9268 2255.8030
v  244.0945 2504.2065 2271.6536
v  244.0945 2505.8105 2443.8975
v  244.0945 2450.3630 2600.2910
v  -204.8154 2519.5557 7.9766
v  -204.8154 2519.5557 -0.0000
v  -133.9877 2519.5557 -0.0000
v  -133.9877 2519.5557 7.9766
v  -133.9877 2465.0728 7.9766
v  -133.9877 2465.0728 -0.0000
v  -133.9771 2465.0513 2952.7559
v  -133.9771 2519.5662 2952.7559
v  -133.9771 2519.5662 2944.7793
v  -133.9771 2465.0513 2944.7793
v  -204.8464 2519.5662 2944.7793
v  -204.8464 2519.5662 2952.7559
v  125.9843 2362.2048 1476.3779
v  125.9843 2370.0789 1476.3779
v  125.9843 2370.0789 1377.9526
v  125.9843 2362.2048 1377.9526
v  110.2362 2362.2048 1476.3779
v  110.2362 2362.2048 1377.9526
v  110.2362 2370.0789 1377.9526
v  110.2362 2370.0789 1476.3779
v  110.2362 2519.5825 152.5850
v  110.2362 2519.5825 94.0986
v  125.9843 2519.5825 94.0986
v  125.9843 2519.5825 152.5850
v  110.2362 2462.7668 94.0986
v  125.9843 2462.7668 94.0986
v  125.9843 2454.4893 266.3428
v  110.2362 2454.4893 266.3428
v  110.2362 2519.5825 326.2969
v  125.9843 2519.5825 326.2969
v  125.9843 2458.6238 180.2207
v  110.2362 2458.6238 180.2207
v  110.2362 2519.5825 239.4858
v  125.9843 2519.5825 239.4858
v  110.2362 2519.5825 180.2207
v  125.9843 2519.5825 180.2207
v  110.2362 2519.5825 266.3428
v  125.9843 2519.5825 266.3428
v  110.2362 2436.0757 361.0249
v  125.9843 2436.0757 361.0249
v  125.9843 2506.6028 422.7363
v  110.2362 2506.6028 422.7363
v  110.2362 2432.5493 422.7363
v  125.9843 2432.5493 422.7363
v  110.2362 2519.5825 499.7017
v  110.2362 2519.5825 438.5869
v  125.9843 2519.5825 438.5869
v  125.9843 2519.5825 499.7017
v  110.2362 2446.2444 438.5869
v  125.9843 2446.2444 438.5869
v  15.6482 2456.5930 2944.7793
v  15.6482 2456.5930 2952.7559
v  87.3792 2456.5930 2952.7559
v  87.3792 2456.5930 2944.7793
v  -102.7688 2318.8977 1444.1455
v  -107.6094 2318.8977 1471.8423
v  -105.1165 2318.8977 1499.8481
v  -95.4602 2318.8977 1526.2549
v  -90.9247 2318.8977 1418.6455
v  -79.2984 2318.8977 1549.2622
v  -72.8843 2318.8977 1397.0796
v  -57.7325 2318.8977 1567.3027
v  -49.8769 2318.8977 1380.9175
v  -32.2322 2318.8977 1579.1465
v  -23.4705 2318.8977 1371.2612
v  -4.5354 2318.8977 1583.9873
v  4.5354 2318.8977 1368.7686
v  23.4705 2318.8977 1581.4946
v  32.2323 2318.8977 1373.6089
v  49.8769 2318.8977 1571.8379
v  57.7325 2318.8977 1385.4531
v  72.8843 2318.8977 1555.6763
v  79.2984 2318.8977 1403.4937
v  90.9247 2318.8977 1534.1104
v  95.4602 2318.8977 1426.5010
v  102.7688 2318.8977 1508.6104
v  105.1165 2318.8977 1452.9072
v  107.6094 2318.8977 1480.9131
v  15.6482 2511.7708 2952.7559
v  15.6482 2511.7708 2944.7793
v  110.2362 2519.5825 1652.9487
v  110.2362 2519.5825 1588.4658
v  125.9843 2519.5825 1588.4658
v  125.9843 2519.5825 1652.9487
v  110.2362 2519.5825 1825.1926
v  110.2362 2519.5825 1761.1768
v  125.9843 2519.5825 1761.1768
v  125.9843 2519.5825 1825.1926
v  110.2362 2409.4260 1739.0708
v  125.9843 2409.4260 1739.0708
v  125.9843 2519.5825 1674.8125
v  110.2362 2519.5825 1674.8125
v  110.2362 2519.5825 1739.0708
v  125.9843 2519.5825 1739.0708
v  125.9843 2413.4993 1825.1926
v  110.2362 2413.4993 1825.1926
v  125.9843 2362.2048 1574.8032
v  125.9843 2370.0789 1574.8032
v  110.2362 2362.2048 1574.8032
v  110.2362 2448.3630 2944.7793
v  110.2362 2370.0789 1574.8032
v  110.2362 2519.5825 2887.1792
v  110.2362 2466.9197 2944.7793
v  125.9843 2519.5825 2887.1792
v  110.2362 2378.0859 1476.3779
v  125.9843 2378.0859 1476.3779
v  110.2362 2527.5591 1476.3779
v  125.9843 2527.5591 1476.3779
v  110.2362 2452.2344 2874.5078
v  110.2362 2455.6143 2933.6543
v  125.9843 2455.6143 2933.6543
v  125.9843 2452.2344 2874.5078
v  110.2362 2447.3132 2788.3857
v  125.9843 2447.3132 2788.3857
v  125.9843 2508.9324 2788.3857
v  110.2362 2508.9324 2788.3857
v  110.2362 2519.5825 2944.7793
v  110.2362 2450.7366 2848.2932
v  125.9843 2450.7366 2848.2932
v  110.2362 2509.6909 2874.5078
v  125.9843 2509.6909 2874.5078
v  125.9843 2421.6575 1997.4368
v  110.2362 2421.6575 1997.4368
v  110.2362 2519.5825 1997.4368
v  125.9843 2519.5825 1997.4368
v  110.2362 2519.5825 1933.9668
v  125.9843 2519.5825 1933.9668
v  110.2362 2539.3701 1476.3779
v  125.9843 2539.3701 1476.3779
v  110.2362 2403.0217 2013.2874
v  125.9843 2403.0217 2013.2874
v  125.9843 2501.7588 2013.2874
v  110.2362 2501.7588 2013.2874
v  125.9843 2406.6787 2077.2834
v  110.2362 2406.6787 2077.2834
v  125.9843 2378.0859 1560.3564
v  110.2362 2378.0859 1560.3564
v  110.2362 2499.6399 1484.3848
v  125.9843 2499.6399 1484.3848
v  110.2362 2378.0859 1484.3848
v  125.9843 2378.0859 1484.3848
v  110.2362 2388.2581 1754.9214
v  110.2362 2391.9585 1819.6785
v  125.9843 2391.9585 1819.6785
v  125.9843 2388.2581 1754.9214
v  110.2362 2378.4155 1582.6772
v  125.9843 2378.4155 1582.6772
v  125.9843 2497.5935 1582.6772
v  110.2362 2497.5935 1582.6772
v  125.9843 2382.1399 1647.8525
v  110.2362 2382.1399 1647.8525
v  110.2362 2383.3369 1668.7993
v  110.2362 2387.0496 1733.7729
v  125.9843 2387.0496 1733.7729
v  125.9843 2383.3369 1668.7993
v  125.9843 2498.4336 1668.7993
v  110.2362 2498.4336 1668.7993
v  125.9843 2499.2705 1754.9214
v  110.2362 2499.2705 1754.9214
v  110.2362 2527.5591 2944.7793
v  110.2362 2519.5825 2858.6572
v  110.2362 2519.5825 2800.1707
v  110.2362 2519.5825 2772.5352
v  110.2362 2519.5825 2713.2698
v  110.2362 2519.5825 2686.4131
v  110.2362 2519.5825 2626.4590
v  110.2362 2519.5825 2600.2910
v  110.2362 2519.5825 2539.7241
v  110.2362 2519.5825 2514.1689
v  110.2362 2519.5825 2453.0537
v  110.2362 2519.5825 2428.0469
v  110.2362 2519.5825 2366.4390
v  110.2362 2519.5825 2341.9248
v  110.2362 2519.5825 2279.8716
v  110.2362 2519.5825 2255.8030
v  110.2362 2519.5825 2193.3455
v  110.2362 2519.5825 2169.6809
v  110.2362 2519.5825 2106.8555
v  110.2362 2519.5825 2083.5588
v  110.2362 2519.5825 2020.3972
v  110.2362 2519.5825 1911.3147
v  110.2362 2519.5825 1847.5608
v  110.2362 2519.5825 1566.8267
v  110.2362 2519.5825 1490.7695
v  110.2362 2397.8914 1566.8267
v  110.2362 2405.3557 1652.9487
v  110.2362 2393.1794 1841.0432
v  110.2362 2396.8665 1905.5667
v  110.2362 2398.1006 1927.1653
v  110.2362 2401.7732 1991.4358
v  110.2362 2407.9431 2099.4094
v  110.2362 2411.5830 2163.1072
v  110.2362 2412.8643 2185.5315
v  110.2362 2416.4856 2248.9036
v  110.2362 2417.7856 2271.6536
v  110.2362 2421.3865 2334.6687
v  110.2362 2422.7068 2357.7754
v  110.2362 2426.2854 2420.3987
v  110.2362 2427.6282 2443.8975
v  110.2362 2431.1819 2506.0881
v  110.2362 2432.5493 2530.0195
v  110.2362 2436.0757 2591.7307
v  110.2362 2437.4707 2616.1416
v  110.2362 2440.9666 2677.3188
v  110.2362 2442.3918 2702.2637
v  110.2362 2445.8535 2762.8435
v  110.2362 2462.7668 2858.6572
v  110.2362 2458.6238 2772.5352
v  110.2362 2508.1643 2702.2637
v  110.2362 2454.4893 2686.4131
v  110.2362 2507.3875 2616.1416
v  110.2362 2450.3630 2600.2910
v  110.2362 2506.6028 2530.0195
v  110.2362 2446.2444 2514.1689
v  110.2362 2505.8105 2443.8975
v  110.2362 2442.1323 2428.0469
v  110.2362 2505.0117 2357.7754
v  110.2362 2438.0266 2341.9248
v  110.2362 2504.2065 2271.6536
v  110.2362 2433.9268 2255.8030
v  110.2362 2503.3958 2185.5315
v  110.2362 2429.8320 2169.6809
v  110.2362 2502.5798 2099.4094
v  110.2362 2425.7424 2083.5588
v  110.2362 2500.9336 1927.1653
v  110.2362 2417.5764 1911.3147
v  110.2362 2500.1040 1841.0432
v  125.9843 2519.5825 2800.1707
v  125.9843 2519.5825 2858.6572
v  125.9843 2462.7668 2858.6572
v  125.9843 2454.4893 2686.4131
v  125.9843 2519.5825 2626.4590
v  125.9843 2458.6238 2772.5352
v  125.9843 2519.5825 2713.2698
v  125.9843 2519.5825 2772.5352
v  125.9843 2519.5825 2686.4131
v  125.9843 2436.0757 2591.7307
v  125.9843 2506.6028 2530.0195
v  125.9843 2432.5493 2530.0195
v  125.9843 2519.5825 2453.0537
v  125.9843 2519.5825 2514.1689
v  125.9843 2446.2444 2514.1689
v  125.9843 2442.1323 2428.0469
v  125.9843 2519.5825 2428.0469
v  125.9843 2519.5825 2366.4390
v  125.9843 2438.0266 2341.9248
v  125.9843 2519.5825 2341.9248
v  125.9843 2519.5825 2279.8716
v  125.9843 2426.2854 2420.3987
v  125.9843 2422.7068 2357.7754
v  125.9843 2505.0117 2357.7754
v  125.9843 2429.8320 2169.6809
v  125.9843 2519.5825 2106.8555
v  125.9843 2519.5825 2169.6809
v  125.9843 2425.7424 2083.5588
v  125.9843 2519.5825 2083.5588
v  125.9843 2519.5825 2020.3972
v  125.9843 2437.4707 2616.1416
v  125.9843 2507.3875 2616.1416
v  125.9843 2445.8535 2762.8435
v  125.9843 2442.3918 2702.2637
v  125.9843 2508.1643 2702.2637
v  125.9843 2412.8643 2185.5315
v  125.9843 2503.3958 2185.5315
v  125.9843 2519.5825 1490.7695
v  125.9843 2397.8914 1566.8267
v  125.9843 2519.5825 1566.8267
v  125.9843 2519.5825 1847.5608
v  125.9843 2519.5825 1911.3147
v  125.9843 2519.5825 2193.3455
v  125.9843 2519.5825 2255.8030
v  125.9843 2519.5825 2539.7241
v  125.9843 2519.5825 2600.2910
v  125.9843 2440.9666 2677.3188
v  125.9843 2431.1819 2506.0881
v  125.9843 2427.6282 2443.8975
v  125.9843 2421.3865 2334.6687
v  125.9843 2417.7856 2271.6536
v  125.9843 2416.4856 2248.9036
v  125.9843 2411.5830 2163.1072
v  125.9843 2407.9431 2099.4094
v  125.9843 2401.7732 1991.4358
v  125.9843 2398.1006 1927.1653
v  125.9843 2396.8665 1905.5667
v  125.9843 2393.1794 1841.0432
v  125.9843 2405.3557 1652.9487
v  125.9843 2500.1040 1841.0432
v  125.9843 2417.5764 1911.3147
v  125.9843 2500.9336 1927.1653
v  125.9843 2502.5798 2099.4094
v  125.9843 2433.9268 2255.8030
v  125.9843 2504.2065 2271.6536
v  125.9843 2505.8105 2443.8975
v  125.9843 2450.3630 2600.2910
v  -228.3465 2398.1006 1025.5903
v  -244.0945 2398.1006 1025.5903
v  -244.0945 2500.9336 1025.5903
v  -228.3465 2500.9336 1025.5903
v  -244.0945 2401.7732 961.3198
v  -228.3465 2401.7732 961.3198
v  -228.3465 2527.5591 7.9766
v  -228.3465 2527.5591 -0.0000
v  -244.0945 2527.5591 -0.0000
v  -244.0945 2370.0789 1377.9526
v  -228.3465 2370.0789 1377.9526
v  -228.3465 2448.8188 -0.0000
v  -244.0945 2448.8188 -0.0000
v  -228.3465 2393.1794 1111.7124
v  -244.0945 2393.1794 1111.7124
v  -244.0945 2500.1040 1111.7124
v  -228.3465 2500.1040 1111.7124
v  -244.0945 2519.5825 1461.9863
v  -244.0945 2519.5825 1385.9292
v  -228.3465 2519.5825 1385.9292
v  -228.3465 2519.5825 1461.9863
v  -244.0945 2396.8665 1047.1890
v  -228.3465 2396.8665 1047.1890
v  -244.0945 2405.3557 1299.8071
v  -228.3465 2405.3557 1299.8071
v  -228.3465 2519.5825 1299.8071
v  -244.0945 2519.5825 1299.8071
v  -244.0945 2397.8914 1385.9292
v  -228.3465 2397.8914 1385.9292
v  -244.0945 2409.4260 1213.6851
v  -228.3465 2409.4260 1213.6851
v  -228.3465 2519.5825 1213.6851
v  -244.0945 2519.5825 1213.6851
v  -244.0945 2519.5825 1364.2900
v  -228.3465 2519.5825 1364.2900
v  -244.0945 2519.5825 1191.5786
v  -244.0945 2519.5825 1127.5630
v  -228.3465 2519.5825 1127.5630
v  -228.3465 2519.5825 1191.5786
v  -244.0945 2519.5825 1277.9434
v  -228.3465 2519.5825 1277.9434
v  -244.0945 2413.4993 1127.5630
v  -228.3465 2413.4993 1127.5630
v  -228.3465 2440.9448 -0.0000
v  -244.0945 2440.9448 -0.0000
v  -228.3465 2362.2048 1377.9526
v  -228.3465 2448.3630 7.9766
v  -244.0945 2362.2048 1377.9526
v  -244.0945 2466.9197 7.9766
v  -244.0945 2519.5825 65.5767
v  -228.3465 2519.5825 65.5767
v  -228.3465 2466.9197 7.9766
v  -244.0945 2455.6143 19.1016
v  -244.0945 2452.2344 78.2480
v  -228.3465 2452.2344 78.2480
v  -228.3465 2455.6143 19.1016
v  -228.3465 2447.3132 164.3701
v  -244.0945 2447.3132 164.3701
v  -244.0945 2508.9324 164.3701
v  -228.3465 2508.9324 164.3701
v  -228.3465 2519.5825 7.9766
v  -244.0945 2519.5825 7.9766
v  -244.0945 2450.7366 104.4624
v  -228.3465 2450.7366 104.4624
v  -244.0945 2509.6909 78.2480
v  -228.3465 2509.6909 78.2480
v  -244.0945 2421.6575 955.3188
v  -228.3465 2421.6575 955.3188
v  -228.3465 2519.5825 955.3188
v  -244.0945 2519.5825 955.3188
v  -244.0945 2519.5825 1018.7891
v  -228.3465 2519.5825 1018.7891
v  110.2362 2519.5825 1364.2900
v  110.2362 2519.5825 1299.8071
v  125.9843 2519.5825 1299.8071
v  125.9843 2519.5825 1364.2900
v  110.2362 2519.5825 1191.5786
v  110.2362 2519.5825 1127.5630
v  125.9843 2519.5825 1127.5630
v  125.9843 2519.5825 1191.5786
v  125.9843 2409.4260 1213.6851
v  110.2362 2409.4260 1213.6851
v  110.2362 2519.5825 1277.9434
v  125.9843 2519.5825 1277.9434
v  110.2362 2519.5825 1213.6851
v  125.9843 2519.5825 1213.6851
v  110.2362 2413.4993 1127.5630
v  125.9843 2413.4993 1127.5630
v  125.9843 2440.9448 -0.0000
v  110.2362 2440.9448 -0.0000
v  125.9843 2448.8188 -0.0000
v  125.9843 2448.3630 7.9766
v  110.2362 2519.5825 65.5767
v  125.9843 2519.5825 65.5767
v  125.9843 2466.9197 7.9766
v  110.2362 2455.6143 19.1016
v  110.2362 2452.2344 78.2480
v  125.9843 2452.2344 78.2480
v  125.9843 2455.6143 19.1016
v  125.9843 2447.3132 164.3701
v  110.2362 2447.3132 164.3701
v  110.2362 2508.9324 164.3701
v  125.9843 2508.9324 164.3701
v  125.9843 2519.5825 7.9766
v  110.2362 2450.7366 104.4624
v  125.9843 2450.7366 104.4624
v  110.2362 2509.6909 78.2480
v  125.9843 2509.6909 78.2480
v  110.2362 2421.6575 955.3188
v  125.9843 2421.6575 955.3188
v  125.9843 2519.5825 955.3188
v  110.2362 2519.5825 955.3188
v  110.2362 2519.5825 1018.7891
v  125.9843 2519.5825 1018.7891
v  110.2362 2539.3701 -0.0000
v  125.9843 2539.3701 -0.0000
v  125.9843 2403.0217 939.4683
v  110.2362 2403.0217 939.4683
v  110.2362 2501.7588 939.4683
v  125.9843 2501.7588 939.4683
v  110.2362 2406.6787 875.4722
v  125.9843 2406.6787 875.4722
v  110.2362 2378.0859 1392.3994
v  125.9843 2378.0859 1392.3994
v  125.9843 2499.6399 1468.3706
v  110.2362 2499.6399 1468.3706
v  110.2362 2378.0859 1468.3706
v  125.9843 2378.0859 1468.3706
v  110.2362 2391.9585 1133.0771
v  110.2362 2388.2581 1197.8345
v  125.9843 2388.2581 1197.8345
v  125.9843 2391.9585 1133.0771
v  125.9843 2378.4155 1370.0786
v  110.2362 2378.4155 1370.0786
v  110.2362 2497.5935 1370.0786
v  125.9843 2497.5935 1370.0786
v  110.2362 2382.1399 1304.9033
v  125.9843 2382.1399 1304.9033
v  110.2362 2387.0496 1218.9824
v  110.2362 2383.3369 1283.9565
v  125.9843 2383.3369 1283.9565
v  125.9843 2387.0496 1218.9824
v  110.2362 2498.4336 1283.9565
v  125.9843 2498.4336 1283.9565
v  110.2362 2499.2705 1197.8345
v  125.9843 2499.2705 1197.8345
v  125.9843 2527.5591 -0.0000
v  -87.3792 2456.5930 2952.7559
v  -87.3792 2456.5930 2944.7793
v  -15.6482 2511.7708 2944.7793
v  -15.6482 2511.7708 2952.7559
v  -15.6482 2456.5930 2952.7559
v  -15.6482 2456.5930 2944.7793
v  -105.1165 2279.5276 1499.8481
v  -107.6094 2279.5276 1471.8423
v  -115.9458 2279.5276 1582.9453
v  -84.4133 2279.5276 1609.3232
v  -95.4602 2279.5276 1526.2549
v  -79.2984 2279.5276 1549.2622
v  -47.1283 2279.5276 1626.6411
v  -57.7325 2279.5276 1567.3027
v  -32.2322 2279.5276 1579.1465
v  -6.6315 2279.5276 1633.7183
v  -4.5354 2279.5276 1583.9873
v  34.3173 2279.5276 1630.0737
v  23.4705 2279.5276 1581.4946
v  49.8769 2279.5276 1571.8379
v  72.9273 2279.5276 1615.9546
v  72.8843 2279.5276 1555.6763
v  90.9247 2279.5276 1534.1104
v  106.5675 2279.5276 1592.3237
v  102.7688 2279.5276 1508.6104
v  107.6094 2279.5276 1480.9131
v  132.9453 2279.5276 1560.7910
v  115.9458 2279.5276 1369.8105
v  139.5767 2279.5276 1403.4507
v  150.2630 2279.5276 1523.5063
v  153.6957 2279.5276 1442.0605
v  157.3406 2279.5276 1483.0093
v  -150.2630 2279.5276 1429.2495
v  -157.3406 2279.5276 1469.7466
v  -153.6957 2279.5276 1510.6953
v  -139.5767 2279.5276 1549.3052
v  -132.9452 2279.5276 1391.9644
v  -106.5675 2279.5276 1360.4321
v  -102.7688 2279.5276 1444.1455
v  -72.9273 2279.5276 1336.8013
v  -90.9247 2279.5276 1418.6455
v  -72.8843 2279.5276 1397.0796
v  -34.3172 2279.5276 1322.6821
v  -49.8769 2279.5276 1380.9175
v  -23.4705 2279.5276 1371.2612
v  6.6315 2279.5276 1319.0371
v  4.5354 2279.5276 1368.7686
v  32.2323 2279.5276 1373.6089
v  47.1283 2279.5276 1326.1147
v  57.7325 2279.5276 1385.4531
v  84.4133 2279.5276 1343.4326
v  79.2984 2279.5276 1403.4937
v  95.4602 2279.5276 1426.5010
v  105.1165 2279.5276 1452.9072
v  -102.2433 2519.5662 2952.7559
v  -102.2433 2465.0513 2952.7559
v  -102.2433 2465.0513 2944.7793
v  -102.2433 2519.5662 2944.7793
v  -31.3741 2519.5662 2944.7793
v  -31.3741 2519.5662 2952.7559
v  -220.5723 2511.7708 2952.7559
v  -220.5723 2511.7708 2944.7793
v  -148.8413 2456.5930 2944.7793
v  -148.8413 2456.5930 2952.7559
v  -220.5723 2456.5930 2952.7559
v  -220.5723 2456.5930 2944.7793
v  110.2362 2442.1323 524.7090
v  125.9843 2442.1323 524.7090
v  125.9843 2519.5825 524.7090
v  110.2362 2519.5825 524.7090
v  110.2362 2519.5825 586.3169
v  125.9843 2519.5825 586.3169
v  110.2362 2438.0266 610.8306
v  125.9843 2438.0266 610.8306
v  125.9843 2519.5825 610.8306
v  110.2362 2519.5825 610.8306
v  110.2362 2519.5825 672.8843
v  125.9843 2519.5825 672.8843
v  110.2362 2426.2854 532.3569
v  110.2362 2422.7068 594.9800
v  125.9843 2422.7068 594.9800
v  125.9843 2426.2854 532.3569
v  110.2362 2505.0117 594.9800
v  125.9843 2505.0117 594.9800
v  125.9843 2429.8320 783.0747
v  110.2362 2429.8320 783.0747
v  110.2362 2519.5825 845.9004
v  125.9843 2519.5825 845.9004
v  110.2362 2519.5825 783.0747
v  125.9843 2519.5825 783.0747
v  110.2362 2425.7424 869.1968
v  125.9843 2425.7424 869.1968
v  125.9843 2519.5825 869.1968
v  110.2362 2519.5825 869.1968
v  110.2362 2519.5825 932.3584
v  125.9843 2519.5825 932.3584
v  125.9843 2437.4707 336.6143
v  110.2362 2437.4707 336.6143
v  110.2362 2507.3875 336.6143
v  125.9843 2507.3875 336.6143
v  110.2362 2445.8535 189.9121
v  110.2362 2442.3918 250.4922
v  125.9843 2442.3918 250.4922
v  125.9843 2445.8535 189.9121
v  125.9843 2508.1643 250.4922
v  110.2362 2508.1643 250.4922
v  125.9843 2412.8643 767.2241
v  110.2362 2412.8643 767.2241
v  110.2362 2503.3958 767.2241
v  125.9843 2503.3958 767.2241
v  125.9843 2378.0859 1377.9526
v  125.9843 2519.5825 1461.9863
v  125.9843 2527.5591 7.9766
v  125.9843 2519.5825 1385.9292
v  125.9843 2397.8914 1385.9292
v  125.9843 2393.1794 1111.7124
v  125.9843 2396.8665 1047.1890
v  125.9843 2398.1006 1025.5903
v  125.9843 2401.7732 961.3198
v  125.9843 2407.9431 853.3462
v  125.9843 2411.5830 789.6484
v  125.9843 2416.4856 703.8521
v  125.9843 2417.7856 681.1021
v  125.9843 2421.3865 618.0869
v  125.9843 2427.6282 508.8584
v  125.9843 2431.1819 446.6675
v  125.9843 2440.9666 275.4370
v  125.9843 2519.5825 352.4648
v  125.9843 2519.5825 413.0317
v  125.9843 2519.5825 696.9526
v  125.9843 2519.5825 759.4102
v  125.9843 2519.5825 1041.4409
v  125.9843 2519.5825 1105.1948
v  125.9843 2405.3557 1299.8071
v  125.9843 2500.1040 1111.7124
v  125.9843 2417.5764 1041.4409
v  125.9843 2500.9336 1025.5903
v  125.9843 2502.5798 853.3462
v  125.9843 2433.9268 696.9526
v  125.9843 2504.2065 681.1021
v  125.9843 2505.8105 508.8584
v  125.9843 2450.3630 352.4648
v  110.2362 2411.5830 789.6484
v  110.2362 2502.5798 853.3462
v  110.2362 2416.4856 703.8521
v  110.2362 2421.3865 618.0869
v  110.2362 2504.2065 681.1021
v  110.2362 2417.7856 681.1021
v  110.2362 2433.9268 696.9526
v  110.2362 2519.5825 696.9526
v  110.2362 2519.5825 759.4102
v  110.2362 2431.1819 446.6675
v  110.2362 2427.6282 508.8584
v  110.2362 2505.8105 508.8584
v  110.2362 2450.3630 352.4648
v  110.2362 2519.5825 413.0317
v  110.2362 2519.5825 352.4648
v  110.2362 2440.9666 275.4370
v  110.2362 2407.9431 853.3462
v  110.2362 2417.5764 1041.4409
v  110.2362 2519.5825 1105.1948
v  110.2362 2519.5825 1041.4409
v  110.2362 2398.1006 1025.5903
v  110.2362 2500.9336 1025.5903
v  110.2362 2401.7732 961.3198
v  110.2362 2393.1794 1111.7124
v  110.2362 2500.1040 1111.7124
v  110.2362 2519.5825 1461.9863
v  110.2362 2519.5825 1385.9292
v  110.2362 2396.8665 1047.1890
v  110.2362 2405.3557 1299.8071
v  110.2362 2397.8914 1385.9292
v  -244.0945 2539.3701 -0.0000
v  -228.3465 2539.3701 -0.0000
v  -228.3465 2403.0217 939.4683
v  -244.0945 2403.0217 939.4683
v  -244.0945 2501.7588 939.4683
v  -228.3465 2501.7588 939.4683
v  -244.0945 2406.6787 875.4722
v  -228.3465 2406.6787 875.4722
v  -244.0945 2378.0859 1392.3994
v  -228.3465 2378.0859 1392.3994
v  -228.3465 2499.6399 1468.3706
v  -244.0945 2499.6399 1468.3706
v  -244.0945 2378.0859 1468.3706
v  -228.3465 2378.0859 1468.3706
v  -244.0945 2391.9585 1133.0771
v  -244.0945 2388.2581 1197.8345
v  -228.3465 2388.2581 1197.8345
v  -228.3465 2391.9585 1133.0771
v  -228.3465 2378.4155 1370.0786
v  -244.0945 2378.4155 1370.0786
v  -244.0945 2497.5935 1370.0786
v  -228.3465 2497.5935 1370.0786
v  -244.0945 2382.1399 1304.9033
v  -228.3465 2382.1399 1304.9033
v  -244.0945 2387.0496 1218.9824
v  -244.0945 2383.3369 1283.9565
v  -228.3465 2383.3369 1283.9565
v  -228.3465 2387.0496 1218.9824
v  -244.0945 2498.4336 1283.9565
v  -228.3465 2498.4336 1283.9565
v  -244.0945 2499.2705 1197.8345
v  -228.3465 2499.2705 1197.8345
v  -244.0945 2519.5825 1105.1948
v  -244.0945 2519.5825 1041.4409
v  -244.0945 2519.5825 932.3584
v  -244.0945 2519.5825 869.1968
v  -244.0945 2519.5825 845.9004
v  -244.0945 2519.5825 783.0747
v  -244.0945 2519.5825 759.4102
v  -244.0945 2519.5825 696.9526
v  -244.0945 2519.5825 672.8843
v  -244.0945 2519.5825 610.8306
v  -244.0945 2519.5825 586.3169
v  -244.0945 2519.5825 524.7090
v  -244.0945 2519.5825 499.7017
v  -244.0945 2519.5825 438.5869
v  -244.0945 2519.5825 413.0317
v  -244.0945 2519.5825 352.4648
v  -244.0945 2519.5825 326.2969
v  -244.0945 2519.5825 266.3428
v  -244.0945 2519.5825 239.4858
v  -244.0945 2519.5825 180.2207
v  -244.0945 2519.5825 152.5850
v  -244.0945 2519.5825 94.0986
v  -244.0945 2445.8535 189.9121
v  -244.0945 2442.3918 250.4922
v  -244.0945 2440.9666 275.4370
v  -244.0945 2437.4707 336.6143
v  -244.0945 2436.0757 361.0249
v  -244.0945 2432.5493 422.7363
v  -244.0945 2431.1819 446.6675
v  -244.0945 2427.6282 508.8584
v  -244.0945 2426.2854 532.3569
v  -244.0945 2422.7068 594.9800
v  -244.0945 2421.3865 618.0869
v  -244.0945 2417.7856 681.1021
v  -244.0945 2416.4856 703.8521
v  -244.0945 2412.8643 767.2241
v  -244.0945 2411.5830 789.6484
v  -244.0945 2407.9431 853.3462
v  -244.0945 2417.5764 1041.4409
v  -244.0945 2425.7424 869.1968
v  -244.0945 2502.5798 853.3462
v  -244.0945 2429.8320 783.0747
v  -244.0945 2503.3958 767.2241
v  -244.0945 2433.9268 696.9526
v  -244.0945 2504.2065 681.1021
v  -244.0945 2438.0266 610.8306
v  -244.0945 2505.0117 594.9800
v  -244.0945 2442.1323 524.7090
v  -244.0945 2505.8105 508.8584
v  -244.0945 2446.2444 438.5869
v  -244.0945 2506.6028 422.7363
v  -244.0945 2450.3630 352.4648
v  -244.0945 2507.3875 336.6143
v  -244.0945 2454.4893 266.3428
v  -244.0945 2508.1643 250.4922
v  -244.0945 2458.6238 180.2207
v  -244.0945 2462.7668 94.0986
v  -228.3465 2519.5825 94.0986
v  -228.3465 2519.5825 152.5850
v  -228.3465 2462.7668 94.0986
v  -228.3465 2454.4893 266.3428
v  -228.3465 2519.5825 326.2969
v  -228.3465 2458.6238 180.2207
v  -228.3465 2519.5825 239.4858
v  -228.3465 2519.5825 180.2207
v  -228.3465 2519.5825 266.3428
v  -228.3465 2436.0757 361.0249
v  -228.3465 2506.6028 422.7363
v  -228.3465 2432.5493 422.7363
v  -228.3465 2519.5825 438.5869
v  -228.3465 2519.5825 499.7017
v  -228.3465 2446.2444 438.5869
v  -228.3465 2442.1323 524.7090
v  -228.3465 2519.5825 524.7090
v  -228.3465 2519.5825 586.3169
v  -228.3465 2438.0266 610.8306
v  -228.3465 2519.5825 610.8306
v  -228.3465 2519.5825 672.8843
v  -228.3465 2422.7068 594.9800
v  -228.3465 2426.2854 532.3569
v  -228.3465 2505.0117 594.9800
v  -228.3465 2429.8320 783.0747
v  -228.3465 2519.5825 845.9004
v  -228.3465 2519.5825 783.0747
v  -228.3465 2425.7424 869.1968
v  -228.3465 2519.5825 869.1968
v  -228.3465 2519.5825 932.3584
v  -228.3465 2437.4707 336.6143
v  -228.3465 2507.3875 336.6143
v  -228.3465 2442.3918 250.4922
v  -228.3465 2445.8535 189.9121
v  -228.3465 2508.1643 250.4922
v  -228.3465 2412.8643 767.2241
v  -228.3465 2503.3958 767.2241
v  -228.3465 2378.0859 1377.9526
v  -228.3465 2407.9431 853.3462
v  -228.3465 2411.5830 789.6484
v  -228.3465 2416.4856 703.8521
v  -228.3465 2417.7856 681.1021
v  -228.3465 2421.3865 618.0869
v  -228.3465 2427.6282 508.8584
v  -228.3465 2431.1819 446.6675
v  -228.3465 2440.9666 275.4370
v  -228.3465 2519.5825 352.4648
v  -228.3465 2519.5825 413.0317
v  -228.3465 2519.5825 696.9526
v  -228.3465 2519.5825 759.4102
v  -228.3465 2519.5825 1041.4409
v  -228.3465 2519.5825 1105.1948
v  -228.3465 2417.5764 1041.4409
v  -228.3465 2502.5798 853.3462
v  -228.3465 2433.9268 696.9526
v  -228.3465 2504.2065 681.1021
v  -228.3465 2505.8105 508.8584
v  -228.3465 2450.3630 352.4648
v  -7.8740 2519.5825 1364.2900
v  -7.8740 2519.5825 1299.8071
v  7.8740 2519.5825 1299.8071
v  7.8740 2519.5825 1364.2900
v  -7.8740 2519.5825 1191.5786
v  -7.8740 2519.5825 1127.5630
v  7.8740 2519.5825 1127.5630
v  7.8740 2519.5825 1191.5786
v  7.8740 2409.4260 1213.6851
v  -7.8740 2409.4260 1213.6851
v  -7.8740 2519.5825 1277.9434
v  7.8740 2519.5825 1277.9434
v  -7.8740 2519.5825 1213.6851
v  7.8740 2519.5825 1213.6851
v  -7.8740 2413.4993 1127.5630
v  7.8740 2413.4993 1127.5630
v  7.8740 2440.9448 -0.0000
v  -7.8740 2440.9448 -0.0000
v  -7.8740 2448.8188 -0.0000
v  7.8740 2370.0789 1377.9526
v  7.8740 2362.2048 1377.9526
v  -7.8740 2362.2048 1377.9526
v  -7.8740 2370.0789 1377.9526
v  -7.8740 2448.3630 7.9766
v  -7.8740 2466.9197 7.9766
v  -7.8740 2519.5825 65.5767
v  7.8740 2519.5825 65.5767
v  -7.8740 2455.6143 19.1016
v  -7.8740 2452.2344 78.2480
v  7.8740 2452.2344 78.2480
v  7.8740 2455.6143 19.1016
v  7.8740 2447.3132 164.3701
v  -7.8740 2447.3132 164.3701
v  -7.8740 2508.9324 164.3701
v  7.8740 2508.9324 164.3701
v  -7.8740 2519.5825 7.9766
v  -7.8740 2450.7366 104.4624
v  7.8740 2450.7366 104.4624
v  -7.8740 2509.6909 78.2480
v  7.8740 2509.6909 78.2480
v  -7.8740 2421.6575 955.3188
v  7.8740 2421.6575 955.3188
v  7.8740 2519.5825 955.3188
v  -7.8740 2519.5825 955.3188
v  -7.8740 2519.5825 1018.7891
v  7.8740 2519.5825 1018.7891
v  -7.8740 2539.3701 -0.0000
v  7.8740 2539.3701 -0.0000
v  7.8740 2403.0217 939.4683
v  -7.8740 2403.0217 939.4683
v  -7.8740 2501.7588 939.4683
v  7.8740 2501.7588 939.4683
v  -7.8740 2406.6787 875.4722
v  7.8740 2406.6787 875.4722
v  -7.8740 2378.0859 1392.3994
v  7.8740 2378.0859 1392.3994
v  7.8740 2499.6399 1468.3706
v  -7.8740 2499.6399 1468.3706
v  -7.8740 2378.0859 1468.3706
v  7.8740 2378.0859 1468.3706
v  -7.8740 2391.9585 1133.0771
v  -7.8740 2388.2581 1197.8345
v  7.8740 2388.2581 1197.8345
v  7.8740 2391.9585 1133.0771
v  7.8740 2378.4155 1370.0786
v  -7.8740 2378.4155 1370.0786
v  -7.8740 2497.5935 1370.0786
v  7.8740 2497.5935 1370.0786
v  -7.8740 2382.1399 1304.9033
v  7.8740 2382.1399 1304.9033
v  -7.8740 2387.0496 1218.9824
v  -7.8740 2383.3369 1283.9565
v  7.8740 2383.3369 1283.9565
v  7.8740 2387.0496 1218.9824
v  -7.8740 2498.4336 1283.9565
v  7.8740 2498.4336 1283.9565
v  -7.8740 2499.2705 1197.8345
v  7.8740 2499.2705 1197.8345
v  -7.8740 2527.5591 -0.0000
v  -7.8740 2527.5591 7.9766
v  -7.8740 2519.5825 152.5850
v  -7.8740 2519.5825 94.0986
v  7.8740 2519.5825 94.0986
v  7.8740 2519.5825 152.5850
v  -7.8740 2462.7668 94.0986
v  7.8740 2462.7668 94.0986
v  7.8740 2454.4893 266.3428
v  -7.8740 2454.4893 266.3428
v  -7.8740 2519.5825 326.2969
v  7.8740 2519.5825 326.2969
v  7.8740 2458.6238 180.2207
v  -7.8740 2458.6238 180.2207
v  -7.8740 2519.5825 239.4858
v  7.8740 2519.5825 239.4858
v  -7.8740 2519.5825 180.2207
v  7.8740 2519.5825 180.2207
v  -7.8740 2519.5825 266.3428
v  7.8740 2519.5825 266.3428
v  -7.8740 2436.0757 361.0249
v  7.8740 2436.0757 361.0249
v  7.8740 2506.6028 422.7363
v  -7.8740 2506.6028 422.7363
v  -7.8740 2432.5493 422.7363
v  7.8740 2432.5493 422.7363
v  -7.8740 2519.5825 499.7017
v  -7.8740 2519.5825 438.5869
v  7.8740 2519.5825 438.5869
v  7.8740 2519.5825 499.7017
v  -7.8740 2446.2444 438.5869
v  7.8740 2446.2444 438.5869
v  -7.8740 2442.1323 524.7090
v  7.8740 2442.1323 524.7090
v  7.8740 2519.5825 524.7090
v  -7.8740 2519.5825 524.7090
v  -7.8740 2519.5825 586.3169
v  7.8740 2519.5825 586.3169
v  -7.8740 2438.0266 610.8306
v  7.8740 2438.0266 610.8306
v  7.8740 2519.5825 610.8306
v  -7.8740 2519.5825 610.8306
v  -7.8740 2519.5825 672.8843
v  7.8740 2519.5825 672.8843
v  -7.8740 2426.2854 532.3569
v  -7.8740 2422.7068 594.9800
v  7.8740 2422.7068 594.9800
v  7.8740 2426.2854 532.3569
v  -7.8740 2505.0117 594.9800
v  7.8740 2505.0117 594.9800
v  7.8740 2429.8320 783.0747
v  -7.8740 2429.8320 783.0747
v  -7.8740 2519.5825 845.9004
v  7.8740 2519.5825 845.9004
v  -7.8740 2519.5825 783.0747
v  7.8740 2519.5825 783.0747
v  -7.8740 2425.7424 869.1968
v  7.8740 2425.7424 869.1968
v  7.8740 2519.5825 869.1968
v  -7.8740 2519.5825 869.1968
v  -7.8740 2519.5825 932.3584
v  7.8740 2519.5825 932.3584
v  7.8740 2437.4707 336.6143
v  -7.8740 2437.4707 336.6143
v  -7.8740 2507.3875 336.6143
v  7.8740 2507.3875 336.6143
v  -7.8740 2445.8535 189.9121
v  -7.8740 2442.3918 250.4922
v  7.8740 2442.3918 250.4922
v  7.8740 2445.8535 189.9121
v  7.8740 2508.1643 250.4922
v  -7.8740 2508.1643 250.4922
v  7.8740 2412.8643 767.2241
v  -7.8740 2412.8643 767.2241
v  -7.8740 2503.3958 767.2241
v  7.8740 2503.3958 767.2241
v  7.8740 2378.0859 1377.9526
v  7.8740 2519.5825 1461.9863
v  7.8740 2519.5825 1385.9292
v  7.8740 2397.8914 1385.9292
v  7.8740 2393.1794 1111.7124
v  7.8740 2396.8665 1047.1890
v  7.8740 2398.1006 1025.5903
v  7.8740 2401.7732 961.3198
v  7.8740 2407.9431 853.3462
v  7.8740 2411.5830 789.6484
v  7.8740 2416.4856 703.8521
v  7.8740 2417.7856 681.1021
v  7.8740 2421.3865 618.0869
v  7.8740 2427.6282 508.8584
v  7.8740 2431.1819 446.6675
v  7.8740 2440.9666 275.4370
v  7.8740 2519.5825 352.4648
v  7.8740 2519.5825 413.0317
v  7.8740 2519.5825 696.9526
v  7.8740 2519.5825 759.4102
v  7.8740 2519.5825 1041.4409
v  7.8740 2519.5825 1105.1948
v  7.8740 2405.3557 1299.8071
v  7.8740 2500.1040 1111.7124
v  7.8740 2417.5764 1041.4409
v  7.8740 2500.9336 1025.5903
v  7.8740 2502.5798 853.3462
v  7.8740 2433.9268 696.9526
v  7.8740 2504.2065 681.1021
v  7.8740 2505.8105 508.8584
v  7.8740 2450.3630 352.4648
v  -7.8740 2411.5830 789.6484
v  -7.8740 2502.5798 853.3462
v  -7.8740 2416.4856 703.8521
v  -7.8740 2421.3865 618.0869
v  -7.8740 2504.2065 681.1021
v  -7.8740 2417.7856 681.1021
v  -7.8740 2433.9268 696.9526
v  -7.8740 2519.5825 696.9526
v  -7.8740 2519.5825 759.4102
v  -7.8740 2431.1819 446.6675
v  -7.8740 2427.6282 508.8584
v  -7.8740 2505.8105 508.8584
v  -7.8740 2450.3630 352.4648
v  -7.8740 2519.5825 413.0317
v  -7.8740 2519.5825 352.4648
v  -7.8740 2440.9666 275.4370
v  -7.8740 2407.9431 853.3462
v  -7.8740 2417.5764 1041.4409
v  -7.8740 2519.5825 1105.1948
v  -7.8740 2519.5825 1041.4409
v  -7.8740 2398.1006 1025.5903
v  -7.8740 2500.9336 1025.5903
v  -7.8740 2401.7732 961.3198
v  -7.8740 2393.1794 1111.7124
v  -7.8740 2500.1040 1111.7124
v  -7.8740 2519.5825 1461.9863
v  -7.8740 2519.5825 1385.9292
v  -7.8740 2396.8665 1047.1890
v  -7.8740 2405.3557 1299.8071
v  -7.8740 2397.8914 1385.9292
v  -125.9842 2519.5825 1364.2900
v  -125.9842 2519.5825 1299.8071
v  -110.2362 2519.5825 1299.8071
v  -110.2362 2519.5825 1364.2900
v  -125.9842 2519.5825 1191.5786
v  -125.9842 2519.5825 1127.5630
v  -110.2362 2519.5825 1127.5630
v  -110.2362 2519.5825 1191.5786
v  -110.2362 2409.4260 1213.6851
v  -125.9842 2409.4260 1213.6851
v  -125.9842 2519.5825 1277.9434
v  -110.2362 2519.5825 1277.9434
v  -125.9842 2519.5825 1213.6851
v  -110.2362 2519.5825 1213.6851
v  -125.9842 2413.4993 1127.5630
v  -110.2362 2413.4993 1127.5630
v  -110.2362 2440.9448 -0.0000
v  -125.9842 2440.9448 -0.0000
v  -125.9842 2448.8188 -0.0000
v  -110.2362 2448.8188 -0.0000
v  -110.2362 2370.0789 1377.9526
v  -110.2362 2362.2048 1377.9526
v  -110.2362 2448.3630 7.9766
v  -125.9842 2362.2048 1377.9526
v  -125.9842 2370.0789 1377.9526
v  -125.9842 2448.3630 7.9766
v  -125.9842 2466.9197 7.9766
v  -125.9842 2519.5825 65.5767
v  -110.2362 2519.5825 65.5767
v  -110.2362 2466.9197 7.9766
v  -125.9842 2455.6143 19.1016
v  -125.9842 2452.2344 78.2480
v  -110.2362 2452.2344 78.2480
v  -110.2362 2455.6143 19.1016
v  -110.2362 2447.3132 164.3701
v  -125.9842 2447.3132 164.3701
v  -125.9842 2508.9324 164.3701
v  -110.2362 2508.9324 164.3701
v  -110.2362 2519.5825 7.9766
v  -125.9842 2519.5825 7.9766
v  -125.9842 2450.7366 104.4624
v  -110.2362 2450.7366 104.4624
v  -125.9842 2509.6909 78.2480
v  -110.2362 2509.6909 78.2480
v  -125.9842 2421.6575 955.3188
v  -110.2362 2421.6575 955.3188
v  -110.2362 2519.5825 955.3188
v  -125.9842 2519.5825 955.3188
v  -125.9842 2519.5825 1018.7891
v  -110.2362 2519.5825 1018.7891
v  -125.9842 2539.3701 -0.0000
v  -110.2362 2539.3701 -0.0000
v  -110.2362 2403.0217 939.4683
v  -125.9842 2403.0217 939.4683
v  -125.9842 2501.7588 939.4683
v  -110.2362 2501.7588 939.4683
v  -125.9842 2406.6787 875.4722
v  -110.2362 2406.6787 875.4722
v  -125.9842 2378.0859 1392.3994
v  -110.2362 2378.0859 1392.3994
v  -110.2362 2499.6399 1468.3706
v  -125.9842 2499.6399 1468.3706
v  -125.9842 2378.0859 1468.3706
v  -110.2362 2378.0859 1468.3706
v  -125.9842 2391.9585 1133.0771
v  -125.9842 2388.2581 1197.8345
v  -110.2362 2388.2581 1197.8345
v  -110.2362 2391.9585 1133.0771
v  -110.2362 2378.4155 1370.0786
v  -125.9842 2378.4155 1370.0786
v  -125.9842 2497.5935 1370.0786
v  -110.2362 2497.5935 1370.0786
v  -125.9842 2382.1399 1304.9033
v  -110.2362 2382.1399 1304.9033
v  -125.9842 2387.0496 1218.9824
v  -125.9842 2383.3369 1283.9565
v  -110.2362 2383.3369 1283.9565
v  -110.2362 2387.0496 1218.9824
v  -125.9842 2498.4336 1283.9565
v  -110.2362 2498.4336 1283.9565
v  -125.9842 2499.2705 1197.8345
v  -110.2362 2499.2705 1197.8345
v  -110.2362 2527.5591 -0.0000
v  -125.9842 2527.5591 -0.0000
v  -125.9842 2393.1794 1111.7124
v  -125.9842 2397.8914 1385.9292
v  -125.9842 2519.5825 1385.9292
v  -125.9842 2527.5591 7.9766
v  -125.9842 2519.5825 1461.9863
v  -125.9842 2519.5825 1105.1948
v  -125.9842 2519.5825 1041.4409
v  -125.9842 2519.5825 932.3584
v  -125.9842 2519.5825 869.1968
v  -125.9842 2519.5825 845.9004
v  -125.9842 2519.5825 783.0747
v  -125.9842 2519.5825 759.4102
v  -125.9842 2519.5825 696.9526
v  -125.9842 2519.5825 672.8843
v  -125.9842 2519.5825 610.8306
v  -125.9842 2519.5825 586.3169
v  -125.9842 2519.5825 524.7090
v  -125.9842 2519.5825 499.7017
v  -125.9842 2519.5825 438.5869
v  -125.9842 2519.5825 413.0317
v  -125.9842 2519.5825 352.4648
v  -125.9842 2519.5825 326.2969
v  -125.9842 2519.5825 266.3428
v  -125.9842 2519.5825 239.4858
v  -125.9842 2519.5825 180.2207
v  -125.9842 2519.5825 152.5850
v  -125.9842 2519.5825 94.0986
v  -125.9842 2445.8535 189.9121
v  -125.9842 2442.3918 250.4922
v  -125.9842 2440.9666 275.4370
v  -125.9842 2437.4707 336.6143
v  -125.9842 2436.0757 361.0249
v  -125.9842 2432.5493 422.7363
v  -125.9842 2431.1819 446.6675
v  -125.9842 2427.6282 508.8584
v  -125.9842 2426.2854 532.3569
v  -125.9842 2422.7068 594.9800
v  -125.9842 2421.3865 618.0869
v  -125.9842 2417.7856 681.1021
v  -125.9842 2416.4856 703.8521
v  -125.9842 2412.8643 767.2241
v  -125.9842 2411.5830 789.6484
v  -125.9842 2407.9431 853.3462
v  -125.9842 2401.7732 961.3198
v  -125.9842 2398.1006 1025.5903
v  -125.9842 2396.8665 1047.1890
v  -125.9842 2417.5764 1041.4409
v  -125.9842 2500.1040 1111.7124
v  -125.9842 2500.9336 1025.5903
v  -125.9842 2425.7424 869.1968
v  -125.9842 2502.5798 853.3462
v  -125.9842 2429.8320 783.0747
v  -125.9842 2503.3958 767.2241
v  -125.9842 2433.9268 696.9526
v  -125.9842 2504.2065 681.1021
v  -125.9842 2438.0266 610.8306
v  -125.9842 2505.0117 594.9800
v  -125.9842 2442.1323 524.7090
v  -125.9842 2505.8105 508.8584
v  -125.9842 2446.2444 438.5869
v  -125.9842 2506.6028 422.7363
v  -125.9842 2450.3630 352.4648
v  -125.9842 2507.3875 336.6143
v  -125.9842 2454.4893 266.3428
v  -125.9842 2508.1643 250.4922
v  -125.9842 2458.6238 180.2207
v  -125.9842 2462.7668 94.0986
v  -125.9842 2405.3557 1299.8071
v  -110.2362 2519.5825 94.0986
v  -110.2362 2519.5825 152.5850
v  -110.2362 2462.7668 94.0986
v  -110.2362 2454.4893 266.3428
v  -110.2362 2519.5825 326.2969
v  -110.2362 2458.6238 180.2207
v  -110.2362 2519.5825 239.4858
v  -110.2362 2519.5825 180.2207
v  -110.2362 2519.5825 266.3428
v  -110.2362 2436.0757 361.0249
v  -110.2362 2506.6028 422.7363
v  -110.2362 2432.5493 422.7363
v  -110.2362 2519.5825 438.5869
v  -110.2362 2519.5825 499.7017
v  -110.2362 2446.2444 438.5869
v  -110.2362 2442.1323 524.7090
v  -110.2362 2519.5825 524.7090
v  -110.2362 2519.5825 586.3169
v  -110.2362 2438.0266 610.8306
v  -110.2362 2519.5825 610.8306
v  -110.2362 2519.5825 672.8843
v  -110.2362 2422.7068 594.9800
v  -110.2362 2426.2854 532.3569
v  -110.2362 2505.0117 594.9800
v  -110.2362 2429.8320 783.0747
v  -110.2362 2519.5825 845.9004
v  -110.2362 2519.5825 783.0747
v  -110.2362 2425.7424 869.1968
v  -110.2362 2519.5825 869.1968
v  -110.2362 2519.5825 932.3584
v  -110.2362 2437.4707 336.6143
v  -110.2362 2507.3875 336.6143
v  -110.2362 2442.3918 250.4922
v  -110.2362 2445.8535 189.9121
v  -110.2362 2508.1643 250.4922
v  -110.2362 2412.8643 767.2241
v  -110.2362 2503.3958 767.2241
v  -110.2362 2378.0859 1377.9526
v  -110.2362 2519.5825 1461.9863
v  -110.2362 2527.5591 7.9766
v  -110.2362 2519.5825 1385.9292
v  -110.2362 2397.8914 1385.9292
v  -110.2362 2393.1794 1111.7124
v  -110.2362 2396.8665 1047.1890
v  -110.2362 2398.1006 1025.5903
v  -110.2362 2401.7732 961.3198
v  -110.2362 2407.9431 853.3462
v  -110.2362 2411.5830 789.6484
v  -110.2362 2416.4856 703.8521
v  -110.2362 2417.7856 681.1021
v  -110.2362 2421.3865 618.0869
v  -110.2362 2427.6282 508.8584
v  -110.2362 2431.1819 446.6675
v  -110.2362 2440.9666 275.4370
v  -110.2362 2519.5825 352.4648
v  -110.2362 2519.5825 413.0317
v  -110.2362 2519.5825 696.9526
v  -110.2362 2519.5825 759.4102
v  -110.2362 2519.5825 1041.4409
v  -110.2362 2519.5825 1105.1948
v  -110.2362 2405.3557 1299.8071
v  -110.2362 2500.1040 1111.7124
v  -110.2362 2417.5764 1041.4409
v  -110.2362 2500.9336 1025.5903
v  -110.2362 2502.5798 853.3462
v  -110.2362 2433.9268 696.9526
v  -110.2362 2504.2065 681.1021
v  -110.2362 2505.8105 508.8584
v  -110.2362 2450.3630 352.4648
v  228.3465 2519.5825 1364.2900
v  228.3465 2519.5825 1299.8071
v  244.0945 2519.5825 1299.8071
v  244.0945 2519.5825 1364.2900
v  228.3465 2519.5825 1191.5786
v  228.3465 2519.5825 1127.5630
v  244.0945 2519.5825 1127.5630
v  244.0945 2519.5825 1191.5786
v  244.0945 2409.4260 1213.6851
v  228.3465 2409.4260 1213.6851
v  228.3465 2519.5825 1277.9434
v  244.0945 2519.5825 1277.9434
v  228.3465 2519.5825 1213.6851
v  244.0945 2519.5825 1213.6851
v  228.3465 2413.4993 1127.5630
v  244.0945 2413.4993 1127.5630
v  244.0945 2440.9448 -0.0000
v  228.3465 2440.9448 -0.0000
v  228.3465 2448.8188 -0.0000
v  244.0945 2448.8188 -0.0000
v  244.0945 2370.0789 1377.9526
v  244.0945 2362.2048 1377.9526
v  228.3465 2362.2048 1377.9526
v  228.3465 2370.0789 1377.9526
v  228.3465 2448.3630 7.9766
v  228.3465 2466.9197 7.9766
v  228.3465 2519.5825 65.5767
v  244.0945 2519.5825 65.5767
v  244.0945 2466.9197 7.9766
v  228.3465 2455.6143 19.1016
v  228.3465 2452.2344 78.2480
v  244.0945 2452.2344 78.2480
v  244.0945 2455.6143 19.1016
v  244.0945 2447.3132 164.3701
v  228.3465 2447.3132 164.3701
v  228.3465 2508.9324 164.3701
v  244.0945 2508.9324 164.3701
v  244.0945 2519.5825 7.9766
v  228.3465 2519.5825 7.9766
v  228.3465 2450.7366 104.4624
v  244.0945 2450.7366 104.4624
v  228.3465 2509.6909 78.2480
v  244.0945 2509.6909 78.2480
v  228.3465 2421.6575 955.3188
v  244.0945 2421.6575 955.3188
v  244.0945 2519.5825 955.3188
v  228.3465 2519.5825 955.3188
v  228.3465 2519.5825 1018.7891
v  244.0945 2519.5825 1018.7891
v  228.3465 2539.3701 -0.0000
v  244.0945 2539.3701 -0.0000
v  244.0945 2403.0217 939.4683
v  228.3465 2403.0217 939.4683
v  228.3465 2501.7588 939.4683
v  244.0945 2501.7588 939.4683
v  228.3465 2406.6787 875.4722
v  244.0945 2406.6787 875.4722
v  228.3465 2378.0859 1392.3994
v  244.0945 2378.0859 1392.3994
v  244.0945 2499.6399 1468.3706
v  228.3465 2499.6399 1468.3706
v  228.3465 2378.0859 1468.3706
v  244.0945 2378.0859 1468.3706
v  228.3465 2391.9585 1133.0771
v  228.3465 2388.2581 1197.8345
v  244.0945 2388.2581 1197.8345
v  244.0945 2391.9585 1133.0771
v  244.0945 2378.4155 1370.0786
v  228.3465 2378.4155 1370.0786
v  228.3465 2497.5935 1370.0786
v  244.0945 2497.5935 1370.0786
v  228.3465 2382.1399 1304.9033
v  244.0945 2382.1399 1304.9033
v  228.3465 2387.0496 1218.9824
v  228.3465 2383.3369 1283.9565
v  244.0945 2383.3369 1283.9565
v  244.0945 2387.0496 1218.9824
v  228.3465 2498.4336 1283.9565
v  244.0945 2498.4336 1283.9565
v  228.3465 2499.2705 1197.8345
v  244.0945 2499.2705 1197.8345
v  244.0945 2527.5591 -0.0000
v  228.3465 2527.5591 -0.0000
v  228.3465 2393.1794 1111.7124
v  228.3465 2397.8914 1385.9292
v  228.3465 2519.5825 1385.9292
v  228.3465 2527.5591 7.9766
v  228.3465 2519.5825 1461.9863
v  228.3465 2519.5825 1105.1948
v  228.3465 2519.5825 1041.4409
v  228.3465 2519.5825 932.3584
v  228.3465 2519.5825 869.1968
v  228.3465 2519.5825 845.9004
v  228.3465 2519.5825 783.0747
v  228.3465 2519.5825 759.4102
v  228.3465 2519.5825 696.9526
v  228.3465 2519.5825 672.8843
v  228.3465 2519.5825 610.8306
v  228.3465 2519.5825 586.3169
v  228.3465 2519.5825 524.7090
v  228.3465 2519.5825 499.7017
v  228.3465 2519.5825 438.5869
v  228.3465 2519.5825 413.0317
v  228.3465 2519.5825 352.4648
v  228.3465 2519.5825 326.2969
v  228.3465 2519.5825 266.3428
v  228.3465 2519.5825 239.4858
v  228.3465 2519.5825 180.2207
v  228.3465 2519.5825 152.5850
v  228.3465 2519.5825 94.0986
v  228.3465 2445.8535 189.9121
v  228.3465 2442.3918 250.4922
v  228.3465 2440.9666 275.4370
v  228.3465 2437.4707 336.6143
v  228.3465 2436.0757 361.0249
v  228.3465 2432.5493 422.7363
v  228.3465 2431.1819 446.6675
v  228.3465 2427.6282 508.8584
v  228.3465 2426.2854 532.3569
v  228.3465 2422.7068 594.9800
v  228.3465 2421.3865 618.0869
v  228.3465 2417.7856 681.1021
v  228.3465 2416.4856 703.8521
v  228.3465 2412.8643 767.2241
v  228.3465 2411.5830 789.6484
v  228.3465 2407.9431 853.3462
v  228.3465 2401.7732 961.3198
v  228.3465 2398.1006 1025.5903
v  228.3465 2396.8665 1047.1890
v  228.3465 2417.5764 1041.4409
v  228.3465 2500.1040 1111.7124
v  228.3465 2500.9336 1025.5903
v  228.3465 2425.7424 869.1968
v  228.3465 2502.5798 853.3462
v  228.3465 2429.8320 783.0747
v  228.3465 2503.3958 767.2241
v  228.3465 2433.9268 696.9526
v  228.3465 2504.2065 681.1021
v  228.3465 2438.0266 610.8306
v  228.3465 2505.0117 594.9800
v  228.3465 2442.1323 524.7090
v  228.3465 2505.8105 508.8584
v  228.3465 2446.2444 438.5869
v  228.3465 2506.6028 422.7363
v  228.3465 2450.3630 352.4648
v  228.3465 2507.3875 336.6143
v  228.3465 2454.4893 266.3428
v  228.3465 2508.1643 250.4922
v  228.3465 2458.6238 180.2207
v  228.3465 2462.7668 94.0986
v  228.3465 2405.3557 1299.8071
v  244.0945 2519.5825 94.0986
v  244.0945 2519.5825 152.5850
v  244.0945 2462.7668 94.0986
v  244.0945 2454.4893 266.3428
v  244.0945 2519.5825 326.2969
v  244.0945 2458.6238 180.2207
v  244.0945 2519.5825 239.4858
v  244.0945 2519.5825 180.2207
v  244.0945 2519.5825 266.3428
v  244.0945 2436.0757 361.0249
v  244.0945 2506.6028 422.7363
v  244.0945 2432.5493 422.7363
v  244.0945 2519.5825 438.5869
v  244.0945 2519.5825 499.7017
v  244.0945 2446.2444 438.5869
v  244.0945 2442.1323 524.7090
v  244.0945 2519.5825 524.7090
v  244.0945 2519.5825 586.3169
v  244.0945 2438.0266 610.8306
v  244.0945 2519.5825 610.8306
v  244.0945 2519.5825 672.8843
v  244.0945 2422.7068 594.9800
v  244.0945 2426.2854 532.3569
v  244.0945 2505.0117 594.9800
v  244.0945 2429.8320 783.0747
v  244.0945 2519.5825 845.9004
v  244.0945 2519.5825 783.0747
v  244.0945 2425.7424 869.1968
v  244.0945 2519.5825 869.1968
v  244.0945 2519.5825 932.3584
v  244.0945 2437.4707 336.6143
v  244.0945 2507.3875 336.6143
v  244.0945 2442.3918 250.4922
v  244.0945 2445.8535 189.9121
v  244.0945 2508.1643 250.4922
v  244.0945 2412.8643 767.2241
v  244.0945 2503.3958 767.2241
v  244.0945 2397.8914 1385.9292
v  244.0945 2519.5825 1385.9292
v  244.0945 2519.5825 1461.9863
v  244.0945 2405.3557 1299.8071
v  244.0945 2393.1794 1111.7124
v  244.0945 2396.8665 1047.1890
v  244.0945 2398.1006 1025.5903
v  244.0945 2401.7732 961.3198
v  244.0945 2407.9431 853.3462
v  244.0945 2411.5830 789.6484
v  244.0945 2416.4856 703.8521
v  244.0945 2417.7856 681.1021
v  244.0945 2421.3865 618.0869
v  244.0945 2427.6282 508.8584
v  244.0945 2431.1819 446.6675
v  244.0945 2440.9666 275.4370
v  244.0945 2519.5825 352.4648
v  244.0945 2519.5825 413.0317
v  244.0945 2519.5825 696.9526
v  244.0945 2519.5825 759.4102
v  244.0945 2519.5825 1041.4409
v  244.0945 2519.5825 1105.1948
v  244.0945 2500.1040 1111.7124
v  244.0945 2417.5764 1041.4409
v  244.0945 2500.9336 1025.5903
v  244.0945 2502.5798 853.3462
v  244.0945 2433.9268 696.9526
v  244.0945 2504.2065 681.1021
v  244.0945 2505.8105 508.8584
v  244.0945 2450.3630 352.4648
v  125.9843 2378.0859 1574.8032
v  228.3465 2378.0859 1574.8032
v  7.8740 2378.0859 1574.8032
v  110.2362 2378.0859 1574.8032
v  150.2630 0.0000 1523.5063
v  157.3406 0.0000 1483.0093
v  -132.9452 0.0000 1391.9644
v  -106.5675 0.0000 1360.4321
v  72.9273 0.0000 1615.9546
v  106.5675 0.0000 1592.3237
v  -153.6957 0.0000 1510.6953
v  -157.3406 0.0000 1469.7466
v  153.6957 0.0000 1442.0605
v  47.1283 0.0000 1326.1147
v  6.6315 0.0000 1319.0371
v  -125.9842 2378.0859 1574.8032
v  -228.3465 2378.0859 1574.8032
v  -115.9458 0.0000 1582.9453
v  -139.5767 0.0000 1549.3052
v  -34.3172 0.0000 1322.6821
v  34.3173 0.0000 1630.0737
v  228.3465 2378.0859 1377.9526
v  132.9453 0.0000 1560.7910
v  139.5767 0.0000 1403.4507
v  115.9458 0.0000 1369.8105
v  -72.9273 0.0000 1336.8013
v  84.4133 0.0000 1343.4326
v  -150.2630 0.0000 1429.2495
v  -84.4133 0.0000 1609.3232
v  110.2362 2378.0859 1377.9526
v  -47.1283 0.0000 1626.6411
v  -6.6315 0.0000 1633.7183
v  -125.9842 2378.0859 1377.9526
v  -110.2362 2378.0859 1574.8032
v  -7.8740 2378.0859 1574.8032
v  -7.8740 2378.0859 1377.9526
v  -220.5624 2511.7507 7.9766
v  -148.8702 2456.6030 7.9766
v  -220.5624 2456.6030 7.9766
v  133.9877 2465.0728 -0.0000
v  204.8154 2519.5557 -0.0000
v  133.9877 2519.5557 -0.0000
v  179.1006 0.0000 1712.4585
v  236.0808 0.0000 1712.4585
v  179.1006 472.4409 1655.4785
v  -236.0808 0.0000 1712.4585
v  -179.1006 472.4409 1655.4785
v  179.1006 787.4016 1655.4785
v  -179.1006 787.4016 1655.4785
v  236.0808 0.0000 1240.2969
v  179.1006 472.4409 1297.2773
v  179.1006 787.4016 1297.2773
v  -179.1006 787.4016 1297.2773
v  -179.1006 472.4409 1297.2773
v  -236.0808 0.0000 1240.2969
v  204.8154 2519.5557 7.9766
v  133.9877 2519.5557 7.9766
v  133.9877 2465.0728 7.9766
v  -244.0945 2561.5159 -0.0000
v  244.0945 2561.5159 -0.0000
v  -228.3465 2561.5159 -0.0000
v  228.3465 2561.5159 -0.0000
v  244.0945 2598.4253 -0.0000
v  228.3465 2598.4253 -0.0000
v  -244.0945 2598.4253 -0.0000
v  -220.5624 2456.6030 -0.0000
v  -148.8702 2456.6030 -0.0000
v  -220.5624 2511.7507 -0.0000
v  -228.3465 2598.4253 -0.0000
v  31.3741 2519.5662 2944.7793
v  102.2433 2519.5662 2944.7793
v  102.2433 2465.0513 2944.7793
v  31.3741 2519.5662 2952.7559
v  102.2433 2465.0513 2952.7559
v  102.2433 2519.5662 2952.7559
v  -228.3465 2442.1323 -2428.0469
v  -244.0945 2442.1323 -2428.0469
v  -244.0945 2519.5825 -2366.4395
v  -228.3465 2519.5825 -2366.4395
v  -244.0945 2519.5825 -2428.0469
v  -228.3465 2519.5825 -2428.0469
v  -244.0945 2438.0266 -2341.9248
v  -228.3465 2438.0266 -2341.9248
v  -228.3465 2519.5825 -2341.9248
v  -244.0945 2519.5825 -2341.9248
v  -244.0945 2519.5825 -2279.8716
v  -228.3465 2519.5825 -2279.8716
v  -244.0945 2426.2854 -2420.3994
v  -244.0945 2422.7068 -2357.7754
v  -228.3465 2422.7068 -2357.7754
v  -228.3465 2426.2854 -2420.3994
v  -244.0945 2505.0117 -2357.7754
v  -228.3465 2505.0117 -2357.7754
v  -228.3465 2429.8320 -2169.6812
v  -244.0945 2429.8320 -2169.6812
v  -244.0945 2519.5825 -2106.8560
v  -228.3465 2519.5825 -2106.8560
v  -244.0945 2519.5825 -2169.6812
v  -228.3465 2519.5825 -2169.6812
v  -244.0945 2425.7424 -2083.5591
v  -228.3465 2425.7424 -2083.5591
v  -228.3465 2519.5825 -2083.5591
v  -244.0945 2519.5825 -2083.5591
v  -244.0945 2519.5825 -2020.3975
v  -228.3465 2519.5825 -2020.3975
v  -244.0945 2370.0789 -1574.8032
v  -244.0945 2448.8188 -2952.7559
v  -228.3465 2448.8188 -2952.7559
v  -228.3465 2370.0789 -1574.8032
v  -228.3465 2448.3630 -2944.7793
v  -228.3465 2437.4707 -2616.1416
v  -244.0945 2437.4707 -2616.1416
v  -244.0945 2507.3875 -2616.1416
v  -228.3465 2507.3875 -2616.1416
v  -244.0945 2445.8535 -2762.8438
v  -244.0945 2442.3918 -2702.2637
v  -228.3465 2442.3918 -2702.2637
v  -228.3465 2445.8535 -2762.8438
v  -228.3465 2508.1643 -2702.2637
v  -244.0945 2508.1643 -2702.2637
v  -228.3465 2412.8643 -2185.5317
v  -244.0945 2412.8643 -2185.5317
v  -244.0945 2503.3958 -2185.5317
v  -228.3465 2503.3958 -2185.5317
v  -228.3465 2378.0859 -1476.3779
v  -228.3465 2370.0789 -1476.3779
v  -228.3465 2378.0859 -1484.3853
v  -228.3465 2378.0859 -1560.3564
v  -228.3465 2378.0859 -1574.8032
v  -228.3465 2527.5591 -1476.3779
v  -228.3465 2499.6399 -1484.3853
v  -228.3465 2519.5825 -1490.7695
v  -228.3465 2527.5591 -2944.7793
v  -228.3465 2519.5825 -1566.8267
v  -228.3465 2519.5825 -1588.4658
v  -228.3465 2497.5935 -1582.6772
v  -228.3465 2397.8914 -1566.8267
v  -228.3465 2378.4155 -1582.6772
v  -228.3465 2382.1399 -1647.8525
v  -228.3465 2383.3369 -1668.7993
v  -228.3465 2387.0496 -1733.7734
v  -228.3465 2388.2581 -1754.9214
v  -228.3465 2391.9585 -1819.6787
v  -228.3465 2393.1794 -1841.0435
v  -228.3465 2396.8665 -1905.5669
v  -228.3465 2398.1006 -1927.1655
v  -228.3465 2401.7732 -1991.4360
v  -228.3465 2403.0217 -2013.2876
v  -228.3465 2406.6787 -2077.2837
v  -228.3465 2407.9431 -2099.4097
v  -228.3465 2411.5830 -2163.1074
v  -228.3465 2416.4856 -2248.9038
v  -228.3465 2417.7856 -2271.6538
v  -228.3465 2421.3865 -2334.6689
v  -228.3465 2427.6282 -2443.8975
v  -228.3465 2431.1819 -2506.0879
v  -228.3465 2432.5493 -2530.0195
v  -228.3465 2436.0757 -2591.7305
v  -228.3465 2440.9666 -2677.3193
v  -228.3465 2447.3132 -2788.3857
v  -228.3465 2450.7366 -2848.2939
v  -228.3465 2452.2344 -2874.5078
v  -228.3465 2455.6143 -2933.6543
v  -228.3465 2466.9197 -2944.7793
v  -228.3465 2519.5825 -2887.1797
v  -228.3465 2509.6909 -2874.5078
v  -228.3465 2519.5825 -2858.6572
v  -228.3465 2519.5825 -2800.1709
v  -228.3465 2519.5825 -2772.5352
v  -228.3465 2519.5825 -2713.2695
v  -228.3465 2519.5825 -2686.4131
v  -228.3465 2519.5825 -2626.4590
v  -228.3465 2519.5825 -2600.2910
v  -228.3465 2519.5825 -2539.7246
v  -228.3465 2519.5825 -2514.1689
v  -228.3465 2519.5825 -2453.0537
v  -228.3465 2519.5825 -2255.8032
v  -228.3465 2519.5825 -2193.3457
v  -228.3465 2519.5825 -1997.4370
v  -228.3465 2519.5825 -1933.9668
v  -228.3465 2519.5825 -1911.3149
v  -228.3465 2519.5825 -1847.5610
v  -228.3465 2519.5825 -1825.1929
v  -228.3465 2519.5825 -1761.1772
v  -228.3465 2519.5825 -1739.0708
v  -228.3465 2519.5825 -1674.8130
v  -228.3465 2519.5825 -1652.9487
v  -228.3465 2498.4336 -1668.7993
v  -228.3465 2405.3557 -1652.9487
v  -228.3465 2409.4260 -1739.0708
v  -228.3465 2499.2705 -1754.9214
v  -228.3465 2413.4993 -1825.1929
v  -228.3465 2500.1040 -1841.0435
v  -228.3465 2417.5764 -1911.3149
v  -228.3465 2500.9336 -1927.1655
v  -228.3465 2421.6575 -1997.4370
v  -228.3465 2501.7588 -2013.2876
v  -228.3465 2502.5798 -2099.4097
v  -228.3465 2433.9268 -2255.8032
v  -228.3465 2504.2065 -2271.6538
v  -228.3465 2505.8105 -2443.8975
v  -228.3465 2446.2444 -2514.1689
v  -228.3465 2506.6028 -2530.0195
v  -228.3465 2450.3630 -2600.2910
v  -228.3465 2454.4893 -2686.4131
v  -228.3465 2458.6238 -2772.5352
v  -228.3465 2508.9324 -2788.3857
v  -228.3465 2462.7668 -2858.6572
v  -228.3465 2519.5825 -2944.7793
v  -228.3465 2527.5591 -2952.7559
v  -244.0945 2411.5830 -2163.1074
v  -244.0945 2502.5798 -2099.4097
v  -244.0945 2416.4856 -2248.9038
v  -244.0945 2421.3865 -2334.6689
v  -244.0945 2504.2065 -2271.6538
v  -244.0945 2417.7856 -2271.6538
v  -244.0945 2433.9268 -2255.8032
v  -244.0945 2519.5825 -2255.8032
v  -244.0945 2519.5825 -2193.3457
v  -244.0945 2431.1819 -2506.0879
v  -244.0945 2427.6282 -2443.8975
v  -244.0945 2505.8105 -2443.8975
v  -244.0945 2450.3630 -2600.2910
v  -244.0945 2519.5825 -2539.7246
v  -244.0945 2519.5825 -2600.2910
v  -244.0945 2440.9666 -2677.3193
v  -244.0945 2407.9431 -2099.4097
v  -244.0945 2417.5764 -1911.3149
v  -244.0945 2519.5825 -1847.5610
v  -244.0945 2519.5825 -1911.3149
v  -7.8740 2519.5825 -1588.4658
v  -7.8740 2519.5825 -1652.9487
v  7.8740 2519.5825 -1652.9487
v  7.8740 2519.5825 -1588.4658
v  -7.8740 2519.5825 -1761.1772
v  -7.8740 2519.5825 -1825.1929
v  7.8740 2519.5825 -1825.1929
v  7.8740 2519.5825 -1761.1772
v  7.8740 2409.4260 -1739.0708
v  -7.8740 2409.4260 -1739.0708
v  -7.8740 2519.5825 -1674.8130
v  7.8740 2519.5825 -1674.8130
v  -7.8740 2519.5825 -1739.0708
v  7.8740 2519.5825 -1739.0708
v  -7.8740 2413.4993 -1825.1929
v  7.8740 2413.4993 -1825.1929
v  7.8740 2440.9448 -2952.7559
v  -7.8740 2440.9448 -2952.7559
v  -7.8740 2448.8188 -2952.7559
v  7.8740 2448.8188 -2952.7559
v  7.8740 2370.0789 -1574.8032
v  7.8740 2362.2048 -1574.8032
v  7.8740 2448.3630 -2944.7793
v  -7.8740 2362.2048 -1574.8032
v  -7.8740 2370.0789 -1574.8032
v  -7.8740 2448.3630 -2944.7793
v  -7.8740 2466.9197 -2944.7793
v  -7.8740 2519.5825 -2887.1797
v  7.8740 2519.5825 -2887.1797
v  7.8740 2466.9197 -2944.7793
v  -7.8740 2455.6143 -2933.6543
v  -7.8740 2452.2344 -2874.5078
v  7.8740 2452.2344 -2874.5078
v  7.8740 2455.6143 -2933.6543
v  7.8740 2447.3132 -2788.3857
v  -7.8740 2447.3132 -2788.3857
v  -7.8740 2508.9324 -2788.3857
v  7.8740 2508.9324 -2788.3857
v  7.8740 2519.5825 -2944.7793
v  -7.8740 2519.5825 -2944.7793
v  -7.8740 2450.7366 -2848.2939
v  7.8740 2450.7366 -2848.2939
v  -7.8740 2509.6909 -2874.5078
v  7.8740 2509.6909 -2874.5078
v  -7.8740 2421.6575 -1997.4370
v  7.8740 2421.6575 -1997.4370
v  7.8740 2519.5825 -1997.4370
v  -7.8740 2519.5825 -1997.4370
v  -7.8740 2519.5825 -1933.9668
v  7.8740 2519.5825 -1933.9668
v  -7.8740 2539.3701 -1476.3779
v  -7.8740 2539.3701 -2952.7559
v  7.8740 2539.3701 -2952.7559
v  7.8740 2539.3701 -1476.3779
v  7.8740 2403.0217 -2013.2876
v  -7.8740 2403.0217 -2013.2876
v  -7.8740 2501.7588 -2013.2876
v  7.8740 2501.7588 -2013.2876
v  -7.8740 2406.6787 -2077.2837
v  7.8740 2406.6787 -2077.2837
v  -7.8740 2378.0859 -1560.3564
v  7.8740 2378.0859 -1560.3564
v  7.8740 2499.6399 -1484.3853
v  -7.8740 2499.6399 -1484.3853
v  -7.8740 2378.0859 -1484.3853
v  7.8740 2378.0859 -1484.3853
v  -7.8740 2391.9585 -1819.6787
v  -7.8740 2388.2581 -1754.9214
v  7.8740 2388.2581 -1754.9214
v  7.8740 2391.9585 -1819.6787
v  7.8740 2378.4155 -1582.6772
v  -7.8740 2378.4155 -1582.6772
v  -7.8740 2497.5935 -1582.6772
v  7.8740 2497.5935 -1582.6772
v  -7.8740 2382.1399 -1647.8525
v  7.8740 2382.1399 -1647.8525
v  -7.8740 2387.0496 -1733.7734
v  -7.8740 2383.3369 -1668.7993
v  7.8740 2383.3369 -1668.7993
v  7.8740 2387.0496 -1733.7734
v  -7.8740 2498.4336 -1668.7993
v  7.8740 2498.4336 -1668.7993
v  -7.8740 2499.2705 -1754.9214
v  7.8740 2499.2705 -1754.9214
v  7.8740 2527.5591 -2952.7559
v  -7.8740 2527.5591 -2952.7559
v  -7.8740 2527.5591 -2944.7793
v  7.8740 2362.2048 -1476.3779
v  7.8740 2370.0789 -1476.3779
v  -7.8740 2362.2048 -1476.3779
v  -7.8740 2370.0789 -1476.3779
v  -7.8740 2519.5825 -2800.1709
v  -7.8740 2519.5825 -2858.6572
v  7.8740 2519.5825 -2858.6572
v  7.8740 2519.5825 -2800.1709
v  -7.8740 2462.7668 -2858.6572
v  7.8740 2462.7668 -2858.6572
v  7.8740 2454.4893 -2686.4131
v  -7.8740 2454.4893 -2686.4131
v  -7.8740 2519.5825 -2626.4590
v  7.8740 2519.5825 -2626.4590
v  7.8740 2458.6238 -2772.5352
v  -7.8740 2458.6238 -2772.5352
v  -7.8740 2519.5825 -2713.2695
v  7.8740 2519.5825 -2713.2695
v  -7.8740 2519.5825 -2772.5352
v  7.8740 2519.5825 -2772.5352
v  -7.8740 2519.5825 -2686.4131
v  7.8740 2519.5825 -2686.4131
v  -7.8740 2436.0757 -2591.7305
v  7.8740 2436.0757 -2591.7305
v  7.8740 2506.6028 -2530.0195
v  -7.8740 2506.6028 -2530.0195
v  -7.8740 2432.5493 -2530.0195
v  7.8740 2432.5493 -2530.0195
v  -7.8740 2519.5825 -2453.0537
v  -7.8740 2519.5825 -2514.1689
v  7.8740 2519.5825 -2514.1689
v  7.8740 2519.5825 -2453.0537
v  -7.8740 2446.2444 -2514.1689
v  7.8740 2446.2444 -2514.1689
v  -7.8740 2442.1323 -2428.0469
v  7.8740 2442.1323 -2428.0469
v  7.8740 2519.5825 -2428.0469
v  -7.8740 2519.5825 -2428.0469
v  -7.8740 2519.5825 -2366.4395
v  7.8740 2519.5825 -2366.4395
v  -7.8740 2438.0266 -2341.9248
v  7.8740 2438.0266 -2341.9248
v  7.8740 2519.5825 -2341.9248
v  -7.8740 2519.5825 -2341.9248
v  -7.8740 2519.5825 -2279.8716
v  7.8740 2519.5825 -2279.8716
v  -7.8740 2426.2854 -2420.3994
v  -7.8740 2422.7068 -2357.7754
v  7.8740 2422.7068 -2357.7754
v  7.8740 2426.2854 -2420.3994
v  -7.8740 2505.0117 -2357.7754
v  7.8740 2505.0117 -2357.7754
v  7.8740 2429.8320 -2169.6812
v  -7.8740 2429.8320 -2169.6812
v  -7.8740 2519.5825 -2106.8560
v  7.8740 2519.5825 -2106.8560
v  -7.8740 2519.5825 -2169.6812
v  7.8740 2519.5825 -2169.6812
v  -7.8740 2425.7424 -2083.5591
v  7.8740 2425.7424 -2083.5591
v  7.8740 2519.5825 -2083.5591
v  -7.8740 2519.5825 -2083.5591
v  -7.8740 2519.5825 -2020.3975
v  7.8740 2519.5825 -2020.3975
v  7.8740 2437.4707 -2616.1416
v  -7.8740 2437.4707 -2616.1416
v  -7.8740 2507.3875 -2616.1416
v  7.8740 2507.3875 -2616.1416
v  -7.8740 2445.8535 -2762.8438
v  -7.8740 2442.3918 -2702.2637
v  7.8740 2442.3918 -2702.2637
v  7.8740 2445.8535 -2762.8438
v  7.8740 2508.1643 -2702.2637
v  -7.8740 2508.1643 -2702.2637
v  7.8740 2412.8643 -2185.5317
v  -7.8740 2412.8643 -2185.5317
v  -7.8740 2503.3958 -2185.5317
v  7.8740 2503.3958 -2185.5317
v  7.8740 2378.0859 -1476.3779
v  7.8740 2378.0859 -1574.8032
v  7.8740 2527.5591 -1476.3779
v  7.8740 2519.5825 -1490.7695
v  7.8740 2527.5591 -2944.7793
v  7.8740 2519.5825 -1566.8267
v  7.8740 2397.8914 -1566.8267
v  7.8740 2393.1794 -1841.0435
v  7.8740 2396.8665 -1905.5669
v  7.8740 2398.1006 -1927.1655
v  7.8740 2401.7732 -1991.4360
v  7.8740 2407.9431 -2099.4097
v  7.8740 2411.5830 -2163.1074
v  7.8740 2416.4856 -2248.9038
v  7.8740 2417.7856 -2271.6538
v  7.8740 2421.3865 -2334.6689
v  7.8740 2427.6282 -2443.8975
v  7.8740 2431.1819 -2506.0879
v  7.8740 2440.9666 -2677.3193
v  7.8740 2519.5825 -2600.2910
v  7.8740 2519.5825 -2539.7246
v  7.8740 2519.5825 -2255.8032
v  7.8740 2519.5825 -2193.3457
v  7.8740 2519.5825 -1911.3149
v  7.8740 2519.5825 -1847.5610
v  7.8740 2405.3557 -1652.9487
v  7.8740 2500.1040 -1841.0435
v  7.8740 2417.5764 -1911.3149
v  7.8740 2500.9336 -1927.1655
v  7.8740 2502.5798 -2099.4097
v  7.8740 2433.9268 -2255.8032
v  7.8740 2504.2065 -2271.6538
v  7.8740 2505.8105 -2443.8975
v  7.8740 2450.3630 -2600.2910
v  -7.8740 2411.5830 -2163.1074
v  -7.8740 2502.5798 -2099.4097
v  -7.8740 2416.4856 -2248.9038
v  -7.8740 2421.3865 -2334.6689
v  -7.8740 2504.2065 -2271.6538
v  -7.8740 2417.7856 -2271.6538
v  -7.8740 2433.9268 -2255.8032
v  -7.8740 2519.5825 -2255.8032
v  -7.8740 2519.5825 -2193.3457
v  -7.8740 2431.1819 -2506.0879
v  -7.8740 2427.6282 -2443.8975
v  -7.8740 2505.8105 -2443.8975
v  -7.8740 2450.3630 -2600.2910
v  -7.8740 2519.5825 -2539.7246
v  -7.8740 2519.5825 -2600.2910
v  -7.8740 2440.9666 -2677.3193
v  -7.8740 2407.9431 -2099.4097
v  -7.8740 2417.5764 -1911.3149
v  -7.8740 2519.5825 -1847.5610
v  -7.8740 2519.5825 -1911.3149
v  -7.8740 2398.1006 -1927.1655
v  -7.8740 2500.9336 -1927.1655
v  -7.8740 2401.7732 -1991.4360
v  -7.8740 2527.5591 -1476.3779
v  -7.8740 2393.1794 -1841.0435
v  -7.8740 2500.1040 -1841.0435
v  -7.8740 2519.5825 -1490.7695
v  -7.8740 2519.5825 -1566.8267
v  -7.8740 2396.8665 -1905.5669
v  -7.8740 2405.3557 -1652.9487
v  -7.8740 2397.8914 -1566.8267
v  -125.9842 2519.5825 -1588.4658
v  -125.9842 2519.5825 -1652.9487
v  -110.2362 2519.5825 -1652.9487
v  -110.2362 2519.5825 -1588.4658
v  -125.9842 2519.5825 -1761.1772
v  -125.9842 2519.5825 -1825.1929
v  -110.2362 2519.5825 -1825.1929
v  -110.2362 2519.5825 -1761.1772
v  -110.2362 2409.4260 -1739.0708
v  -125.9842 2409.4260 -1739.0708
v  -125.9842 2519.5825 -1674.8130
v  -110.2362 2519.5825 -1674.8130
v  -125.9842 2519.5825 -1739.0708
v  -110.2362 2519.5825 -1739.0708
v  -125.9842 2413.4993 -1825.1929
v  -110.2362 2413.4993 -1825.1929
v  -110.2362 2440.9448 -2952.7559
v  -125.9842 2440.9448 -2952.7559
v  -125.9842 2448.8188 -2952.7559
v  -110.2362 2448.8188 -2952.7559
v  -110.2362 2370.0789 -1574.8032
v  -110.2362 2362.2048 -1574.8032
v  -110.2362 2448.3630 -2944.7793
v  -125.9842 2362.2048 -1574.8032
v  -125.9842 2370.0789 -1574.8032
v  -125.9842 2448.3630 -2944.7793
v  -125.9842 2466.9197 -2944.7793
v  -125.9842 2519.5825 -2887.1797
v  -110.2362 2519.5825 -2887.1797
v  -110.2362 2466.9197 -2944.7793
v  -125.9842 2455.6143 -2933.6543
v  -125.9842 2452.2344 -2874.5078
v  -110.2362 2452.2344 -2874.5078
v  -110.2362 2455.6143 -2933.6543
v  -110.2362 2447.3132 -2788.3857
v  -125.9842 2447.3132 -2788.3857
v  -125.9842 2508.9324 -2788.3857
v  -110.2362 2508.9324 -2788.3857
v  -110.2362 2519.5825 -2944.7793
v  -125.9842 2519.5825 -2944.7793
v  -125.9842 2450.7366 -2848.2939
v  -110.2362 2450.7366 -2848.2939
v  -125.9842 2509.6909 -2874.5078
v  -110.2362 2509.6909 -2874.5078
v  -125.9842 2421.6575 -1997.4370
v  -110.2362 2421.6575 -1997.4370
v  -110.2362 2519.5825 -1997.4370
v  -125.9842 2519.5825 -1997.4370
v  -125.9842 2519.5825 -1933.9668
v  -110.2362 2519.5825 -1933.9668
v  -125.9842 2539.3701 -1476.3779
v  -125.9842 2539.3701 -2952.7559
v  -110.2362 2539.3701 -2952.7559
v  -110.2362 2539.3701 -1476.3779
v  -110.2362 2403.0217 -2013.2876
v  -125.9842 2403.0217 -2013.2876
v  -125.9842 2501.7588 -2013.2876
v  -110.2362 2501.7588 -2013.2876
v  -125.9842 2406.6787 -2077.2837
v  -110.2362 2406.6787 -2077.2837
v  -125.9842 2378.0859 -1560.3564
v  -110.2362 2378.0859 -1560.3564
v  -110.2362 2499.6399 -1484.3853
v  -125.9842 2499.6399 -1484.3853
v  -125.9842 2378.0859 -1484.3853
v  -110.2362 2378.0859 -1484.3853
v  -125.9842 2391.9585 -1819.6787
v  -125.9842 2388.2581 -1754.9214
v  -110.2362 2388.2581 -1754.9214
v  -110.2362 2391.9585 -1819.6787
v  -110.2362 2378.4155 -1582.6772
v  -125.9842 2378.4155 -1582.6772
v  -125.9842 2497.5935 -1582.6772
v  -110.2362 2497.5935 -1582.6772
v  -125.9842 2382.1399 -1647.8525
v  -110.2362 2382.1399 -1647.8525
v  -125.9842 2387.0496 -1733.7734
v  -125.9842 2383.3369 -1668.7993
v  -110.2362 2383.3369 -1668.7993
v  -110.2362 2387.0496 -1733.7734
v  -125.9842 2498.4336 -1668.7993
v  -110.2362 2498.4336 -1668.7993
v  -125.9842 2499.2705 -1754.9214
v  -110.2362 2499.2705 -1754.9214
v  -110.2362 2527.5591 -2952.7559
v  -125.9842 2527.5591 -2952.7559
v  -125.9842 2393.1794 -1841.0435
v  -125.9842 2397.8914 -1566.8267
v  -125.9842 2519.5825 -1566.8267
v  -125.9842 2527.5591 -2944.7793
v  -125.9842 2519.5825 -1490.7695
v  -125.9842 2527.5591 -1476.3779
v  -125.9842 2378.0859 -1476.3779
v  -125.9842 2370.0789 -1476.3779
v  -125.9842 2519.5825 -1847.5610
v  -125.9842 2519.5825 -1911.3149
v  -125.9842 2519.5825 -2020.3975
v  -125.9842 2519.5825 -2083.5591
v  -125.9842 2519.5825 -2106.8560
v  -125.9842 2519.5825 -2169.6812
v  -125.9842 2519.5825 -2193.3457
v  -125.9842 2519.5825 -2255.8032
v  -125.9842 2519.5825 -2279.8716
v  -125.9842 2519.5825 -2341.9248
v  -125.9842 2519.5825 -2366.4395
v  -125.9842 2519.5825 -2428.0469
v  -125.9842 2519.5825 -2453.0537
v  -125.9842 2519.5825 -2514.1689
v  -125.9842 2519.5825 -2539.7246
v  -125.9842 2519.5825 -2600.2910
v  -125.9842 2519.5825 -2626.4590
v  -125.9842 2519.5825 -2686.4131
v  -125.9842 2519.5825 -2713.2695
v  -125.9842 2519.5825 -2772.5352
v  -125.9842 2519.5825 -2800.1709
v  -125.9842 2519.5825 -2858.6572
v  -125.9842 2445.8535 -2762.8438
v  -125.9842 2442.3918 -2702.2637
v  -125.9842 2440.9666 -2677.3193
v  -125.9842 2437.4707 -2616.1416
v  -125.9842 2436.0757 -2591.7305
v  -125.9842 2432.5493 -2530.0195
v  -125.9842 2431.1819 -2506.0879
v  -125.9842 2427.6282 -2443.8975
v  -125.9842 2426.2854 -2420.3994
v  -125.9842 2422.7068 -2357.7754
v  -125.9842 2421.3865 -2334.6689
v  -125.9842 2417.7856 -2271.6538
v  -125.9842 2416.4856 -2248.9038
v  -125.9842 2412.8643 -2185.5317
v  -125.9842 2411.5830 -2163.1074
v  -125.9842 2407.9431 -2099.4097
v  -125.9842 2401.7732 -1991.4360
v  -125.9842 2398.1006 -1927.1655
v  -125.9842 2396.8665 -1905.5669
v  -125.9842 2417.5764 -1911.3149
v  -125.9842 2500.1040 -1841.0435
v  -125.9842 2500.9336 -1927.1655
v  -125.9842 2425.7424 -2083.5591
v  -125.9842 2502.5798 -2099.4097
v  -125.9842 2429.8320 -2169.6812
v  -125.9842 2503.3958 -2185.5317
v  -125.9842 2433.9268 -2255.8032
v  -125.9842 2504.2065 -2271.6538
v  -125.9842 2438.0266 -2341.9248
v  -125.9842 2505.0117 -2357.7754
v  -125.9842 2442.1323 -2428.0469
v  -125.9842 2505.8105 -2443.8975
v  -125.9842 2446.2444 -2514.1689
v  -125.9842 2506.6028 -2530.0195
v  -125.9842 2450.3630 -2600.2910
v  -125.9842 2507.3875 -2616.1416
v  -125.9842 2454.4893 -2686.4131
v  -125.9842 2508.1643 -2702.2637
v  -125.9842 2458.6238 -2772.5352
v  -125.9842 2462.7668 -2858.6572
v  -125.9842 2405.3557 -1652.9487
v  -110.2362 2362.2048 -1476.3779
v  -110.2362 2370.0789 -1476.3779
v  -125.9842 2362.2048 -1476.3779
v  -110.2362 2519.5825 -2858.6572
v  -110.2362 2519.5825 -2800.1709
v  -110.2362 2462.7668 -2858.6572
v  -110.2362 2454.4893 -2686.4131
v  -110.2362 2519.5825 -2626.4590
v  -110.2362 2458.6238 -2772.5352
v  -110.2362 2519.5825 -2713.2695
v  -110.2362 2519.5825 -2772.5352
v  -110.2362 2519.5825 -2686.4131
v  -110.2362 2436.0757 -2591.7305
v  -110.2362 2506.6028 -2530.0195
v  -110.2362 2432.5493 -2530.0195
v  -110.2362 2519.5825 -2514.1689
v  -110.2362 2519.5825 -2453.0537
v  -110.2362 2446.2444 -2514.1689
v  -110.2362 2442.1323 -2428.0469
v  -110.2362 2519.5825 -2428.0469
v  -110.2362 2519.5825 -2366.4395
v  -110.2362 2438.0266 -2341.9248
v  -110.2362 2519.5825 -2341.9248
v  -110.2362 2519.5825 -2279.8716
v  -110.2362 2422.7068 -2357.7754
v  -110.2362 2426.2854 -2420.3994
v  -110.2362 2505.0117 -2357.7754
v  -110.2362 2429.8320 -2169.6812
v  -110.2362 2519.5825 -2106.8560
v  -110.2362 2519.5825 -2169.6812
v  -110.2362 2425.7424 -2083.5591
v  -110.2362 2519.5825 -2083.5591
v  -110.2362 2519.5825 -2020.3975
v  -110.2362 2437.4707 -2616.1416
v  -110.2362 2507.3875 -2616.1416
v  -110.2362 2442.3918 -2702.2637
v  -110.2362 2445.8535 -2762.8438
v  -110.2362 2508.1643 -2702.2637
v  -110.2362 2412.8643 -2185.5317
v  -110.2362 2503.3958 -2185.5317
v  -110.2362 2378.0859 -1476.3779
v  -110.2362 2378.0859 -1574.8032
v  -110.2362 2527.5591 -1476.3779
v  -110.2362 2519.5825 -1490.7695
v  -110.2362 2527.5591 -2944.7793
v  -110.2362 2519.5825 -1566.8267
v  -110.2362 2397.8914 -1566.8267
v  -110.2362 2393.1794 -1841.0435
v  -110.2362 2396.8665 -1905.5669
v  -110.2362 2398.1006 -1927.1655
v  -110.2362 2401.7732 -1991.4360
v  -110.2362 2407.9431 -2099.4097
v  -110.2362 2411.5830 -2163.1074
v  -110.2362 2416.4856 -2248.9038
v  -110.2362 2417.7856 -2271.6538
v  -110.2362 2421.3865 -2334.6689
v  -110.2362 2427.6282 -2443.8975
v  -110.2362 2431.1819 -2506.0879
v  -110.2362 2440.9666 -2677.3193
v  -110.2362 2519.5825 -2600.2910
v  -110.2362 2519.5825 -2539.7246
v  -110.2362 2519.5825 -2255.8032
v  -110.2362 2519.5825 -2193.3457
v  -110.2362 2519.5825 -1911.3149
v  -110.2362 2519.5825 -1847.5610
v  -110.2362 2405.3557 -1652.9487
v  -110.2362 2500.1040 -1841.0435
v  -110.2362 2417.5764 -1911.3149
v  -110.2362 2500.9336 -1927.1655
v  -110.2362 2502.5798 -2099.4097
v  -110.2362 2433.9268 -2255.8032
v  -110.2362 2504.2065 -2271.6538
v  -110.2362 2505.8105 -2443.8975
v  -110.2362 2450.3630 -2600.2910
v  228.3465 2519.5825 -1588.4658
v  228.3465 2519.5825 -1652.9487
v  244.0945 2519.5825 -1652.9487
v  244.0945 2519.5825 -1588.4658
v  228.3465 2519.5825 -1761.1772
v  228.3465 2519.5825 -1825.1929
v  244.0945 2519.5825 -1825.1929
v  244.0945 2519.5825 -1761.1772
v  244.0945 2409.4260 -1739.0708
v  228.3465 2409.4260 -1739.0708
v  228.3465 2519.5825 -1674.8130
v  244.0945 2519.5825 -1674.8130
v  228.3465 2519.5825 -1739.0708
v  244.0945 2519.5825 -1739.0708
v  228.3465 2413.4993 -1825.1929
v  244.0945 2413.4993 -1825.1929
v  244.0945 2440.9448 -2952.7559
v  228.3465 2440.9448 -2952.7559
v  228.3465 2448.8188 -2952.7559
v  244.0945 2448.8188 -2952.7559
v  244.0945 2370.0789 -1574.8032
v  244.0945 2362.2048 -1574.8032
v  228.3465 2362.2048 -1574.8032
v  228.3465 2370.0789 -1574.8032
v  228.3465 2448.3630 -2944.7793
v  228.3465 2466.9197 -2944.7793
v  228.3465 2519.5825 -2887.1797
v  244.0945 2519.5825 -2887.1797
v  244.0945 2466.9197 -2944.7793
v  228.3465 2455.6143 -2933.6543
v  228.3465 2452.2344 -2874.5078
v  244.0945 2452.2344 -2874.5078
v  244.0945 2455.6143 -2933.6543
v  244.0945 2447.3132 -2788.3857
v  228.3465 2447.3132 -2788.3857
v  228.3465 2508.9324 -2788.3857
v  244.0945 2508.9324 -2788.3857
v  244.0945 2519.5825 -2944.7793
v  228.3465 2519.5825 -2944.7793
v  228.3465 2450.7366 -2848.2939
v  244.0945 2450.7366 -2848.2939
v  228.3465 2509.6909 -2874.5078
v  244.0945 2509.6909 -2874.5078
v  228.3465 2421.6575 -1997.4370
v  244.0945 2421.6575 -1997.4370
v  244.0945 2519.5825 -1997.4370
v  228.3465 2519.5825 -1997.4370
v  228.3465 2519.5825 -1933.9668
v  244.0945 2519.5825 -1933.9668
v  228.3465 2539.3701 -1476.3779
v  228.3465 2539.3701 -2952.7559
v  244.0945 2539.3701 -2952.7559
v  244.0945 2539.3701 -1476.3779
v  244.0945 2403.0217 -2013.2876
v  228.3465 2403.0217 -2013.2876
v  228.3465 2501.7588 -2013.2876
v  244.0945 2501.7588 -2013.2876
v  228.3465 2406.6787 -2077.2837
v  244.0945 2406.6787 -2077.2837
v  228.3465 2378.0859 -1560.3564
v  244.0945 2378.0859 -1560.3564
v  244.0945 2499.6399 -1484.3853
v  228.3465 2499.6399 -1484.3853
v  228.3465 2378.0859 -1484.3853
v  244.0945 2378.0859 -1484.3853
v  228.3465 2391.9585 -1819.6787
v  228.3465 2388.2581 -1754.9214
v  244.0945 2388.2581 -1754.9214
v  244.0945 2391.9585 -1819.6787
v  244.0945 2378.4155 -1582.6772
v  228.3465 2378.4155 -1582.6772
v  228.3465 2497.5935 -1582.6772
v  244.0945 2497.5935 -1582.6772
v  228.3465 2382.1399 -1647.8525
v  244.0945 2382.1399 -1647.8525
v  228.3465 2387.0496 -1733.7734
v  228.3465 2383.3369 -1668.7993
v  244.0945 2383.3369 -1668.7993
v  244.0945 2387.0496 -1733.7734
v  228.3465 2498.4336 -1668.7993
v  244.0945 2498.4336 -1668.7993
v  228.3465 2499.2705 -1754.9214
v  244.0945 2499.2705 -1754.9214
v  244.0945 2527.5591 -2952.7559
v  228.3465 2527.5591 -2952.7559
v  244.0945 2527.5591 -1476.3779
v  228.3465 2393.1794 -1841.0435
v  228.3465 2397.8914 -1566.8267
v  228.3465 2519.5825 -1566.8267
v  228.3465 2527.5591 -2944.7793
v  228.3465 2519.5825 -1490.7695
v  228.3465 2527.5591 -1476.3779
v  228.3465 2378.0859 -1476.3779
v  228.3465 2370.0789 -1476.3779
v  228.3465 2519.5825 -1847.5610
v  228.3465 2519.5825 -1911.3149
v  228.3465 2519.5825 -2020.3975
v  228.3465 2519.5825 -2083.5591
v  228.3465 2519.5825 -2106.8560
v  228.3465 2519.5825 -2169.6812
v  228.3465 2519.5825 -2193.3457
v  228.3465 2519.5825 -2255.8032
v  228.3465 2519.5825 -2279.8716
v  228.3465 2519.5825 -2341.9248
v  228.3465 2519.5825 -2366.4395
v  228.3465 2519.5825 -2428.0469
v  228.3465 2519.5825 -2453.0537
v  228.3465 2519.5825 -2514.1689
v  228.3465 2519.5825 -2539.7246
v  228.3465 2519.5825 -2600.2910
v  228.3465 2519.5825 -2626.4590
v  228.3465 2519.5825 -2686.4131
v  228.3465 2519.5825 -2713.2695
v  228.3465 2519.5825 -2772.5352
v  228.3465 2519.5825 -2800.1709
v  228.3465 2519.5825 -2858.6572
v  228.3465 2445.8535 -2762.8438
v  228.3465 2442.3918 -2702.2637
v  228.3465 2440.9666 -2677.3193
v  228.3465 2437.4707 -2616.1416
v  228.3465 2436.0757 -2591.7305
v  228.3465 2432.5493 -2530.0195
v  228.3465 2431.1819 -2506.0879
v  228.3465 2427.6282 -2443.8975
v  228.3465 2426.2854 -2420.3994
v  228.3465 2422.7068 -2357.7754
v  228.3465 2421.3865 -2334.6689
v  228.3465 2417.7856 -2271.6538
v  228.3465 2416.4856 -2248.9038
v  228.3465 2412.8643 -2185.5317
v  228.3465 2411.5830 -2163.1074
v  228.3465 2407.9431 -2099.4097
v  228.3465 2401.7732 -1991.4360
v  228.3465 2398.1006 -1927.1655
v  228.3465 2396.8665 -1905.5669
v  228.3465 2417.5764 -1911.3149
v  228.3465 2500.1040 -1841.0435
v  228.3465 2500.9336 -1927.1655
v  228.3465 2425.7424 -2083.5591
v  228.3465 2502.5798 -2099.4097
v  228.3465 2429.8320 -2169.6812
v  228.3465 2503.3958 -2185.5317
v  228.3465 2433.9268 -2255.8032
v  228.3465 2504.2065 -2271.6538
v  228.3465 2438.0266 -2341.9248
v  228.3465 2505.0117 -2357.7754
v  228.3465 2442.1323 -2428.0469
v  228.3465 2505.8105 -2443.8975
v  228.3465 2446.2444 -2514.1689
v  228.3465 2506.6028 -2530.0195
v  228.3465 2450.3630 -2600.2910
v  228.3465 2507.3875 -2616.1416
v  228.3465 2454.4893 -2686.4131
v  228.3465 2508.1643 -2702.2637
v  228.3465 2458.6238 -2772.5352
v  228.3465 2462.7668 -2858.6572
v  228.3465 2405.3557 -1652.9487
v  244.0945 2370.0789 -1476.3779
v  244.0945 2362.2048 -1476.3779
v  228.3465 2362.2048 -1476.3779
v  244.0945 2519.5825 -2858.6572
v  244.0945 2519.5825 -2800.1709
v  244.0945 2462.7668 -2858.6572
v  244.0945 2454.4893 -2686.4131
v  244.0945 2519.5825 -2626.4590
v  244.0945 2458.6238 -2772.5352
v  244.0945 2519.5825 -2713.2695
v  244.0945 2519.5825 -2772.5352
v  244.0945 2519.5825 -2686.4131
v  244.0945 2436.0757 -2591.7305
v  244.0945 2506.6028 -2530.0195
v  244.0945 2432.5493 -2530.0195
v  244.0945 2519.5825 -2514.1689
v  244.0945 2519.5825 -2453.0537
v  244.0945 2446.2444 -2514.1689
v  244.0945 2442.1323 -2428.0469
v  244.0945 2519.5825 -2428.0469
v  244.0945 2519.5825 -2366.4395
v  244.0945 2438.0266 -2341.9248
v  244.0945 2519.5825 -2341.9248
v  244.0945 2519.5825 -2279.8716
v  244.0945 2422.7068 -2357.7754
v  244.0945 2426.2854 -2420.3994
v  244.0945 2505.0117 -2357.7754
v  244.0945 2429.8320 -2169.6812
v  244.0945 2519.5825 -2106.8560
v  244.0945 2519.5825 -2169.6812
v  244.0945 2425.7424 -2083.5591
v  244.0945 2519.5825 -2083.5591
v  244.0945 2519.5825 -2020.3975
v  244.0945 2437.4707 -2616.1416
v  244.0945 2507.3875 -2616.1416
v  244.0945 2442.3918 -2702.2637
v  244.0945 2445.8535 -2762.8438
v  244.0945 2508.1643 -2702.2637
v  244.0945 2412.8643 -2185.5317
v  244.0945 2503.3958 -2185.5317
v  244.0945 2397.8914 -1566.8267
v  244.0945 2519.5825 -1566.8267
v  244.0945 2519.5825 -1490.7695
v  244.0945 2405.3557 -1652.9487
v  244.0945 2393.1794 -1841.0435
v  244.0945 2396.8665 -1905.5669
v  244.0945 2398.1006 -1927.1655
v  244.0945 2401.7732 -1991.4360
v  244.0945 2407.9431 -2099.4097
v  244.0945 2411.5830 -2163.1074
v  244.0945 2416.4856 -2248.9038
v  244.0945 2417.7856 -2271.6538
v  244.0945 2421.3865 -2334.6689
v  244.0945 2427.6282 -2443.8975
v  244.0945 2431.1819 -2506.0879
v  244.0945 2440.9666 -2677.3193
v  244.0945 2519.5825 -2600.2910
v  244.0945 2519.5825 -2539.7246
v  244.0945 2519.5825 -2255.8032
v  244.0945 2519.5825 -2193.3457
v  244.0945 2519.5825 -1911.3149
v  244.0945 2519.5825 -1847.5610
v  244.0945 2500.1040 -1841.0435
v  244.0945 2417.5764 -1911.3149
v  244.0945 2500.9336 -1927.1655
v  244.0945 2502.5798 -2099.4097
v  244.0945 2433.9268 -2255.8032
v  244.0945 2504.2065 -2271.6538
v  244.0945 2505.8105 -2443.8975
v  244.0945 2450.3630 -2600.2910
v  72.8843 2318.8977 -1397.0796
v  49.8769 2318.8977 -1380.9180
v  72.9273 2279.5276 -1336.8013
v  106.5675 2279.5276 -1360.4321
v  107.6094 2318.8977 -1471.8428
v  102.7688 2318.8977 -1444.1460
v  150.2630 2279.5276 -1429.2500
v  157.3406 2279.5276 -1469.7466
v  153.6957 2279.5276 -1510.6953
v  105.1165 2318.8977 -1499.8486
v  23.4705 2318.8977 -1371.2617
v  34.3173 2279.5276 -1322.6821
v  90.9247 2318.8977 -1418.6455
v  132.9453 2279.5276 -1391.9648
v  -4.5354 2318.8977 -1368.7686
v  -6.6315 2279.5276 -1319.0376
v  125.9843 2378.0859 -1392.3999
v  125.9843 2378.0859 -1377.9526
v  228.3465 2378.0859 -1377.9526
v  125.9843 2378.0859 -1468.3711
v  125.9843 2378.0859 -1476.3779
v  228.3465 2378.0859 -1392.3999
v  228.3465 2378.0859 -1468.3711
v  125.9843 2370.0789 -1377.9526
v  125.9843 2370.0789 -1476.3779
v  125.9843 2499.6399 -1468.3711
v  125.9843 2527.5591 -1476.3779
v  125.9843 2519.5825 -1461.9863
v  125.9843 2519.5825 -1385.9292
v  125.9843 2519.5825 -1364.2900
v  125.9843 2519.5825 -1299.8071
v  125.9843 2519.5825 -1277.9434
v  125.9843 2519.5825 -1213.6855
v  125.9843 2519.5825 -1191.5791
v  125.9843 2519.5825 -1127.5635
v  125.9843 2519.5825 -1105.1948
v  125.9843 2519.5825 -1041.4414
v  125.9843 2519.5825 -1018.7891
v  125.9843 2519.5825 -955.3193
v  125.9843 2519.5825 -932.3589
v  125.9843 2519.5825 -869.1973
v  125.9843 2519.5825 -845.9004
v  125.9843 2519.5825 -783.0752
v  125.9843 2519.5825 -759.4102
v  125.9843 2519.5825 -696.9531
v  125.9843 2519.5825 -672.8843
v  125.9843 2519.5825 -610.8311
v  125.9843 2519.5825 -586.3169
v  125.9843 2519.5825 -524.7090
v  125.9843 2519.5825 -499.7021
v  125.9843 2519.5825 -438.5869
v  125.9843 2519.5825 -413.0317
v  125.9843 2519.5825 -352.4648
v  125.9843 2519.5825 -326.2969
v  125.9843 2519.5825 -266.3428
v  125.9843 2519.5825 -239.4863
v  125.9843 2519.5825 -180.2207
v  125.9843 2519.5825 -152.5854
v  125.9843 2519.5825 -94.0986
v  125.9843 2519.5825 -65.5767
v  125.9843 2527.5591 -7.9766
v  125.9843 2519.5825 -7.9766
v  125.9843 2509.6909 -78.2480
v  125.9843 2455.6143 -19.1016
v  125.9843 2466.9197 -7.9766
v  125.9843 2448.3630 -7.9766
v  125.9843 2452.2344 -78.2480
v  125.9843 2450.7366 -104.4624
v  125.9843 2447.3132 -164.3701
v  125.9843 2445.8535 -189.9126
v  125.9843 2442.3918 -250.4922
v  125.9843 2440.9666 -275.4370
v  125.9843 2437.4707 -336.6143
v  125.9843 2436.0757 -361.0254
v  125.9843 2432.5493 -422.7363
v  125.9843 2431.1819 -446.6680
v  125.9843 2427.6282 -508.8584
v  125.9843 2426.2854 -532.3569
v  125.9843 2422.7068 -594.9805
v  125.9843 2421.3865 -618.0869
v  125.9843 2417.7856 -681.1025
v  125.9843 2416.4856 -703.8525
v  125.9843 2412.8643 -767.2246
v  125.9843 2411.5830 -789.6489
v  125.9843 2407.9431 -853.3467
v  125.9843 2406.6787 -875.4722
v  125.9843 2403.0217 -939.4688
v  125.9843 2401.7732 -961.3203
v  125.9843 2398.1006 -1025.5908
v  125.9843 2396.8665 -1047.1890
v  125.9843 2393.1794 -1111.7129
v  125.9843 2391.9585 -1133.0776
v  125.9843 2388.2581 -1197.8350
v  125.9843 2387.0496 -1218.9829
v  125.9843 2383.3369 -1283.9565
v  125.9843 2382.1399 -1304.9033
v  125.9843 2378.4155 -1370.0786
v  125.9843 2497.5935 -1370.0786
v  125.9843 2405.3557 -1299.8071
v  125.9843 2498.4336 -1283.9565
v  125.9843 2409.4260 -1213.6855
v  125.9843 2499.2705 -1197.8350
v  125.9843 2413.4993 -1127.5635
v  125.9843 2500.1040 -1111.7129
v  125.9843 2417.5764 -1041.4414
v  125.9843 2500.9336 -1025.5908
v  125.9843 2421.6575 -955.3193
v  125.9843 2501.7588 -939.4688
v  125.9843 2425.7424 -869.1973
v  125.9843 2502.5798 -853.3467
v  125.9843 2429.8320 -783.0752
v  125.9843 2503.3958 -767.2246
v  125.9843 2433.9268 -696.9531
v  125.9843 2504.2065 -681.1025
v  125.9843 2438.0266 -610.8311
v  125.9843 2505.0117 -594.9805
v  125.9843 2442.1323 -524.7090
v  125.9843 2505.8105 -508.8584
v  125.9843 2446.2444 -438.5869
v  125.9843 2506.6028 -422.7363
v  125.9843 2450.3630 -352.4648
v  125.9843 2507.3875 -336.6143
v  125.9843 2454.4893 -266.3428
v  125.9843 2508.1643 -250.4922
v  125.9843 2458.6238 -180.2207
v  125.9843 2508.9324 -164.3701
v  125.9843 2462.7668 -94.0986
v  125.9843 2397.8914 -1385.9292
v  228.3465 2370.0789 -1377.9526
v  228.3465 2499.6399 -1468.3711
v  228.3465 2519.5825 -1461.9863
v  228.3465 2519.5825 -1385.9292
v  228.3465 2519.5825 -1364.2900
v  228.3465 2519.5825 -1299.8071
v  228.3465 2519.5825 -1277.9434
v  228.3465 2519.5825 -1213.6855
v  228.3465 2519.5825 -1191.5791
v  228.3465 2519.5825 -1127.5635
v  228.3465 2519.5825 -1105.1948
v  228.3465 2519.5825 -1041.4414
v  228.3465 2519.5825 -1018.7891
v  228.3465 2519.5825 -955.3193
v  228.3465 2519.5825 -932.3589
v  228.3465 2519.5825 -869.1973
v  228.3465 2519.5825 -845.9004
v  228.3465 2519.5825 -783.0752
v  228.3465 2519.5825 -759.4102
v  228.3465 2519.5825 -696.9531
v  228.3465 2519.5825 -672.8843
v  228.3465 2519.5825 -610.8311
v  228.3465 2519.5825 -586.3169
v  228.3465 2519.5825 -524.7090
v  228.3465 2519.5825 -499.7021
v  228.3465 2519.5825 -438.5869
v  228.3465 2519.5825 -413.0317
v  228.3465 2519.5825 -352.4648
v  228.3465 2519.5825 -326.2969
v  228.3465 2519.5825 -266.3428
v  228.3465 2519.5825 -239.4863
v  228.3465 2519.5825 -180.2207
v  228.3465 2519.5825 -152.5854
v  228.3465 2519.5825 -94.0986
v  228.3465 2519.5825 -65.5767
v  228.3465 2519.5825 -7.9766
v  228.3465 2527.5591 -7.9766
v  228.3465 2509.6909 -78.2480
v  228.3465 2452.2344 -78.2480
v  228.3465 2462.7668 -94.0986
v  228.3465 2450.7366 -104.4624
v  228.3465 2455.6143 -19.1016
v  228.3465 2448.3630 -7.9766
v  228.3465 2466.9197 -7.9766
v  228.3465 2447.3132 -164.3701
v  228.3465 2445.8535 -189.9126
v  228.3465 2458.6238 -180.2207
v  228.3465 2508.9324 -164.3701
v  228.3465 2508.1643 -250.4922
v  228.3465 2442.3918 -250.4922
v  228.3465 2454.4893 -266.3428
v  228.3465 2440.9666 -275.4370
v  228.3465 2437.4707 -336.6143
v  228.3465 2436.0757 -361.0254
v  228.3465 2450.3630 -352.4648
v  228.3465 2507.3875 -336.6143
v  228.3465 2506.6028 -422.7363
v  228.3465 2432.5493 -422.7363
v  228.3465 2446.2444 -438.5869
v  228.3465 2431.1819 -446.6680
v  228.3465 2427.6282 -508.8584
v  228.3465 2426.2854 -532.3569
v  228.3465 2442.1323 -524.7090
v  228.3465 2505.8105 -508.8584
v  228.3465 2505.0117 -594.9805
v  228.3465 2422.7068 -594.9805
v  228.3465 2438.0266 -610.8311
v  228.3465 2421.3865 -618.0869
v  228.3465 2417.7856 -681.1025
v  228.3465 2416.4856 -703.8525
v  228.3465 2433.9268 -696.9531
v  228.3465 2504.2065 -681.1025
v  228.3465 2503.3958 -767.2246
v  228.3465 2412.8643 -767.2246
v  228.3465 2429.8320 -783.0752
v  228.3465 2411.5830 -789.6489
v  228.3465 2407.9431 -853.3467
v  228.3465 2406.6787 -875.4722
v  228.3465 2425.7424 -869.1973
v  228.3465 2502.5798 -853.3467
v  228.3465 2501.7588 -939.4688
v  228.3465 2403.0217 -939.4688
v  228.3465 2421.6575 -955.3193
v  228.3465 2401.7732 -961.3203
v  228.3465 2398.1006 -1025.5908
v  228.3465 2396.8665 -1047.1890
v  228.3465 2417.5764 -1041.4414
v  228.3465 2500.9336 -1025.5908
v  228.3465 2500.1040 -1111.7129
v  228.3465 2393.1794 -1111.7129
v  228.3465 2413.4993 -1127.5635
v  228.3465 2391.9585 -1133.0776
v  228.3465 2388.2581 -1197.8350
v  228.3465 2387.0496 -1218.9829
v  228.3465 2409.4260 -1213.6855
v  228.3465 2499.2705 -1197.8350
v  228.3465 2498.4336 -1283.9565
v  228.3465 2383.3369 -1283.9565
v  228.3465 2405.3557 -1299.8071
v  228.3465 2382.1399 -1304.9033
v  228.3465 2378.4155 -1370.0786
v  228.3465 2497.5935 -1370.0786
v  228.3465 2397.8914 -1385.9292
v  7.8740 2370.0789 -1377.9526
v  7.8740 2378.0859 -1377.9526
v  7.8740 2378.0859 -1392.3999
v  7.8740 2378.0859 -1468.3711
v  7.8740 2499.6399 -1468.3711
v  7.8740 2519.5825 -1461.9863
v  7.8740 2519.5825 -1385.9292
v  7.8740 2519.5825 -1364.2900
v  7.8740 2519.5825 -1299.8071
v  7.8740 2519.5825 -1277.9434
v  7.8740 2519.5825 -1213.6855
v  7.8740 2519.5825 -1191.5791
v  7.8740 2519.5825 -1127.5635
v  7.8740 2519.5825 -1105.1948
v  7.8740 2519.5825 -1041.4414
v  7.8740 2519.5825 -1018.7891
v  7.8740 2519.5825 -955.3193
v  7.8740 2519.5825 -932.3589
v  7.8740 2519.5825 -869.1973
v  7.8740 2519.5825 -845.9004
v  7.8740 2519.5825 -783.0752
v  7.8740 2519.5825 -759.4102
v  7.8740 2519.5825 -696.9531
v  7.8740 2519.5825 -672.8843
v  7.8740 2519.5825 -610.8311
v  7.8740 2519.5825 -586.3169
v  7.8740 2519.5825 -524.7090
v  7.8740 2519.5825 -499.7021
v  7.8740 2519.5825 -438.5869
v  7.8740 2519.5825 -413.0317
v  7.8740 2519.5825 -352.4648
v  7.8740 2519.5825 -326.2969
v  7.8740 2519.5825 -266.3428
v  7.8740 2519.5825 -239.4863
v  7.8740 2519.5825 -180.2207
v  7.8740 2519.5825 -152.5854
v  7.8740 2519.5825 -94.0986
v  7.8740 2519.5825 -65.5767
v  7.8740 2527.5591 -7.9766
v  7.8740 2519.5825 -7.9766
v  7.8740 2509.6909 -78.2480
v  7.8740 2455.6143 -19.1016
v  7.8740 2466.9197 -7.9766
v  7.8740 2448.3630 -7.9766
v  7.8740 2452.2344 -78.2480
v  7.8740 2450.7366 -104.4624
v  7.8740 2447.3132 -164.3701
v  7.8740 2445.8535 -189.9126
v  7.8740 2442.3918 -250.4922
v  7.8740 2440.9666 -275.4370
v  7.8740 2437.4707 -336.6143
v  7.8740 2436.0757 -361.0254
v  7.8740 2432.5493 -422.7363
v  7.8740 2431.1819 -446.6680
v  7.8740 2427.6282 -508.8584
v  7.8740 2426.2854 -532.3569
v  7.8740 2422.7068 -594.9805
v  7.8740 2421.3865 -618.0869
v  7.8740 2417.7856 -681.1025
v  7.8740 2416.4856 -703.8525
v  7.8740 2412.8643 -767.2246
v  7.8740 2411.5830 -789.6489
v  7.8740 2407.9431 -853.3467
v  7.8740 2406.6787 -875.4722
v  7.8740 2403.0217 -939.4688
v  7.8740 2401.7732 -961.3203
v  7.8740 2398.1006 -1025.5908
v  7.8740 2396.8665 -1047.1890
v  7.8740 2393.1794 -1111.7129
v  7.8740 2391.9585 -1133.0776
v  7.8740 2388.2581 -1197.8350
v  7.8740 2387.0496 -1218.9829
v  7.8740 2383.3369 -1283.9565
v  7.8740 2382.1399 -1304.9033
v  7.8740 2378.4155 -1370.0786
v  7.8740 2497.5935 -1370.0786
v  7.8740 2405.3557 -1299.8071
v  7.8740 2498.4336 -1283.9565
v  7.8740 2409.4260 -1213.6855
v  7.8740 2499.2705 -1197.8350
v  7.8740 2413.4993 -1127.5635
v  7.8740 2500.1040 -1111.7129
v  7.8740 2417.5764 -1041.4414
v  7.8740 2500.9336 -1025.5908
v  7.8740 2421.6575 -955.3193
v  7.8740 2501.7588 -939.4688
v  7.8740 2425.7424 -869.1973
v  7.8740 2502.5798 -853.3467
v  7.8740 2429.8320 -783.0752
v  7.8740 2503.3958 -767.2246
v  7.8740 2433.9268 -696.9531
v  7.8740 2504.2065 -681.1025
v  7.8740 2438.0266 -610.8311
v  7.8740 2505.0117 -594.9805
v  7.8740 2442.1323 -524.7090
v  7.8740 2505.8105 -508.8584
v  7.8740 2446.2444 -438.5869
v  7.8740 2506.6028 -422.7363
v  7.8740 2450.3630 -352.4648
v  7.8740 2507.3875 -336.6143
v  7.8740 2454.4893 -266.3428
v  7.8740 2508.1643 -250.4922
v  7.8740 2458.6238 -180.2207
v  7.8740 2508.9324 -164.3701
v  7.8740 2462.7668 -94.0986
v  7.8740 2397.8914 -1385.9292
v  110.2362 2378.0859 -1377.9526
v  110.2362 2370.0789 -1377.9526
v  110.2362 2370.0789 -1476.3779
v  110.2362 2378.0859 -1392.3999
v  110.2362 2378.0859 -1468.3711
v  110.2362 2527.5591 -1476.3779
v  110.2362 2499.6399 -1468.3711
v  110.2362 2519.5825 -1461.9863
v  110.2362 2519.5825 -1385.9292
v  110.2362 2519.5825 -1364.2900
v  110.2362 2519.5825 -1299.8071
v  110.2362 2519.5825 -1277.9434
v  110.2362 2519.5825 -1213.6855
v  110.2362 2519.5825 -1191.5791
v  110.2362 2519.5825 -1127.5635
v  110.2362 2519.5825 -1105.1948
v  110.2362 2519.5825 -1041.4414
v  110.2362 2519.5825 -1018.7891
v  110.2362 2519.5825 -955.3193
v  110.2362 2519.5825 -932.3589
v  110.2362 2519.5825 -869.1973
v  110.2362 2519.5825 -845.9004
v  110.2362 2519.5825 -783.0752
v  110.2362 2519.5825 -759.4102
v  110.2362 2519.5825 -696.9531
v  110.2362 2519.5825 -672.8843
v  110.2362 2519.5825 -610.8311
v  110.2362 2519.5825 -586.3169
v  110.2362 2519.5825 -524.7090
v  110.2362 2519.5825 -499.7021
v  110.2362 2519.5825 -438.5869
v  110.2362 2519.5825 -413.0317
v  110.2362 2519.5825 -352.4648
v  110.2362 2519.5825 -326.2969
v  110.2362 2519.5825 -266.3428
v  110.2362 2519.5825 -239.4863
v  110.2362 2519.5825 -180.2207
v  110.2362 2519.5825 -152.5854
v  110.2362 2519.5825 -94.0986
v  110.2362 2519.5825 -65.5767
v  110.2362 2519.5825 -7.9766
v  110.2362 2527.5591 -7.9766
v  110.2362 2509.6909 -78.2480
v  110.2362 2452.2344 -78.2480
v  110.2362 2462.7668 -94.0986
v  110.2362 2450.7366 -104.4624
v  110.2362 2455.6143 -19.1016
v  110.2362 2448.3630 -7.9766
v  110.2362 2466.9197 -7.9766
v  110.2362 2447.3132 -164.3701
v  110.2362 2445.8535 -189.9126
v  110.2362 2458.6238 -180.2207
v  110.2362 2508.9324 -164.3701
v  110.2362 2508.1643 -250.4922
v  110.2362 2442.3918 -250.4922
v  110.2362 2454.4893 -266.3428
v  110.2362 2440.9666 -275.4370
v  110.2362 2437.4707 -336.6143
v  110.2362 2436.0757 -361.0254
v  110.2362 2450.3630 -352.4648
v  110.2362 2507.3875 -336.6143
v  110.2362 2506.6028 -422.7363
v  110.2362 2432.5493 -422.7363
v  110.2362 2446.2444 -438.5869
v  110.2362 2431.1819 -446.6680
v  110.2362 2427.6282 -508.8584
v  110.2362 2426.2854 -532.3569
v  110.2362 2442.1323 -524.7090
v  110.2362 2505.8105 -508.8584
v  110.2362 2505.0117 -594.9805
v  110.2362 2422.7068 -594.9805
v  110.2362 2438.0266 -610.8311
v  110.2362 2421.3865 -618.0869
v  110.2362 2417.7856 -681.1025
v  110.2362 2416.4856 -703.8525
v  110.2362 2433.9268 -696.9531
v  110.2362 2504.2065 -681.1025
v  110.2362 2503.3958 -767.2246
v  110.2362 2412.8643 -767.2246
v  110.2362 2429.8320 -783.0752
v  110.2362 2411.5830 -789.6489
v  110.2362 2407.9431 -853.3467
v  110.2362 2406.6787 -875.4722
v  110.2362 2425.7424 -869.1973
v  110.2362 2502.5798 -853.3467
v  110.2362 2501.7588 -939.4688
v  110.2362 2403.0217 -939.4688
v  110.2362 2421.6575 -955.3193
v  110.2362 2401.7732 -961.3203
v  110.2362 2398.1006 -1025.5908
v  110.2362 2396.8665 -1047.1890
v  110.2362 2417.5764 -1041.4414
v  110.2362 2500.9336 -1025.5908
v  110.2362 2500.1040 -1111.7129
v  110.2362 2393.1794 -1111.7129
v  110.2362 2413.4993 -1127.5635
v  110.2362 2391.9585 -1133.0776
v  110.2362 2388.2581 -1197.8350
v  110.2362 2387.0496 -1218.9829
v  110.2362 2409.4260 -1213.6855
v  110.2362 2499.2705 -1197.8350
v  110.2362 2498.4336 -1283.9565
v  110.2362 2383.3369 -1283.9565
v  110.2362 2405.3557 -1299.8071
v  110.2362 2382.1399 -1304.9033
v  110.2362 2378.4155 -1370.0786
v  110.2362 2497.5935 -1370.0786
v  110.2362 2397.8914 -1385.9292
v  110.2362 2378.0859 -1476.3779
v  150.2630 0.0000 -1429.2500
v  157.3406 0.0000 -1469.7466
v  -132.9452 0.0000 -1560.7915
v  -132.9452 2279.5276 -1560.7915
v  -106.5675 2279.5276 -1592.3237
v  -106.5675 0.0000 -1592.3237
v  72.9273 0.0000 -1336.8013
v  106.5675 0.0000 -1360.4321
v  -153.6957 0.0000 -1442.0610
v  -153.6957 2279.5276 -1442.0610
v  -157.3406 2279.5276 -1483.0093
v  -157.3406 0.0000 -1483.0093
v  153.6957 0.0000 -1510.6953
v  47.1283 0.0000 -1626.6411
v  6.6315 0.0000 -1633.7188
v  6.6315 2279.5276 -1633.7188
v  47.1283 2279.5276 -1626.6411
v  -228.3465 2362.2048 -1377.9526
v  -125.9842 2362.2048 -1377.9526
v  -125.9842 2370.0789 -1377.9526
v  -228.3465 2370.0789 -1377.9526
v  -125.9842 2378.0859 -1377.9526
v  -228.3465 2378.0859 -1377.9526
v  -115.9458 0.0000 -1369.8105
v  -115.9458 2279.5276 -1369.8105
v  -139.5767 2279.5276 -1403.4507
v  -139.5767 0.0000 -1403.4507
v  -34.3172 0.0000 -1630.0737
v  -34.3172 2279.5276 -1630.0737
v  34.3173 0.0000 -1322.6821
v  125.9843 2362.2048 -1574.8032
v  125.9843 2370.0789 -1574.8032
v  125.9843 2378.0859 -1574.8032
v  228.3465 2378.0859 -1574.8032
v  244.0945 2318.8977 -1476.3779
v  244.0945 2318.8977 -1525.5908
v  125.9843 2378.0859 -1484.3853
v  125.9843 2519.5825 -1566.8267
v  125.9843 2397.8914 -1566.8267
v  125.9843 2497.5935 -1582.6772
v  125.9843 2519.5825 -1588.4658
v  125.9843 2527.5591 -2944.7793
v  125.9843 2519.5825 -1490.7695
v  125.9843 2499.6399 -1484.3853
v  125.9843 2378.0859 -1560.3564
v  125.9843 2519.5825 -1652.9487
v  125.9843 2519.5825 -1674.8130
v  125.9843 2498.4336 -1668.7993
v  125.9843 2383.3369 -1668.7993
v  125.9843 2405.3557 -1652.9487
v  125.9843 2382.1399 -1647.8525
v  125.9843 2448.3630 -2944.7793
v  125.9843 2378.4155 -1582.6772
v  125.9843 2387.0496 -1733.7734
v  125.9843 2388.2581 -1754.9214
v  125.9843 2391.9585 -1819.6787
v  125.9843 2393.1794 -1841.0435
v  125.9843 2396.8665 -1905.5669
v  125.9843 2398.1006 -1927.1655
v  125.9843 2401.7732 -1991.4360
v  125.9843 2403.0217 -2013.2876
v  125.9843 2406.6787 -2077.2837
v  125.9843 2407.9431 -2099.4097
v  125.9843 2411.5830 -2163.1074
v  125.9843 2412.8643 -2185.5317
v  125.9843 2416.4856 -2248.9038
v  125.9843 2417.7856 -2271.6538
v  125.9843 2421.3865 -2334.6689
v  125.9843 2422.7068 -2357.7754
v  125.9843 2426.2854 -2420.3994
v  125.9843 2427.6282 -2443.8975
v  125.9843 2431.1819 -2506.0879
v  125.9843 2432.5493 -2530.0195
v  125.9843 2436.0757 -2591.7305
v  125.9843 2437.4707 -2616.1416
v  125.9843 2440.9666 -2677.3193
v  125.9843 2442.3918 -2702.2637
v  125.9843 2445.8535 -2762.8438
v  125.9843 2447.3132 -2788.3857
v  125.9843 2450.7366 -2848.2939
v  125.9843 2452.2344 -2874.5078
v  125.9843 2455.6143 -2933.6543
v  125.9843 2466.9197 -2944.7793
v  125.9843 2519.5825 -2887.1797
v  125.9843 2509.6909 -2874.5078
v  125.9843 2519.5825 -2858.6572
v  125.9843 2519.5825 -2800.1709
v  125.9843 2519.5825 -2772.5352
v  125.9843 2519.5825 -2713.2695
v  125.9843 2519.5825 -2686.4131
v  125.9843 2519.5825 -2626.4590
v  125.9843 2519.5825 -2600.2910
v  125.9843 2519.5825 -2539.7246
v  125.9843 2519.5825 -2514.1689
v  125.9843 2519.5825 -2453.0537
v  125.9843 2519.5825 -2428.0469
v  125.9843 2519.5825 -2366.4395
v  125.9843 2519.5825 -2341.9248
v  125.9843 2519.5825 -2279.8716
v  125.9843 2519.5825 -2255.8032
v  125.9843 2519.5825 -2193.3457
v  125.9843 2519.5825 -2169.6812
v  125.9843 2519.5825 -2106.8560
v  125.9843 2519.5825 -2083.5591
v  125.9843 2519.5825 -2020.3975
v  125.9843 2519.5825 -1997.4370
v  125.9843 2519.5825 -1933.9668
v  125.9843 2519.5825 -1911.3149
v  125.9843 2519.5825 -1847.5610
v  125.9843 2519.5825 -1825.1929
v  125.9843 2519.5825 -1761.1772
v  125.9843 2519.5825 -1739.0708
v  125.9843 2499.2705 -1754.9214
v  125.9843 2409.4260 -1739.0708
v  125.9843 2413.4993 -1825.1929
v  125.9843 2500.1040 -1841.0435
v  125.9843 2417.5764 -1911.3149
v  125.9843 2500.9336 -1927.1655
v  125.9843 2421.6575 -1997.4370
v  125.9843 2501.7588 -2013.2876
v  125.9843 2425.7424 -2083.5591
v  125.9843 2502.5798 -2099.4097
v  125.9843 2429.8320 -2169.6812
v  125.9843 2503.3958 -2185.5317
v  125.9843 2433.9268 -2255.8032
v  125.9843 2504.2065 -2271.6538
v  125.9843 2438.0266 -2341.9248
v  125.9843 2505.0117 -2357.7754
v  125.9843 2442.1323 -2428.0469
v  125.9843 2505.8105 -2443.8975
v  125.9843 2446.2444 -2514.1689
v  125.9843 2506.6028 -2530.0195
v  125.9843 2450.3630 -2600.2910
v  125.9843 2507.3875 -2616.1416
v  125.9843 2454.4893 -2686.4131
v  125.9843 2508.1643 -2702.2637
v  125.9843 2458.6238 -2772.5352
v  125.9843 2508.9324 -2788.3857
v  125.9843 2462.7668 -2858.6572
v  125.9843 2519.5825 -2944.7793
v  -7.8740 2378.0859 -1476.3779
v  132.9453 0.0000 -1391.9648
v  139.5767 2279.5276 -1549.3052
v  139.5767 0.0000 -1549.3052
v  115.9458 0.0000 -1582.9453
v  115.9458 2279.5276 -1582.9453
v  -72.9273 0.0000 -1615.9546
v  -72.9273 2279.5276 -1615.9546
v  84.4133 0.0000 -1609.3232
v  84.4133 2279.5276 -1609.3232
v  -150.2630 2279.5276 -1523.5063
v  -150.2630 0.0000 -1523.5063
v  -84.4133 0.0000 -1343.4326
v  -84.4133 2279.5276 -1343.4326
v  110.2362 2378.0859 -1484.3853
v  110.2362 2378.0859 -1560.3564
v  110.2362 2378.0859 -1574.8032
v  -47.1283 0.0000 -1326.1152
v  -6.6315 0.0000 -1319.0376
v  -47.1283 2279.5276 -1326.1152
v  110.2362 2370.0789 -1574.8032
v  110.2362 2397.8914 -1566.8267
v  110.2362 2519.5825 -1490.7695
v  110.2362 2499.6399 -1484.3853
v  110.2362 2527.5591 -2944.7793
v  110.2362 2519.5825 -1566.8267
v  110.2362 2519.5825 -1588.4658
v  110.2362 2519.5825 -1652.9487
v  110.2362 2519.5825 -1674.8130
v  110.2362 2519.5825 -1739.0708
v  110.2362 2519.5825 -1761.1772
v  110.2362 2519.5825 -1825.1929
v  110.2362 2519.5825 -1847.5610
v  110.2362 2519.5825 -1911.3149
v  110.2362 2519.5825 -1933.9668
v  110.2362 2519.5825 -1997.4370
v  110.2362 2519.5825 -2020.3975
v  110.2362 2519.5825 -2083.5591
v  110.2362 2519.5825 -2106.8560
v  110.2362 2519.5825 -2169.6812
v  110.2362 2519.5825 -2193.3457
v  110.2362 2519.5825 -2255.8032
v  110.2362 2519.5825 -2279.8716
v  110.2362 2519.5825 -2341.9248
v  110.2362 2519.5825 -2366.4395
v  110.2362 2519.5825 -2428.0469
v  110.2362 2519.5825 -2453.0537
v  110.2362 2519.5825 -2514.1689
v  110.2362 2519.5825 -2539.7246
v  110.2362 2519.5825 -2600.2910
v  110.2362 2519.5825 -2626.4590
v  110.2362 2519.5825 -2686.4131
v  110.2362 2519.5825 -2713.2695
v  110.2362 2519.5825 -2772.5352
v  110.2362 2519.5825 -2800.1709
v  110.2362 2519.5825 -2858.6572
v  110.2362 2519.5825 -2887.1797
v  110.2362 2519.5825 -2944.7793
v  110.2362 2509.6909 -2874.5078
v  110.2362 2455.6143 -2933.6543
v  110.2362 2466.9197 -2944.7793
v  110.2362 2448.3630 -2944.7793
v  110.2362 2452.2344 -2874.5078
v  110.2362 2450.7366 -2848.2939
v  110.2362 2447.3132 -2788.3857
v  110.2362 2445.8535 -2762.8438
v  110.2362 2442.3918 -2702.2637
v  110.2362 2440.9666 -2677.3193
v  110.2362 2437.4707 -2616.1416
v  110.2362 2436.0757 -2591.7305
v  110.2362 2432.5493 -2530.0195
v  110.2362 2431.1819 -2506.0879
v  110.2362 2427.6282 -2443.8975
v  110.2362 2426.2854 -2420.3994
v  110.2362 2422.7068 -2357.7754
v  110.2362 2421.3865 -2334.6689
v  110.2362 2417.7856 -2271.6538
v  110.2362 2416.4856 -2248.9038
v  110.2362 2412.8643 -2185.5317
v  110.2362 2411.5830 -2163.1074
v  110.2362 2407.9431 -2099.4097
v  110.2362 2406.6787 -2077.2837
v  110.2362 2403.0217 -2013.2876
v  110.2362 2401.7732 -1991.4360
v  110.2362 2398.1006 -1927.1655
v  110.2362 2396.8665 -1905.5669
v  110.2362 2393.1794 -1841.0435
v  110.2362 2391.9585 -1819.6787
v  110.2362 2388.2581 -1754.9214
v  110.2362 2387.0496 -1733.7734
v  110.2362 2383.3369 -1668.7993
v  110.2362 2382.1399 -1647.8525
v  110.2362 2378.4155 -1582.6772
v  110.2362 2497.5935 -1582.6772
v  110.2362 2405.3557 -1652.9487
v  110.2362 2498.4336 -1668.7993
v  110.2362 2409.4260 -1739.0708
v  110.2362 2499.2705 -1754.9214
v  110.2362 2413.4993 -1825.1929
v  110.2362 2500.1040 -1841.0435
v  110.2362 2417.5764 -1911.3149
v  110.2362 2500.9336 -1927.1655
v  110.2362 2421.6575 -1997.4370
v  110.2362 2501.7588 -2013.2876
v  110.2362 2425.7424 -2083.5591
v  110.2362 2502.5798 -2099.4097
v  110.2362 2429.8320 -2169.6812
v  110.2362 2503.3958 -2185.5317
v  110.2362 2433.9268 -2255.8032
v  110.2362 2504.2065 -2271.6538
v  110.2362 2438.0266 -2341.9248
v  110.2362 2505.0117 -2357.7754
v  110.2362 2442.1323 -2428.0469
v  110.2362 2505.8105 -2443.8975
v  110.2362 2446.2444 -2514.1689
v  110.2362 2506.6028 -2530.0195
v  110.2362 2450.3630 -2600.2910
v  110.2362 2507.3875 -2616.1416
v  110.2362 2454.4893 -2686.4131
v  110.2362 2508.1643 -2702.2637
v  110.2362 2458.6238 -2772.5352
v  110.2362 2508.9324 -2788.3857
v  110.2362 2462.7668 -2858.6572
v  -125.9842 2378.0859 -1574.8032
v  -110.2362 2378.0859 -1392.3999
v  -110.2362 2378.0859 -1377.9526
v  -7.8740 2378.0859 -1377.9526
v  -110.2362 2378.0859 -1468.3711
v  -7.8740 2378.0859 -1392.3999
v  -7.8740 2378.0859 -1468.3711
v  -7.8740 2370.0789 -1377.9526
v  -7.8740 2499.6399 -1468.3711
v  -7.8740 2519.5825 -1461.9863
v  -7.8740 2519.5825 -1385.9292
v  -7.8740 2519.5825 -1364.2900
v  -7.8740 2519.5825 -1299.8071
v  -7.8740 2519.5825 -1277.9434
v  -7.8740 2519.5825 -1213.6855
v  -7.8740 2519.5825 -1191.5791
v  -7.8740 2519.5825 -1127.5635
v  -7.8740 2519.5825 -1105.1948
v  -7.8740 2519.5825 -1041.4414
v  -7.8740 2519.5825 -1018.7891
v  -7.8740 2519.5825 -955.3193
v  -7.8740 2519.5825 -932.3589
v  -7.8740 2519.5825 -869.1973
v  -7.8740 2519.5825 -845.9004
v  -7.8740 2519.5825 -783.0752
v  -7.8740 2519.5825 -759.4102
v  -7.8740 2519.5825 -696.9531
v  -7.8740 2519.5825 -672.8843
v  -7.8740 2519.5825 -610.8311
v  -7.8740 2519.5825 -586.3169
v  -7.8740 2519.5825 -524.7090
v  -7.8740 2519.5825 -499.7021
v  -7.8740 2519.5825 -438.5869
v  -7.8740 2519.5825 -413.0317
v  -7.8740 2519.5825 -352.4648
v  -7.8740 2519.5825 -326.2969
v  -7.8740 2519.5825 -266.3428
v  -7.8740 2519.5825 -239.4863
v  -7.8740 2519.5825 -180.2207
v  -7.8740 2519.5825 -152.5854
v  -7.8740 2519.5825 -94.0986
v  -7.8740 2519.5825 -65.5767
v  -7.8740 2519.5825 -7.9766
v  -7.8740 2527.5591 -7.9766
v  -7.8740 2509.6909 -78.2480
v  -7.8740 2452.2344 -78.2480
v  -7.8740 2462.7668 -94.0986
v  -7.8740 2450.7366 -104.4624
v  -7.8740 2455.6143 -19.1016
v  -7.8740 2448.3630 -7.9766
v  -7.8740 2466.9197 -7.9766
v  -7.8740 2447.3132 -164.3701
v  -7.8740 2445.8535 -189.9126
v  -7.8740 2458.6238 -180.2207
v  -7.8740 2508.9324 -164.3701
v  -7.8740 2508.1643 -250.4922
v  -7.8740 2442.3918 -250.4922
v  -7.8740 2454.4893 -266.3428
v  -7.8740 2440.9666 -275.4370
v  -7.8740 2437.4707 -336.6143
v  -7.8740 2436.0757 -361.0254
v  -7.8740 2450.3630 -352.4648
v  -7.8740 2507.3875 -336.6143
v  -7.8740 2506.6028 -422.7363
v  -7.8740 2432.5493 -422.7363
v  -7.8740 2446.2444 -438.5869
v  -7.8740 2431.1819 -446.6680
v  -7.8740 2427.6282 -508.8584
v  -7.8740 2426.2854 -532.3569
v  -7.8740 2442.1323 -524.7090
v  -7.8740 2505.8105 -508.8584
v  -7.8740 2505.0117 -594.9805
v  -7.8740 2422.7068 -594.9805
v  -7.8740 2438.0266 -610.8311
v  -7.8740 2421.3865 -618.0869
v  -7.8740 2417.7856 -681.1025
v  -7.8740 2416.4856 -703.8525
v  -7.8740 2433.9268 -696.9531
v  -7.8740 2504.2065 -681.1025
v  -7.8740 2503.3958 -767.2246
v  -7.8740 2412.8643 -767.2246
v  -7.8740 2429.8320 -783.0752
v  -7.8740 2411.5830 -789.6489
v  -7.8740 2407.9431 -853.3467
v  -7.8740 2406.6787 -875.4722
v  -7.8740 2425.7424 -869.1973
v  -7.8740 2502.5798 -853.3467
v  -7.8740 2501.7588 -939.4688
v  -7.8740 2403.0217 -939.4688
v  -7.8740 2421.6575 -955.3193
v  -7.8740 2401.7732 -961.3203
v  -7.8740 2398.1006 -1025.5908
v  -7.8740 2396.8665 -1047.1890
v  -7.8740 2417.5764 -1041.4414
v  -7.8740 2500.9336 -1025.5908
v  -7.8740 2500.1040 -1111.7129
v  -7.8740 2393.1794 -1111.7129
v  -7.8740 2413.4993 -1127.5635
v  -7.8740 2391.9585 -1133.0776
v  -7.8740 2388.2581 -1197.8350
v  -7.8740 2387.0496 -1218.9829
v  -7.8740 2409.4260 -1213.6855
v  -7.8740 2499.2705 -1197.8350
v  -7.8740 2498.4336 -1283.9565
v  -7.8740 2383.3369 -1283.9565
v  -7.8740 2405.3557 -1299.8071
v  -7.8740 2382.1399 -1304.9033
v  -7.8740 2378.4155 -1370.0786
v  -7.8740 2497.5935 -1370.0786
v  -7.8740 2397.8914 -1385.9292
v  -110.2362 2370.0789 -1377.9526
v  -110.2362 2499.6399 -1468.3711
v  -110.2362 2519.5825 -1461.9863
v  -110.2362 2519.5825 -1385.9292
v  -110.2362 2519.5825 -1364.2900
v  -110.2362 2519.5825 -1299.8071
v  -110.2362 2519.5825 -1277.9434
v  -110.2362 2519.5825 -1213.6855
v  -110.2362 2519.5825 -1191.5791
v  -110.2362 2519.5825 -1127.5635
v  -110.2362 2519.5825 -1105.1948
v  -110.2362 2519.5825 -1041.4414
v  -110.2362 2519.5825 -1018.7891
v  -110.2362 2519.5825 -955.3193
v  -110.2362 2519.5825 -932.3589
v  -110.2362 2519.5825 -869.1973
v  -110.2362 2519.5825 -845.9004
v  -110.2362 2519.5825 -783.0752
v  -110.2362 2519.5825 -759.4102
v  -110.2362 2519.5825 -696.9531
v  -110.2362 2519.5825 -672.8843
v  -110.2362 2519.5825 -610.8311
v  -110.2362 2519.5825 -586.3169
v  -110.2362 2519.5825 -524.7090
v  -110.2362 2519.5825 -499.7021
v  -110.2362 2519.5825 -438.5869
v  -110.2362 2519.5825 -413.0317
v  -110.2362 2519.5825 -352.4648
v  -110.2362 2519.5825 -326.2969
v  -110.2362 2519.5825 -266.3428
v  -110.2362 2519.5825 -239.4863
v  -110.2362 2519.5825 -180.2207
v  -110.2362 2519.5825 -152.5854
v  -110.2362 2519.5825 -94.0986
v  -110.2362 2519.5825 -65.5767
v  -110.2362 2527.5591 -7.9766
v  -110.2362 2519.5825 -7.9766
v  -110.2362 2509.6909 -78.2480
v  -110.2362 2455.6143 -19.1016
v  -110.2362 2466.9197 -7.9766
v  -110.2362 2448.3630 -7.9766
v  -110.2362 2452.2344 -78.2480
v  -110.2362 2450.7366 -104.4624
v  -110.2362 2447.3132 -164.3701
v  -110.2362 2445.8535 -189.9126
v  -110.2362 2442.3918 -250.4922
v  -110.2362 2440.9666 -275.4370
v  -110.2362 2437.4707 -336.6143
v  -110.2362 2436.0757 -361.0254
v  -110.2362 2432.5493 -422.7363
v  -110.2362 2431.1819 -446.6680
v  -110.2362 2427.6282 -508.8584
v  -110.2362 2426.2854 -532.3569
v  -110.2362 2422.7068 -594.9805
v  -110.2362 2421.3865 -618.0869
v  -110.2362 2417.7856 -681.1025
v  -110.2362 2416.4856 -703.8525
v  -110.2362 2412.8643 -767.2246
v  -110.2362 2411.5830 -789.6489
v  -110.2362 2407.9431 -853.3467
v  -110.2362 2406.6787 -875.4722
v  -110.2362 2403.0217 -939.4688
v  -110.2362 2401.7732 -961.3203
v  -110.2362 2398.1006 -1025.5908
v  -110.2362 2396.8665 -1047.1890
v  -110.2362 2393.1794 -1111.7129
v  -110.2362 2391.9585 -1133.0776
v  -110.2362 2388.2581 -1197.8350
v  -110.2362 2387.0496 -1218.9829
v  -110.2362 2383.3369 -1283.9565
v  -110.2362 2382.1399 -1304.9033
v  -110.2362 2378.4155 -1370.0786
v  -110.2362 2497.5935 -1370.0786
v  -110.2362 2405.3557 -1299.8071
v  -110.2362 2498.4336 -1283.9565
v  -110.2362 2409.4260 -1213.6855
v  -110.2362 2499.2705 -1197.8350
v  -110.2362 2413.4993 -1127.5635
v  -110.2362 2500.1040 -1111.7129
v  -110.2362 2417.5764 -1041.4414
v  -110.2362 2500.9336 -1025.5908
v  -110.2362 2421.6575 -955.3193
v  -110.2362 2501.7588 -939.4688
v  -110.2362 2425.7424 -869.1973
v  -110.2362 2502.5798 -853.3467
v  -110.2362 2429.8320 -783.0752
v  -110.2362 2503.3958 -767.2246
v  -110.2362 2433.9268 -696.9531
v  -110.2362 2504.2065 -681.1025
v  -110.2362 2438.0266 -610.8311
v  -110.2362 2505.0117 -594.9805
v  -110.2362 2442.1323 -524.7090
v  -110.2362 2505.8105 -508.8584
v  -110.2362 2446.2444 -438.5869
v  -110.2362 2506.6028 -422.7363
v  -110.2362 2450.3630 -352.4648
v  -110.2362 2507.3875 -336.6143
v  -110.2362 2454.4893 -266.3428
v  -110.2362 2508.1643 -250.4922
v  -110.2362 2458.6238 -180.2207
v  -110.2362 2508.9324 -164.3701
v  -110.2362 2462.7668 -94.0986
v  -110.2362 2397.8914 -1385.9292
v  -7.8740 2378.0859 -1574.8032
v  -228.3465 2378.0859 -1392.3999
v  -228.3465 2378.0859 -1468.3711
v  -228.3465 2499.6399 -1468.3711
v  -228.3465 2519.5825 -1461.9863
v  -228.3465 2519.5825 -1385.9292
v  -228.3465 2519.5825 -1364.2900
v  -228.3465 2519.5825 -1299.8071
v  -228.3465 2519.5825 -1277.9434
v  -228.3465 2519.5825 -1213.6855
v  -228.3465 2519.5825 -1191.5791
v  -228.3465 2519.5825 -1127.5635
v  -228.3465 2519.5825 -1105.1948
v  -228.3465 2519.5825 -1041.4414
v  -228.3465 2519.5825 -1018.7891
v  -228.3465 2519.5825 -955.3193
v  -228.3465 2519.5825 -932.3589
v  -228.3465 2519.5825 -869.1973
v  -228.3465 2519.5825 -845.9004
v  -228.3465 2519.5825 -783.0752
v  -228.3465 2519.5825 -759.4102
v  -228.3465 2519.5825 -696.9531
v  -228.3465 2519.5825 -672.8843
v  -228.3465 2519.5825 -610.8311
v  -228.3465 2519.5825 -586.3169
v  -228.3465 2519.5825 -524.7090
v  -228.3465 2519.5825 -499.7021
v  -228.3465 2519.5825 -438.5869
v  -228.3465 2519.5825 -413.0317
v  -228.3465 2519.5825 -352.4648
v  -228.3465 2519.5825 -326.2969
v  -228.3465 2519.5825 -266.3428
v  -228.3465 2519.5825 -239.4863
v  -228.3465 2519.5825 -180.2207
v  -228.3465 2519.5825 -152.5854
v  -228.3465 2519.5825 -94.0986
v  -228.3465 2519.5825 -65.5767
v  -228.3465 2527.5591 -7.9766
v  -228.3465 2519.5825 -7.9766
v  -228.3465 2509.6909 -78.2480
v  -228.3465 2455.6143 -19.1016
v  -228.3465 2466.9197 -7.9766
v  -228.3465 2448.3630 -7.9766
v  -228.3465 2452.2344 -78.2480
v  -228.3465 2450.7366 -104.4624
v  -228.3465 2447.3132 -164.3701
v  -228.3465 2445.8535 -189.9126
v  -228.3465 2442.3918 -250.4922
v  -228.3465 2440.9666 -275.4370
v  -228.3465 2437.4707 -336.6143
v  -228.3465 2436.0757 -361.0254
v  -228.3465 2432.5493 -422.7363
v  -228.3465 2431.1819 -446.6680
v  -228.3465 2427.6282 -508.8584
v  -228.3465 2426.2854 -532.3569
v  -228.3465 2422.7068 -594.9805
v  -228.3465 2421.3865 -618.0869
v  -228.3465 2417.7856 -681.1025
v  -228.3465 2416.4856 -703.8525
v  -228.3465 2412.8643 -767.2246
v  -228.3465 2411.5830 -789.6489
v  -228.3465 2407.9431 -853.3467
v  -228.3465 2406.6787 -875.4722
v  -228.3465 2403.0217 -939.4688
v  -228.3465 2401.7732 -961.3203
v  -228.3465 2398.1006 -1025.5908
v  -228.3465 2396.8665 -1047.1890
v  -228.3465 2393.1794 -1111.7129
v  -228.3465 2391.9585 -1133.0776
v  -228.3465 2388.2581 -1197.8350
v  -228.3465 2387.0496 -1218.9829
v  -228.3465 2383.3369 -1283.9565
v  -228.3465 2382.1399 -1304.9033
v  -228.3465 2378.4155 -1370.0786
v  -228.3465 2497.5935 -1370.0786
v  -228.3465 2405.3557 -1299.8071
v  -228.3465 2498.4336 -1283.9565
v  -228.3465 2409.4260 -1213.6855
v  -228.3465 2499.2705 -1197.8350
v  -228.3465 2413.4993 -1127.5635
v  -228.3465 2500.1040 -1111.7129
v  -228.3465 2417.5764 -1041.4414
v  -228.3465 2500.9336 -1025.5908
v  -228.3465 2421.6575 -955.3193
v  -228.3465 2501.7588 -939.4688
v  -228.3465 2425.7424 -869.1973
v  -228.3465 2502.5798 -853.3467
v  -228.3465 2429.8320 -783.0752
v  -228.3465 2503.3958 -767.2246
v  -228.3465 2433.9268 -696.9531
v  -228.3465 2504.2065 -681.1025
v  -228.3465 2438.0266 -610.8311
v  -228.3465 2505.0117 -594.9805
v  -228.3465 2442.1323 -524.7090
v  -228.3465 2505.8105 -508.8584
v  -228.3465 2446.2444 -438.5869
v  -228.3465 2506.6028 -422.7363
v  -228.3465 2450.3630 -352.4648
v  -228.3465 2507.3875 -336.6143
v  -228.3465 2454.4893 -266.3428
v  -228.3465 2508.1643 -250.4922
v  -228.3465 2458.6238 -180.2207
v  -228.3465 2508.9324 -164.3701
v  -228.3465 2462.7668 -94.0986
v  -228.3465 2397.8914 -1385.9292
v  -125.9842 2378.0859 -1392.3999
v  -125.9842 2378.0859 -1468.3711
v  -125.9842 2499.6399 -1468.3711
v  -125.9842 2519.5825 -1461.9863
v  -125.9842 2519.5825 -1385.9292
v  -125.9842 2519.5825 -1364.2900
v  -125.9842 2519.5825 -1299.8071
v  -125.9842 2519.5825 -1277.9434
v  -125.9842 2519.5825 -1213.6855
v  -125.9842 2519.5825 -1191.5791
v  -125.9842 2519.5825 -1127.5635
v  -125.9842 2519.5825 -1105.1948
v  -125.9842 2519.5825 -1041.4414
v  -125.9842 2519.5825 -1018.7891
v  -125.9842 2519.5825 -955.3193
v  -125.9842 2519.5825 -932.3589
v  -125.9842 2519.5825 -869.1973
v  -125.9842 2519.5825 -845.9004
v  -125.9842 2519.5825 -783.0752
v  -125.9842 2519.5825 -759.4102
v  -125.9842 2519.5825 -696.9531
v  -125.9842 2519.5825 -672.8843
v  -125.9842 2519.5825 -610.8311
v  -125.9842 2519.5825 -586.3169
v  -125.9842 2519.5825 -524.7090
v  -125.9842 2519.5825 -499.7021
v  -125.9842 2519.5825 -438.5869
v  -125.9842 2519.5825 -413.0317
v  -125.9842 2519.5825 -352.4648
v  -125.9842 2519.5825 -326.2969
v  -125.9842 2519.5825 -266.3428
v  -125.9842 2519.5825 -239.4863
v  -125.9842 2519.5825 -180.2207
v  -125.9842 2519.5825 -152.5854
v  -125.9842 2519.5825 -94.0986
v  -125.9842 2519.5825 -65.5767
v  -125.9842 2519.5825 -7.9766
v  -125.9842 2527.5591 -7.9766
v  -125.9842 2509.6909 -78.2480
v  -125.9842 2452.2344 -78.2480
v  -125.9842 2462.7668 -94.0986
v  -125.9842 2450.7366 -104.4624
v  -125.9842 2455.6143 -19.1016
v  -125.9842 2448.3630 -7.9766
v  -125.9842 2466.9197 -7.9766
v  -125.9842 2447.3132 -164.3701
v  -125.9842 2445.8535 -189.9126
v  -125.9842 2458.6238 -180.2207
v  -125.9842 2508.9324 -164.3701
v  -125.9842 2508.1643 -250.4922
v  -125.9842 2442.3918 -250.4922
v  -125.9842 2454.4893 -266.3428
v  -125.9842 2440.9666 -275.4370
v  -125.9842 2437.4707 -336.6143
v  -125.9842 2436.0757 -361.0254
v  -125.9842 2450.3630 -352.4648
v  -125.9842 2507.3875 -336.6143
v  -125.9842 2506.6028 -422.7363
v  -125.9842 2432.5493 -422.7363
v  -125.9842 2446.2444 -438.5869
v  -125.9842 2431.1819 -446.6680
v  -125.9842 2427.6282 -508.8584
v  -125.9842 2426.2854 -532.3569
v  -125.9842 2442.1323 -524.7090
v  -125.9842 2505.8105 -508.8584
v  -125.9842 2505.0117 -594.9805
v  -125.9842 2422.7068 -594.9805
v  -125.9842 2438.0266 -610.8311
v  -125.9842 2421.3865 -618.0869
v  -125.9842 2417.7856 -681.1025
v  -125.9842 2416.4856 -703.8525
v  -125.9842 2433.9268 -696.9531
v  -125.9842 2504.2065 -681.1025
v  -125.9842 2503.3958 -767.2246
v  -125.9842 2412.8643 -767.2246
v  -125.9842 2429.8320 -783.0752
v  -125.9842 2411.5830 -789.6489
v  -125.9842 2407.9431 -853.3467
v  -125.9842 2406.6787 -875.4722
v  -125.9842 2425.7424 -869.1973
v  -125.9842 2502.5798 -853.3467
v  -125.9842 2501.7588 -939.4688
v  -125.9842 2403.0217 -939.4688
v  -125.9842 2421.6575 -955.3193
v  -125.9842 2401.7732 -961.3203
v  -125.9842 2398.1006 -1025.5908
v  -125.9842 2396.8665 -1047.1890
v  -125.9842 2417.5764 -1041.4414
v  -125.9842 2500.9336 -1025.5908
v  -125.9842 2500.1040 -1111.7129
v  -125.9842 2393.1794 -1111.7129
v  -125.9842 2413.4993 -1127.5635
v  -125.9842 2391.9585 -1133.0776
v  -125.9842 2388.2581 -1197.8350
v  -125.9842 2387.0496 -1218.9829
v  -125.9842 2409.4260 -1213.6855
v  -125.9842 2499.2705 -1197.8350
v  -125.9842 2498.4336 -1283.9565
v  -125.9842 2383.3369 -1283.9565
v  -125.9842 2405.3557 -1299.8071
v  -125.9842 2382.1399 -1304.9033
v  -125.9842 2378.4155 -1370.0786
v  -125.9842 2497.5935 -1370.0786
v  -125.9842 2397.8914 -1385.9292
v  -105.1165 2318.8977 -1452.9077
v  -95.4602 2318.8977 -1426.5010
v  -79.2984 2318.8977 -1403.4937
v  -57.7325 2318.8977 -1385.4531
v  -220.5624 2456.6030 -2952.7559
v  -220.5624 2511.7507 -2952.7559
v  -204.8154 2519.5557 -2952.7559
v  -133.9877 2519.5557 -2952.7559
v  -133.9877 2465.0728 -2952.7559
v  -148.8702 2456.6030 -2952.7559
v  95.4602 2318.8977 -1526.2549
v  -107.6094 2318.8977 -1480.9136
v  57.7325 2318.8977 -1567.3027
v  79.2984 2318.8977 -1549.2622
v  -102.7688 2318.8977 -1508.6104
v  4.5354 2318.8977 -1583.9873
v  32.2323 2318.8977 -1579.1470
v  -220.5624 2511.7507 -2944.7793
v  -148.8702 2456.6030 -2944.7793
v  -133.9877 2465.0728 -2944.7793
v  -204.8154 2519.5557 -2944.7793
v  -220.5624 2456.6030 -2944.7793
v  -133.9877 2519.5557 -2944.7793
v  -90.9247 2318.8977 -1534.1104
v  220.5624 2511.7507 -2952.7559
v  148.8702 2456.6030 -2952.7559
v  133.9877 2465.0728 -2952.7559
v  204.8154 2519.5557 -2952.7559
v  220.5624 2456.6030 -2952.7559
v  125.9843 2448.8188 -2952.7559
v  125.9843 2527.5591 -2952.7559
v  133.9877 2519.5557 -2952.7559
v  -72.8843 2318.8977 -1555.6763
v  -15.6580 2511.7507 -2952.7559
v  -87.3503 2456.6030 -2952.7559
v  -102.2328 2465.0728 -2952.7559
v  -31.4051 2519.5557 -2952.7559
v  -15.6580 2456.6030 -2952.7559
v  -102.2328 2519.5557 -2952.7559
v  -15.6580 2456.6030 -2944.7793
v  -15.6580 2511.7507 -2944.7793
v  -31.4051 2519.5557 -2944.7793
v  -102.2328 2519.5557 -2944.7793
v  -102.2328 2465.0728 -2944.7793
v  -87.3503 2456.6030 -2944.7793
v  179.1006 0.0000 -1240.2974
v  236.0808 0.0000 -1240.2974
v  179.1006 472.4409 -1297.2773
v  -236.0808 0.0000 -1240.2974
v  -179.1006 472.4409 -1297.2773
v  179.1006 787.4016 -1297.2773
v  -179.1006 787.4016 -1297.2773
v  236.0808 0.0000 -1712.4590
v  179.1006 472.4409 -1655.4785
v  179.1006 787.4016 -1655.4785
v  -179.1006 787.4016 -1655.4785
v  -179.1006 472.4409 -1655.4785
v  -236.0808 0.0000 -1712.4590
v  220.5624 2456.6030 -2944.7793
v  220.5624 2511.7507 -2944.7793
v  204.8154 2519.5557 -2944.7793
v  133.9877 2519.5557 -2944.7793
v  133.9877 2465.0728 -2944.7793
v  148.8702 2456.6030 -2944.7793
v  -244.0945 2318.8977 -1427.1655
v  -244.0945 2362.2048 -1377.9526
v  -244.0945 2362.2048 -1476.3779
v  -244.0945 2318.8977 -1525.5908
v  -244.0945 2362.2048 -1574.8032
v  -228.3465 2539.3701 -2952.7559
v  -244.0945 2539.3701 -2952.7559
v  -244.0945 2561.5159 -2952.7559
v  110.2362 2539.3701 -2952.7559
v  125.9843 2539.3701 -2952.7559
v  244.0945 2561.5159 -2952.7559
v  -228.3465 2561.5159 -2952.7559
v  228.3465 2561.5159 -2952.7559
v  -244.0945 2539.3701 -1476.3779
v  -228.3465 2539.3701 -1476.3779
v  -49.8769 2318.8977 -1571.8384
v  -23.4705 2318.8977 -1581.4946
v  244.0945 2598.4253 -2952.7559
v  228.3465 2598.4253 -2952.7559
v  -244.0945 2598.4253 -2952.7559
v  125.9843 2539.3701 -1476.3779
v  110.2362 2539.3701 -1476.3779
v  110.2362 2527.5591 -2952.7559
v  31.4051 2519.5557 -2952.7559
v  31.4051 2519.5557 -2944.7793
v  102.2328 2465.0728 -2944.7793
v  102.2328 2465.0728 -2952.7559
v  102.2328 2519.5557 -2944.7793
v  102.2328 2519.5557 -2952.7559
v  244.0945 2318.8977 -1427.1655
v  -110.2362 2362.2048 -1377.9526
v  -7.8740 2362.2048 -1377.9526
v  7.8740 2362.2048 -1377.9526
v  110.2362 2362.2048 -1377.9526
v  125.9843 2362.2048 -1377.9526
v  228.3465 2362.2048 -1377.9526
v  244.0945 2362.2048 -1377.9526
v  -228.3465 2362.2048 -1574.8032
v  110.2362 2362.2048 -1574.8032
v  -228.3465 2598.4253 -2952.7559
v  -15.6482 2511.7708 -7.9766
v  -87.3792 2456.5930 -7.9766
v  -102.2433 2465.0513 -7.9766
v  -31.3741 2519.5662 -7.9766
v  -15.6482 2456.5930 -7.9766
v  -102.2433 2519.5662 -7.9766
v  -107.6094 2279.5276 -1480.9136
v  -102.7688 2279.5276 -1508.6104
v  -90.9247 2279.5276 -1534.1104
v  -72.8843 2279.5276 -1555.6763
v  -49.8769 2279.5276 -1571.8384
v  -23.4705 2279.5276 -1581.4946
v  4.5354 2279.5276 -1583.9873
v  32.2323 2279.5276 -1579.1470
v  57.7325 2279.5276 -1567.3027
v  79.2984 2279.5276 -1549.2622
v  95.4602 2279.5276 -1526.2549
v  105.1165 2279.5276 -1499.8486
v  107.6094 2279.5276 -1471.8428
v  -105.1165 2279.5276 -1452.9077
v  -95.4602 2279.5276 -1426.5010
v  -79.2984 2279.5276 -1403.4937
v  -57.7325 2279.5276 -1385.4531
v  -32.2322 2279.5276 -1373.6094
v  -4.5354 2279.5276 -1368.7686
v  23.4705 2279.5276 -1371.2617
v  49.8769 2279.5276 -1380.9180
v  72.8843 2279.5276 -1397.0796
v  90.9247 2279.5276 -1418.6455
v  102.7688 2279.5276 -1444.1460
v  15.6482 2456.5930 -7.9766
v  15.6482 2511.7708 -7.9766
v  31.3741 2519.5662 -7.9766
v  102.2433 2519.5662 -7.9766
v  102.2433 2465.0513 -7.9766
v  87.3792 2456.5930 -7.9766
v  -220.5723 2456.5930 -7.9766
v  -220.5723 2511.7708 -7.9766
v  -204.8464 2519.5662 -7.9766
v  -133.9771 2519.5662 -7.9766
v  -133.9771 2465.0513 -7.9766
v  -148.8413 2456.5930 -7.9766
v  -32.2322 2318.8977 -1373.6094
v  -220.5723 2511.7708 -0.0000
v  -148.8413 2456.5930 -0.0000
v  -133.9771 2465.0513 -0.0000
v  -204.8464 2519.5662 -0.0000
v  -220.5723 2456.5930 -0.0000
v  -133.9771 2519.5662 -0.0000
v  133.9771 2519.5662 -0.0000
v  133.9771 2465.0513 -0.0000
v  133.9771 2465.0513 -7.9766
v  133.9771 2519.5662 -7.9766
v  204.8464 2519.5662 -7.9766
v  204.8464 2519.5662 -0.0000
v  31.3741 2519.5662 -0.0000
v  102.2433 2465.0513 -0.0000
v  102.2433 2519.5662 -0.0000
v  -244.0945 2388.2581 -1197.8350
v  -244.0945 2499.2705 -1197.8350
v  -244.0945 2391.9585 -1133.0776
v  -244.0945 2519.5825 -7.9766
v  -244.0945 2519.5825 -65.5767
v  -244.0945 2519.5825 -94.0986
v  -244.0945 2519.5825 -152.5854
v  -244.0945 2519.5825 -180.2207
v  -244.0945 2519.5825 -239.4863
v  -244.0945 2519.5825 -266.3428
v  -244.0945 2519.5825 -326.2969
v  -244.0945 2519.5825 -352.4648
v  -244.0945 2519.5825 -413.0317
v  -244.0945 2519.5825 -438.5869
v  -244.0945 2519.5825 -499.7021
v  -244.0945 2519.5825 -524.7090
v  -244.0945 2519.5825 -586.3169
v  -244.0945 2519.5825 -610.8311
v  -244.0945 2519.5825 -672.8843
v  -244.0945 2519.5825 -696.9531
v  -244.0945 2519.5825 -759.4102
v  -244.0945 2519.5825 -783.0752
v  -244.0945 2519.5825 -845.9004
v  -244.0945 2519.5825 -869.1973
v  -244.0945 2519.5825 -932.3589
v  -244.0945 2519.5825 -955.3193
v  -244.0945 2519.5825 -1018.7891
v  -244.0945 2519.5825 -1041.4414
v  -244.0945 2519.5825 -1105.1948
v  -244.0945 2519.5825 -1127.5635
v  -244.0945 2519.5825 -1191.5791
v  -244.0945 2519.5825 -1213.6855
v  -244.0945 2519.5825 -1277.9434
v  -244.0945 2519.5825 -1299.8071
v  -244.0945 2519.5825 -1364.2900
v  -244.0945 2519.5825 -1385.9292
v  -244.0945 2519.5825 -1461.9863
v  -244.0945 2499.6399 -1468.3711
v  -244.0945 2378.0859 -1468.3711
v  -244.0945 2370.0789 -1476.3779
v  -244.0945 2378.0859 -1392.3999
v  -244.0945 2370.0789 -1377.9526
v  -244.0945 2397.8914 -1385.9292
v  -244.0945 2378.4155 -1370.0786
v  -244.0945 2497.5935 -1370.0786
v  -244.0945 2382.1399 -1304.9033
v  -244.0945 2405.3557 -1299.8071
v  -244.0945 2383.3369 -1283.9565
v  -244.0945 2387.0496 -1218.9829
v  -244.0945 2393.1794 -1111.7129
v  -244.0945 2396.8665 -1047.1890
v  -244.0945 2398.1006 -1025.5908
v  -244.0945 2401.7732 -961.3203
v  -244.0945 2403.0217 -939.4688
v  -244.0945 2406.6787 -875.4722
v  -244.0945 2407.9431 -853.3467
v  -244.0945 2411.5830 -789.6489
v  -244.0945 2412.8643 -767.2246
v  -244.0945 2416.4856 -703.8525
v  -244.0945 2417.7856 -681.1025
v  -244.0945 2421.3865 -618.0869
v  -244.0945 2422.7068 -594.9805
v  -244.0945 2426.2854 -532.3569
v  -244.0945 2427.6282 -508.8584
v  -244.0945 2431.1819 -446.6680
v  -244.0945 2432.5493 -422.7363
v  -244.0945 2436.0757 -361.0254
v  -244.0945 2437.4707 -336.6143
v  -244.0945 2440.9666 -275.4370
v  -244.0945 2442.3918 -250.4922
v  -244.0945 2445.8535 -189.9126
v  -244.0945 2447.3132 -164.3701
v  -244.0945 2450.7366 -104.4624
v  -244.0945 2452.2344 -78.2480
v  -244.0945 2455.6143 -19.1016
v  -244.0945 2466.9197 -7.9766
v  -244.0945 2509.6909 -78.2480
v  -244.0945 2462.7668 -94.0986
v  -244.0945 2508.9324 -164.3701
v  -244.0945 2458.6238 -180.2207
v  -244.0945 2508.1643 -250.4922
v  -244.0945 2454.4893 -266.3428
v  -244.0945 2507.3875 -336.6143
v  -244.0945 2450.3630 -352.4648
v  -244.0945 2506.6028 -422.7363
v  -244.0945 2446.2444 -438.5869
v  -244.0945 2505.8105 -508.8584
v  -244.0945 2442.1323 -524.7090
v  -244.0945 2505.0117 -594.9805
v  -244.0945 2438.0266 -610.8311
v  -244.0945 2504.2065 -681.1025
v  -244.0945 2433.9268 -696.9531
v  -244.0945 2503.3958 -767.2246
v  -244.0945 2429.8320 -783.0752
v  -244.0945 2502.5798 -853.3467
v  -244.0945 2425.7424 -869.1973
v  -244.0945 2501.7588 -939.4688
v  -244.0945 2421.6575 -955.3193
v  -244.0945 2500.9336 -1025.5908
v  -244.0945 2417.5764 -1041.4414
v  -244.0945 2500.1040 -1111.7129
v  -244.0945 2413.4993 -1127.5635
v  -244.0945 2409.4260 -1213.6855
v  -244.0945 2498.4336 -1283.9565
v  -244.0945 2527.5591 -1476.3779
v  -228.3465 2362.2048 -1476.3779
v  15.6581 2511.7507 -2944.7793
v  87.3503 2456.6030 -2944.7793
v  15.6581 2456.6030 -2944.7793
v  15.6581 2456.6030 -2952.7559
v  110.2362 2448.8188 -2952.7559
v  15.6581 2511.7507 -2952.7559
v  87.3503 2456.6030 -2952.7559
v  220.5723 2511.7708 -7.9766
v  148.8413 2456.5930 -7.9766
v  220.5723 2456.5930 -7.9766
v  244.0945 2519.5825 -1364.2900
v  244.0945 2519.5825 -1299.8071
v  244.0945 2519.5825 -1191.5791
v  244.0945 2519.5825 -1127.5635
v  244.0945 2409.4260 -1213.6855
v  244.0945 2519.5825 -1277.9434
v  244.0945 2519.5825 -1213.6855
v  244.0945 2413.4993 -1127.5635
v  244.0945 2370.0789 -1377.9526
v  244.0945 2466.9197 -7.9766
v  244.0945 2519.5825 -65.5767
v  244.0945 2455.6143 -19.1016
v  244.0945 2452.2344 -78.2480
v  244.0945 2447.3132 -164.3701
v  244.0945 2508.9324 -164.3701
v  244.0945 2519.5825 -7.9766
v  244.0945 2450.7366 -104.4624
v  244.0945 2509.6909 -78.2480
v  244.0945 2421.6575 -955.3193
v  244.0945 2519.5825 -955.3193
v  244.0945 2519.5825 -1018.7891
v  244.0945 2403.0217 -939.4688
v  244.0945 2501.7588 -939.4688
v  244.0945 2406.6787 -875.4722
v  244.0945 2378.0859 -1392.3999
v  244.0945 2499.6399 -1468.3711
v  244.0945 2378.0859 -1468.3711
v  244.0945 2391.9585 -1133.0776
v  244.0945 2388.2581 -1197.8350
v  244.0945 2378.4155 -1370.0786
v  244.0945 2497.5935 -1370.0786
v  244.0945 2382.1399 -1304.9033
v  244.0945 2387.0496 -1218.9829
v  244.0945 2383.3369 -1283.9565
v  244.0945 2498.4336 -1283.9565
v  244.0945 2499.2705 -1197.8350
v  244.0945 2519.5825 -152.5854
v  244.0945 2519.5825 -94.0986
v  244.0945 2462.7668 -94.0986
v  244.0945 2454.4893 -266.3428
v  244.0945 2519.5825 -326.2969
v  244.0945 2458.6238 -180.2207
v  244.0945 2519.5825 -239.4863
v  244.0945 2519.5825 -180.2207
v  244.0945 2519.5825 -266.3428
v  244.0945 2436.0757 -361.0254
v  244.0945 2506.6028 -422.7363
v  244.0945 2432.5493 -422.7363
v  244.0945 2519.5825 -499.7021
v  244.0945 2519.5825 -438.5869
v  244.0945 2446.2444 -438.5869
v  244.0945 2442.1323 -524.7090
v  244.0945 2519.5825 -524.7090
v  244.0945 2519.5825 -586.3169
v  244.0945 2438.0266 -610.8311
v  244.0945 2519.5825 -610.8311
v  244.0945 2519.5825 -672.8843
v  244.0945 2426.2854 -532.3569
v  244.0945 2422.7068 -594.9805
v  244.0945 2505.0117 -594.9805
v  244.0945 2429.8320 -783.0752
v  244.0945 2519.5825 -845.9004
v  244.0945 2519.5825 -783.0752
v  244.0945 2425.7424 -869.1973
v  244.0945 2519.5825 -869.1973
v  244.0945 2519.5825 -932.3589
v  244.0945 2437.4707 -336.6143
v  244.0945 2507.3875 -336.6143
v  244.0945 2445.8535 -189.9126
v  244.0945 2442.3918 -250.4922
v  244.0945 2508.1643 -250.4922
v  244.0945 2412.8643 -767.2246
v  244.0945 2503.3958 -767.2246
v  244.0945 2519.5825 -1461.9863
v  244.0945 2397.8914 -1385.9292
v  244.0945 2519.5825 -1385.9292
v  244.0945 2519.5825 -1105.1948
v  244.0945 2519.5825 -1041.4414
v  244.0945 2519.5825 -759.4102
v  244.0945 2519.5825 -696.9531
v  244.0945 2519.5825 -413.0317
v  244.0945 2519.5825 -352.4648
v  244.0945 2440.9666 -275.4370
v  244.0945 2431.1819 -446.6680
v  244.0945 2427.6282 -508.8584
v  244.0945 2421.3865 -618.0869
v  244.0945 2417.7856 -681.1025
v  244.0945 2416.4856 -703.8525
v  244.0945 2411.5830 -789.6489
v  244.0945 2407.9431 -853.3467
v  244.0945 2401.7732 -961.3203
v  244.0945 2398.1006 -1025.5908
v  244.0945 2396.8665 -1047.1890
v  244.0945 2393.1794 -1111.7129
v  244.0945 2405.3557 -1299.8071
v  244.0945 2500.1040 -1111.7129
v  244.0945 2417.5764 -1041.4414
v  244.0945 2500.9336 -1025.5908
v  244.0945 2502.5798 -853.3467
v  244.0945 2433.9268 -696.9531
v  244.0945 2504.2065 -681.1025
v  244.0945 2505.8105 -508.8584
v  244.0945 2450.3630 -352.4648
v  125.9843 2362.2048 -1476.3779
v  110.2362 2362.2048 -1476.3779
v  148.8413 2456.5930 -0.0000
v  220.5723 2511.7708 -0.0000
v  15.6482 2456.5930 -0.0000
v  87.3792 2456.5930 -0.0000
v  220.5723 2456.5930 -0.0000
v  15.6482 2511.7708 -0.0000
v  -244.0945 2398.1006 -1927.1655
v  -244.0945 2500.9336 -1927.1655
v  -244.0945 2401.7732 -1991.4360
v  -244.0945 2527.5591 -2952.7559
v  -244.0945 2393.1794 -1841.0435
v  -244.0945 2500.1040 -1841.0435
v  -244.0945 2519.5825 -1490.7695
v  -244.0945 2519.5825 -1566.8267
v  -244.0945 2396.8665 -1905.5669
v  -244.0945 2405.3557 -1652.9487
v  -244.0945 2519.5825 -1652.9487
v  -244.0945 2397.8914 -1566.8267
v  -244.0945 2409.4260 -1739.0708
v  -244.0945 2519.5825 -1739.0708
v  -244.0945 2519.5825 -1588.4658
v  -244.0945 2519.5825 -1761.1772
v  -244.0945 2519.5825 -1825.1929
v  -244.0945 2519.5825 -1674.8130
v  -244.0945 2413.4993 -1825.1929
v  -228.3465 2440.9448 -2952.7559
v  -244.0945 2440.9448 -2952.7559
v  -244.0945 2466.9197 -2944.7793
v  -244.0945 2519.5825 -2887.1797
v  -244.0945 2455.6143 -2933.6543
v  -244.0945 2452.2344 -2874.5078
v  -244.0945 2447.3132 -2788.3857
v  -244.0945 2508.9324 -2788.3857
v  -244.0945 2519.5825 -2944.7793
v  -244.0945 2450.7366 -2848.2939
v  -244.0945 2509.6909 -2874.5078
v  -244.0945 2421.6575 -1997.4370
v  -244.0945 2519.5825 -1997.4370
v  -244.0945 2519.5825 -1933.9668
v  125.9843 2440.9448 -2952.7559
v  110.2362 2440.9448 -2952.7559
v  -87.3792 2456.5930 -0.0000
v  -15.6482 2511.7708 -0.0000
v  -15.6482 2456.5930 -0.0000
v  -102.2433 2519.5662 -0.0000
v  -102.2433 2465.0513 -0.0000
v  -31.3741 2519.5662 -0.0000
v  -244.0945 2403.0217 -2013.2876
v  -244.0945 2501.7588 -2013.2876
v  -244.0945 2406.6787 -2077.2837
v  -244.0945 2378.0859 -1560.3564
v  -244.0945 2499.6399 -1484.3853
v  -244.0945 2378.0859 -1484.3853
v  -244.0945 2391.9585 -1819.6787
v  -244.0945 2388.2581 -1754.9214
v  -244.0945 2378.4155 -1582.6772
v  -244.0945 2497.5935 -1582.6772
v  -244.0945 2382.1399 -1647.8525
v  -244.0945 2387.0496 -1733.7734
v  -244.0945 2383.3369 -1668.7993
v  -244.0945 2498.4336 -1668.7993
v  -244.0945 2499.2705 -1754.9214
v  -244.0945 2519.5825 -2453.0537
v  -244.0945 2519.5825 -2514.1689
v  -244.0945 2519.5825 -2626.4590
v  -244.0945 2519.5825 -2686.4131
v  -244.0945 2519.5825 -2713.2695
v  -244.0945 2519.5825 -2772.5352
v  -244.0945 2519.5825 -2800.1709
v  -244.0945 2519.5825 -2858.6572
v  -244.0945 2436.0757 -2591.7305
v  -244.0945 2432.5493 -2530.0195
v  -244.0945 2446.2444 -2514.1689
v  -244.0945 2506.6028 -2530.0195
v  -244.0945 2454.4893 -2686.4131
v  -244.0945 2458.6238 -2772.5352
v  -244.0945 2462.7668 -2858.6572
v  110.2362 2519.5825 -4080.3193
v  110.2362 2519.5825 -4144.3350
v  125.9843 2519.5825 -4144.3350
v  125.9843 2519.5825 -4080.3193
v  110.2362 2409.4260 -4166.4414
v  125.9843 2409.4260 -4166.4414
v  125.9843 2519.5825 -4230.6992
v  110.2362 2519.5825 -4230.6992
v  110.2362 2519.5825 -4166.4414
v  125.9843 2519.5825 -4166.4414
v  125.9843 2413.4993 -4080.3193
v  110.2362 2413.4993 -4080.3193
v  125.9843 2362.2048 -4330.7090
v  125.9843 2448.3630 -2960.7324
v  125.9843 2370.0789 -4330.7090
v  110.2362 2362.2048 -4330.7090
v  110.2362 2448.3630 -2960.7324
v  110.2362 2370.0789 -4330.7090
v  110.2362 2519.5825 -3018.3320
v  110.2362 2466.9197 -2960.7324
v  125.9843 2466.9197 -2960.7324
v  125.9843 2519.5825 -3018.3320
v  125.9843 2370.0789 -4429.1338
v  110.2362 2370.0789 -4429.1338
v  110.2362 2378.0859 -4429.1338
v  125.9843 2378.0859 -4429.1338
v  110.2362 2527.5591 -4429.1338
v  125.9843 2527.5591 -4429.1338
v  110.2362 2452.2344 -3031.0039
v  110.2362 2455.6143 -2971.8574
v  125.9843 2455.6143 -2971.8574
v  125.9843 2452.2344 -3031.0039
v  110.2362 2447.3132 -3117.1260
v  125.9843 2447.3132 -3117.1260
v  125.9843 2508.9324 -3117.1260
v  110.2362 2508.9324 -3117.1260
v  110.2362 2519.5825 -2960.7324
v  125.9843 2519.5825 -2960.7324
v  110.2362 2450.7366 -3057.2188
v  125.9843 2450.7366 -3057.2188
v  110.2362 2509.6909 -3031.0039
v  125.9843 2509.6909 -3031.0039
v  125.9843 2421.6575 -3908.0752
v  110.2362 2421.6575 -3908.0752
v  110.2362 2519.5825 -3908.0752
v  125.9843 2519.5825 -3908.0752
v  110.2362 2519.5825 -3971.5449
v  125.9843 2519.5825 -3971.5449
v  110.2362 2539.3701 -4429.1338
v  125.9843 2539.3701 -4429.1338
v  110.2362 2403.0217 -3892.2246
v  125.9843 2403.0217 -3892.2246
v  125.9843 2501.7588 -3892.2246
v  110.2362 2501.7588 -3892.2246
v  125.9843 2406.6787 -3828.2285
v  110.2362 2406.6787 -3828.2285
v  125.9843 2378.0859 -4345.1553
v  110.2362 2378.0859 -4345.1553
v  110.2362 2499.6399 -4421.1270
v  125.9843 2499.6399 -4421.1270
v  110.2362 2378.0859 -4421.1270
v  125.9843 2378.0859 -4421.1270
v  110.2362 2388.2581 -4150.5908
v  110.2362 2391.9585 -4085.8330
v  125.9843 2391.9585 -4085.8330
v  125.9843 2388.2581 -4150.5908
v  110.2362 2378.4155 -4322.8350
v  125.9843 2378.4155 -4322.8350
v  125.9843 2497.5935 -4322.8350
v  110.2362 2497.5935 -4322.8350
v  125.9843 2382.1399 -4257.6592
v  110.2362 2382.1399 -4257.6592
v  110.2362 2383.3369 -4236.7129
v  110.2362 2387.0496 -4171.7383
v  125.9843 2387.0496 -4171.7383
v  125.9843 2383.3369 -4236.7129
v  125.9843 2498.4336 -4236.7129
v  110.2362 2498.4336 -4236.7129
v  125.9843 2499.2705 -4150.5908
v  110.2362 2499.2705 -4150.5908
v  110.2362 2527.5591 -2960.7324
v  125.9843 2527.5591 -2960.7324
v  110.2362 2519.5825 -3046.8545
v  110.2362 2519.5825 -3105.3408
v  110.2362 2519.5825 -3132.9766
v  110.2362 2519.5825 -3192.2422
v  110.2362 2519.5825 -3219.0986
v  110.2362 2519.5825 -3279.0527
v  110.2362 2519.5825 -3305.2207
v  110.2362 2519.5825 -3365.7881
v  110.2362 2519.5825 -3391.3428
v  110.2362 2519.5825 -3452.4580
v  110.2362 2519.5825 -3477.4648
v  110.2362 2519.5825 -3539.0732
v  110.2362 2519.5825 -3563.5869
v  110.2362 2519.5825 -3625.6406
v  110.2362 2519.5825 -3649.7090
v  110.2362 2519.5825 -3712.1660
v  110.2362 2519.5825 -3735.8311
v  110.2362 2519.5825 -3798.6563
v  110.2362 2519.5825 -3821.9531
v  110.2362 2519.5825 -3885.1143
v  110.2362 2519.5825 -3994.1973
v  110.2362 2519.5825 -4057.9512
v  110.2362 2519.5825 -4252.5635
v  110.2362 2519.5825 -4317.0459
v  110.2362 2519.5825 -4338.6855
v  110.2362 2519.5825 -4414.7422
v  110.2362 2397.8914 -4338.6855
v  110.2362 2405.3557 -4252.5635
v  110.2362 2393.1794 -4064.4688
v  110.2362 2396.8665 -3999.9453
v  110.2362 2398.1006 -3978.3467
v  110.2362 2401.7732 -3914.0762
v  110.2362 2407.9431 -3806.1025
v  110.2362 2411.5830 -3742.4043
v  110.2362 2412.8643 -3719.9805
v  110.2362 2416.4856 -3656.6084
v  110.2362 2417.7856 -3633.8584
v  110.2362 2421.3865 -3570.8428
v  110.2362 2422.7068 -3547.7363
v  110.2362 2426.2854 -3485.1133
v  110.2362 2427.6282 -3461.6143
v  110.2362 2431.1819 -3399.4238
v  110.2362 2432.5493 -3375.4922
v  110.2362 2436.0757 -3313.7813
v  110.2362 2437.4707 -3289.3701
v  110.2362 2440.9666 -3228.1934
v  110.2362 2442.3918 -3203.2480
v  110.2362 2445.8535 -3142.6680
v  110.2362 2462.7668 -3046.8545
v  110.2362 2458.6238 -3132.9766
v  110.2362 2508.1643 -3203.2480
v  110.2362 2454.4893 -3219.0986
v  110.2362 2507.3875 -3289.3701
v  110.2362 2450.3630 -3305.2207
v  110.2362 2506.6028 -3375.4922
v  110.2362 2446.2444 -3391.3428
v  110.2362 2505.8105 -3461.6143
v  110.2362 2442.1323 -3477.4648
v  110.2362 2505.0117 -3547.7363
v  110.2362 2438.0266 -3563.5869
v  110.2362 2504.2065 -3633.8584
v  110.2362 2433.9268 -3649.7090
v  110.2362 2503.3958 -3719.9805
v  110.2362 2429.8320 -3735.8311
v  110.2362 2502.5798 -3806.1025
v  110.2362 2425.7424 -3821.9531
v  110.2362 2500.9336 -3978.3467
v  110.2362 2417.5764 -3994.1973
v  110.2362 2500.1040 -4064.4688
v  125.9843 2362.2048 -4429.1338
v  110.2362 2362.2048 -4429.1338
v  125.9843 2519.5825 -3105.3408
v  125.9843 2519.5825 -3046.8545
v  125.9843 2462.7668 -3046.8545
v  125.9843 2454.4893 -3219.0986
v  125.9843 2519.5825 -3279.0527
v  125.9843 2458.6238 -3132.9766
v  125.9843 2519.5825 -3192.2422
v  125.9843 2519.5825 -3132.9766
v  125.9843 2519.5825 -3219.0986
v  125.9843 2436.0757 -3313.7813
v  125.9843 2506.6028 -3375.4922
v  125.9843 2432.5493 -3375.4922
v  125.9843 2519.5825 -3452.4580
v  125.9843 2519.5825 -3391.3428
v  125.9843 2446.2444 -3391.3428
v  125.9843 2442.1323 -3477.4648
v  125.9843 2519.5825 -3477.4648
v  125.9843 2519.5825 -3539.0732
v  125.9843 2438.0266 -3563.5869
v  125.9843 2519.5825 -3563.5869
v  125.9843 2519.5825 -3625.6406
v  125.9843 2426.2854 -3485.1133
v  125.9843 2422.7068 -3547.7363
v  125.9843 2505.0117 -3547.7363
v  125.9843 2429.8320 -3735.8311
v  125.9843 2519.5825 -3798.6563
v  125.9843 2519.5825 -3735.8311
v  125.9843 2425.7424 -3821.9531
v  125.9843 2519.5825 -3821.9531
v  125.9843 2519.5825 -3885.1143
v  125.9843 2437.4707 -3289.3701
v  125.9843 2507.3875 -3289.3701
v  125.9843 2445.8535 -3142.6680
v  125.9843 2442.3918 -3203.2480
v  125.9843 2508.1643 -3203.2480
v  125.9843 2412.8643 -3719.9805
v  125.9843 2503.3958 -3719.9805
v  125.9843 2519.5825 -4414.7422
v  125.9843 2397.8914 -4338.6855
v  125.9843 2519.5825 -4338.6855
v  125.9843 2519.5825 -4317.0459
v  125.9843 2519.5825 -4252.5635
v  125.9843 2519.5825 -4057.9512
v  125.9843 2519.5825 -3994.1973
v  125.9843 2519.5825 -3712.1660
v  125.9843 2519.5825 -3649.7090
v  125.9843 2519.5825 -3365.7881
v  125.9843 2519.5825 -3305.2207
v  125.9843 2440.9666 -3228.1934
v  125.9843 2431.1819 -3399.4238
v  125.9843 2427.6282 -3461.6143
v  125.9843 2421.3865 -3570.8428
v  125.9843 2417.7856 -3633.8584
v  125.9843 2416.4856 -3656.6084
v  125.9843 2411.5830 -3742.4043
v  125.9843 2407.9431 -3806.1025
v  125.9843 2401.7732 -3914.0762
v  125.9843 2398.1006 -3978.3467
v  125.9843 2396.8665 -3999.9453
v  125.9843 2393.1794 -4064.4688
v  125.9843 2405.3557 -4252.5635
v  125.9843 2500.1040 -4064.4688
v  125.9843 2417.5764 -3994.1973
v  125.9843 2500.9336 -3978.3467
v  125.9843 2502.5798 -3806.1025
v  125.9843 2433.9268 -3649.7090
v  125.9843 2504.2065 -3633.8584
v  125.9843 2505.8105 -3461.6143
v  125.9843 2450.3630 -3305.2207
v  -244.0945 2421.6575 -3908.0752
v  -228.3465 2421.6575 -3908.0752
v  -228.3465 2519.5825 -3971.5449
v  -244.0945 2519.5825 -3971.5449
v  -228.3465 2398.1006 -4879.9209
v  -244.0945 2398.1006 -4879.9209
v  -244.0945 2500.9336 -4879.9209
v  -228.3465 2500.9336 -4879.9209
v  -244.0945 2401.7732 -4944.1924
v  -228.3465 2401.7732 -4944.1924
v  -244.0945 2527.5591 -4429.1338
v  -228.3465 2527.5591 -4429.1338
v  -228.3465 2527.5591 -5897.5352
v  -228.3465 2527.5591 -5905.5117
v  -244.0945 2527.5591 -5905.5117
v  -244.0945 2370.0789 -4429.1338
v  -244.0945 2370.0789 -4527.5596
v  -228.3465 2370.0789 -4527.5596
v  -228.3465 2370.0789 -4429.1338
v  -228.3465 2448.8188 -5905.5117
v  -244.0945 2448.8188 -5905.5117
v  -228.3465 2393.1794 -4793.7988
v  -244.0945 2393.1794 -4793.7988
v  -244.0945 2500.1040 -4793.7988
v  -228.3465 2500.1040 -4793.7988
v  -244.0945 2519.5825 -4443.5254
v  -244.0945 2519.5825 -4519.5830
v  -228.3465 2519.5825 -4519.5830
v  -228.3465 2519.5825 -4443.5254
v  -244.0945 2396.8665 -4858.3232
v  -228.3465 2396.8665 -4858.3232
v  -244.0945 2405.3557 -4605.7051
v  -228.3465 2405.3557 -4605.7051
v  -228.3465 2519.5825 -4605.7051
v  -244.0945 2519.5825 -4605.7051
v  -244.0945 2397.8914 -4519.5830
v  -228.3465 2397.8914 -4519.5830
v  -244.0945 2409.4260 -4691.8271
v  -228.3465 2409.4260 -4691.8271
v  -228.3465 2519.5825 -4691.8271
v  -244.0945 2519.5825 -4691.8271
v  -244.0945 2519.5825 -4541.2217
v  -228.3465 2519.5825 -4541.2217
v  -244.0945 2519.5825 -4713.9326
v  -244.0945 2519.5825 -4777.9482
v  -228.3465 2519.5825 -4777.9482
v  -228.3465 2519.5825 -4713.9326
v  -244.0945 2519.5825 -4627.5684
v  -228.3465 2519.5825 -4627.5684
v  -244.0945 2413.4993 -4777.9482
v  -228.3465 2413.4993 -4777.9482
v  -228.3465 2440.9448 -5905.5117
v  -244.0945 2440.9448 -5905.5117
v  -228.3465 2362.2048 -4527.5596
v  -228.3465 2448.3630 -5897.5352
v  -244.0945 2362.2048 -4527.5596
v  -244.0945 2466.9197 -5897.5352
v  -244.0945 2519.5825 -5839.9355
v  -228.3465 2519.5825 -5839.9355
v  -228.3465 2466.9197 -5897.5352
v  -244.0945 2455.6143 -5886.4102
v  -244.0945 2452.2344 -5827.2637
v  -228.3465 2452.2344 -5827.2637
v  -228.3465 2455.6143 -5886.4102
v  -228.3465 2447.3132 -5741.1416
v  -244.0945 2447.3132 -5741.1416
v  -244.0945 2508.9324 -5741.1416
v  -228.3465 2508.9324 -5741.1416
v  -228.3465 2519.5825 -5897.5352
v  -244.0945 2519.5825 -5897.5352
v  -244.0945 2450.7366 -5801.0498
v  -228.3465 2450.7366 -5801.0498
v  -244.0945 2509.6909 -5827.2637
v  -228.3465 2509.6909 -5827.2637
v  -244.0945 2421.6575 -4950.1924
v  -228.3465 2421.6575 -4950.1924
v  -228.3465 2519.5825 -4950.1924
v  -244.0945 2519.5825 -4950.1924
v  -244.0945 2519.5825 -4886.7227
v  -228.3465 2519.5825 -4886.7227
v  110.2362 2519.5825 -4541.2217
v  110.2362 2519.5825 -4605.7051
v  125.9843 2519.5825 -4605.7051
v  125.9843 2519.5825 -4541.2217
v  110.2362 2519.5825 -4713.9326
v  110.2362 2519.5825 -4777.9482
v  125.9843 2519.5825 -4777.9482
v  125.9843 2519.5825 -4713.9326
v  125.9843 2409.4260 -4691.8271
v  110.2362 2409.4260 -4691.8271
v  110.2362 2519.5825 -4627.5684
v  125.9843 2519.5825 -4627.5684
v  110.2362 2519.5825 -4691.8271
v  125.9843 2519.5825 -4691.8271
v  110.2362 2413.4993 -4777.9482
v  125.9843 2413.4993 -4777.9482
v  125.9843 2440.9448 -5905.5117
v  110.2362 2440.9448 -5905.5117
v  110.2362 2448.8188 -5905.5117
v  125.9843 2448.8188 -5905.5117
v  125.9843 2370.0789 -4527.5596
v  125.9843 2362.2048 -4527.5596
v  125.9843 2448.3630 -5897.5352
v  110.2362 2362.2048 -4527.5596
v  110.2362 2370.0789 -4527.5596
v  110.2362 2448.3630 -5897.5352
v  110.2362 2466.9197 -5897.5352
v  110.2362 2519.5825 -5839.9355
v  125.9843 2519.5825 -5839.9355
v  125.9843 2466.9197 -5897.5352
v  110.2362 2455.6143 -5886.4102
v  110.2362 2452.2344 -5827.2637
v  125.9843 2452.2344 -5827.2637
v  125.9843 2455.6143 -5886.4102
v  125.9843 2447.3132 -5741.1416
v  110.2362 2447.3132 -5741.1416
v  110.2362 2508.9324 -5741.1416
v  125.9843 2508.9324 -5741.1416
v  125.9843 2519.5825 -5897.5352
v  110.2362 2519.5825 -5897.5352
v  110.2362 2450.7366 -5801.0498
v  125.9843 2450.7366 -5801.0498
v  110.2362 2509.6909 -5827.2637
v  125.9843 2509.6909 -5827.2637
v  110.2362 2421.6575 -4950.1924
v  125.9843 2421.6575 -4950.1924
v  125.9843 2519.5825 -4950.1924
v  110.2362 2519.5825 -4950.1924
v  110.2362 2519.5825 -4886.7227
v  125.9843 2519.5825 -4886.7227
v  110.2362 2539.3701 -5905.5117
v  125.9843 2539.3701 -5905.5117
v  125.9843 2403.0217 -4966.0430
v  110.2362 2403.0217 -4966.0430
v  110.2362 2501.7588 -4966.0430
v  125.9843 2501.7588 -4966.0430
v  110.2362 2406.6787 -5030.0400
v  125.9843 2406.6787 -5030.0400
v  110.2362 2378.0859 -4513.1123
v  125.9843 2378.0859 -4513.1123
v  125.9843 2499.6399 -4437.1406
v  110.2362 2499.6399 -4437.1406
v  110.2362 2378.0859 -4437.1406
v  125.9843 2378.0859 -4437.1406
v  110.2362 2391.9585 -4772.4346
v  110.2362 2388.2581 -4707.6777
v  125.9843 2388.2581 -4707.6777
v  125.9843 2391.9585 -4772.4346
v  125.9843 2378.4155 -4535.4336
v  110.2362 2378.4155 -4535.4336
v  110.2362 2497.5935 -4535.4336
v  125.9843 2497.5935 -4535.4336
v  110.2362 2382.1399 -4600.6084
v  125.9843 2382.1399 -4600.6084
v  110.2362 2387.0496 -4686.5293
v  110.2362 2383.3369 -4621.5557
v  125.9843 2383.3369 -4621.5557
v  125.9843 2387.0496 -4686.5293
v  110.2362 2498.4336 -4621.5557
v  125.9843 2498.4336 -4621.5557
v  110.2362 2499.2705 -4707.6777
v  125.9843 2499.2705 -4707.6777
v  125.9843 2527.5591 -5905.5117
v  110.2362 2527.5591 -5905.5117
v  -87.3792 2456.5930 -2952.7559
v  -87.3792 2456.5930 -2960.7324
v  -15.6482 2511.7708 -2960.7324
v  -15.6482 2511.7708 -2952.7559
v  -15.6482 2456.5930 -2952.7559
v  -15.6482 2456.5930 -2960.7324
v  -105.1165 2279.5276 -4405.6631
v  -107.6094 2279.5276 -4433.6689
v  -115.9458 2279.5276 -4322.5664
v  -84.4133 2279.5276 -4296.1885
v  -95.4602 2279.5276 -4379.2568
v  -79.2984 2279.5276 -4356.2500
v  -47.1283 2279.5276 -4278.8711
v  -57.7325 2279.5276 -4338.2090
v  -32.2322 2279.5276 -4326.3652
v  -6.6315 2279.5276 -4271.7930
v  -4.5354 2279.5276 -4321.5244
v  34.3173 2279.5276 -4275.4385
v  23.4705 2279.5276 -4324.0176
v  49.8769 2279.5276 -4333.6738
v  72.9273 2279.5276 -4289.5576
v  72.8843 2279.5276 -4349.8359
v  90.9247 2279.5276 -4371.4014
v  106.5675 2279.5276 -4313.1885
v  102.7688 2279.5276 -4396.9014
v  107.6094 2279.5276 -4424.5986
v  132.9453 2279.5276 -4344.7207
v  115.9458 2279.5276 -4535.7012
v  139.5767 2279.5276 -4502.0615
v  150.2630 2279.5276 -4382.0059
v  153.6957 2279.5276 -4463.4512
v  157.3406 2279.5276 -4422.5029
v  -150.2630 2279.5276 -4476.2627
v  -157.3406 2279.5276 -4435.7656
v  -153.6957 2279.5276 -4394.8164
v  -139.5767 2279.5276 -4356.2070
v  -132.9452 2279.5276 -4513.5469
v  -106.5675 2279.5276 -4545.0801
v  -102.7688 2279.5276 -4461.3662
v  -72.9273 2279.5276 -4568.7109
v  -90.9247 2279.5276 -4486.8662
v  -72.8843 2279.5276 -4508.4326
v  -34.3172 2279.5276 -4582.8301
v  -49.8769 2279.5276 -4524.5938
v  -23.4705 2279.5276 -4534.2500
v  6.6315 2279.5276 -4586.4746
v  4.5354 2279.5276 -4536.7432
v  32.2323 2279.5276 -4531.9023
v  47.1283 2279.5276 -4579.3975
v  57.7325 2279.5276 -4520.0586
v  84.4133 2279.5276 -4562.0791
v  79.2984 2279.5276 -4502.0186
v  95.4602 2279.5276 -4479.0107
v  105.1165 2279.5276 -4452.6045
v  -102.2433 2519.5662 -2952.7559
v  -102.2433 2465.0513 -2952.7559
v  -102.2433 2465.0513 -2960.7324
v  -102.2433 2519.5662 -2960.7324
v  -31.3741 2519.5662 -2960.7324
v  -31.3741 2519.5662 -2952.7559
v  -220.5723 2511.7708 -2952.7559
v  -220.5723 2511.7708 -2960.7324
v  -148.8413 2456.5930 -2960.7324
v  -148.8413 2456.5930 -2952.7559
v  -220.5723 2456.5930 -2952.7559
v  -220.5723 2456.5930 -2960.7324
v  -244.0945 2403.0217 -3892.2246
v  -228.3465 2403.0217 -3892.2246
v  -228.3465 2501.7588 -3892.2246
v  -244.0945 2501.7588 -3892.2246
v  -228.3465 2406.6787 -3828.2285
v  -244.0945 2406.6787 -3828.2285
v  -228.3465 2378.0859 -4345.1553
v  -244.0945 2378.0859 -4345.1553
v  -244.0945 2499.6399 -4421.1270
v  -228.3465 2499.6399 -4421.1270
v  -244.0945 2378.0859 -4421.1270
v  -228.3465 2378.0859 -4421.1270
v  -244.0945 2388.2581 -4150.5908
v  -244.0945 2391.9585 -4085.8330
v  -228.3465 2391.9585 -4085.8330
v  -228.3465 2388.2581 -4150.5908
v  -244.0945 2378.4155 -4322.8350
v  -228.3465 2378.4155 -4322.8350
v  -228.3465 2497.5935 -4322.8350
v  -244.0945 2497.5935 -4322.8350
v  -228.3465 2382.1399 -4257.6592
v  -244.0945 2382.1399 -4257.6592
v  -244.0945 2383.3369 -4236.7129
v  -244.0945 2387.0496 -4171.7383
v  -228.3465 2387.0496 -4171.7383
v  -228.3465 2383.3369 -4236.7129
v  -228.3465 2498.4336 -4236.7129
v  -244.0945 2498.4336 -4236.7129
v  110.2362 2442.1323 -5380.8027
v  125.9843 2442.1323 -5380.8027
v  125.9843 2519.5825 -5380.8027
v  110.2362 2519.5825 -5380.8027
v  110.2362 2519.5825 -5319.1953
v  125.9843 2519.5825 -5319.1953
v  110.2362 2438.0266 -5294.6807
v  125.9843 2438.0266 -5294.6807
v  125.9843 2519.5825 -5294.6807
v  110.2362 2519.5825 -5294.6807
v  110.2362 2519.5825 -5232.6279
v  125.9843 2519.5825 -5232.6279
v  110.2362 2426.2854 -5373.1553
v  110.2362 2422.7068 -5310.5313
v  125.9843 2422.7068 -5310.5313
v  125.9843 2426.2854 -5373.1553
v  110.2362 2505.0117 -5310.5313
v  125.9843 2505.0117 -5310.5313
v  125.9843 2429.8320 -5122.4365
v  110.2362 2429.8320 -5122.4365
v  110.2362 2519.5825 -5059.6113
v  125.9843 2519.5825 -5059.6113
v  110.2362 2519.5825 -5122.4365
v  125.9843 2519.5825 -5122.4365
v  110.2362 2425.7424 -5036.3145
v  125.9843 2425.7424 -5036.3145
v  125.9843 2519.5825 -5036.3145
v  110.2362 2519.5825 -5036.3145
v  110.2362 2519.5825 -4973.1533
v  125.9843 2519.5825 -4973.1533
v  125.9843 2437.4707 -5568.8975
v  110.2362 2437.4707 -5568.8975
v  110.2362 2507.3875 -5568.8975
v  125.9843 2507.3875 -5568.8975
v  110.2362 2445.8535 -5715.5996
v  110.2362 2442.3918 -5655.0195
v  125.9843 2442.3918 -5655.0195
v  125.9843 2445.8535 -5715.5996
v  125.9843 2508.1643 -5655.0195
v  110.2362 2508.1643 -5655.0195
v  125.9843 2412.8643 -5138.2871
v  110.2362 2412.8643 -5138.2871
v  110.2362 2503.3958 -5138.2871
v  125.9843 2503.3958 -5138.2871
v  125.9843 2378.0859 -4527.5596
v  125.9843 2519.5825 -4443.5254
v  125.9843 2527.5591 -5897.5352
v  125.9843 2519.5825 -4519.5830
v  125.9843 2397.8914 -4519.5830
v  125.9843 2393.1794 -4793.7988
v  125.9843 2396.8665 -4858.3232
v  125.9843 2398.1006 -4879.9209
v  125.9843 2401.7732 -4944.1924
v  125.9843 2407.9431 -5052.1650
v  125.9843 2411.5830 -5115.8633
v  125.9843 2416.4856 -5201.6592
v  125.9843 2417.7856 -5224.4092
v  125.9843 2421.3865 -5287.4248
v  125.9843 2427.6282 -5396.6533
v  125.9843 2431.1819 -5458.8447
v  125.9843 2432.5493 -5482.7754
v  125.9843 2436.0757 -5544.4863
v  125.9843 2440.9666 -5630.0752
v  125.9843 2519.5825 -5811.4131
v  125.9843 2519.5825 -5752.9268
v  125.9843 2519.5825 -5725.2910
v  125.9843 2519.5825 -5666.0254
v  125.9843 2519.5825 -5639.1689
v  125.9843 2519.5825 -5579.2148
v  125.9843 2519.5825 -5553.0469
v  125.9843 2519.5825 -5492.4805
v  125.9843 2519.5825 -5466.9248
v  125.9843 2519.5825 -5405.8096
v  125.9843 2519.5825 -5208.5586
v  125.9843 2519.5825 -5146.1016
v  125.9843 2519.5825 -4864.0703
v  125.9843 2519.5825 -4800.3174
v  125.9843 2405.3557 -4605.7051
v  125.9843 2500.1040 -4793.7988
v  125.9843 2417.5764 -4864.0703
v  125.9843 2500.9336 -4879.9209
v  125.9843 2502.5798 -5052.1650
v  125.9843 2433.9268 -5208.5586
v  125.9843 2504.2065 -5224.4092
v  125.9843 2505.8105 -5396.6533
v  125.9843 2446.2444 -5466.9248
v  125.9843 2506.6028 -5482.7754
v  125.9843 2450.3630 -5553.0469
v  125.9843 2454.4893 -5639.1689
v  125.9843 2458.6238 -5725.2910
v  125.9843 2462.7668 -5811.4131
v  110.2362 2411.5830 -5115.8633
v  110.2362 2502.5798 -5052.1650
v  110.2362 2416.4856 -5201.6592
v  110.2362 2421.3865 -5287.4248
v  110.2362 2504.2065 -5224.4092
v  110.2362 2417.7856 -5224.4092
v  110.2362 2433.9268 -5208.5586
v  110.2362 2519.5825 -5208.5586
v  110.2362 2519.5825 -5146.1016
v  110.2362 2431.1819 -5458.8447
v  110.2362 2427.6282 -5396.6533
v  110.2362 2505.8105 -5396.6533
v  110.2362 2450.3630 -5553.0469
v  110.2362 2519.5825 -5492.4805
v  110.2362 2519.5825 -5553.0469
v  110.2362 2440.9666 -5630.0752
v  110.2362 2407.9431 -5052.1650
v  110.2362 2417.5764 -4864.0703
v  110.2362 2519.5825 -4800.3174
v  110.2362 2519.5825 -4864.0703
v  110.2362 2398.1006 -4879.9209
v  110.2362 2500.9336 -4879.9209
v  110.2362 2401.7732 -4944.1924
v  110.2362 2527.5591 -5897.5352
v  110.2362 2393.1794 -4793.7988
v  110.2362 2500.1040 -4793.7988
v  110.2362 2519.5825 -4443.5254
v  110.2362 2519.5825 -4519.5830
v  110.2362 2396.8665 -4858.3232
v  110.2362 2405.3557 -4605.7051
v  110.2362 2397.8914 -4519.5830
v  -244.0945 2539.3701 -4429.1338
v  -244.0945 2539.3701 -5905.5117
v  -228.3465 2539.3701 -5905.5117
v  -228.3465 2539.3701 -4429.1338
v  -228.3465 2403.0217 -4966.0430
v  -244.0945 2403.0217 -4966.0430
v  -244.0945 2501.7588 -4966.0430
v  -228.3465 2501.7588 -4966.0430
v  -244.0945 2406.6787 -5030.0400
v  -228.3465 2406.6787 -5030.0400
v  -244.0945 2378.0859 -4513.1123
v  -228.3465 2378.0859 -4513.1123
v  -228.3465 2499.6399 -4437.1406
v  -244.0945 2499.6399 -4437.1406
v  -244.0945 2378.0859 -4437.1406
v  -228.3465 2378.0859 -4437.1406
v  -244.0945 2391.9585 -4772.4346
v  -244.0945 2388.2581 -4707.6777
v  -228.3465 2388.2581 -4707.6777
v  -228.3465 2391.9585 -4772.4346
v  -228.3465 2378.4155 -4535.4336
v  -244.0945 2378.4155 -4535.4336
v  -244.0945 2497.5935 -4535.4336
v  -228.3465 2497.5935 -4535.4336
v  -244.0945 2382.1399 -4600.6084
v  -228.3465 2382.1399 -4600.6084
v  -244.0945 2387.0496 -4686.5293
v  -244.0945 2383.3369 -4621.5557
v  -228.3465 2383.3369 -4621.5557
v  -228.3465 2387.0496 -4686.5293
v  -244.0945 2498.4336 -4621.5557
v  -228.3465 2498.4336 -4621.5557
v  -244.0945 2499.2705 -4707.6777
v  -228.3465 2499.2705 -4707.6777
v  -244.0945 2519.5825 -4800.3174
v  -244.0945 2519.5825 -4864.0703
v  -244.0945 2519.5825 -4973.1533
v  -244.0945 2519.5825 -5036.3145
v  -244.0945 2519.5825 -5059.6113
v  -244.0945 2519.5825 -5122.4365
v  -244.0945 2519.5825 -5146.1016
v  -244.0945 2519.5825 -5208.5586
v  -244.0945 2519.5825 -5232.6279
v  -244.0945 2519.5825 -5294.6807
v  -244.0945 2519.5825 -5319.1953
v  -244.0945 2519.5825 -5380.8027
v  -244.0945 2519.5825 -5405.8096
v  -244.0945 2519.5825 -5466.9248
v  -244.0945 2519.5825 -5492.4805
v  -244.0945 2519.5825 -5553.0469
v  -244.0945 2519.5825 -5579.2148
v  -244.0945 2519.5825 -5639.1689
v  -244.0945 2519.5825 -5666.0254
v  -244.0945 2519.5825 -5725.2910
v  -244.0945 2519.5825 -5752.9268
v  -244.0945 2519.5825 -5811.4131
v  -244.0945 2445.8535 -5715.5996
v  -244.0945 2442.3918 -5655.0195
v  -244.0945 2440.9666 -5630.0752
v  -244.0945 2437.4707 -5568.8975
v  -244.0945 2436.0757 -5544.4863
v  -244.0945 2432.5493 -5482.7754
v  -244.0945 2431.1819 -5458.8447
v  -244.0945 2427.6282 -5396.6533
v  -244.0945 2426.2854 -5373.1553
v  -244.0945 2422.7068 -5310.5313
v  -244.0945 2421.3865 -5287.4248
v  -244.0945 2417.7856 -5224.4092
v  -244.0945 2416.4856 -5201.6592
v  -244.0945 2412.8643 -5138.2871
v  -244.0945 2411.5830 -5115.8633
v  -244.0945 2407.9431 -5052.1650
v  -244.0945 2417.5764 -4864.0703
v  -244.0945 2425.7424 -5036.3145
v  -244.0945 2502.5798 -5052.1650
v  -244.0945 2429.8320 -5122.4365
v  -244.0945 2503.3958 -5138.2871
v  -244.0945 2433.9268 -5208.5586
v  -244.0945 2504.2065 -5224.4092
v  -244.0945 2438.0266 -5294.6807
v  -244.0945 2505.0117 -5310.5313
v  -244.0945 2442.1323 -5380.8027
v  -244.0945 2505.8105 -5396.6533
v  -244.0945 2446.2444 -5466.9248
v  -244.0945 2506.6028 -5482.7754
v  -244.0945 2450.3630 -5553.0469
v  -244.0945 2507.3875 -5568.8975
v  -244.0945 2454.4893 -5639.1689
v  -244.0945 2508.1643 -5655.0195
v  -244.0945 2458.6238 -5725.2910
v  -244.0945 2462.7668 -5811.4131
v  -228.3465 2362.2048 -4429.1338
v  -244.0945 2362.2048 -4429.1338
v  -228.3465 2519.5825 -5811.4131
v  -228.3465 2519.5825 -5752.9268
v  -228.3465 2462.7668 -5811.4131
v  -228.3465 2454.4893 -5639.1689
v  -228.3465 2519.5825 -5579.2148
v  -228.3465 2458.6238 -5725.2910
v  -228.3465 2519.5825 -5666.0254
v  -228.3465 2519.5825 -5725.2910
v  -228.3465 2519.5825 -5639.1689
v  -228.3465 2436.0757 -5544.4863
v  -228.3465 2506.6028 -5482.7754
v  -228.3465 2432.5493 -5482.7754
v  -228.3465 2519.5825 -5466.9248
v  -228.3465 2519.5825 -5405.8096
v  -228.3465 2446.2444 -5466.9248
v  -228.3465 2442.1323 -5380.8027
v  -228.3465 2519.5825 -5380.8027
v  -228.3465 2519.5825 -5319.1953
v  -228.3465 2438.0266 -5294.6807
v  -228.3465 2519.5825 -5294.6807
v  -228.3465 2519.5825 -5232.6279
v  -228.3465 2422.7068 -5310.5313
v  -228.3465 2426.2854 -5373.1553
v  -228.3465 2505.0117 -5310.5313
v  -228.3465 2429.8320 -5122.4365
v  -228.3465 2519.5825 -5059.6113
v  -228.3465 2519.5825 -5122.4365
v  -228.3465 2425.7424 -5036.3145
v  -228.3465 2519.5825 -5036.3145
v  -228.3465 2519.5825 -4973.1533
v  -228.3465 2437.4707 -5568.8975
v  -228.3465 2507.3875 -5568.8975
v  -228.3465 2442.3918 -5655.0195
v  -228.3465 2445.8535 -5715.5996
v  -228.3465 2508.1643 -5655.0195
v  -228.3465 2412.8643 -5138.2871
v  -228.3465 2503.3958 -5138.2871
v  -228.3465 2378.0859 -4429.1338
v  -228.3465 2378.0859 -4527.5596
v  -228.3465 2407.9431 -5052.1650
v  -228.3465 2411.5830 -5115.8633
v  -228.3465 2416.4856 -5201.6592
v  -228.3465 2417.7856 -5224.4092
v  -228.3465 2421.3865 -5287.4248
v  -228.3465 2427.6282 -5396.6533
v  -228.3465 2431.1819 -5458.8447
v  -228.3465 2440.9666 -5630.0752
v  -228.3465 2519.5825 -5553.0469
v  -228.3465 2519.5825 -5492.4805
v  -228.3465 2519.5825 -5208.5586
v  -228.3465 2519.5825 -5146.1016
v  -228.3465 2519.5825 -4864.0703
v  -228.3465 2519.5825 -4800.3174
v  -228.3465 2417.5764 -4864.0703
v  -228.3465 2502.5798 -5052.1650
v  -228.3465 2433.9268 -5208.5586
v  -228.3465 2504.2065 -5224.4092
v  -228.3465 2505.8105 -5396.6533
v  -228.3465 2450.3630 -5553.0469
v  -7.8740 2519.5825 -4541.2217
v  -7.8740 2519.5825 -4605.7051
v  7.8740 2519.5825 -4605.7051
v  7.8740 2519.5825 -4541.2217
v  -7.8740 2519.5825 -4713.9326
v  -7.8740 2519.5825 -4777.9482
v  7.8740 2519.5825 -4777.9482
v  7.8740 2519.5825 -4713.9326
v  7.8740 2409.4260 -4691.8271
v  -7.8740 2409.4260 -4691.8271
v  -7.8740 2519.5825 -4627.5684
v  7.8740 2519.5825 -4627.5684
v  -7.8740 2519.5825 -4691.8271
v  7.8740 2519.5825 -4691.8271
v  -7.8740 2413.4993 -4777.9482
v  7.8740 2413.4993 -4777.9482
v  7.8740 2440.9448 -5905.5117
v  -7.8740 2440.9448 -5905.5117
v  -7.8740 2448.8188 -5905.5117
v  7.8740 2448.8188 -5905.5117
v  7.8740 2370.0789 -4527.5596
v  7.8740 2362.2048 -4527.5596
v  7.8740 2448.3630 -5897.5352
v  -7.8740 2362.2048 -4527.5596
v  -7.8740 2370.0789 -4527.5596
v  -7.8740 2448.3630 -5897.5352
v  -7.8740 2466.9197 -5897.5352
v  -7.8740 2519.5825 -5839.9355
v  7.8740 2519.5825 -5839.9355
v  7.8740 2466.9197 -5897.5352
v  -7.8740 2455.6143 -5886.4102
v  -7.8740 2452.2344 -5827.2637
v  7.8740 2452.2344 -5827.2637
v  7.8740 2455.6143 -5886.4102
v  7.8740 2447.3132 -5741.1416
v  -7.8740 2447.3132 -5741.1416
v  -7.8740 2508.9324 -5741.1416
v  7.8740 2508.9324 -5741.1416
v  7.8740 2519.5825 -5897.5352
v  -7.8740 2519.5825 -5897.5352
v  -7.8740 2450.7366 -5801.0498
v  7.8740 2450.7366 -5801.0498
v  -7.8740 2509.6909 -5827.2637
v  7.8740 2509.6909 -5827.2637
v  -7.8740 2421.6575 -4950.1924
v  7.8740 2421.6575 -4950.1924
v  7.8740 2519.5825 -4950.1924
v  -7.8740 2519.5825 -4950.1924
v  -7.8740 2519.5825 -4886.7227
v  7.8740 2519.5825 -4886.7227
v  -7.8740 2539.3701 -4429.1338
v  -7.8740 2539.3701 -5905.5117
v  7.8740 2539.3701 -5905.5117
v  7.8740 2539.3701 -4429.1338
v  7.8740 2403.0217 -4966.0430
v  -7.8740 2403.0217 -4966.0430
v  -7.8740 2501.7588 -4966.0430
v  7.8740 2501.7588 -4966.0430
v  -7.8740 2406.6787 -5030.0400
v  7.8740 2406.6787 -5030.0400
v  -7.8740 2378.0859 -4513.1123
v  7.8740 2378.0859 -4513.1123
v  7.8740 2499.6399 -4437.1406
v  -7.8740 2499.6399 -4437.1406
v  -7.8740 2378.0859 -4437.1406
v  7.8740 2378.0859 -4437.1406
v  -7.8740 2391.9585 -4772.4346
v  -7.8740 2388.2581 -4707.6777
v  7.8740 2388.2581 -4707.6777
v  7.8740 2391.9585 -4772.4346
v  7.8740 2378.4155 -4535.4336
v  -7.8740 2378.4155 -4535.4336
v  -7.8740 2497.5935 -4535.4336
v  7.8740 2497.5935 -4535.4336
v  -7.8740 2382.1399 -4600.6084
v  7.8740 2382.1399 -4600.6084
v  -7.8740 2387.0496 -4686.5293
v  -7.8740 2383.3369 -4621.5557
v  7.8740 2383.3369 -4621.5557
v  7.8740 2387.0496 -4686.5293
v  -7.8740 2498.4336 -4621.5557
v  7.8740 2498.4336 -4621.5557
v  -7.8740 2499.2705 -4707.6777
v  7.8740 2499.2705 -4707.6777
v  7.8740 2527.5591 -5905.5117
v  -7.8740 2527.5591 -5905.5117
v  -7.8740 2527.5591 -5897.5352
v  7.8740 2362.2048 -4429.1338
v  7.8740 2370.0789 -4429.1338
v  -7.8740 2362.2048 -4429.1338
v  -7.8740 2370.0789 -4429.1338
v  -7.8740 2519.5825 -5752.9268
v  -7.8740 2519.5825 -5811.4131
v  7.8740 2519.5825 -5811.4131
v  7.8740 2519.5825 -5752.9268
v  -7.8740 2462.7668 -5811.4131
v  7.8740 2462.7668 -5811.4131
v  7.8740 2454.4893 -5639.1689
v  -7.8740 2454.4893 -5639.1689
v  -7.8740 2519.5825 -5579.2148
v  7.8740 2519.5825 -5579.2148
v  7.8740 2458.6238 -5725.2910
v  -7.8740 2458.6238 -5725.2910
v  -7.8740 2519.5825 -5666.0254
v  7.8740 2519.5825 -5666.0254
v  -7.8740 2519.5825 -5725.2910
v  7.8740 2519.5825 -5725.2910
v  -7.8740 2519.5825 -5639.1689
v  7.8740 2519.5825 -5639.1689
v  -7.8740 2436.0757 -5544.4863
v  7.8740 2436.0757 -5544.4863
v  7.8740 2506.6028 -5482.7754
v  -7.8740 2506.6028 -5482.7754
v  -7.8740 2432.5493 -5482.7754
v  7.8740 2432.5493 -5482.7754
v  -7.8740 2519.5825 -5405.8096
v  -7.8740 2519.5825 -5466.9248
v  7.8740 2519.5825 -5466.9248
v  7.8740 2519.5825 -5405.8096
v  -7.8740 2446.2444 -5466.9248
v  7.8740 2446.2444 -5466.9248
v  -7.8740 2442.1323 -5380.8027
v  7.8740 2442.1323 -5380.8027
v  7.8740 2519.5825 -5380.8027
v  -7.8740 2519.5825 -5380.8027
v  -7.8740 2519.5825 -5319.1953
v  7.8740 2519.5825 -5319.1953
v  -7.8740 2438.0266 -5294.6807
v  7.8740 2438.0266 -5294.6807
v  7.8740 2519.5825 -5294.6807
v  -7.8740 2519.5825 -5294.6807
v  -7.8740 2519.5825 -5232.6279
v  7.8740 2519.5825 -5232.6279
v  -7.8740 2426.2854 -5373.1553
v  -7.8740 2422.7068 -5310.5313
v  7.8740 2422.7068 -5310.5313
v  7.8740 2426.2854 -5373.1553
v  -7.8740 2505.0117 -5310.5313
v  7.8740 2505.0117 -5310.5313
v  7.8740 2429.8320 -5122.4365
v  -7.8740 2429.8320 -5122.4365
v  -7.8740 2519.5825 -5059.6113
v  7.8740 2519.5825 -5059.6113
v  -7.8740 2519.5825 -5122.4365
v  7.8740 2519.5825 -5122.4365
v  -7.8740 2425.7424 -5036.3145
v  7.8740 2425.7424 -5036.3145
v  7.8740 2519.5825 -5036.3145
v  -7.8740 2519.5825 -5036.3145
v  -7.8740 2519.5825 -4973.1533
v  7.8740 2519.5825 -4973.1533
v  7.8740 2437.4707 -5568.8975
v  -7.8740 2437.4707 -5568.8975
v  -7.8740 2507.3875 -5568.8975
v  7.8740 2507.3875 -5568.8975
v  -7.8740 2445.8535 -5715.5996
v  -7.8740 2442.3918 -5655.0195
v  7.8740 2442.3918 -5655.0195
v  7.8740 2445.8535 -5715.5996
v  7.8740 2508.1643 -5655.0195
v  -7.8740 2508.1643 -5655.0195
v  7.8740 2412.8643 -5138.2871
v  -7.8740 2412.8643 -5138.2871
v  -7.8740 2503.3958 -5138.2871
v  7.8740 2503.3958 -5138.2871
v  7.8740 2378.0859 -4429.1338
v  7.8740 2378.0859 -4527.5596
v  7.8740 2527.5591 -4429.1338
v  7.8740 2519.5825 -4443.5254
v  7.8740 2527.5591 -5897.5352
v  7.8740 2519.5825 -4519.5830
v  7.8740 2397.8914 -4519.5830
v  7.8740 2393.1794 -4793.7988
v  7.8740 2396.8665 -4858.3232
v  7.8740 2398.1006 -4879.9209
v  7.8740 2401.7732 -4944.1924
v  7.8740 2407.9431 -5052.1650
v  7.8740 2411.5830 -5115.8633
v  7.8740 2416.4856 -5201.6592
v  7.8740 2417.7856 -5224.4092
v  7.8740 2421.3865 -5287.4248
v  7.8740 2427.6282 -5396.6533
v  7.8740 2431.1819 -5458.8447
v  7.8740 2440.9666 -5630.0752
v  7.8740 2519.5825 -5553.0469
v  7.8740 2519.5825 -5492.4805
v  7.8740 2519.5825 -5208.5586
v  7.8740 2519.5825 -5146.1016
v  7.8740 2519.5825 -4864.0703
v  7.8740 2519.5825 -4800.3174
v  7.8740 2405.3557 -4605.7051
v  7.8740 2500.1040 -4793.7988
v  7.8740 2417.5764 -4864.0703
v  7.8740 2500.9336 -4879.9209
v  7.8740 2502.5798 -5052.1650
v  7.8740 2433.9268 -5208.5586
v  7.8740 2504.2065 -5224.4092
v  7.8740 2505.8105 -5396.6533
v  7.8740 2450.3630 -5553.0469
v  -7.8740 2411.5830 -5115.8633
v  -7.8740 2502.5798 -5052.1650
v  -7.8740 2416.4856 -5201.6592
v  -7.8740 2421.3865 -5287.4248
v  -7.8740 2504.2065 -5224.4092
v  -7.8740 2417.7856 -5224.4092
v  -7.8740 2433.9268 -5208.5586
v  -7.8740 2519.5825 -5208.5586
v  -7.8740 2519.5825 -5146.1016
v  -7.8740 2431.1819 -5458.8447
v  -7.8740 2427.6282 -5396.6533
v  -7.8740 2505.8105 -5396.6533
v  -7.8740 2450.3630 -5553.0469
v  -7.8740 2519.5825 -5492.4805
v  -7.8740 2519.5825 -5553.0469
v  -7.8740 2440.9666 -5630.0752
v  -7.8740 2407.9431 -5052.1650
v  -7.8740 2417.5764 -4864.0703
v  -7.8740 2519.5825 -4800.3174
v  -7.8740 2519.5825 -4864.0703
v  -7.8740 2398.1006 -4879.9209
v  -7.8740 2500.9336 -4879.9209
v  -7.8740 2401.7732 -4944.1924
v  -7.8740 2527.5591 -4429.1338
v  -7.8740 2393.1794 -4793.7988
v  -7.8740 2500.1040 -4793.7988
v  -7.8740 2519.5825 -4443.5254
v  -7.8740 2519.5825 -4519.5830
v  -7.8740 2396.8665 -4858.3232
v  -7.8740 2405.3557 -4605.7051
v  -7.8740 2397.8914 -4519.5830
v  -125.9842 2519.5825 -4541.2217
v  -125.9842 2519.5825 -4605.7051
v  -110.2362 2519.5825 -4605.7051
v  -110.2362 2519.5825 -4541.2217
v  -125.9842 2519.5825 -4713.9326
v  -125.9842 2519.5825 -4777.9482
v  -110.2362 2519.5825 -4777.9482
v  -110.2362 2519.5825 -4713.9326
v  -110.2362 2409.4260 -4691.8271
v  -125.9842 2409.4260 -4691.8271
v  -125.9842 2519.5825 -4627.5684
v  -110.2362 2519.5825 -4627.5684
v  -125.9842 2519.5825 -4691.8271
v  -110.2362 2519.5825 -4691.8271
v  -125.9842 2413.4993 -4777.9482
v  -110.2362 2413.4993 -4777.9482
v  -110.2362 2440.9448 -5905.5117
v  -125.9842 2440.9448 -5905.5117
v  -125.9842 2448.8188 -5905.5117
v  -110.2362 2448.8188 -5905.5117
v  -110.2362 2370.0789 -4527.5596
v  -110.2362 2362.2048 -4527.5596
v  -110.2362 2448.3630 -5897.5352
v  -125.9842 2362.2048 -4527.5596
v  -125.9842 2370.0789 -4527.5596
v  -125.9842 2448.3630 -5897.5352
v  -125.9842 2466.9197 -5897.5352
v  -125.9842 2519.5825 -5839.9355
v  -110.2362 2519.5825 -5839.9355
v  -110.2362 2466.9197 -5897.5352
v  -125.9842 2455.6143 -5886.4102
v  -125.9842 2452.2344 -5827.2637
v  -110.2362 2452.2344 -5827.2637
v  -110.2362 2455.6143 -5886.4102
v  -110.2362 2447.3132 -5741.1416
v  -125.9842 2447.3132 -5741.1416
v  -125.9842 2508.9324 -5741.1416
v  -110.2362 2508.9324 -5741.1416
v  -110.2362 2519.5825 -5897.5352
v  -125.9842 2519.5825 -5897.5352
v  -125.9842 2450.7366 -5801.0498
v  -110.2362 2450.7366 -5801.0498
v  -125.9842 2509.6909 -5827.2637
v  -110.2362 2509.6909 -5827.2637
v  -125.9842 2421.6575 -4950.1924
v  -110.2362 2421.6575 -4950.1924
v  -110.2362 2519.5825 -4950.1924
v  -125.9842 2519.5825 -4950.1924
v  -125.9842 2519.5825 -4886.7227
v  -110.2362 2519.5825 -4886.7227
v  -125.9842 2539.3701 -4429.1338
v  -125.9842 2539.3701 -5905.5117
v  -110.2362 2539.3701 -5905.5117
v  -110.2362 2539.3701 -4429.1338
v  -110.2362 2403.0217 -4966.0430
v  -125.9842 2403.0217 -4966.0430
v  -125.9842 2501.7588 -4966.0430
v  -110.2362 2501.7588 -4966.0430
v  -125.9842 2406.6787 -5030.0400
v  -110.2362 2406.6787 -5030.0400
v  -125.9842 2378.0859 -4513.1123
v  -110.2362 2378.0859 -4513.1123
v  -110.2362 2499.6399 -4437.1406
v  -125.9842 2499.6399 -4437.1406
v  -125.9842 2378.0859 -4437.1406
v  -110.2362 2378.0859 -4437.1406
v  -125.9842 2391.9585 -4772.4346
v  -125.9842 2388.2581 -4707.6777
v  -110.2362 2388.2581 -4707.6777
v  -110.2362 2391.9585 -4772.4346
v  -110.2362 2378.4155 -4535.4336
v  -125.9842 2378.4155 -4535.4336
v  -125.9842 2497.5935 -4535.4336
v  -110.2362 2497.5935 -4535.4336
v  -125.9842 2382.1399 -4600.6084
v  -110.2362 2382.1399 -4600.6084
v  -125.9842 2387.0496 -4686.5293
v  -125.9842 2383.3369 -4621.5557
v  -110.2362 2383.3369 -4621.5557
v  -110.2362 2387.0496 -4686.5293
v  -125.9842 2498.4336 -4621.5557
v  -110.2362 2498.4336 -4621.5557
v  -125.9842 2499.2705 -4707.6777
v  -110.2362 2499.2705 -4707.6777
v  -110.2362 2527.5591 -5905.5117
v  -125.9842 2527.5591 -5905.5117
v  -125.9842 2393.1794 -4793.7988
v  -125.9842 2397.8914 -4519.5830
v  -125.9842 2519.5825 -4519.5830
v  -125.9842 2527.5591 -5897.5352
v  -125.9842 2519.5825 -4443.5254
v  -125.9842 2527.5591 -4429.1338
v  -125.9842 2378.0859 -4429.1338
v  -125.9842 2370.0789 -4429.1338
v  -125.9842 2519.5825 -4800.3174
v  -125.9842 2519.5825 -4864.0703
v  -125.9842 2519.5825 -4973.1533
v  -125.9842 2519.5825 -5036.3145
v  -125.9842 2519.5825 -5059.6113
v  -125.9842 2519.5825 -5122.4365
v  -125.9842 2519.5825 -5146.1016
v  -125.9842 2519.5825 -5208.5586
v  -125.9842 2519.5825 -5232.6279
v  -125.9842 2519.5825 -5294.6807
v  -125.9842 2519.5825 -5319.1953
v  -125.9842 2519.5825 -5380.8027
v  -125.9842 2519.5825 -5405.8096
v  -125.9842 2519.5825 -5466.9248
v  -125.9842 2519.5825 -5492.4805
v  -125.9842 2519.5825 -5553.0469
v  -125.9842 2519.5825 -5579.2148
v  -125.9842 2519.5825 -5639.1689
v  -125.9842 2519.5825 -5666.0254
v  -125.9842 2519.5825 -5725.2910
v  -125.9842 2519.5825 -5752.9268
v  -125.9842 2519.5825 -5811.4131
v  -125.9842 2445.8535 -5715.5996
v  -125.9842 2442.3918 -5655.0195
v  -125.9842 2440.9666 -5630.0752
v  -125.9842 2437.4707 -5568.8975
v  -125.9842 2436.0757 -5544.4863
v  -125.9842 2432.5493 -5482.7754
v  -125.9842 2431.1819 -5458.8447
v  -125.9842 2427.6282 -5396.6533
v  -125.9842 2426.2854 -5373.1553
v  -125.9842 2422.7068 -5310.5313
v  -125.9842 2421.3865 -5287.4248
v  -125.9842 2417.7856 -5224.4092
v  -125.9842 2416.4856 -5201.6592
v  -125.9842 2412.8643 -5138.2871
v  -125.9842 2411.5830 -5115.8633
v  -125.9842 2407.9431 -5052.1650
v  -125.9842 2401.7732 -4944.1924
v  -125.9842 2398.1006 -4879.9209
v  -125.9842 2396.8665 -4858.3232
v  -125.9842 2417.5764 -4864.0703
v  -125.9842 2500.1040 -4793.7988
v  -125.9842 2500.9336 -4879.9209
v  -125.9842 2425.7424 -5036.3145
v  -125.9842 2502.5798 -5052.1650
v  -125.9842 2429.8320 -5122.4365
v  -125.9842 2503.3958 -5138.2871
v  -125.9842 2433.9268 -5208.5586
v  -125.9842 2504.2065 -5224.4092
v  -125.9842 2438.0266 -5294.6807
v  -125.9842 2505.0117 -5310.5313
v  -125.9842 2442.1323 -5380.8027
v  -125.9842 2505.8105 -5396.6533
v  -125.9842 2446.2444 -5466.9248
v  -125.9842 2506.6028 -5482.7754
v  -125.9842 2450.3630 -5553.0469
v  -125.9842 2507.3875 -5568.8975
v  -125.9842 2454.4893 -5639.1689
v  -125.9842 2508.1643 -5655.0195
v  -125.9842 2458.6238 -5725.2910
v  -125.9842 2462.7668 -5811.4131
v  -125.9842 2405.3557 -4605.7051
v  -110.2362 2362.2048 -4429.1338
v  -110.2362 2370.0789 -4429.1338
v  -125.9842 2362.2048 -4429.1338
v  -110.2362 2519.5825 -5811.4131
v  -110.2362 2519.5825 -5752.9268
v  -110.2362 2462.7668 -5811.4131
v  -110.2362 2454.4893 -5639.1689
v  -110.2362 2519.5825 -5579.2148
v  -110.2362 2458.6238 -5725.2910
v  -110.2362 2519.5825 -5666.0254
v  -110.2362 2519.5825 -5725.2910
v  -110.2362 2519.5825 -5639.1689
v  -110.2362 2436.0757 -5544.4863
v  -110.2362 2506.6028 -5482.7754
v  -110.2362 2432.5493 -5482.7754
v  -110.2362 2519.5825 -5466.9248
v  -110.2362 2519.5825 -5405.8096
v  -110.2362 2446.2444 -5466.9248
v  -110.2362 2442.1323 -5380.8027
v  -110.2362 2519.5825 -5380.8027
v  -110.2362 2519.5825 -5319.1953
v  -110.2362 2438.0266 -5294.6807
v  -110.2362 2519.5825 -5294.6807
v  -110.2362 2519.5825 -5232.6279
v  -110.2362 2422.7068 -5310.5313
v  -110.2362 2426.2854 -5373.1553
v  -110.2362 2505.0117 -5310.5313
v  -110.2362 2429.8320 -5122.4365
v  -110.2362 2519.5825 -5059.6113
v  -110.2362 2519.5825 -5122.4365
v  -110.2362 2425.7424 -5036.3145
v  -110.2362 2519.5825 -5036.3145
v  -110.2362 2519.5825 -4973.1533
v  -110.2362 2437.4707 -5568.8975
v  -110.2362 2507.3875 -5568.8975
v  -110.2362 2442.3918 -5655.0195
v  -110.2362 2445.8535 -5715.5996
v  -110.2362 2508.1643 -5655.0195
v  -110.2362 2412.8643 -5138.2871
v  -110.2362 2503.3958 -5138.2871
v  -110.2362 2378.0859 -4429.1338
v  -110.2362 2378.0859 -4527.5596
v  -110.2362 2527.5591 -4429.1338
v  -110.2362 2519.5825 -4443.5254
v  -110.2362 2527.5591 -5897.5352
v  -110.2362 2519.5825 -4519.5830
v  -110.2362 2397.8914 -4519.5830
v  -110.2362 2393.1794 -4793.7988
v  -110.2362 2396.8665 -4858.3232
v  -110.2362 2398.1006 -4879.9209
v  -110.2362 2401.7732 -4944.1924
v  -110.2362 2407.9431 -5052.1650
v  -110.2362 2411.5830 -5115.8633
v  -110.2362 2416.4856 -5201.6592
v  -110.2362 2417.7856 -5224.4092
v  -110.2362 2421.3865 -5287.4248
v  -110.2362 2427.6282 -5396.6533
v  -110.2362 2431.1819 -5458.8447
v  -110.2362 2440.9666 -5630.0752
v  -110.2362 2519.5825 -5553.0469
v  -110.2362 2519.5825 -5492.4805
v  -110.2362 2519.5825 -5208.5586
v  -110.2362 2519.5825 -5146.1016
v  -110.2362 2519.5825 -4864.0703
v  -110.2362 2519.5825 -4800.3174
v  -110.2362 2405.3557 -4605.7051
v  -110.2362 2500.1040 -4793.7988
v  -110.2362 2417.5764 -4864.0703
v  -110.2362 2500.9336 -4879.9209
v  -110.2362 2502.5798 -5052.1650
v  -110.2362 2433.9268 -5208.5586
v  -110.2362 2504.2065 -5224.4092
v  -110.2362 2505.8105 -5396.6533
v  -110.2362 2450.3630 -5553.0469
v  228.3465 2519.5825 -4541.2217
v  228.3465 2519.5825 -4605.7051
v  244.0945 2519.5825 -4605.7051
v  244.0945 2519.5825 -4541.2217
v  228.3465 2519.5825 -4713.9326
v  228.3465 2519.5825 -4777.9482
v  244.0945 2519.5825 -4777.9482
v  244.0945 2519.5825 -4713.9326
v  244.0945 2409.4260 -4691.8271
v  228.3465 2409.4260 -4691.8271
v  228.3465 2519.5825 -4627.5684
v  244.0945 2519.5825 -4627.5684
v  228.3465 2519.5825 -4691.8271
v  244.0945 2519.5825 -4691.8271
v  228.3465 2413.4993 -4777.9482
v  244.0945 2413.4993 -4777.9482
v  244.0945 2440.9448 -5905.5117
v  228.3465 2440.9448 -5905.5117
v  228.3465 2448.8188 -5905.5117
v  244.0945 2448.8188 -5905.5117
v  244.0945 2370.0789 -4527.5596
v  244.0945 2362.2048 -4527.5596
v  228.3465 2362.2048 -4527.5596
v  228.3465 2370.0789 -4527.5596
v  228.3465 2448.3630 -5897.5352
v  228.3465 2466.9197 -5897.5352
v  228.3465 2519.5825 -5839.9355
v  244.0945 2519.5825 -5839.9355
v  244.0945 2466.9197 -5897.5352
v  228.3465 2455.6143 -5886.4102
v  228.3465 2452.2344 -5827.2637
v  244.0945 2452.2344 -5827.2637
v  244.0945 2455.6143 -5886.4102
v  244.0945 2447.3132 -5741.1416
v  228.3465 2447.3132 -5741.1416
v  228.3465 2508.9324 -5741.1416
v  244.0945 2508.9324 -5741.1416
v  244.0945 2519.5825 -5897.5352
v  228.3465 2519.5825 -5897.5352
v  228.3465 2450.7366 -5801.0498
v  244.0945 2450.7366 -5801.0498
v  228.3465 2509.6909 -5827.2637
v  244.0945 2509.6909 -5827.2637
v  228.3465 2421.6575 -4950.1924
v  244.0945 2421.6575 -4950.1924
v  244.0945 2519.5825 -4950.1924
v  228.3465 2519.5825 -4950.1924
v  228.3465 2519.5825 -4886.7227
v  244.0945 2519.5825 -4886.7227
v  228.3465 2539.3701 -4429.1338
v  228.3465 2539.3701 -5905.5117
v  244.0945 2539.3701 -5905.5117
v  244.0945 2539.3701 -4429.1338
v  244.0945 2403.0217 -4966.0430
v  228.3465 2403.0217 -4966.0430
v  228.3465 2501.7588 -4966.0430
v  244.0945 2501.7588 -4966.0430
v  228.3465 2406.6787 -5030.0400
v  244.0945 2406.6787 -5030.0400
v  228.3465 2378.0859 -4513.1123
v  244.0945 2378.0859 -4513.1123
v  244.0945 2499.6399 -4437.1406
v  228.3465 2499.6399 -4437.1406
v  228.3465 2378.0859 -4437.1406
v  244.0945 2378.0859 -4437.1406
v  228.3465 2391.9585 -4772.4346
v  228.3465 2388.2581 -4707.6777
v  244.0945 2388.2581 -4707.6777
v  244.0945 2391.9585 -4772.4346
v  244.0945 2378.4155 -4535.4336
v  228.3465 2378.4155 -4535.4336
v  228.3465 2497.5935 -4535.4336
v  244.0945 2497.5935 -4535.4336
v  228.3465 2382.1399 -4600.6084
v  244.0945 2382.1399 -4600.6084
v  228.3465 2387.0496 -4686.5293
v  228.3465 2383.3369 -4621.5557
v  244.0945 2383.3369 -4621.5557
v  244.0945 2387.0496 -4686.5293
v  228.3465 2498.4336 -4621.5557
v  244.0945 2498.4336 -4621.5557
v  228.3465 2499.2705 -4707.6777
v  244.0945 2499.2705 -4707.6777
v  244.0945 2527.5591 -5905.5117
v  228.3465 2527.5591 -5905.5117
v  244.0945 2527.5591 -4429.1338
v  228.3465 2393.1794 -4793.7988
v  228.3465 2397.8914 -4519.5830
v  228.3465 2519.5825 -4519.5830
v  228.3465 2527.5591 -5897.5352
v  228.3465 2519.5825 -4443.5254
v  228.3465 2527.5591 -4429.1338
v  228.3465 2378.0859 -4429.1338
v  228.3465 2370.0789 -4429.1338
v  228.3465 2519.5825 -4800.3174
v  228.3465 2519.5825 -4864.0703
v  228.3465 2519.5825 -4973.1533
v  228.3465 2519.5825 -5036.3145
v  228.3465 2519.5825 -5059.6113
v  228.3465 2519.5825 -5122.4365
v  228.3465 2519.5825 -5146.1016
v  228.3465 2519.5825 -5208.5586
v  228.3465 2519.5825 -5232.6279
v  228.3465 2519.5825 -5294.6807
v  228.3465 2519.5825 -5319.1953
v  228.3465 2519.5825 -5380.8027
v  228.3465 2519.5825 -5405.8096
v  228.3465 2519.5825 -5466.9248
v  228.3465 2519.5825 -5492.4805
v  228.3465 2519.5825 -5553.0469
v  228.3465 2519.5825 -5579.2148
v  228.3465 2519.5825 -5639.1689
v  228.3465 2519.5825 -5666.0254
v  228.3465 2519.5825 -5725.2910
v  228.3465 2519.5825 -5752.9268
v  228.3465 2519.5825 -5811.4131
v  228.3465 2445.8535 -5715.5996
v  228.3465 2442.3918 -5655.0195
v  228.3465 2440.9666 -5630.0752
v  228.3465 2437.4707 -5568.8975
v  228.3465 2436.0757 -5544.4863
v  228.3465 2432.5493 -5482.7754
v  228.3465 2431.1819 -5458.8447
v  228.3465 2427.6282 -5396.6533
v  228.3465 2426.2854 -5373.1553
v  228.3465 2422.7068 -5310.5313
v  228.3465 2421.3865 -5287.4248
v  228.3465 2417.7856 -5224.4092
v  228.3465 2416.4856 -5201.6592
v  228.3465 2412.8643 -5138.2871
v  228.3465 2411.5830 -5115.8633
v  228.3465 2407.9431 -5052.1650
v  228.3465 2401.7732 -4944.1924
v  228.3465 2398.1006 -4879.9209
v  228.3465 2396.8665 -4858.3232
v  228.3465 2417.5764 -4864.0703
v  228.3465 2500.1040 -4793.7988
v  228.3465 2500.9336 -4879.9209
v  228.3465 2425.7424 -5036.3145
v  228.3465 2502.5798 -5052.1650
v  228.3465 2429.8320 -5122.4365
v  228.3465 2503.3958 -5138.2871
v  228.3465 2433.9268 -5208.5586
v  228.3465 2504.2065 -5224.4092
v  228.3465 2438.0266 -5294.6807
v  228.3465 2505.0117 -5310.5313
v  228.3465 2442.1323 -5380.8027
v  228.3465 2505.8105 -5396.6533
v  228.3465 2446.2444 -5466.9248
v  228.3465 2506.6028 -5482.7754
v  228.3465 2450.3630 -5553.0469
v  228.3465 2507.3875 -5568.8975
v  228.3465 2454.4893 -5639.1689
v  228.3465 2508.1643 -5655.0195
v  228.3465 2458.6238 -5725.2910
v  228.3465 2462.7668 -5811.4131
v  228.3465 2405.3557 -4605.7051
v  244.0945 2370.0789 -4429.1338
v  244.0945 2362.2048 -4429.1338
v  228.3465 2362.2048 -4429.1338
v  244.0945 2519.5825 -5811.4131
v  244.0945 2519.5825 -5752.9268
v  244.0945 2462.7668 -5811.4131
v  244.0945 2454.4893 -5639.1689
v  244.0945 2519.5825 -5579.2148
v  244.0945 2458.6238 -5725.2910
v  244.0945 2519.5825 -5666.0254
v  244.0945 2519.5825 -5725.2910
v  244.0945 2519.5825 -5639.1689
v  244.0945 2436.0757 -5544.4863
v  244.0945 2506.6028 -5482.7754
v  244.0945 2432.5493 -5482.7754
v  244.0945 2519.5825 -5466.9248
v  244.0945 2519.5825 -5405.8096
v  244.0945 2446.2444 -5466.9248
v  244.0945 2442.1323 -5380.8027
v  244.0945 2519.5825 -5380.8027
v  244.0945 2519.5825 -5319.1953
v  244.0945 2438.0266 -5294.6807
v  244.0945 2519.5825 -5294.6807
v  244.0945 2519.5825 -5232.6279
v  244.0945 2422.7068 -5310.5313
v  244.0945 2426.2854 -5373.1553
v  244.0945 2505.0117 -5310.5313
v  244.0945 2429.8320 -5122.4365
v  244.0945 2519.5825 -5059.6113
v  244.0945 2519.5825 -5122.4365
v  244.0945 2425.7424 -5036.3145
v  244.0945 2519.5825 -5036.3145
v  244.0945 2519.5825 -4973.1533
v  244.0945 2437.4707 -5568.8975
v  244.0945 2507.3875 -5568.8975
v  244.0945 2442.3918 -5655.0195
v  244.0945 2445.8535 -5715.5996
v  244.0945 2508.1643 -5655.0195
v  244.0945 2412.8643 -5138.2871
v  244.0945 2503.3958 -5138.2871
v  244.0945 2397.8914 -4519.5830
v  244.0945 2519.5825 -4519.5830
v  244.0945 2519.5825 -4443.5254
v  244.0945 2405.3557 -4605.7051
v  244.0945 2393.1794 -4793.7988
v  244.0945 2396.8665 -4858.3232
v  244.0945 2398.1006 -4879.9209
v  244.0945 2401.7732 -4944.1924
v  244.0945 2407.9431 -5052.1650
v  244.0945 2411.5830 -5115.8633
v  244.0945 2416.4856 -5201.6592
v  244.0945 2417.7856 -5224.4092
v  244.0945 2421.3865 -5287.4248
v  244.0945 2427.6282 -5396.6533
v  244.0945 2431.1819 -5458.8447
v  244.0945 2440.9666 -5630.0752
v  244.0945 2519.5825 -5553.0469
v  244.0945 2519.5825 -5492.4805
v  244.0945 2519.5825 -5208.5586
v  244.0945 2519.5825 -5146.1016
v  244.0945 2519.5825 -4864.0703
v  244.0945 2519.5825 -4800.3174
v  244.0945 2500.1040 -4793.7988
v  244.0945 2417.5764 -4864.0703
v  244.0945 2500.9336 -4879.9209
v  244.0945 2502.5798 -5052.1650
v  244.0945 2433.9268 -5208.5586
v  244.0945 2504.2065 -5224.4092
v  244.0945 2505.8105 -5396.6533
v  244.0945 2450.3630 -5553.0469
v  72.8843 2318.8977 -4349.8359
v  49.8769 2318.8977 -4333.6738
v  107.6094 2318.8977 -4424.5986
v  102.7688 2318.8977 -4396.9014
v  105.1165 2318.8977 -4452.6045
v  23.4705 2318.8977 -4324.0176
v  90.9247 2318.8977 -4371.4014
v  -4.5354 2318.8977 -4321.5244
v  125.9843 2378.0859 -4330.7090
v  228.3465 2378.0859 -4330.7090
v  228.3465 2378.0859 -4345.1553
v  228.3465 2378.0859 -4421.1270
v  228.3465 2370.0789 -4330.7090
v  228.3465 2499.6399 -4421.1270
v  228.3465 2519.5825 -4414.7422
v  228.3465 2519.5825 -4338.6855
v  228.3465 2519.5825 -4317.0459
v  228.3465 2519.5825 -4252.5635
v  228.3465 2519.5825 -4230.6992
v  228.3465 2519.5825 -4166.4414
v  228.3465 2519.5825 -4144.3350
v  228.3465 2519.5825 -4080.3193
v  228.3465 2519.5825 -4057.9512
v  228.3465 2519.5825 -3994.1973
v  228.3465 2519.5825 -3971.5449
v  228.3465 2519.5825 -3908.0752
v  228.3465 2519.5825 -3885.1143
v  228.3465 2519.5825 -3821.9531
v  228.3465 2519.5825 -3798.6563
v  228.3465 2519.5825 -3735.8311
v  228.3465 2519.5825 -3712.1660
v  228.3465 2519.5825 -3649.7090
v  228.3465 2519.5825 -3625.6406
v  228.3465 2519.5825 -3563.5869
v  228.3465 2519.5825 -3539.0732
v  228.3465 2519.5825 -3477.4648
v  228.3465 2519.5825 -3452.4580
v  228.3465 2519.5825 -3391.3428
v  228.3465 2519.5825 -3365.7881
v  228.3465 2519.5825 -3305.2207
v  228.3465 2519.5825 -3279.0527
v  228.3465 2519.5825 -3219.0986
v  228.3465 2519.5825 -3192.2422
v  228.3465 2519.5825 -3132.9766
v  228.3465 2519.5825 -3105.3408
v  228.3465 2519.5825 -3046.8545
v  228.3465 2519.5825 -3018.3320
v  228.3465 2519.5825 -2960.7324
v  228.3465 2527.5591 -2960.7324
v  228.3465 2509.6909 -3031.0039
v  228.3465 2452.2344 -3031.0039
v  228.3465 2462.7668 -3046.8545
v  228.3465 2450.7366 -3057.2188
v  228.3465 2455.6143 -2971.8574
v  228.3465 2448.3630 -2960.7324
v  228.3465 2466.9197 -2960.7324
v  228.3465 2447.3132 -3117.1260
v  228.3465 2445.8535 -3142.6680
v  228.3465 2458.6238 -3132.9766
v  228.3465 2508.9324 -3117.1260
v  228.3465 2508.1643 -3203.2480
v  228.3465 2442.3918 -3203.2480
v  228.3465 2454.4893 -3219.0986
v  228.3465 2440.9666 -3228.1934
v  228.3465 2437.4707 -3289.3701
v  228.3465 2436.0757 -3313.7813
v  228.3465 2450.3630 -3305.2207
v  228.3465 2507.3875 -3289.3701
v  228.3465 2506.6028 -3375.4922
v  228.3465 2432.5493 -3375.4922
v  228.3465 2446.2444 -3391.3428
v  228.3465 2431.1819 -3399.4238
v  228.3465 2427.6282 -3461.6143
v  228.3465 2426.2854 -3485.1133
v  228.3465 2442.1323 -3477.4648
v  228.3465 2505.8105 -3461.6143
v  228.3465 2505.0117 -3547.7363
v  228.3465 2422.7068 -3547.7363
v  228.3465 2438.0266 -3563.5869
v  228.3465 2421.3865 -3570.8428
v  228.3465 2417.7856 -3633.8584
v  228.3465 2416.4856 -3656.6084
v  228.3465 2433.9268 -3649.7090
v  228.3465 2504.2065 -3633.8584
v  228.3465 2503.3958 -3719.9805
v  228.3465 2412.8643 -3719.9805
v  228.3465 2429.8320 -3735.8311
v  228.3465 2411.5830 -3742.4043
v  228.3465 2407.9431 -3806.1025
v  228.3465 2406.6787 -3828.2285
v  228.3465 2425.7424 -3821.9531
v  228.3465 2502.5798 -3806.1025
v  228.3465 2501.7588 -3892.2246
v  228.3465 2403.0217 -3892.2246
v  228.3465 2421.6575 -3908.0752
v  228.3465 2401.7732 -3914.0762
v  228.3465 2398.1006 -3978.3467
v  228.3465 2396.8665 -3999.9453
v  228.3465 2417.5764 -3994.1973
v  228.3465 2500.9336 -3978.3467
v  228.3465 2500.1040 -4064.4688
v  228.3465 2393.1794 -4064.4688
v  228.3465 2413.4993 -4080.3193
v  228.3465 2391.9585 -4085.8330
v  228.3465 2388.2581 -4150.5908
v  228.3465 2387.0496 -4171.7383
v  228.3465 2409.4260 -4166.4414
v  228.3465 2499.2705 -4150.5908
v  228.3465 2498.4336 -4236.7129
v  228.3465 2383.3369 -4236.7129
v  228.3465 2405.3557 -4252.5635
v  228.3465 2382.1399 -4257.6592
v  228.3465 2378.4155 -4322.8350
v  228.3465 2497.5935 -4322.8350
v  228.3465 2397.8914 -4338.6855
v  7.8740 2370.0789 -4330.7090
v  7.8740 2378.0859 -4330.7090
v  7.8740 2378.0859 -4345.1553
v  7.8740 2378.0859 -4421.1270
v  7.8740 2499.6399 -4421.1270
v  7.8740 2519.5825 -4414.7422
v  7.8740 2519.5825 -4338.6855
v  7.8740 2519.5825 -4317.0459
v  7.8740 2519.5825 -4252.5635
v  7.8740 2519.5825 -4230.6992
v  7.8740 2519.5825 -4166.4414
v  7.8740 2519.5825 -4144.3350
v  7.8740 2519.5825 -4080.3193
v  7.8740 2519.5825 -4057.9512
v  7.8740 2519.5825 -3994.1973
v  7.8740 2519.5825 -3971.5449
v  7.8740 2519.5825 -3908.0752
v  7.8740 2519.5825 -3885.1143
v  7.8740 2519.5825 -3821.9531
v  7.8740 2519.5825 -3798.6563
v  7.8740 2519.5825 -3735.8311
v  7.8740 2519.5825 -3712.1660
v  7.8740 2519.5825 -3649.7090
v  7.8740 2519.5825 -3625.6406
v  7.8740 2519.5825 -3563.5869
v  7.8740 2519.5825 -3539.0732
v  7.8740 2519.5825 -3477.4648
v  7.8740 2519.5825 -3452.4580
v  7.8740 2519.5825 -3391.3428
v  7.8740 2519.5825 -3365.7881
v  7.8740 2519.5825 -3305.2207
v  7.8740 2519.5825 -3279.0527
v  7.8740 2519.5825 -3219.0986
v  7.8740 2519.5825 -3192.2422
v  7.8740 2519.5825 -3132.9766
v  7.8740 2519.5825 -3105.3408
v  7.8740 2519.5825 -3046.8545
v  7.8740 2519.5825 -3018.3320
v  7.8740 2527.5591 -2960.7324
v  7.8740 2519.5825 -2960.7324
v  7.8740 2509.6909 -3031.0039
v  7.8740 2455.6143 -2971.8574
v  7.8740 2466.9197 -2960.7324
v  7.8740 2448.3630 -2960.7324
v  7.8740 2452.2344 -3031.0039
v  7.8740 2450.7366 -3057.2188
v  7.8740 2447.3132 -3117.1260
v  7.8740 2445.8535 -3142.6680
v  7.8740 2442.3918 -3203.2480
v  7.8740 2440.9666 -3228.1934
v  7.8740 2437.4707 -3289.3701
v  7.8740 2436.0757 -3313.7813
v  7.8740 2432.5493 -3375.4922
v  7.8740 2431.1819 -3399.4238
v  7.8740 2427.6282 -3461.6143
v  7.8740 2426.2854 -3485.1133
v  7.8740 2422.7068 -3547.7363
v  7.8740 2421.3865 -3570.8428
v  7.8740 2417.7856 -3633.8584
v  7.8740 2416.4856 -3656.6084
v  7.8740 2412.8643 -3719.9805
v  7.8740 2411.5830 -3742.4043
v  7.8740 2407.9431 -3806.1025
v  7.8740 2406.6787 -3828.2285
v  7.8740 2403.0217 -3892.2246
v  7.8740 2401.7732 -3914.0762
v  7.8740 2398.1006 -3978.3467
v  7.8740 2396.8665 -3999.9453
v  7.8740 2393.1794 -4064.4688
v  7.8740 2391.9585 -4085.8330
v  7.8740 2388.2581 -4150.5908
v  7.8740 2387.0496 -4171.7383
v  7.8740 2383.3369 -4236.7129
v  7.8740 2382.1399 -4257.6592
v  7.8740 2378.4155 -4322.8350
v  7.8740 2497.5935 -4322.8350
v  7.8740 2405.3557 -4252.5635
v  7.8740 2498.4336 -4236.7129
v  7.8740 2409.4260 -4166.4414
v  7.8740 2499.2705 -4150.5908
v  7.8740 2413.4993 -4080.3193
v  7.8740 2500.1040 -4064.4688
v  7.8740 2417.5764 -3994.1973
v  7.8740 2500.9336 -3978.3467
v  7.8740 2421.6575 -3908.0752
v  7.8740 2501.7588 -3892.2246
v  7.8740 2425.7424 -3821.9531
v  7.8740 2502.5798 -3806.1025
v  7.8740 2429.8320 -3735.8311
v  7.8740 2503.3958 -3719.9805
v  7.8740 2433.9268 -3649.7090
v  7.8740 2504.2065 -3633.8584
v  7.8740 2438.0266 -3563.5869
v  7.8740 2505.0117 -3547.7363
v  7.8740 2442.1323 -3477.4648
v  7.8740 2505.8105 -3461.6143
v  7.8740 2446.2444 -3391.3428
v  7.8740 2506.6028 -3375.4922
v  7.8740 2450.3630 -3305.2207
v  7.8740 2507.3875 -3289.3701
v  7.8740 2454.4893 -3219.0986
v  7.8740 2508.1643 -3203.2480
v  7.8740 2458.6238 -3132.9766
v  7.8740 2508.9324 -3117.1260
v  7.8740 2462.7668 -3046.8545
v  7.8740 2397.8914 -4338.6855
v  110.2362 2378.0859 -4330.7090
v  150.2630 0.0000 -4382.0059
v  157.3406 0.0000 -4422.5029
v  -132.9452 0.0000 -4513.5469
v  -106.5675 0.0000 -4545.0801
v  72.9273 0.0000 -4289.5576
v  106.5675 0.0000 -4313.1885
v  -153.6957 0.0000 -4394.8164
v  -157.3406 0.0000 -4435.7656
v  153.6957 0.0000 -4463.4512
v  47.1283 0.0000 -4579.3975
v  6.6315 0.0000 -4586.4746
v  -228.3465 2362.2048 -4330.7090
v  -125.9842 2362.2048 -4330.7090
v  -125.9842 2370.0789 -4330.7090
v  -228.3465 2370.0789 -4330.7090
v  -125.9842 2378.0859 -4330.7090
v  -228.3465 2378.0859 -4330.7090
v  -115.9458 0.0000 -4322.5664
v  -139.5767 0.0000 -4356.2070
v  -34.3172 0.0000 -4582.8301
v  34.3173 0.0000 -4275.4385
v  228.3465 2378.0859 -4527.5596
v  244.0945 2318.8977 -4429.1338
v  244.0945 2318.8977 -4478.3467
v  -7.8740 2378.0859 -4429.1338
v  132.9453 0.0000 -4344.7207
v  139.5767 0.0000 -4502.0615
v  115.9458 0.0000 -4535.7012
v  -72.9273 0.0000 -4568.7109
v  84.4133 0.0000 -4562.0791
v  -150.2630 0.0000 -4476.2627
v  -84.4133 0.0000 -4296.1885
v  110.2362 2378.0859 -4527.5596
v  -47.1283 0.0000 -4278.8711
v  -6.6315 0.0000 -4271.7930
v  110.2362 2519.5825 -5405.8096
v  110.2362 2519.5825 -5466.9248
v  110.2362 2519.5825 -5579.2148
v  110.2362 2519.5825 -5639.1689
v  110.2362 2519.5825 -5666.0254
v  110.2362 2519.5825 -5725.2910
v  110.2362 2519.5825 -5752.9268
v  110.2362 2519.5825 -5811.4131
v  110.2362 2436.0757 -5544.4863
v  110.2362 2432.5493 -5482.7754
v  110.2362 2446.2444 -5466.9248
v  110.2362 2506.6028 -5482.7754
v  110.2362 2454.4893 -5639.1689
v  110.2362 2458.6238 -5725.2910
v  110.2362 2462.7668 -5811.4131
v  -125.9842 2378.0859 -4527.5596
v  -110.2362 2378.0859 -4345.1553
v  -110.2362 2378.0859 -4330.7090
v  -7.8740 2378.0859 -4330.7090
v  -110.2362 2378.0859 -4421.1270
v  -7.8740 2378.0859 -4345.1553
v  -7.8740 2378.0859 -4421.1270
v  -7.8740 2370.0789 -4330.7090
v  -7.8740 2499.6399 -4421.1270
v  -7.8740 2519.5825 -4414.7422
v  -7.8740 2519.5825 -4338.6855
v  -7.8740 2519.5825 -4317.0459
v  -7.8740 2519.5825 -4252.5635
v  -7.8740 2519.5825 -4230.6992
v  -7.8740 2519.5825 -4166.4414
v  -7.8740 2519.5825 -4144.3350
v  -7.8740 2519.5825 -4080.3193
v  -7.8740 2519.5825 -4057.9512
v  -7.8740 2519.5825 -3994.1973
v  -7.8740 2519.5825 -3971.5449
v  -7.8740 2519.5825 -3908.0752
v  -7.8740 2519.5825 -3885.1143
v  -7.8740 2519.5825 -3821.9531
v  -7.8740 2519.5825 -3798.6563
v  -7.8740 2519.5825 -3735.8311
v  -7.8740 2519.5825 -3712.1660
v  -7.8740 2519.5825 -3649.7090
v  -7.8740 2519.5825 -3625.6406
v  -7.8740 2519.5825 -3563.5869
v  -7.8740 2519.5825 -3539.0732
v  -7.8740 2519.5825 -3477.4648
v  -7.8740 2519.5825 -3452.4580
v  -7.8740 2519.5825 -3391.3428
v  -7.8740 2519.5825 -3365.7881
v  -7.8740 2519.5825 -3305.2207
v  -7.8740 2519.5825 -3279.0527
v  -7.8740 2519.5825 -3219.0986
v  -7.8740 2519.5825 -3192.2422
v  -7.8740 2519.5825 -3132.9766
v  -7.8740 2519.5825 -3105.3408
v  -7.8740 2519.5825 -3046.8545
v  -7.8740 2519.5825 -3018.3320
v  -7.8740 2519.5825 -2960.7324
v  -7.8740 2527.5591 -2960.7324
v  -7.8740 2509.6909 -3031.0039
v  -7.8740 2452.2344 -3031.0039
v  -7.8740 2462.7668 -3046.8545
v  -7.8740 2450.7366 -3057.2188
v  -7.8740 2455.6143 -2971.8574
v  -7.8740 2448.3630 -2960.7324
v  -7.8740 2466.9197 -2960.7324
v  -7.8740 2447.3132 -3117.1260
v  -7.8740 2445.8535 -3142.6680
v  -7.8740 2458.6238 -3132.9766
v  -7.8740 2508.9324 -3117.1260
v  -7.8740 2508.1643 -3203.2480
v  -7.8740 2442.3918 -3203.2480
v  -7.8740 2454.4893 -3219.0986
v  -7.8740 2440.9666 -3228.1934
v  -7.8740 2437.4707 -3289.3701
v  -7.8740 2436.0757 -3313.7813
v  -7.8740 2450.3630 -3305.2207
v  -7.8740 2507.3875 -3289.3701
v  -7.8740 2506.6028 -3375.4922
v  -7.8740 2432.5493 -3375.4922
v  -7.8740 2446.2444 -3391.3428
v  -7.8740 2431.1819 -3399.4238
v  -7.8740 2427.6282 -3461.6143
v  -7.8740 2426.2854 -3485.1133
v  -7.8740 2442.1323 -3477.4648
v  -7.8740 2505.8105 -3461.6143
v  -7.8740 2505.0117 -3547.7363
v  -7.8740 2422.7068 -3547.7363
v  -7.8740 2438.0266 -3563.5869
v  -7.8740 2421.3865 -3570.8428
v  -7.8740 2417.7856 -3633.8584
v  -7.8740 2416.4856 -3656.6084
v  -7.8740 2433.9268 -3649.7090
v  -7.8740 2504.2065 -3633.8584
v  -7.8740 2503.3958 -3719.9805
v  -7.8740 2412.8643 -3719.9805
v  -7.8740 2429.8320 -3735.8311
v  -7.8740 2411.5830 -3742.4043
v  -7.8740 2407.9431 -3806.1025
v  -7.8740 2406.6787 -3828.2285
v  -7.8740 2425.7424 -3821.9531
v  -7.8740 2502.5798 -3806.1025
v  -7.8740 2501.7588 -3892.2246
v  -7.8740 2403.0217 -3892.2246
v  -7.8740 2421.6575 -3908.0752
v  -7.8740 2401.7732 -3914.0762
v  -7.8740 2398.1006 -3978.3467
v  -7.8740 2396.8665 -3999.9453
v  -7.8740 2417.5764 -3994.1973
v  -7.8740 2500.9336 -3978.3467
v  -7.8740 2500.1040 -4064.4688
v  -7.8740 2393.1794 -4064.4688
v  -7.8740 2413.4993 -4080.3193
v  -7.8740 2391.9585 -4085.8330
v  -7.8740 2388.2581 -4150.5908
v  -7.8740 2387.0496 -4171.7383
v  -7.8740 2409.4260 -4166.4414
v  -7.8740 2499.2705 -4150.5908
v  -7.8740 2498.4336 -4236.7129
v  -7.8740 2383.3369 -4236.7129
v  -7.8740 2405.3557 -4252.5635
v  -7.8740 2382.1399 -4257.6592
v  -7.8740 2378.4155 -4322.8350
v  -7.8740 2497.5935 -4322.8350
v  -7.8740 2397.8914 -4338.6855
v  -110.2362 2370.0789 -4330.7090
v  -110.2362 2499.6399 -4421.1270
v  -110.2362 2519.5825 -4414.7422
v  -110.2362 2519.5825 -4338.6855
v  -110.2362 2519.5825 -4317.0459
v  -110.2362 2519.5825 -4252.5635
v  -110.2362 2519.5825 -4230.6992
v  -110.2362 2519.5825 -4166.4414
v  -110.2362 2519.5825 -4144.3350
v  -110.2362 2519.5825 -4080.3193
v  -110.2362 2519.5825 -4057.9512
v  -110.2362 2519.5825 -3994.1973
v  -110.2362 2519.5825 -3971.5449
v  -110.2362 2519.5825 -3908.0752
v  -110.2362 2519.5825 -3885.1143
v  -110.2362 2519.5825 -3821.9531
v  -110.2362 2519.5825 -3798.6563
v  -110.2362 2519.5825 -3735.8311
v  -110.2362 2519.5825 -3712.1660
v  -110.2362 2519.5825 -3649.7090
v  -110.2362 2519.5825 -3625.6406
v  -110.2362 2519.5825 -3563.5869
v  -110.2362 2519.5825 -3539.0732
v  -110.2362 2519.5825 -3477.4648
v  -110.2362 2519.5825 -3452.4580
v  -110.2362 2519.5825 -3391.3428
v  -110.2362 2519.5825 -3365.7881
v  -110.2362 2519.5825 -3305.2207
v  -110.2362 2519.5825 -3279.0527
v  -110.2362 2519.5825 -3219.0986
v  -110.2362 2519.5825 -3192.2422
v  -110.2362 2519.5825 -3132.9766
v  -110.2362 2519.5825 -3105.3408
v  -110.2362 2519.5825 -3046.8545
v  -110.2362 2519.5825 -3018.3320
v  -110.2362 2527.5591 -2960.7324
v  -110.2362 2519.5825 -2960.7324
v  -110.2362 2509.6909 -3031.0039
v  -110.2362 2455.6143 -2971.8574
v  -110.2362 2466.9197 -2960.7324
v  -110.2362 2448.3630 -2960.7324
v  -110.2362 2452.2344 -3031.0039
v  -110.2362 2450.7366 -3057.2188
v  -110.2362 2447.3132 -3117.1260
v  -110.2362 2445.8535 -3142.6680
v  -110.2362 2442.3918 -3203.2480
v  -110.2362 2440.9666 -3228.1934
v  -110.2362 2437.4707 -3289.3701
v  -110.2362 2436.0757 -3313.7813
v  -110.2362 2432.5493 -3375.4922
v  -110.2362 2431.1819 -3399.4238
v  -110.2362 2427.6282 -3461.6143
v  -110.2362 2426.2854 -3485.1133
v  -110.2362 2422.7068 -3547.7363
v  -110.2362 2421.3865 -3570.8428
v  -110.2362 2417.7856 -3633.8584
v  -110.2362 2416.4856 -3656.6084
v  -110.2362 2412.8643 -3719.9805
v  -110.2362 2411.5830 -3742.4043
v  -110.2362 2407.9431 -3806.1025
v  -110.2362 2406.6787 -3828.2285
v  -110.2362 2403.0217 -3892.2246
v  -110.2362 2401.7732 -3914.0762
v  -110.2362 2398.1006 -3978.3467
v  -110.2362 2396.8665 -3999.9453
v  -110.2362 2393.1794 -4064.4688
v  -110.2362 2391.9585 -4085.8330
v  -110.2362 2388.2581 -4150.5908
v  -110.2362 2387.0496 -4171.7383
v  -110.2362 2383.3369 -4236.7129
v  -110.2362 2382.1399 -4257.6592
v  -110.2362 2378.4155 -4322.8350
v  -110.2362 2497.5935 -4322.8350
v  -110.2362 2405.3557 -4252.5635
v  -110.2362 2498.4336 -4236.7129
v  -110.2362 2409.4260 -4166.4414
v  -110.2362 2499.2705 -4150.5908
v  -110.2362 2413.4993 -4080.3193
v  -110.2362 2500.1040 -4064.4688
v  -110.2362 2417.5764 -3994.1973
v  -110.2362 2500.9336 -3978.3467
v  -110.2362 2421.6575 -3908.0752
v  -110.2362 2501.7588 -3892.2246
v  -110.2362 2425.7424 -3821.9531
v  -110.2362 2502.5798 -3806.1025
v  -110.2362 2429.8320 -3735.8311
v  -110.2362 2503.3958 -3719.9805
v  -110.2362 2433.9268 -3649.7090
v  -110.2362 2504.2065 -3633.8584
v  -110.2362 2438.0266 -3563.5869
v  -110.2362 2505.0117 -3547.7363
v  -110.2362 2442.1323 -3477.4648
v  -110.2362 2505.8105 -3461.6143
v  -110.2362 2446.2444 -3391.3428
v  -110.2362 2506.6028 -3375.4922
v  -110.2362 2450.3630 -3305.2207
v  -110.2362 2507.3875 -3289.3701
v  -110.2362 2454.4893 -3219.0986
v  -110.2362 2508.1643 -3203.2480
v  -110.2362 2458.6238 -3132.9766
v  -110.2362 2508.9324 -3117.1260
v  -110.2362 2462.7668 -3046.8545
v  -110.2362 2397.8914 -4338.6855
v  -7.8740 2378.0859 -4527.5596
v  -228.3465 2519.5825 -4414.7422
v  -228.3465 2519.5825 -4338.6855
v  -228.3465 2519.5825 -4317.0459
v  -228.3465 2519.5825 -4252.5635
v  -228.3465 2519.5825 -4230.6992
v  -228.3465 2519.5825 -4166.4414
v  -228.3465 2519.5825 -4144.3350
v  -228.3465 2519.5825 -4080.3193
v  -228.3465 2519.5825 -4057.9512
v  -228.3465 2519.5825 -3994.1973
v  -228.3465 2519.5825 -3908.0752
v  -228.3465 2519.5825 -3885.1143
v  -228.3465 2519.5825 -3821.9531
v  -228.3465 2519.5825 -3798.6563
v  -228.3465 2519.5825 -3735.8311
v  -228.3465 2519.5825 -3712.1660
v  -228.3465 2519.5825 -3649.7090
v  -228.3465 2519.5825 -3625.6406
v  -228.3465 2519.5825 -3563.5869
v  -228.3465 2519.5825 -3539.0732
v  -228.3465 2519.5825 -3477.4648
v  -228.3465 2519.5825 -3452.4580
v  -228.3465 2519.5825 -3391.3428
v  -228.3465 2519.5825 -3365.7881
v  -228.3465 2519.5825 -3305.2207
v  -228.3465 2519.5825 -3279.0527
v  -228.3465 2519.5825 -3219.0986
v  -228.3465 2519.5825 -3192.2422
v  -228.3465 2519.5825 -3132.9766
v  -228.3465 2519.5825 -3105.3408
v  -228.3465 2519.5825 -3046.8545
v  -228.3465 2519.5825 -3018.3320
v  -228.3465 2527.5591 -2960.7324
v  -228.3465 2519.5825 -2960.7324
v  -228.3465 2509.6909 -3031.0039
v  -228.3465 2455.6143 -2971.8574
v  -228.3465 2466.9197 -2960.7324
v  -228.3465 2448.3630 -2960.7324
v  -228.3465 2452.2344 -3031.0039
v  -228.3465 2450.7366 -3057.2188
v  -228.3465 2447.3132 -3117.1260
v  -228.3465 2445.8535 -3142.6680
v  -228.3465 2442.3918 -3203.2480
v  -228.3465 2440.9666 -3228.1934
v  -228.3465 2437.4707 -3289.3701
v  -228.3465 2436.0757 -3313.7813
v  -228.3465 2432.5493 -3375.4922
v  -228.3465 2431.1819 -3399.4238
v  -228.3465 2427.6282 -3461.6143
v  -228.3465 2426.2854 -3485.1133
v  -228.3465 2422.7068 -3547.7363
v  -228.3465 2421.3865 -3570.8428
v  -228.3465 2417.7856 -3633.8584
v  -228.3465 2416.4856 -3656.6084
v  -228.3465 2412.8643 -3719.9805
v  -228.3465 2411.5830 -3742.4043
v  -228.3465 2407.9431 -3806.1025
v  -228.3465 2401.7732 -3914.0762
v  -228.3465 2398.1006 -3978.3467
v  -228.3465 2396.8665 -3999.9453
v  -228.3465 2393.1794 -4064.4688
v  -228.3465 2405.3557 -4252.5635
v  -228.3465 2409.4260 -4166.4414
v  -228.3465 2499.2705 -4150.5908
v  -228.3465 2413.4993 -4080.3193
v  -228.3465 2500.1040 -4064.4688
v  -228.3465 2417.5764 -3994.1973
v  -228.3465 2500.9336 -3978.3467
v  -228.3465 2425.7424 -3821.9531
v  -228.3465 2502.5798 -3806.1025
v  -228.3465 2429.8320 -3735.8311
v  -228.3465 2503.3958 -3719.9805
v  -228.3465 2433.9268 -3649.7090
v  -228.3465 2504.2065 -3633.8584
v  -228.3465 2438.0266 -3563.5869
v  -228.3465 2505.0117 -3547.7363
v  -228.3465 2442.1323 -3477.4648
v  -228.3465 2505.8105 -3461.6143
v  -228.3465 2446.2444 -3391.3428
v  -228.3465 2506.6028 -3375.4922
v  -228.3465 2450.3630 -3305.2207
v  -228.3465 2507.3875 -3289.3701
v  -228.3465 2454.4893 -3219.0986
v  -228.3465 2508.1643 -3203.2480
v  -228.3465 2458.6238 -3132.9766
v  -228.3465 2508.9324 -3117.1260
v  -228.3465 2462.7668 -3046.8545
v  -228.3465 2397.8914 -4338.6855
v  -125.9842 2378.0859 -4345.1553
v  -125.9842 2378.0859 -4421.1270
v  -125.9842 2499.6399 -4421.1270
v  -125.9842 2519.5825 -4414.7422
v  -125.9842 2519.5825 -4338.6855
v  -125.9842 2519.5825 -4317.0459
v  -125.9842 2519.5825 -4252.5635
v  -125.9842 2519.5825 -4230.6992
v  -125.9842 2519.5825 -4166.4414
v  -125.9842 2519.5825 -4144.3350
v  -125.9842 2519.5825 -4080.3193
v  -125.9842 2519.5825 -4057.9512
v  -125.9842 2519.5825 -3994.1973
v  -125.9842 2519.5825 -3971.5449
v  -125.9842 2519.5825 -3908.0752
v  -125.9842 2519.5825 -3885.1143
v  -125.9842 2519.5825 -3821.9531
v  -125.9842 2519.5825 -3798.6563
v  -125.9842 2519.5825 -3735.8311
v  -125.9842 2519.5825 -3712.1660
v  -125.9842 2519.5825 -3649.7090
v  -125.9842 2519.5825 -3625.6406
v  -125.9842 2519.5825 -3563.5869
v  -125.9842 2519.5825 -3539.0732
v  -125.9842 2519.5825 -3477.4648
v  -125.9842 2519.5825 -3452.4580
v  -125.9842 2519.5825 -3391.3428
v  -125.9842 2519.5825 -3365.7881
v  -125.9842 2519.5825 -3305.2207
v  -125.9842 2519.5825 -3279.0527
v  -125.9842 2519.5825 -3219.0986
v  -125.9842 2519.5825 -3192.2422
v  -125.9842 2519.5825 -3132.9766
v  -125.9842 2519.5825 -3105.3408
v  -125.9842 2519.5825 -3046.8545
v  -125.9842 2519.5825 -3018.3320
v  -125.9842 2519.5825 -2960.7324
v  -125.9842 2527.5591 -2960.7324
v  -125.9842 2509.6909 -3031.0039
v  -125.9842 2452.2344 -3031.0039
v  -125.9842 2462.7668 -3046.8545
v  -125.9842 2450.7366 -3057.2188
v  -125.9842 2455.6143 -2971.8574
v  -125.9842 2448.3630 -2960.7324
v  -125.9842 2466.9197 -2960.7324
v  -125.9842 2447.3132 -3117.1260
v  -125.9842 2445.8535 -3142.6680
v  -125.9842 2458.6238 -3132.9766
v  -125.9842 2508.9324 -3117.1260
v  -125.9842 2508.1643 -3203.2480
v  -125.9842 2442.3918 -3203.2480
v  -125.9842 2454.4893 -3219.0986
v  -125.9842 2440.9666 -3228.1934
v  -125.9842 2437.4707 -3289.3701
v  -125.9842 2436.0757 -3313.7813
v  -125.9842 2450.3630 -3305.2207
v  -125.9842 2507.3875 -3289.3701
v  -125.9842 2506.6028 -3375.4922
v  -125.9842 2432.5493 -3375.4922
v  -125.9842 2446.2444 -3391.3428
v  -125.9842 2431.1819 -3399.4238
v  -125.9842 2427.6282 -3461.6143
v  -125.9842 2426.2854 -3485.1133
v  -125.9842 2442.1323 -3477.4648
v  -125.9842 2505.8105 -3461.6143
v  -125.9842 2505.0117 -3547.7363
v  -125.9842 2422.7068 -3547.7363
v  -125.9842 2438.0266 -3563.5869
v  -125.9842 2421.3865 -3570.8428
v  -125.9842 2417.7856 -3633.8584
v  -125.9842 2416.4856 -3656.6084
v  -125.9842 2433.9268 -3649.7090
v  -125.9842 2504.2065 -3633.8584
v  -125.9842 2503.3958 -3719.9805
v  -125.9842 2412.8643 -3719.9805
v  -125.9842 2429.8320 -3735.8311
v  -125.9842 2411.5830 -3742.4043
v  -125.9842 2407.9431 -3806.1025
v  -125.9842 2406.6787 -3828.2285
v  -125.9842 2425.7424 -3821.9531
v  -125.9842 2502.5798 -3806.1025
v  -125.9842 2501.7588 -3892.2246
v  -125.9842 2403.0217 -3892.2246
v  -125.9842 2421.6575 -3908.0752
v  -125.9842 2401.7732 -3914.0762
v  -125.9842 2398.1006 -3978.3467
v  -125.9842 2396.8665 -3999.9453
v  -125.9842 2417.5764 -3994.1973
v  -125.9842 2500.9336 -3978.3467
v  -125.9842 2500.1040 -4064.4688
v  -125.9842 2393.1794 -4064.4688
v  -125.9842 2413.4993 -4080.3193
v  -125.9842 2391.9585 -4085.8330
v  -125.9842 2388.2581 -4150.5908
v  -125.9842 2387.0496 -4171.7383
v  -125.9842 2409.4260 -4166.4414
v  -125.9842 2499.2705 -4150.5908
v  -125.9842 2498.4336 -4236.7129
v  -125.9842 2383.3369 -4236.7129
v  -125.9842 2405.3557 -4252.5635
v  -125.9842 2382.1399 -4257.6592
v  -125.9842 2378.4155 -4322.8350
v  -125.9842 2497.5935 -4322.8350
v  -125.9842 2397.8914 -4338.6855
v  -105.1165 2318.8977 -4405.6631
v  -95.4602 2318.8977 -4379.2568
v  -79.2984 2318.8977 -4356.2500
v  -57.7325 2318.8977 -4338.2090
v  -220.5624 2456.6030 -5905.5117
v  -220.5624 2511.7507 -5905.5117
v  -204.8154 2519.5557 -5905.5117
v  -133.9877 2519.5557 -5905.5117
v  -133.9877 2465.0728 -5905.5117
v  -148.8702 2456.6030 -5905.5117
v  95.4602 2318.8977 -4479.0107
v  -107.6094 2318.8977 -4433.6689
v  57.7325 2318.8977 -4520.0586
v  79.2984 2318.8977 -4502.0186
v  -102.7688 2318.8977 -4461.3662
v  4.5354 2318.8977 -4536.7432
v  32.2323 2318.8977 -4531.9023
v  -220.5624 2511.7507 -5897.5352
v  -148.8702 2456.6030 -5897.5352
v  -133.9877 2465.0728 -5897.5352
v  -204.8154 2519.5557 -5897.5352
v  -220.5624 2456.6030 -5897.5352
v  -133.9877 2519.5557 -5897.5352
v  -90.9247 2318.8977 -4486.8662
v  220.5624 2511.7507 -5905.5117
v  148.8702 2456.6030 -5905.5117
v  133.9877 2465.0728 -5905.5117
v  204.8154 2519.5557 -5905.5117
v  220.5624 2456.6030 -5905.5117
v  133.9877 2519.5557 -5905.5117
v  -72.8843 2318.8977 -4508.4326
v  -15.6580 2511.7507 -5905.5117
v  -87.3503 2456.6030 -5905.5117
v  -102.2328 2465.0728 -5905.5117
v  -31.4051 2519.5557 -5905.5117
v  -15.6580 2456.6030 -5905.5117
v  -102.2328 2519.5557 -5905.5117
v  -15.6580 2456.6030 -5897.5352
v  -15.6580 2511.7507 -5897.5352
v  -31.4051 2519.5557 -5897.5352
v  -102.2328 2519.5557 -5897.5352
v  -102.2328 2465.0728 -5897.5352
v  -87.3503 2456.6030 -5897.5352
v  179.1006 0.0000 -4193.0527
v  236.0808 0.0000 -4193.0527
v  179.1006 472.4409 -4250.0332
v  -236.0808 0.0000 -4193.0527
v  -179.1006 472.4409 -4250.0332
v  179.1006 787.4016 -4250.0332
v  -179.1006 787.4016 -4250.0332
v  236.0808 0.0000 -4665.2148
v  179.1006 472.4409 -4608.2344
v  179.1006 787.4016 -4608.2344
v  -179.1006 787.4016 -4608.2344
v  -179.1006 472.4409 -4608.2344
v  -236.0808 0.0000 -4665.2148
v  220.5624 2456.6030 -5897.5352
v  220.5624 2511.7507 -5897.5352
v  204.8154 2519.5557 -5897.5352
v  133.9877 2519.5557 -5897.5352
v  133.9877 2465.0728 -5897.5352
v  148.8702 2456.6030 -5897.5352
v  -244.0945 2318.8977 -4379.9209
v  -244.0945 2362.2048 -4330.7090
v  -244.0945 2318.8977 -4478.3467
v  -244.0945 2598.4253 -5905.5117
v  -228.3465 2561.5159 -5905.5117
v  -228.3465 2598.4253 -5905.5117
v  228.3465 2561.5159 -5905.5117
v  244.0945 2598.4253 -5905.5117
v  228.3465 2598.4253 -5905.5117
v  -49.8769 2318.8977 -4524.5938
v  -23.4705 2318.8977 -4534.2500
v  31.4051 2519.5557 -5905.5117
v  31.4051 2519.5557 -5897.5352
v  102.2328 2465.0728 -5897.5352
v  102.2328 2465.0728 -5905.5117
v  102.2328 2519.5557 -5897.5352
v  102.2328 2519.5557 -5905.5117
v  244.0945 2318.8977 -4379.9209
v  -110.2362 2362.2048 -4330.7090
v  -7.8740 2362.2048 -4330.7090
v  7.8740 2362.2048 -4330.7090
v  228.3465 2362.2048 -4330.7090
v  244.0945 2362.2048 -4330.7090
v  15.6482 2456.5930 -2960.7324
v  15.6482 2511.7708 -2960.7324
v  31.3741 2519.5662 -2960.7324
v  102.2433 2519.5662 -2960.7324
v  102.2433 2465.0513 -2960.7324
v  87.3792 2456.5930 -2960.7324
v  -204.8464 2519.5662 -2960.7324
v  -133.9771 2519.5662 -2960.7324
v  -133.9771 2465.0513 -2960.7324
v  -32.2322 2318.8977 -4326.3652
v  133.9771 2519.5662 -2952.7559
v  133.9771 2465.0513 -2952.7559
v  133.9771 2465.0513 -2960.7324
v  133.9771 2519.5662 -2960.7324
v  204.8464 2519.5662 -2960.7324
v  204.8464 2519.5662 -2952.7559
v  31.3741 2519.5662 -2952.7559
v  102.2433 2465.0513 -2952.7559
v  102.2433 2519.5662 -2952.7559
v  -244.0945 2499.2705 -4150.5908
v  -244.0945 2519.5825 -2960.7324
v  -244.0945 2519.5825 -3018.3320
v  -244.0945 2519.5825 -3046.8545
v  -244.0945 2519.5825 -3105.3408
v  -244.0945 2519.5825 -3132.9766
v  -244.0945 2519.5825 -3192.2422
v  -244.0945 2519.5825 -3219.0986
v  -244.0945 2519.5825 -3279.0527
v  -244.0945 2519.5825 -3305.2207
v  -244.0945 2519.5825 -3365.7881
v  -244.0945 2519.5825 -3391.3428
v  -244.0945 2519.5825 -3452.4580
v  -244.0945 2519.5825 -3477.4648
v  -244.0945 2519.5825 -3539.0732
v  -244.0945 2519.5825 -3563.5869
v  -244.0945 2519.5825 -3625.6406
v  -244.0945 2519.5825 -3649.7090
v  -244.0945 2519.5825 -3712.1660
v  -244.0945 2519.5825 -3735.8311
v  -244.0945 2519.5825 -3798.6563
v  -244.0945 2519.5825 -3821.9531
v  -244.0945 2519.5825 -3885.1143
v  -244.0945 2519.5825 -3908.0752
v  -244.0945 2519.5825 -3994.1973
v  -244.0945 2519.5825 -4057.9512
v  -244.0945 2519.5825 -4080.3193
v  -244.0945 2519.5825 -4144.3350
v  -244.0945 2519.5825 -4166.4414
v  -244.0945 2519.5825 -4230.6992
v  -244.0945 2519.5825 -4252.5635
v  -244.0945 2519.5825 -4317.0459
v  -244.0945 2519.5825 -4338.6855
v  -244.0945 2519.5825 -4414.7422
v  -244.0945 2370.0789 -4330.7090
v  -244.0945 2397.8914 -4338.6855
v  -244.0945 2405.3557 -4252.5635
v  -244.0945 2393.1794 -4064.4688
v  -244.0945 2396.8665 -3999.9453
v  -244.0945 2398.1006 -3978.3467
v  -244.0945 2401.7732 -3914.0762
v  -244.0945 2407.9431 -3806.1025
v  -244.0945 2411.5830 -3742.4043
v  -244.0945 2412.8643 -3719.9805
v  -244.0945 2416.4856 -3656.6084
v  -244.0945 2417.7856 -3633.8584
v  -244.0945 2421.3865 -3570.8428
v  -244.0945 2422.7068 -3547.7363
v  -244.0945 2426.2854 -3485.1133
v  -244.0945 2427.6282 -3461.6143
v  -244.0945 2431.1819 -3399.4238
v  -244.0945 2432.5493 -3375.4922
v  -244.0945 2436.0757 -3313.7813
v  -244.0945 2437.4707 -3289.3701
v  -244.0945 2440.9666 -3228.1934
v  -244.0945 2442.3918 -3203.2480
v  -244.0945 2445.8535 -3142.6680
v  -244.0945 2447.3132 -3117.1260
v  -244.0945 2450.7366 -3057.2188
v  -244.0945 2452.2344 -3031.0039
v  -244.0945 2455.6143 -2971.8574
v  -244.0945 2466.9197 -2960.7324
v  -244.0945 2509.6909 -3031.0039
v  -244.0945 2462.7668 -3046.8545
v  -244.0945 2508.9324 -3117.1260
v  -244.0945 2458.6238 -3132.9766
v  -244.0945 2508.1643 -3203.2480
v  -244.0945 2454.4893 -3219.0986
v  -244.0945 2507.3875 -3289.3701
v  -244.0945 2450.3630 -3305.2207
v  -244.0945 2506.6028 -3375.4922
v  -244.0945 2446.2444 -3391.3428
v  -244.0945 2505.8105 -3461.6143
v  -244.0945 2442.1323 -3477.4648
v  -244.0945 2505.0117 -3547.7363
v  -244.0945 2438.0266 -3563.5869
v  -244.0945 2504.2065 -3633.8584
v  -244.0945 2433.9268 -3649.7090
v  -244.0945 2503.3958 -3719.9805
v  -244.0945 2429.8320 -3735.8311
v  -244.0945 2502.5798 -3806.1025
v  -244.0945 2425.7424 -3821.9531
v  -244.0945 2500.9336 -3978.3467
v  -244.0945 2417.5764 -3994.1973
v  -244.0945 2500.1040 -4064.4688
v  -244.0945 2413.4993 -4080.3193
v  -244.0945 2409.4260 -4166.4414
v  15.6581 2511.7507 -5897.5352
v  87.3503 2456.6030 -5897.5352
v  15.6581 2456.6030 -5897.5352
v  15.6581 2456.6030 -5905.5117
v  15.6581 2511.7507 -5905.5117
v  87.3503 2456.6030 -5905.5117
v  220.5723 2511.7708 -2960.7324
v  148.8413 2456.5930 -2960.7324
v  220.5723 2456.5930 -2960.7324
v  244.0945 2519.5825 -4317.0459
v  244.0945 2519.5825 -4252.5635
v  244.0945 2519.5825 -4144.3350
v  244.0945 2519.5825 -4080.3193
v  244.0945 2409.4260 -4166.4414
v  244.0945 2519.5825 -4230.6992
v  244.0945 2519.5825 -4166.4414
v  244.0945 2413.4993 -4080.3193
v  244.0945 2370.0789 -4330.7090
v  244.0945 2466.9197 -2960.7324
v  244.0945 2519.5825 -3018.3320
v  244.0945 2455.6143 -2971.8574
v  244.0945 2452.2344 -3031.0039
v  244.0945 2447.3132 -3117.1260
v  244.0945 2508.9324 -3117.1260
v  244.0945 2519.5825 -2960.7324
v  244.0945 2450.7366 -3057.2188
v  244.0945 2509.6909 -3031.0039
v  244.0945 2421.6575 -3908.0752
v  244.0945 2519.5825 -3908.0752
v  244.0945 2519.5825 -3971.5449
v  244.0945 2403.0217 -3892.2246
v  244.0945 2501.7588 -3892.2246
v  244.0945 2406.6787 -3828.2285
v  244.0945 2378.0859 -4345.1553
v  244.0945 2499.6399 -4421.1270
v  244.0945 2378.0859 -4421.1270
v  244.0945 2391.9585 -4085.8330
v  244.0945 2388.2581 -4150.5908
v  244.0945 2378.4155 -4322.8350
v  244.0945 2497.5935 -4322.8350
v  244.0945 2382.1399 -4257.6592
v  244.0945 2387.0496 -4171.7383
v  244.0945 2383.3369 -4236.7129
v  244.0945 2498.4336 -4236.7129
v  244.0945 2499.2705 -4150.5908
v  244.0945 2519.5825 -3105.3408
v  244.0945 2519.5825 -3046.8545
v  244.0945 2462.7668 -3046.8545
v  244.0945 2454.4893 -3219.0986
v  244.0945 2519.5825 -3279.0527
v  244.0945 2458.6238 -3132.9766
v  244.0945 2519.5825 -3192.2422
v  244.0945 2519.5825 -3132.9766
v  244.0945 2519.5825 -3219.0986
v  244.0945 2436.0757 -3313.7813
v  244.0945 2506.6028 -3375.4922
v  244.0945 2432.5493 -3375.4922
v  244.0945 2519.5825 -3452.4580
v  244.0945 2519.5825 -3391.3428
v  244.0945 2446.2444 -3391.3428
v  244.0945 2442.1323 -3477.4648
v  244.0945 2519.5825 -3477.4648
v  244.0945 2519.5825 -3539.0732
v  244.0945 2438.0266 -3563.5869
v  244.0945 2519.5825 -3563.5869
v  244.0945 2519.5825 -3625.6406
v  244.0945 2426.2854 -3485.1133
v  244.0945 2422.7068 -3547.7363
v  244.0945 2505.0117 -3547.7363
v  244.0945 2429.8320 -3735.8311
v  244.0945 2519.5825 -3798.6563
v  244.0945 2519.5825 -3735.8311
v  244.0945 2425.7424 -3821.9531
v  244.0945 2519.5825 -3821.9531
v  244.0945 2519.5825 -3885.1143
v  244.0945 2437.4707 -3289.3701
v  244.0945 2507.3875 -3289.3701
v  244.0945 2445.8535 -3142.6680
v  244.0945 2442.3918 -3203.2480
v  244.0945 2508.1643 -3203.2480
v  244.0945 2412.8643 -3719.9805
v  244.0945 2503.3958 -3719.9805
v  244.0945 2519.5825 -4414.7422
v  244.0945 2397.8914 -4338.6855
v  244.0945 2519.5825 -4338.6855
v  244.0945 2519.5825 -4057.9512
v  244.0945 2519.5825 -3994.1973
v  244.0945 2519.5825 -3712.1660
v  244.0945 2519.5825 -3649.7090
v  244.0945 2519.5825 -3365.7881
v  244.0945 2519.5825 -3305.2207
v  244.0945 2440.9666 -3228.1934
v  244.0945 2431.1819 -3399.4238
v  244.0945 2427.6282 -3461.6143
v  244.0945 2421.3865 -3570.8428
v  244.0945 2417.7856 -3633.8584
v  244.0945 2416.4856 -3656.6084
v  244.0945 2411.5830 -3742.4043
v  244.0945 2407.9431 -3806.1025
v  244.0945 2401.7732 -3914.0762
v  244.0945 2398.1006 -3978.3467
v  244.0945 2396.8665 -3999.9453
v  244.0945 2393.1794 -4064.4688
v  244.0945 2405.3557 -4252.5635
v  244.0945 2500.1040 -4064.4688
v  244.0945 2417.5764 -3994.1973
v  244.0945 2500.9336 -3978.3467
v  244.0945 2502.5798 -3806.1025
v  244.0945 2433.9268 -3649.7090
v  244.0945 2504.2065 -3633.8584
v  244.0945 2505.8105 -3461.6143
v  244.0945 2450.3630 -3305.2207
v  -133.9771 2465.0513 -2952.7559
v  -133.9771 2519.5662 -2952.7559
v  -204.8464 2519.5662 -2952.7559
v  148.8413 2456.5930 -2952.7559
v  220.5723 2511.7708 -2952.7559
v  15.6482 2456.5930 -2952.7559
v  87.3792 2456.5930 -2952.7559
v  220.5723 2456.5930 -2952.7559
v  15.6482 2511.7708 -2952.7559
# 9779 vertices

vn 0.0000 -1.0000 -0.0000
vn 0.0000 0.0000 1.0000
vn 0.0000 0.0000 -1.0000
vn 0.0000 -0.9984 0.0570
vn 1.0000 0.0000 -0.0000
vn 0.0000 0.7380 0.6748
vn 0.0000 -0.7380 -0.6748
vn 0.0000 0.9984 -0.0570
vn 0.0000 0.7173 0.6968
vn 0.0000 -0.7173 -0.6968
vn 0.0000 0.6971 0.7170
vn 0.0000 -0.6971 -0.7170
vn 0.0000 0.6775 0.7355
vn 0.0000 -0.6775 -0.7355
vn 0.0000 -0.6585 -0.7526
vn 0.0000 0.6585 0.7526
vn 0.0000 0.6402 0.7682
vn 0.0000 -0.6402 -0.7682
vn 0.0000 0.6225 0.7826
vn 0.0000 0.5892 0.8080
vn 0.0000 0.6055 0.7958
vn 0.0000 -0.6055 -0.7958
vn 0.0000 -0.6225 -0.7826
vn 0.0000 -0.5892 -0.8080
vn 0.0000 0.5735 0.8192
vn 0.0000 -0.5735 -0.8192
vn 0.0000 0.5584 0.8296
vn 0.0000 0.5300 0.8480
vn 0.0000 -0.5439 -0.8392
vn 0.0000 0.5439 0.8392
vn 0.0000 -0.5584 -0.8296
vn 0.0000 -0.5300 -0.8480
vn 0.0000 1.0000 -0.0000
vn 0.0000 -0.4916 -0.8708
vn 0.0000 0.4916 0.8708
vn 0.0000 -0.5039 -0.8638
vn 0.0000 0.5039 0.8638
vn 0.0000 -0.5167 -0.8562
vn 0.0000 0.5167 0.8562
vn -1.0000 -0.0000 -0.0000
vn 0.0000 0.9984 0.0570
vn 0.0000 -0.5439 0.8392
vn 0.0000 -0.5300 0.8480
vn 0.0000 0.5300 -0.8480
vn 0.0000 0.4916 -0.8708
vn 0.0000 0.5039 -0.8638
vn 0.0000 0.5167 -0.8562
vn 0.0000 -0.9984 -0.0570
vn 0.0000 0.7380 -0.6748
vn 0.0000 -0.7173 0.6968
vn 0.0000 -0.7380 0.6748
vn -0.0000 0.5439 -0.8392
vn 0.0000 -0.5584 0.8296
vn 0.0000 -0.4916 0.8708
vn 0.0000 -0.5039 0.8638
vn 0.0000 -0.5167 0.8562
vn -0.0000 0.7173 -0.6968
vn 0.0000 0.6775 -0.7355
vn 0.0000 0.6971 -0.7170
vn -0.0000 -0.6585 0.7526
vn 0.0000 0.6402 -0.7682
vn 0.0000 0.6225 -0.7826
vn 0.0000 0.6055 -0.7958
vn 0.0000 -0.6225 0.7826
vn -0.0000 0.5735 -0.8192
vn 0.0000 0.5584 -0.8296
vn -0.0000 -0.6971 0.7170
vn 0.0000 -0.5735 0.8192
vn 0.0000 -0.5892 0.8080
vn 0.0000 -0.6055 0.7958
vn -0.0000 0.5892 -0.8080
vn 0.0000 0.6585 -0.7526
vn -0.0000 -0.6402 0.7682
vn 0.0000 -0.6775 0.7355
vn 0.6097 -0.7926 -0.0000
vn -0.6097 0.7926 -0.0000
vn 0.6097 0.7926 -0.0000
vn -0.6097 -0.7926 -0.0000
vn 0.0000 -0.7507 0.6606
vn -0.0000 -0.7507 -0.6606
vn 0.4631 -0.0000 0.8863
vn 0.6767 -0.0000 0.7363
vn 0.8442 -0.0000 0.5360
vn 0.9542 -0.0000 0.2993
vn 0.9991 -0.0000 0.0421
vn 0.9760 -0.0000 -0.2179
vn 0.8863 -0.0000 -0.4631
vn 0.7363 0.0000 -0.6767
vn 0.5360 0.0000 -0.8442
vn 0.2993 -0.0000 -0.9542
vn 0.0421 -0.0000 -0.9991
vn -0.2179 0.0000 -0.9760
vn -0.4631 0.0000 -0.8863
vn -0.6767 -0.0000 -0.7363
vn -0.8442 -0.0000 -0.5360
vn -0.9542 -0.0000 -0.2993
vn -0.9991 0.0000 -0.0421
vn -0.9760 -0.0000 0.2179
vn -0.8863 0.0000 0.4631
vn -0.7363 0.0000 0.6767
vn -0.5360 -0.0000 0.8442
vn -0.2993 0.0000 0.9542
vn -0.0421 0.0000 0.9991
vn 0.2179 -0.0000 0.9760
vn 0.9928 0.1197 -0.0000
vn 0.0000 0.1197 -0.9928
vn -0.9928 0.1197 -0.0000
vn -0.0000 0.1197 0.9928
vn -0.0261 0.7843 0.6198
vn 0.1352 0.7843 0.6055
vn 0.2873 0.7843 0.5498
vn 0.4198 0.7843 0.4567
vn 0.5237 0.7843 0.3325
vn 0.5919 0.7843 0.1857
vn 0.6198 0.7843 0.0261
vn 0.6055 0.7843 -0.1352
vn 0.5498 0.7843 -0.2873
vn 0.4567 0.7843 -0.4198
vn 0.3325 0.7843 -0.5237
vn 0.1857 0.7843 -0.5919
vn 0.0261 0.7843 -0.6198
vn -0.1352 0.7843 -0.6055
vn -0.2873 0.7843 -0.5498
vn -0.4198 0.7843 -0.4567
vn -0.5237 0.7843 -0.3325
vn -0.5919 0.7843 -0.1857
vn -0.6198 0.7843 -0.0261
vn -0.6055 0.7843 0.1352
vn -0.5498 0.7843 0.2873
vn -0.4567 0.7843 0.4198
vn -0.3325 0.7843 0.5237
vn -0.1857 0.7843 0.5919
# 132 vertex normals

vt 0.0000 0.0000 0.0000
# 1 texture coords

g Layer0_001
usemtl wire_087224198
s off
f 1/1/1 2/1/1 3/1/1 4/1/1 
f 5/1/2 6/1/2 7/1/2 8/1/2 
f 8/1/2 7/1/2 9/1/2 
f 4/1/3 3/1/3 10/1/3 11/1/3 
f 10/1/2 11/1/2 12/1/2 
f 11/1/3 10/1/3 12/1/3 
f 5/1/4 2/1/4 1/1/4 6/1/4 
f 6/1/4 1/1/4 13/1/4 
f 7/1/5 6/1/5 13/1/5 14/1/5 
f 14/1/5 13/1/5 15/1/5 16/1/5 
f 15/1/3 17/1/3 18/1/3 16/1/3 
f 19/1/6 17/1/6 15/1/6 20/1/6 
f 18/1/1 19/1/1 20/1/1 16/1/1 
f 21/1/7 22/1/7 23/1/7 24/1/7 
f 25/1/8 21/1/8 24/1/8 26/1/8 
f 25/1/2 26/1/2 23/1/2 22/1/2 
f 27/1/1 28/1/1 29/1/1 30/1/1 
f 31/1/3 32/1/3 27/1/3 30/1/3 
f 28/1/9 32/1/9 31/1/9 29/1/9 
f 33/1/8 34/1/8 35/1/8 36/1/8 
f 33/1/2 36/1/2 37/1/2 38/1/2 
f 34/1/10 38/1/10 37/1/10 35/1/10 
f 39/1/11 40/1/11 41/1/11 42/1/11 
f 43/1/1 42/1/1 41/1/1 44/1/1 
f 40/1/3 39/1/3 43/1/3 44/1/3 
f 45/1/8 46/1/8 47/1/8 48/1/8 
f 45/1/2 48/1/2 49/1/2 50/1/2 
f 47/1/12 46/1/12 50/1/12 49/1/12 
f 51/1/13 52/1/13 53/1/13 54/1/13 
f 55/1/1 54/1/1 53/1/1 56/1/1 
f 52/1/3 51/1/3 55/1/3 56/1/3 
f 57/1/8 58/1/8 59/1/8 60/1/8 
f 57/1/2 60/1/2 61/1/2 62/1/2 
f 59/1/14 58/1/14 62/1/14 61/1/14 
f 63/1/15 64/1/15 65/1/15 66/1/15 
f 67/1/8 64/1/8 63/1/8 68/1/8 
f 67/1/2 68/1/2 66/1/2 65/1/2 
f 69/1/1 70/1/1 71/1/1 72/1/1 
f 73/1/3 74/1/3 69/1/3 72/1/3 
f 74/1/16 73/1/16 71/1/16 70/1/16 
f 75/1/1 76/1/1 77/1/1 78/1/1 
f 79/1/3 80/1/3 75/1/3 78/1/3 
f 80/1/17 79/1/17 77/1/17 76/1/17 
f 81/1/2 82/1/2 83/1/2 84/1/2 
f 85/1/18 86/1/18 84/1/18 83/1/18 
f 81/1/8 86/1/8 85/1/8 82/1/8 
f 87/1/3 88/1/3 89/1/3 90/1/3 
f 88/1/19 87/1/19 91/1/19 92/1/19 
f 89/1/1 92/1/1 91/1/1 90/1/1 
f 93/1/20 94/1/20 95/1/20 96/1/20 
f 97/1/1 96/1/1 95/1/1 98/1/1 
f 94/1/3 93/1/3 97/1/3 98/1/3 
f 99/1/3 100/1/3 101/1/3 102/1/3 
f 100/1/21 99/1/21 103/1/21 104/1/21 
f 101/1/1 104/1/1 103/1/1 102/1/1 
f 105/1/8 106/1/8 107/1/8 108/1/8 
f 105/1/2 108/1/2 109/1/2 110/1/2 
f 107/1/22 106/1/22 110/1/22 109/1/22 
f 111/1/8 112/1/8 113/1/8 114/1/8 
f 111/1/2 114/1/2 115/1/2 116/1/2 
f 113/1/23 112/1/23 116/1/23 115/1/23 
f 117/1/24 118/1/24 119/1/24 120/1/24 
f 121/1/8 118/1/8 117/1/8 122/1/8 
f 121/1/2 122/1/2 120/1/2 119/1/2 
f 123/1/25 124/1/25 125/1/25 126/1/25 
f 127/1/1 126/1/1 125/1/1 128/1/1 
f 124/1/3 123/1/3 127/1/3 128/1/3 
f 129/1/2 130/1/2 131/1/2 132/1/2 
f 133/1/26 134/1/26 132/1/26 131/1/26 
f 129/1/8 134/1/8 133/1/8 130/1/8 
f 135/1/3 136/1/3 137/1/3 138/1/3 
f 136/1/27 135/1/27 139/1/27 140/1/27 
f 137/1/1 140/1/1 139/1/1 138/1/1 
f 141/1/3 142/1/3 143/1/3 144/1/3 
f 142/1/28 141/1/28 145/1/28 146/1/28 
f 143/1/1 146/1/1 145/1/1 144/1/1 
f 147/1/8 148/1/8 149/1/8 150/1/8 
f 147/1/2 150/1/2 151/1/2 152/1/2 
f 149/1/29 148/1/29 152/1/29 151/1/29 
f 153/1/30 154/1/30 155/1/30 156/1/30 
f 157/1/1 156/1/1 155/1/1 158/1/1 
f 154/1/3 153/1/3 157/1/3 158/1/3 
f 159/1/2 160/1/2 161/1/2 162/1/2 
f 163/1/31 164/1/31 162/1/31 161/1/31 
f 159/1/8 164/1/8 163/1/8 160/1/8 
f 165/1/2 166/1/2 167/1/2 168/1/2 
f 169/1/32 170/1/32 168/1/32 167/1/32 
f 165/1/8 170/1/8 169/1/8 166/1/8 
f 171/1/32 172/1/32 173/1/32 174/1/32 
f 175/1/33 172/1/33 171/1/33 176/1/33 
f 175/1/2 176/1/2 174/1/2 173/1/2 
f 177/1/1 178/1/1 179/1/1 180/1/1 
f 181/1/3 182/1/3 177/1/3 180/1/3 
f 182/1/28 181/1/28 179/1/28 178/1/28 
f 183/1/2 184/1/2 185/1/2 186/1/2 
f 187/1/34 188/1/34 186/1/34 185/1/34 
f 183/1/8 188/1/8 187/1/8 184/1/8 
f 189/1/3 190/1/3 191/1/3 192/1/3 
f 190/1/35 189/1/35 193/1/35 194/1/35 
f 191/1/1 194/1/1 193/1/1 192/1/1 
f 195/1/8 196/1/8 197/1/8 198/1/8 
f 195/1/2 198/1/2 199/1/2 200/1/2 
f 197/1/36 196/1/36 200/1/36 199/1/36 
f 201/1/3 202/1/3 203/1/3 204/1/3 
f 202/1/37 201/1/37 205/1/37 206/1/37 
f 203/1/1 206/1/1 205/1/1 204/1/1 
f 207/1/8 208/1/8 209/1/8 210/1/8 
f 207/1/2 210/1/2 211/1/2 212/1/2 
f 209/1/38 208/1/38 212/1/38 211/1/38 
f 213/1/1 214/1/1 215/1/1 216/1/1 
f 217/1/3 218/1/3 213/1/3 216/1/3 
f 218/1/39 217/1/39 215/1/39 214/1/39 
f 219/1/33 8/1/33 9/1/33 220/1/1 
f 219/1/33 9/1/33 220/1/33 
f 12/1/3 10/1/3 219/1/3 220/1/3 
f 9/1/5 7/1/5 14/1/5 220/1/5 
f 220/1/5 14/1/5 12/1/5 
f 18/1/40 5/1/40 8/1/40 219/1/40 
f 19/1/40 18/1/40 219/1/40 27/1/40 
f 28/1/40 27/1/40 219/1/40 43/1/40 
f 42/1/40 43/1/40 219/1/40 55/1/40 
f 54/1/40 55/1/40 219/1/40 69/1/40 
f 70/1/40 69/1/40 219/1/40 75/1/40 
f 76/1/40 75/1/40 219/1/40 89/1/40 
f 92/1/40 89/1/40 219/1/40 101/1/40 
f 104/1/40 101/1/40 219/1/40 97/1/40 
f 96/1/40 97/1/40 219/1/40 127/1/40 
f 126/1/40 127/1/40 219/1/40 137/1/40 
f 140/1/40 137/1/40 219/1/40 157/1/40 
f 156/1/40 157/1/40 219/1/40 143/1/40 
f 146/1/40 143/1/40 219/1/40 213/1/40 
f 214/1/40 213/1/40 219/1/40 203/1/40 
f 206/1/40 203/1/40 219/1/40 191/1/40 
f 194/1/40 191/1/40 219/1/40 177/1/40 
f 178/1/40 177/1/40 219/1/40 173/1/40 
f 175/1/40 173/1/40 219/1/40 3/1/40 
f 172/1/40 175/1/40 3/1/40 2/1/40 
f 182/1/40 172/1/40 2/1/40 177/1/40 
f 177/1/40 2/1/40 183/1/40 186/1/40 
f 194/1/40 177/1/40 186/1/40 188/1/40 
f 190/1/40 194/1/40 188/1/40 195/1/40 
f 195/1/40 188/1/40 2/1/40 196/1/40 
f 207/1/40 196/1/40 2/1/40 208/1/40 
f 165/1/40 208/1/40 2/1/40 170/1/40 
f 147/1/40 170/1/40 2/1/40 148/1/40 
f 159/1/40 148/1/40 2/1/40 164/1/40 
f 129/1/40 164/1/40 2/1/40 134/1/40 
f 121/1/40 134/1/40 2/1/40 118/1/40 
f 105/1/40 118/1/40 2/1/40 106/1/40 
f 111/1/40 106/1/40 2/1/40 112/1/40 
f 81/1/40 112/1/40 2/1/40 86/1/40 
f 67/1/40 86/1/40 2/1/40 64/1/40 
f 57/1/40 64/1/40 2/1/40 58/1/40 
f 45/1/40 58/1/40 2/1/40 46/1/40 
f 33/1/40 46/1/40 2/1/40 34/1/40 
f 25/1/40 34/1/40 2/1/40 21/1/40 
f 21/1/40 2/1/40 5/1/40 17/1/40 
f 17/1/40 5/1/40 18/1/40 
f 21/1/40 17/1/40 19/1/40 22/1/40 
f 22/1/40 19/1/40 27/1/40 25/1/40 
f 25/1/40 27/1/40 32/1/40 34/1/40 
f 34/1/40 32/1/40 28/1/40 38/1/40 
f 38/1/40 28/1/40 43/1/40 33/1/40 
f 33/1/40 43/1/40 39/1/40 46/1/40 
f 46/1/40 39/1/40 42/1/40 50/1/40 
f 50/1/40 42/1/40 55/1/40 45/1/40 
f 45/1/40 55/1/40 51/1/40 58/1/40 
f 58/1/40 51/1/40 54/1/40 62/1/40 
f 62/1/40 54/1/40 69/1/40 57/1/40 
f 57/1/40 69/1/40 74/1/40 64/1/40 
f 64/1/40 74/1/40 70/1/40 65/1/40 
f 65/1/40 70/1/40 75/1/40 67/1/40 
f 67/1/40 75/1/40 80/1/40 86/1/40 
f 86/1/40 80/1/40 76/1/40 84/1/40 
f 84/1/40 76/1/40 89/1/40 81/1/40 
f 81/1/40 89/1/40 88/1/40 112/1/40 
f 112/1/40 88/1/40 92/1/40 116/1/40 
f 116/1/40 92/1/40 101/1/40 111/1/40 
f 111/1/40 101/1/40 100/1/40 106/1/40 
f 106/1/40 100/1/40 104/1/40 110/1/40 
f 110/1/40 104/1/40 97/1/40 105/1/40 
f 105/1/40 97/1/40 93/1/40 118/1/40 
f 118/1/40 93/1/40 96/1/40 119/1/40 
f 119/1/40 96/1/40 127/1/40 121/1/40 
f 121/1/40 127/1/40 123/1/40 134/1/40 
f 134/1/40 123/1/40 126/1/40 132/1/40 
f 132/1/40 126/1/40 137/1/40 129/1/40 
f 129/1/40 137/1/40 136/1/40 164/1/40 
f 164/1/40 136/1/40 140/1/40 162/1/40 
f 162/1/40 140/1/40 157/1/40 159/1/40 
f 159/1/40 157/1/40 153/1/40 148/1/40 
f 148/1/40 153/1/40 156/1/40 152/1/40 
f 152/1/40 156/1/40 143/1/40 147/1/40 
f 147/1/40 143/1/40 142/1/40 170/1/40 
f 170/1/40 142/1/40 146/1/40 168/1/40 
f 168/1/40 146/1/40 213/1/40 165/1/40 
f 165/1/40 213/1/40 218/1/40 208/1/40 
f 208/1/40 218/1/40 214/1/40 212/1/40 
f 212/1/40 214/1/40 203/1/40 207/1/40 
f 207/1/40 203/1/40 202/1/40 196/1/40 
f 196/1/40 202/1/40 206/1/40 200/1/40 
f 200/1/40 206/1/40 191/1/40 195/1/40 
f 190/1/40 195/1/40 191/1/40 
f 2/1/40 188/1/40 183/1/40 
f 172/1/40 182/1/40 178/1/40 173/1/40 
f 3/1/40 219/1/40 10/1/40 
f 221/1/1 222/1/1 223/1/1 224/1/1 
f 222/1/2 221/1/2 1/1/2 2/1/2 
f 222/1/40 2/1/40 3/1/40 223/1/40 
f 224/1/3 223/1/3 3/1/3 4/1/3 
f 1/1/5 221/1/5 224/1/5 4/1/5 
f 6/1/5 225/1/5 221/1/5 13/1/5 
f 13/1/5 221/1/5 1/1/5 
f 226/1/40 5/1/40 2/1/40 222/1/40 
f 226/1/4 222/1/4 221/1/4 225/1/4 
f 226/1/2 225/1/2 6/1/2 5/1/2 
f 227/1/1 228/1/1 229/1/1 230/1/1 
f 231/1/1 232/1/1 233/1/1 234/1/1 
f 235/1/37 236/1/37 237/1/37 238/1/37 
f 239/1/1 238/1/1 237/1/1 240/1/1 
f 241/1/3 242/1/3 231/1/3 234/1/3 
f 242/1/39 241/1/39 233/1/39 232/1/39 
f 243/1/2 244/1/2 245/1/2 246/1/2 
f 245/1/5 244/1/5 247/1/5 248/1/5 
f 248/1/5 247/1/5 249/1/5 
f 243/1/4 250/1/4 247/1/4 244/1/4 
f 251/1/6 252/1/6 253/1/6 254/1/6 
f 255/1/3 256/1/3 257/1/3 258/1/3 
f 258/1/3 257/1/3 259/1/3 260/1/3 
f 261/1/8 262/1/8 263/1/8 264/1/8 
f 265/1/2 266/1/2 267/1/2 268/1/2 
f 253/1/3 252/1/3 269/1/3 270/1/3 
f 269/1/1 251/1/1 254/1/1 270/1/1 
f 271/1/10 268/1/10 267/1/10 272/1/10 
f 262/1/7 273/1/7 274/1/7 263/1/7 
f 261/1/2 264/1/2 274/1/2 273/1/2 
f 265/1/8 271/1/8 272/1/8 266/1/8 
f 275/1/3 276/1/3 277/1/3 278/1/3 
f 277/1/1 279/1/1 280/1/1 278/1/1 
f 276/1/30 275/1/30 280/1/30 279/1/30 
f 281/1/33 282/1/33 283/1/33 284/1/33 
f 285/1/2 286/1/2 287/1/2 288/1/2 
f 289/1/31 290/1/31 288/1/31 287/1/31 
f 285/1/8 290/1/8 289/1/8 286/1/8 
f 291/1/32 292/1/32 293/1/32 294/1/32 
f 295/1/33 292/1/33 291/1/33 296/1/33 
f 295/1/2 296/1/2 294/1/2 293/1/2 
f 297/1/8 298/1/8 299/1/8 300/1/8 
f 301/1/2 302/1/2 303/1/2 304/1/2 
f 305/1/34 306/1/34 304/1/34 303/1/34 
f 301/1/8 306/1/8 305/1/8 302/1/8 
f 307/1/8 308/1/8 309/1/8 310/1/8 
f 307/1/2 310/1/2 311/1/2 312/1/2 
f 309/1/36 308/1/36 312/1/36 311/1/36 
f 297/1/2 300/1/2 313/1/2 314/1/2 
f 299/1/38 298/1/38 314/1/38 313/1/38 
f 260/1/3 259/1/3 281/1/3 284/1/3 
f 315/1/40 282/1/40 281/1/40 316/1/40 
f 316/1/40 281/1/40 259/1/40 
f 283/1/5 317/1/5 318/1/5 284/1/5 
f 284/1/5 318/1/5 260/1/5 
f 269/1/40 316/1/40 259/1/40 251/1/40 
f 319/1/40 251/1/40 259/1/40 320/1/40 
f 321/1/40 320/1/40 259/1/40 322/1/40 
f 323/1/40 322/1/40 259/1/40 324/1/40 
f 325/1/40 324/1/40 259/1/40 326/1/40 
f 327/1/40 326/1/40 259/1/40 328/1/40 
f 329/1/40 328/1/40 259/1/40 330/1/40 
f 331/1/40 330/1/40 259/1/40 332/1/40 
f 333/1/40 332/1/40 259/1/40 334/1/40 
f 335/1/40 334/1/40 259/1/40 336/1/40 
f 337/1/40 336/1/40 259/1/40 338/1/40 
f 277/1/40 338/1/40 259/1/40 279/1/40 
f 339/1/40 279/1/40 259/1/40 340/1/40 
f 231/1/40 340/1/40 259/1/40 232/1/40 
f 239/1/40 232/1/40 259/1/40 238/1/40 
f 227/1/40 238/1/40 259/1/40 228/1/40 
f 341/1/40 228/1/40 259/1/40 342/1/40 
f 293/1/40 342/1/40 259/1/40 295/1/40 
f 295/1/40 259/1/40 256/1/40 292/1/40 
f 292/1/40 256/1/40 343/1/40 344/1/40 
f 341/1/40 344/1/40 343/1/40 301/1/40 
f 341/1/40 301/1/40 304/1/40 228/1/40 
f 228/1/40 304/1/40 306/1/40 345/1/40 
f 307/1/40 345/1/40 306/1/40 343/1/40 
f 308/1/40 307/1/40 343/1/40 297/1/40 
f 298/1/40 297/1/40 343/1/40 346/1/40 
f 347/1/40 346/1/40 343/1/40 348/1/40 
f 349/1/40 348/1/40 343/1/40 285/1/40 
f 290/1/40 285/1/40 343/1/40 350/1/40 
f 351/1/40 350/1/40 343/1/40 352/1/40 
f 353/1/40 352/1/40 343/1/40 354/1/40 
f 355/1/40 354/1/40 343/1/40 356/1/40 
f 357/1/40 356/1/40 343/1/40 358/1/40 
f 359/1/40 358/1/40 343/1/40 360/1/40 
f 361/1/40 360/1/40 343/1/40 362/1/40 
f 363/1/40 362/1/40 343/1/40 364/1/40 
f 365/1/40 364/1/40 343/1/40 265/1/40 
f 271/1/40 265/1/40 343/1/40 261/1/40 
f 262/1/40 261/1/40 343/1/40 366/1/40 
f 251/1/40 262/1/40 366/1/40 252/1/40 
f 269/1/40 252/1/40 366/1/40 316/1/40 
f 316/1/40 366/1/40 246/1/40 315/1/40 
f 316/1/5 366/1/5 252/1/5 269/1/5 
f 273/1/40 262/1/40 251/1/40 319/1/40 
f 261/1/40 273/1/40 319/1/40 367/1/40 
f 271/1/40 261/1/40 367/1/40 320/1/40 
f 268/1/40 271/1/40 320/1/40 321/1/40 
f 265/1/40 268/1/40 321/1/40 368/1/40 
f 365/1/40 265/1/40 368/1/40 322/1/40 
f 369/1/40 365/1/40 322/1/40 323/1/40 
f 364/1/40 369/1/40 323/1/40 370/1/40 
f 363/1/40 364/1/40 370/1/40 324/1/40 
f 371/1/40 363/1/40 324/1/40 325/1/40 
f 362/1/40 371/1/40 325/1/40 372/1/40 
f 361/1/40 362/1/40 372/1/40 326/1/40 
f 373/1/40 361/1/40 326/1/40 327/1/40 
f 360/1/40 373/1/40 327/1/40 374/1/40 
f 359/1/40 360/1/40 374/1/40 328/1/40 
f 375/1/40 359/1/40 328/1/40 329/1/40 
f 358/1/40 375/1/40 329/1/40 376/1/40 
f 357/1/40 358/1/40 376/1/40 330/1/40 
f 377/1/40 357/1/40 330/1/40 331/1/40 
f 356/1/40 377/1/40 331/1/40 378/1/40 
f 355/1/40 356/1/40 378/1/40 332/1/40 
f 379/1/40 355/1/40 332/1/40 333/1/40 
f 354/1/40 379/1/40 333/1/40 380/1/40 
f 353/1/40 354/1/40 380/1/40 334/1/40 
f 381/1/40 353/1/40 334/1/40 335/1/40 
f 352/1/40 381/1/40 335/1/40 382/1/40 
f 351/1/40 352/1/40 382/1/40 336/1/40 
f 383/1/40 351/1/40 336/1/40 337/1/40 
f 350/1/40 383/1/40 337/1/40 384/1/40 
f 290/1/40 350/1/40 384/1/40 338/1/40 
f 288/1/40 290/1/40 338/1/40 277/1/40 
f 285/1/40 288/1/40 277/1/40 276/1/40 
f 349/1/40 285/1/40 276/1/40 279/1/40 
f 385/1/40 349/1/40 279/1/40 339/1/40 
f 348/1/40 385/1/40 339/1/40 386/1/40 
f 347/1/40 348/1/40 386/1/40 340/1/40 
f 387/1/40 347/1/40 340/1/40 231/1/40 
f 346/1/40 387/1/40 231/1/40 242/1/40 
f 298/1/40 346/1/40 242/1/40 232/1/40 
f 314/1/40 298/1/40 232/1/40 239/1/40 
f 297/1/40 314/1/40 239/1/40 235/1/40 
f 308/1/40 297/1/40 235/1/40 238/1/40 
f 312/1/40 308/1/40 238/1/40 227/1/40 
f 307/1/40 312/1/40 227/1/40 345/1/40 
f 343/1/40 306/1/40 301/1/40 
f 292/1/40 344/1/40 342/1/40 293/1/40 
f 256/1/40 259/1/40 257/1/40 
f 249/1/5 247/1/5 388/1/5 255/1/5 
f 247/1/1 250/1/1 389/1/1 388/1/1 
f 250/1/2 247/1/2 249/1/2 343/1/2 
f 250/1/40 343/1/40 256/1/40 389/1/40 
f 388/1/3 389/1/3 256/1/3 255/1/3 
f 319/1/1 320/1/1 390/1/1 391/1/1 
f 392/1/3 367/1/3 319/1/3 391/1/3 
f 320/1/9 367/1/9 392/1/9 390/1/9 
f 370/1/13 393/1/13 394/1/13 324/1/13 
f 368/1/11 395/1/11 396/1/11 322/1/11 
f 321/1/1 322/1/1 396/1/1 397/1/1 
f 395/1/3 368/1/3 321/1/3 397/1/3 
f 323/1/1 324/1/1 394/1/1 398/1/1 
f 393/1/3 370/1/3 323/1/3 398/1/3 
f 399/1/15 361/1/15 373/1/15 400/1/15 
f 360/1/8 361/1/8 399/1/8 401/1/8 
f 360/1/2 401/1/2 400/1/2 373/1/2 
f 327/1/1 328/1/1 402/1/1 403/1/1 
f 404/1/3 374/1/3 327/1/3 403/1/3 
f 374/1/17 404/1/17 402/1/17 328/1/17 
f 405/1/3 376/1/3 329/1/3 406/1/3 
f 376/1/19 405/1/19 407/1/19 330/1/19 
f 329/1/1 330/1/1 407/1/1 406/1/1 
f 408/1/3 378/1/3 331/1/3 409/1/3 
f 378/1/21 408/1/21 410/1/21 332/1/21 
f 331/1/1 332/1/1 410/1/1 409/1/1 
f 356/1/8 357/1/8 411/1/8 412/1/8 
f 356/1/2 412/1/2 413/1/2 377/1/2 
f 411/1/23 357/1/23 377/1/23 413/1/23 
f 382/1/25 414/1/25 415/1/25 336/1/25 
f 335/1/1 336/1/1 415/1/1 416/1/1 
f 414/1/3 382/1/3 335/1/3 416/1/3 
f 417/1/3 384/1/3 337/1/3 418/1/3 
f 384/1/27 417/1/27 419/1/27 338/1/27 
f 337/1/1 338/1/1 419/1/1 418/1/1 
f 366/1/4 343/1/4 249/1/4 245/1/4 
f 366/1/4 245/1/4 246/1/4 
f 245/1/4 249/1/4 248/1/4 
f 362/1/2 420/1/2 421/1/2 371/1/2 
f 364/1/8 365/1/8 422/1/8 423/1/8 
f 422/1/12 365/1/12 369/1/12 424/1/12 
f 364/1/2 423/1/2 424/1/2 369/1/2 
f 352/1/2 425/1/2 426/1/2 381/1/2 
f 317/1/5 245/1/5 248/1/5 318/1/5 
f 318/1/5 248/1/5 253/1/5 270/1/5 
f 427/1/26 351/1/26 383/1/26 428/1/26 
f 429/1/24 353/1/24 381/1/24 426/1/24 
f 430/1/22 355/1/22 379/1/22 431/1/22 
f 352/1/8 353/1/8 429/1/8 425/1/8 
f 354/1/8 355/1/8 430/1/8 432/1/8 
f 433/1/3 380/1/3 333/1/3 434/1/3 
f 380/1/20 433/1/20 435/1/20 334/1/20 
f 354/1/2 432/1/2 431/1/2 379/1/2 
f 358/1/8 359/1/8 436/1/8 437/1/8 
f 358/1/2 437/1/2 438/1/2 375/1/2 
f 333/1/1 334/1/1 435/1/1 434/1/1 
f 372/1/16 439/1/16 440/1/16 326/1/16 
f 325/1/1 326/1/1 440/1/1 441/1/1 
f 436/1/18 359/1/18 375/1/18 438/1/18 
f 442/1/14 363/1/14 371/1/14 421/1/14 
f 439/1/3 372/1/3 325/1/3 441/1/3 
f 362/1/8 363/1/8 442/1/8 420/1/8 
f 350/1/2 443/1/2 428/1/2 383/1/2 
f 386/1/28 444/1/28 445/1/28 340/1/28 
f 350/1/8 351/1/8 427/1/8 443/1/8 
f 444/1/3 386/1/3 339/1/3 446/1/3 
f 339/1/1 340/1/1 445/1/1 446/1/1 
f 348/1/2 447/1/2 448/1/2 385/1/2 
f 348/1/8 349/1/8 449/1/8 447/1/8 
f 449/1/29 349/1/29 385/1/29 448/1/29 
f 249/1/1 343/1/1 256/1/1 255/1/1 
f 246/1/2 245/1/2 317/1/2 315/1/2 
f 315/1/2 317/1/2 283/1/2 282/1/2 
f 346/1/2 450/1/2 451/1/2 387/1/2 
f 341/1/1 342/1/1 452/1/1 453/1/1 
f 454/1/32 347/1/32 387/1/32 451/1/32 
f 346/1/8 347/1/8 454/1/8 450/1/8 
f 455/1/3 345/1/3 227/1/3 230/1/3 
f 456/1/3 344/1/3 341/1/3 453/1/3 
f 344/1/28 456/1/28 452/1/28 342/1/28 
f 236/1/3 235/1/3 239/1/3 240/1/3 
f 345/1/35 455/1/35 229/1/35 228/1/35 
f 457/1/1 458/1/1 459/1/1 460/1/1 
f 461/1/1 462/1/1 463/1/1 464/1/1 
f 465/1/37 466/1/37 467/1/37 468/1/37 
f 469/1/1 468/1/1 467/1/1 470/1/1 
f 471/1/3 472/1/3 461/1/3 464/1/3 
f 472/1/39 471/1/39 463/1/39 462/1/39 
f 473/1/2 474/1/2 475/1/2 476/1/2 
f 475/1/5 474/1/5 477/1/5 478/1/5 
f 478/1/5 477/1/5 479/1/5 
f 473/1/4 480/1/4 477/1/4 474/1/4 
f 473/1/40 476/1/40 481/1/40 480/1/40 
f 480/1/40 481/1/40 482/1/40 
f 483/1/6 484/1/6 485/1/6 486/1/6 
f 487/1/3 488/1/3 489/1/3 490/1/3 
f 490/1/3 489/1/3 491/1/3 492/1/3 
f 493/1/8 494/1/8 495/1/8 496/1/8 
f 497/1/2 498/1/2 499/1/2 500/1/2 
f 485/1/3 484/1/3 501/1/3 502/1/3 
f 501/1/1 483/1/1 486/1/1 502/1/1 
f 503/1/10 500/1/10 499/1/10 504/1/10 
f 494/1/7 505/1/7 506/1/7 495/1/7 
f 493/1/2 496/1/2 506/1/2 505/1/2 
f 497/1/8 503/1/8 504/1/8 498/1/8 
f 507/1/3 508/1/3 509/1/3 510/1/3 
f 509/1/1 511/1/1 512/1/1 510/1/1 
f 508/1/30 507/1/30 512/1/30 511/1/30 
f 513/1/2 514/1/2 515/1/2 516/1/2 
f 517/1/31 518/1/31 516/1/31 515/1/31 
f 513/1/8 518/1/8 517/1/8 514/1/8 
f 519/1/32 520/1/32 521/1/32 522/1/32 
f 523/1/33 520/1/33 519/1/33 524/1/33 
f 523/1/2 524/1/2 522/1/2 521/1/2 
f 525/1/8 526/1/8 527/1/8 528/1/8 
f 529/1/2 530/1/2 531/1/2 532/1/2 
f 533/1/34 534/1/34 532/1/34 531/1/34 
f 529/1/8 534/1/8 533/1/8 530/1/8 
f 535/1/8 536/1/8 537/1/8 538/1/8 
f 535/1/2 538/1/2 539/1/2 540/1/2 
f 537/1/36 536/1/36 540/1/36 539/1/36 
f 525/1/2 528/1/2 541/1/2 542/1/2 
f 527/1/38 526/1/38 542/1/38 541/1/38 
f 492/1/3 491/1/3 543/1/3 544/1/3 
f 501/1/40 545/1/40 491/1/40 483/1/40 
f 546/1/40 483/1/40 491/1/40 547/1/40 
f 548/1/40 547/1/40 491/1/40 549/1/40 
f 550/1/40 549/1/40 491/1/40 551/1/40 
f 552/1/40 551/1/40 491/1/40 553/1/40 
f 554/1/40 553/1/40 491/1/40 555/1/40 
f 556/1/40 555/1/40 491/1/40 557/1/40 
f 558/1/40 557/1/40 491/1/40 559/1/40 
f 560/1/40 559/1/40 491/1/40 561/1/40 
f 562/1/40 561/1/40 491/1/40 563/1/40 
f 564/1/40 563/1/40 491/1/40 565/1/40 
f 509/1/40 565/1/40 491/1/40 511/1/40 
f 566/1/40 511/1/40 491/1/40 567/1/40 
f 461/1/40 567/1/40 491/1/40 462/1/40 
f 469/1/40 462/1/40 491/1/40 468/1/40 
f 457/1/40 468/1/40 491/1/40 458/1/40 
f 568/1/40 458/1/40 491/1/40 569/1/40 
f 521/1/40 569/1/40 491/1/40 523/1/40 
f 523/1/40 491/1/40 488/1/40 520/1/40 
f 520/1/40 488/1/40 482/1/40 570/1/40 
f 568/1/40 570/1/40 482/1/40 529/1/40 
f 568/1/40 529/1/40 532/1/40 458/1/40 
f 458/1/40 532/1/40 534/1/40 571/1/40 
f 535/1/40 571/1/40 534/1/40 482/1/40 
f 536/1/40 535/1/40 482/1/40 525/1/40 
f 526/1/40 525/1/40 482/1/40 572/1/40 
f 573/1/40 572/1/40 482/1/40 574/1/40 
f 575/1/40 574/1/40 482/1/40 513/1/40 
f 518/1/40 513/1/40 482/1/40 576/1/40 
f 577/1/40 576/1/40 482/1/40 578/1/40 
f 579/1/40 578/1/40 482/1/40 580/1/40 
f 581/1/40 580/1/40 482/1/40 582/1/40 
f 583/1/40 582/1/40 482/1/40 584/1/40 
f 585/1/40 584/1/40 482/1/40 586/1/40 
f 587/1/40 586/1/40 482/1/40 588/1/40 
f 589/1/40 588/1/40 482/1/40 590/1/40 
f 591/1/40 590/1/40 482/1/40 497/1/40 
f 503/1/40 497/1/40 482/1/40 493/1/40 
f 494/1/40 493/1/40 482/1/40 481/1/40 
f 483/1/40 494/1/40 481/1/40 484/1/40 
f 501/1/40 484/1/40 481/1/40 545/1/40 
f 545/1/40 481/1/40 476/1/40 592/1/40 
f 545/1/5 481/1/5 484/1/5 501/1/5 
f 505/1/40 494/1/40 483/1/40 546/1/40 
f 493/1/40 505/1/40 546/1/40 593/1/40 
f 503/1/40 493/1/40 593/1/40 547/1/40 
f 500/1/40 503/1/40 547/1/40 548/1/40 
f 497/1/40 500/1/40 548/1/40 594/1/40 
f 591/1/40 497/1/40 594/1/40 549/1/40 
f 595/1/40 591/1/40 549/1/40 550/1/40 
f 590/1/40 595/1/40 550/1/40 596/1/40 
f 589/1/40 590/1/40 596/1/40 551/1/40 
f 597/1/40 589/1/40 551/1/40 552/1/40 
f 588/1/40 597/1/40 552/1/40 598/1/40 
f 587/1/40 588/1/40 598/1/40 553/1/40 
f 599/1/40 587/1/40 553/1/40 554/1/40 
f 586/1/40 599/1/40 554/1/40 600/1/40 
f 585/1/40 586/1/40 600/1/40 555/1/40 
f 601/1/40 585/1/40 555/1/40 556/1/40 
f 584/1/40 601/1/40 556/1/40 602/1/40 
f 583/1/40 584/1/40 602/1/40 557/1/40 
f 603/1/40 583/1/40 557/1/40 558/1/40 
f 582/1/40 603/1/40 558/1/40 604/1/40 
f 581/1/40 582/1/40 604/1/40 559/1/40 
f 605/1/40 581/1/40 559/1/40 560/1/40 
f 580/1/40 605/1/40 560/1/40 606/1/40 
f 579/1/40 580/1/40 606/1/40 561/1/40 
f 607/1/40 579/1/40 561/1/40 562/1/40 
f 578/1/40 607/1/40 562/1/40 608/1/40 
f 577/1/40 578/1/40 608/1/40 563/1/40 
f 609/1/40 577/1/40 563/1/40 564/1/40 
f 576/1/40 609/1/40 564/1/40 610/1/40 
f 518/1/40 576/1/40 610/1/40 565/1/40 
f 516/1/40 518/1/40 565/1/40 509/1/40 
f 513/1/40 516/1/40 509/1/40 508/1/40 
f 575/1/40 513/1/40 508/1/40 511/1/40 
f 611/1/40 575/1/40 511/1/40 566/1/40 
f 574/1/40 611/1/40 566/1/40 612/1/40 
f 573/1/40 574/1/40 612/1/40 567/1/40 
f 613/1/40 573/1/40 567/1/40 461/1/40 
f 572/1/40 613/1/40 461/1/40 472/1/40 
f 526/1/40 572/1/40 472/1/40 462/1/40 
f 542/1/40 526/1/40 462/1/40 469/1/40 
f 525/1/40 542/1/40 469/1/40 465/1/40 
f 536/1/40 525/1/40 465/1/40 468/1/40 
f 540/1/40 536/1/40 468/1/40 457/1/40 
f 535/1/40 540/1/40 457/1/40 571/1/40 
f 482/1/40 534/1/40 529/1/40 
f 520/1/40 570/1/40 569/1/40 521/1/40 
f 488/1/40 491/1/40 489/1/40 
f 479/1/5 477/1/5 614/1/5 487/1/5 
f 477/1/1 480/1/1 615/1/1 614/1/1 
f 480/1/2 477/1/2 479/1/2 482/1/2 
f 480/1/40 482/1/40 488/1/40 615/1/40 
f 614/1/3 615/1/3 488/1/3 487/1/3 
f 546/1/1 547/1/1 616/1/1 617/1/1 
f 618/1/3 593/1/3 546/1/3 617/1/3 
f 547/1/9 593/1/9 618/1/9 616/1/9 
f 596/1/13 619/1/13 620/1/13 551/1/13 
f 594/1/11 621/1/11 622/1/11 549/1/11 
f 548/1/1 549/1/1 622/1/1 623/1/1 
f 621/1/3 594/1/3 548/1/3 623/1/3 
f 550/1/1 551/1/1 620/1/1 624/1/1 
f 619/1/3 596/1/3 550/1/3 624/1/3 
f 625/1/15 587/1/15 599/1/15 626/1/15 
f 586/1/8 587/1/8 625/1/8 627/1/8 
f 586/1/2 627/1/2 626/1/2 599/1/2 
f 554/1/1 555/1/1 628/1/1 629/1/1 
f 630/1/3 600/1/3 554/1/3 629/1/3 
f 600/1/17 630/1/17 628/1/17 555/1/17 
f 631/1/3 602/1/3 556/1/3 632/1/3 
f 602/1/19 631/1/19 633/1/19 557/1/19 
f 556/1/1 557/1/1 633/1/1 632/1/1 
f 634/1/3 604/1/3 558/1/3 635/1/3 
f 604/1/21 634/1/21 636/1/21 559/1/21 
f 558/1/1 559/1/1 636/1/1 635/1/1 
f 582/1/8 583/1/8 637/1/8 638/1/8 
f 582/1/2 638/1/2 639/1/2 603/1/2 
f 637/1/23 583/1/23 603/1/23 639/1/23 
f 608/1/25 640/1/25 641/1/25 563/1/25 
f 562/1/1 563/1/1 641/1/1 642/1/1 
f 640/1/3 608/1/3 562/1/3 642/1/3 
f 643/1/3 610/1/3 564/1/3 644/1/3 
f 610/1/27 643/1/27 645/1/27 565/1/27 
f 564/1/1 565/1/1 645/1/1 644/1/1 
f 481/1/4 482/1/4 479/1/4 476/1/4 
f 475/1/4 476/1/4 479/1/4 478/1/4 
f 588/1/2 646/1/2 647/1/2 597/1/2 
f 590/1/8 591/1/8 648/1/8 649/1/8 
f 648/1/12 591/1/12 595/1/12 650/1/12 
f 590/1/2 649/1/2 650/1/2 595/1/2 
f 578/1/2 651/1/2 652/1/2 607/1/2 
f 653/1/5 654/1/5 519/1/5 522/1/5 
f 653/1/5 522/1/5 492/1/5 655/1/5 
f 459/1/5 655/1/5 492/1/5 460/1/5 
f 467/1/5 460/1/5 492/1/5 470/1/5 
f 463/1/5 470/1/5 492/1/5 464/1/5 
f 656/1/5 464/1/5 492/1/5 657/1/5 
f 512/1/5 657/1/5 492/1/5 510/1/5 
f 645/1/5 510/1/5 492/1/5 644/1/5 
f 641/1/5 644/1/5 492/1/5 642/1/5 
f 658/1/5 642/1/5 492/1/5 659/1/5 
f 636/1/5 659/1/5 492/1/5 635/1/5 
f 633/1/5 635/1/5 492/1/5 632/1/5 
f 628/1/5 632/1/5 492/1/5 629/1/5 
f 660/1/5 629/1/5 492/1/5 661/1/5 
f 620/1/5 661/1/5 492/1/5 624/1/5 
f 622/1/5 624/1/5 492/1/5 623/1/5 
f 616/1/5 623/1/5 492/1/5 617/1/5 
f 486/1/5 617/1/5 492/1/5 662/1/5 
f 486/1/5 662/1/5 502/1/5 
f 506/1/5 617/1/5 486/1/5 495/1/5 
f 495/1/5 486/1/5 485/1/5 478/1/5 
f 495/1/5 478/1/5 479/1/5 496/1/5 
f 504/1/5 496/1/5 479/1/5 498/1/5 
f 648/1/5 498/1/5 479/1/5 649/1/5 
f 663/1/5 649/1/5 479/1/5 646/1/5 
f 625/1/5 646/1/5 479/1/5 627/1/5 
f 664/1/5 627/1/5 479/1/5 665/1/5 
f 637/1/5 665/1/5 479/1/5 638/1/5 
f 666/1/5 638/1/5 479/1/5 667/1/5 
f 668/1/5 667/1/5 479/1/5 651/1/5 
f 669/1/5 651/1/5 479/1/5 670/1/5 
f 517/1/5 670/1/5 479/1/5 514/1/5 
f 671/1/5 514/1/5 479/1/5 672/1/5 
f 673/1/5 672/1/5 479/1/5 674/1/5 
f 527/1/5 674/1/5 479/1/5 528/1/5 
f 537/1/5 528/1/5 479/1/5 538/1/5 
f 533/1/5 538/1/5 479/1/5 530/1/5 
f 531/1/5 530/1/5 479/1/5 655/1/5 
f 531/1/5 655/1/5 459/1/5 533/1/5 
f 533/1/5 459/1/5 675/1/5 538/1/5 
f 539/1/5 538/1/5 675/1/5 460/1/5 
f 539/1/5 460/1/5 467/1/5 537/1/5 
f 537/1/5 467/1/5 466/1/5 528/1/5 
f 541/1/5 528/1/5 466/1/5 470/1/5 
f 541/1/5 470/1/5 463/1/5 527/1/5 
f 527/1/5 463/1/5 471/1/5 674/1/5 
f 676/1/5 674/1/5 471/1/5 464/1/5 
f 676/1/5 464/1/5 656/1/5 673/1/5 
f 673/1/5 656/1/5 677/1/5 672/1/5 
f 678/1/5 672/1/5 677/1/5 657/1/5 
f 678/1/5 657/1/5 512/1/5 671/1/5 
f 671/1/5 512/1/5 507/1/5 514/1/5 
f 514/1/5 507/1/5 510/1/5 515/1/5 
f 515/1/5 510/1/5 645/1/5 517/1/5 
f 517/1/5 645/1/5 643/1/5 670/1/5 
f 679/1/5 670/1/5 643/1/5 644/1/5 
f 679/1/5 644/1/5 641/1/5 669/1/5 
f 669/1/5 641/1/5 640/1/5 651/1/5 
f 652/1/5 651/1/5 640/1/5 642/1/5 
f 652/1/5 642/1/5 658/1/5 668/1/5 
f 668/1/5 658/1/5 680/1/5 667/1/5 
f 681/1/5 667/1/5 680/1/5 659/1/5 
f 681/1/5 659/1/5 636/1/5 666/1/5 
f 666/1/5 636/1/5 634/1/5 638/1/5 
f 639/1/5 638/1/5 634/1/5 635/1/5 
f 639/1/5 635/1/5 633/1/5 637/1/5 
f 637/1/5 633/1/5 631/1/5 665/1/5 
f 682/1/5 665/1/5 631/1/5 632/1/5 
f 682/1/5 632/1/5 628/1/5 664/1/5 
f 664/1/5 628/1/5 630/1/5 627/1/5 
f 626/1/5 627/1/5 630/1/5 629/1/5 
f 626/1/5 629/1/5 660/1/5 625/1/5 
f 625/1/5 660/1/5 683/1/5 646/1/5 
f 646/1/5 683/1/5 661/1/5 647/1/5 
f 647/1/5 661/1/5 620/1/5 663/1/5 
f 663/1/5 620/1/5 619/1/5 649/1/5 
f 650/1/5 649/1/5 619/1/5 624/1/5 
f 650/1/5 624/1/5 622/1/5 648/1/5 
f 648/1/5 622/1/5 621/1/5 498/1/5 
f 499/1/5 498/1/5 621/1/5 623/1/5 
f 499/1/5 623/1/5 616/1/5 504/1/5 
f 504/1/5 616/1/5 618/1/5 496/1/5 
f 506/1/5 496/1/5 618/1/5 617/1/5 
f 654/1/5 655/1/5 479/1/5 519/1/5 
f 519/1/5 479/1/5 487/1/5 524/1/5 
f 522/1/5 524/1/5 487/1/5 492/1/5 
f 492/1/5 487/1/5 490/1/5 
f 669/1/26 577/1/26 609/1/26 679/1/26 
f 668/1/24 579/1/24 607/1/24 652/1/24 
f 666/1/22 581/1/22 605/1/22 681/1/22 
f 578/1/8 579/1/8 668/1/8 651/1/8 
f 580/1/8 581/1/8 666/1/8 667/1/8 
f 680/1/3 606/1/3 560/1/3 659/1/3 
f 606/1/20 680/1/20 658/1/20 561/1/20 
f 580/1/2 667/1/2 681/1/2 605/1/2 
f 584/1/8 585/1/8 664/1/8 665/1/8 
f 584/1/2 665/1/2 682/1/2 601/1/2 
f 560/1/1 561/1/1 658/1/1 659/1/1 
f 598/1/16 683/1/16 660/1/16 553/1/16 
f 552/1/1 553/1/1 660/1/1 661/1/1 
f 664/1/18 585/1/18 601/1/18 682/1/18 
f 663/1/14 589/1/14 597/1/14 647/1/14 
f 683/1/3 598/1/3 552/1/3 661/1/3 
f 588/1/8 589/1/8 663/1/8 646/1/8 
f 576/1/2 670/1/2 679/1/2 609/1/2 
f 612/1/28 677/1/28 656/1/28 567/1/28 
f 576/1/8 577/1/8 669/1/8 670/1/8 
f 677/1/3 612/1/3 566/1/3 657/1/3 
f 566/1/1 567/1/1 656/1/1 657/1/1 
f 574/1/2 672/1/2 678/1/2 611/1/2 
f 574/1/8 575/1/8 671/1/8 672/1/8 
f 671/1/29 575/1/29 611/1/29 678/1/29 
f 479/1/1 482/1/1 488/1/1 487/1/1 
f 572/1/2 674/1/2 676/1/2 613/1/2 
f 568/1/1 569/1/1 653/1/1 655/1/1 
f 673/1/32 573/1/32 613/1/32 676/1/32 
f 572/1/8 573/1/8 673/1/8 674/1/8 
f 675/1/3 571/1/3 457/1/3 460/1/3 
f 654/1/3 570/1/3 568/1/3 655/1/3 
f 570/1/28 654/1/28 653/1/28 569/1/28 
f 466/1/3 465/1/3 469/1/3 470/1/3 
f 571/1/35 675/1/35 459/1/35 458/1/35 
f 684/1/1 685/1/1 686/1/1 687/1/1 
f 688/1/1 689/1/1 690/1/1 691/1/1 
f 692/1/37 693/1/37 694/1/37 695/1/37 
f 696/1/1 695/1/1 694/1/1 697/1/1 
f 698/1/3 699/1/3 688/1/3 691/1/3 
f 699/1/39 698/1/39 690/1/39 689/1/39 
f 700/1/2 701/1/2 702/1/2 703/1/2 
f 702/1/5 701/1/5 704/1/5 705/1/5 
f 705/1/5 704/1/5 706/1/5 
f 700/1/4 707/1/4 704/1/4 701/1/4 
f 700/1/40 703/1/40 708/1/40 707/1/40 
f 707/1/40 708/1/40 709/1/40 
f 710/1/6 711/1/6 712/1/6 713/1/6 
f 714/1/3 715/1/3 716/1/3 717/1/3 
f 717/1/3 716/1/3 718/1/3 719/1/3 
f 720/1/8 721/1/8 722/1/8 723/1/8 
f 724/1/2 725/1/2 726/1/2 727/1/2 
f 712/1/3 711/1/3 728/1/3 729/1/3 
f 728/1/1 710/1/1 713/1/1 729/1/1 
f 730/1/10 727/1/10 726/1/10 731/1/10 
f 721/1/7 732/1/7 733/1/7 722/1/7 
f 720/1/2 723/1/2 733/1/2 732/1/2 
f 724/1/8 730/1/8 731/1/8 725/1/8 
f 734/1/3 735/1/3 736/1/3 737/1/3 
f 736/1/1 738/1/1 739/1/1 737/1/1 
f 735/1/30 734/1/30 739/1/30 738/1/30 
f 740/1/2 741/1/2 742/1/2 743/1/2 
f 744/1/31 745/1/31 743/1/31 742/1/31 
f 740/1/8 745/1/8 744/1/8 741/1/8 
f 746/1/32 747/1/32 748/1/32 749/1/32 
f 750/1/33 747/1/33 746/1/33 751/1/33 
f 750/1/2 751/1/2 749/1/2 748/1/2 
f 752/1/8 753/1/8 754/1/8 755/1/8 
f 756/1/2 757/1/2 758/1/2 759/1/2 
f 760/1/34 761/1/34 759/1/34 758/1/34 
f 756/1/8 761/1/8 760/1/8 757/1/8 
f 762/1/8 763/1/8 764/1/8 765/1/8 
f 762/1/2 765/1/2 766/1/2 767/1/2 
f 764/1/36 763/1/36 767/1/36 766/1/36 
f 752/1/2 755/1/2 768/1/2 769/1/2 
f 754/1/38 753/1/38 769/1/38 768/1/38 
f 719/1/3 718/1/3 770/1/3 771/1/3 
f 772/1/40 773/1/40 770/1/40 774/1/40 
f 774/1/40 770/1/40 718/1/40 
f 703/1/2 702/1/2 775/1/2 772/1/2 
f 772/1/2 775/1/2 776/1/2 773/1/2 
f 776/1/5 775/1/5 777/1/5 771/1/5 
f 771/1/5 777/1/5 719/1/5 
f 728/1/40 774/1/40 718/1/40 710/1/40 
f 778/1/40 710/1/40 718/1/40 779/1/40 
f 780/1/40 779/1/40 718/1/40 781/1/40 
f 782/1/40 781/1/40 718/1/40 783/1/40 
f 784/1/40 783/1/40 718/1/40 785/1/40 
f 786/1/40 785/1/40 718/1/40 787/1/40 
f 788/1/40 787/1/40 718/1/40 789/1/40 
f 790/1/40 789/1/40 718/1/40 791/1/40 
f 792/1/40 791/1/40 718/1/40 793/1/40 
f 794/1/40 793/1/40 718/1/40 795/1/40 
f 796/1/40 795/1/40 718/1/40 797/1/40 
f 736/1/40 797/1/40 718/1/40 738/1/40 
f 798/1/40 738/1/40 718/1/40 799/1/40 
f 688/1/40 799/1/40 718/1/40 689/1/40 
f 696/1/40 689/1/40 718/1/40 695/1/40 
f 684/1/40 695/1/40 718/1/40 685/1/40 
f 800/1/40 685/1/40 718/1/40 801/1/40 
f 748/1/40 801/1/40 718/1/40 750/1/40 
f 750/1/40 718/1/40 715/1/40 747/1/40 
f 747/1/40 715/1/40 709/1/40 802/1/40 
f 800/1/40 802/1/40 709/1/40 756/1/40 
f 800/1/40 756/1/40 759/1/40 685/1/40 
f 685/1/40 759/1/40 761/1/40 803/1/40 
f 762/1/40 803/1/40 761/1/40 709/1/40 
f 763/1/40 762/1/40 709/1/40 752/1/40 
f 753/1/40 752/1/40 709/1/40 804/1/40 
f 805/1/40 804/1/40 709/1/40 806/1/40 
f 807/1/40 806/1/40 709/1/40 740/1/40 
f 745/1/40 740/1/40 709/1/40 808/1/40 
f 809/1/40 808/1/40 709/1/40 810/1/40 
f 811/1/40 810/1/40 709/1/40 812/1/40 
f 813/1/40 812/1/40 709/1/40 814/1/40 
f 815/1/40 814/1/40 709/1/40 816/1/40 
f 817/1/40 816/1/40 709/1/40 818/1/40 
f 819/1/40 818/1/40 709/1/40 820/1/40 
f 821/1/40 820/1/40 709/1/40 822/1/40 
f 823/1/40 822/1/40 709/1/40 724/1/40 
f 730/1/40 724/1/40 709/1/40 720/1/40 
f 721/1/40 720/1/40 709/1/40 708/1/40 
f 710/1/40 721/1/40 708/1/40 711/1/40 
f 728/1/40 711/1/40 708/1/40 774/1/40 
f 774/1/40 708/1/40 703/1/40 772/1/40 
f 774/1/5 708/1/5 711/1/5 728/1/5 
f 732/1/40 721/1/40 710/1/40 778/1/40 
f 720/1/40 732/1/40 778/1/40 824/1/40 
f 730/1/40 720/1/40 824/1/40 779/1/40 
f 727/1/40 730/1/40 779/1/40 780/1/40 
f 724/1/40 727/1/40 780/1/40 825/1/40 
f 823/1/40 724/1/40 825/1/40 781/1/40 
f 826/1/40 823/1/40 781/1/40 782/1/40 
f 822/1/40 826/1/40 782/1/40 827/1/40 
f 821/1/40 822/1/40 827/1/40 783/1/40 
f 828/1/40 821/1/40 783/1/40 784/1/40 
f 820/1/40 828/1/40 784/1/40 829/1/40 
f 819/1/40 820/1/40 829/1/40 785/1/40 
f 830/1/40 819/1/40 785/1/40 786/1/40 
f 818/1/40 830/1/40 786/1/40 831/1/40 
f 817/1/40 818/1/40 831/1/40 787/1/40 
f 832/1/40 817/1/40 787/1/40 788/1/40 
f 816/1/40 832/1/40 788/1/40 833/1/40 
f 815/1/40 816/1/40 833/1/40 789/1/40 
f 834/1/40 815/1/40 789/1/40 790/1/40 
f 814/1/40 834/1/40 790/1/40 835/1/40 
f 813/1/40 814/1/40 835/1/40 791/1/40 
f 836/1/40 813/1/40 791/1/40 792/1/40 
f 812/1/40 836/1/40 792/1/40 837/1/40 
f 811/1/40 812/1/40 837/1/40 793/1/40 
f 838/1/40 811/1/40 793/1/40 794/1/40 
f 810/1/40 838/1/40 794/1/40 839/1/40 
f 809/1/40 810/1/40 839/1/40 795/1/40 
f 840/1/40 809/1/40 795/1/40 796/1/40 
f 808/1/40 840/1/40 796/1/40 841/1/40 
f 745/1/40 808/1/40 841/1/40 797/1/40 
f 743/1/40 745/1/40 797/1/40 736/1/40 
f 740/1/40 743/1/40 736/1/40 735/1/40 
f 807/1/40 740/1/40 735/1/40 738/1/40 
f 842/1/40 807/1/40 738/1/40 798/1/40 
f 806/1/40 842/1/40 798/1/40 843/1/40 
f 805/1/40 806/1/40 843/1/40 799/1/40 
f 844/1/40 805/1/40 799/1/40 688/1/40 
f 804/1/40 844/1/40 688/1/40 699/1/40 
f 753/1/40 804/1/40 699/1/40 689/1/40 
f 769/1/40 753/1/40 689/1/40 696/1/40 
f 752/1/40 769/1/40 696/1/40 692/1/40 
f 763/1/40 752/1/40 692/1/40 695/1/40 
f 767/1/40 763/1/40 695/1/40 684/1/40 
f 762/1/40 767/1/40 684/1/40 803/1/40 
f 709/1/40 761/1/40 756/1/40 
f 747/1/40 802/1/40 801/1/40 748/1/40 
f 715/1/40 718/1/40 716/1/40 
f 706/1/5 704/1/5 845/1/5 714/1/5 
f 707/1/1 846/1/1 845/1/1 704/1/1 
f 707/1/2 704/1/2 706/1/2 709/1/2 
f 707/1/40 709/1/40 715/1/40 846/1/40 
f 845/1/3 846/1/3 715/1/3 714/1/3 
f 778/1/1 779/1/1 847/1/1 848/1/1 
f 849/1/3 824/1/3 778/1/3 848/1/3 
f 779/1/9 824/1/9 849/1/9 847/1/9 
f 827/1/13 850/1/13 851/1/13 783/1/13 
f 825/1/11 852/1/11 853/1/11 781/1/11 
f 780/1/1 781/1/1 853/1/1 854/1/1 
f 852/1/3 825/1/3 780/1/3 854/1/3 
f 782/1/1 783/1/1 851/1/1 855/1/1 
f 850/1/3 827/1/3 782/1/3 855/1/3 
f 856/1/15 819/1/15 830/1/15 857/1/15 
f 818/1/8 819/1/8 856/1/8 858/1/8 
f 818/1/2 858/1/2 857/1/2 830/1/2 
f 786/1/1 787/1/1 859/1/1 860/1/1 
f 861/1/3 831/1/3 786/1/3 860/1/3 
f 831/1/17 861/1/17 859/1/17 787/1/17 
f 862/1/3 833/1/3 788/1/3 863/1/3 
f 833/1/19 862/1/19 864/1/19 789/1/19 
f 788/1/1 789/1/1 864/1/1 863/1/1 
f 865/1/3 835/1/3 790/1/3 866/1/3 
f 835/1/21 865/1/21 867/1/21 791/1/21 
f 790/1/1 791/1/1 867/1/1 866/1/1 
f 814/1/8 815/1/8 868/1/8 869/1/8 
f 814/1/2 869/1/2 870/1/2 834/1/2 
f 868/1/23 815/1/23 834/1/23 870/1/23 
f 839/1/25 871/1/25 872/1/25 795/1/25 
f 794/1/1 795/1/1 872/1/1 873/1/1 
f 871/1/3 839/1/3 794/1/3 873/1/3 
f 874/1/3 841/1/3 796/1/3 875/1/3 
f 841/1/27 874/1/27 876/1/27 797/1/27 
f 796/1/1 797/1/1 876/1/1 875/1/1 
f 703/1/4 708/1/4 709/1/4 706/1/4 
f 702/1/4 703/1/4 706/1/4 705/1/4 
f 820/1/2 877/1/2 878/1/2 828/1/2 
f 822/1/8 823/1/8 879/1/8 880/1/8 
f 879/1/12 823/1/12 826/1/12 881/1/12 
f 822/1/2 880/1/2 881/1/2 826/1/2 
f 810/1/2 882/1/2 883/1/2 838/1/2 
f 884/1/5 885/1/5 746/1/5 749/1/5 
f 884/1/5 749/1/5 719/1/5 886/1/5 
f 686/1/5 886/1/5 719/1/5 687/1/5 
f 694/1/5 687/1/5 719/1/5 697/1/5 
f 690/1/5 697/1/5 719/1/5 691/1/5 
f 887/1/5 691/1/5 719/1/5 888/1/5 
f 739/1/5 888/1/5 719/1/5 737/1/5 
f 876/1/5 737/1/5 719/1/5 875/1/5 
f 872/1/5 875/1/5 719/1/5 873/1/5 
f 889/1/5 873/1/5 719/1/5 890/1/5 
f 867/1/5 890/1/5 719/1/5 866/1/5 
f 864/1/5 866/1/5 719/1/5 863/1/5 
f 859/1/5 863/1/5 719/1/5 860/1/5 
f 891/1/5 860/1/5 719/1/5 892/1/5 
f 851/1/5 892/1/5 719/1/5 855/1/5 
f 853/1/5 855/1/5 719/1/5 854/1/5 
f 847/1/5 854/1/5 719/1/5 848/1/5 
f 713/1/5 848/1/5 719/1/5 777/1/5 
f 713/1/5 777/1/5 729/1/5 
f 733/1/5 848/1/5 713/1/5 722/1/5 
f 722/1/5 713/1/5 712/1/5 705/1/5 
f 722/1/5 705/1/5 706/1/5 723/1/5 
f 731/1/5 723/1/5 706/1/5 725/1/5 
f 879/1/5 725/1/5 706/1/5 880/1/5 
f 893/1/5 880/1/5 706/1/5 877/1/5 
f 856/1/5 877/1/5 706/1/5 858/1/5 
f 894/1/5 858/1/5 706/1/5 895/1/5 
f 868/1/5 895/1/5 706/1/5 869/1/5 
f 896/1/5 869/1/5 706/1/5 897/1/5 
f 898/1/5 897/1/5 706/1/5 882/1/5 
f 899/1/5 882/1/5 706/1/5 900/1/5 
f 744/1/5 900/1/5 706/1/5 741/1/5 
f 901/1/5 741/1/5 706/1/5 902/1/5 
f 903/1/5 902/1/5 706/1/5 904/1/5 
f 754/1/5 904/1/5 706/1/5 755/1/5 
f 764/1/5 755/1/5 706/1/5 765/1/5 
f 760/1/5 765/1/5 706/1/5 757/1/5 
f 758/1/5 757/1/5 706/1/5 886/1/5 
f 758/1/5 886/1/5 686/1/5 760/1/5 
f 760/1/5 686/1/5 905/1/5 765/1/5 
f 766/1/5 765/1/5 905/1/5 687/1/5 
f 766/1/5 687/1/5 694/1/5 764/1/5 
f 764/1/5 694/1/5 693/1/5 755/1/5 
f 768/1/5 755/1/5 693/1/5 697/1/5 
f 768/1/5 697/1/5 690/1/5 754/1/5 
f 754/1/5 690/1/5 698/1/5 904/1/5 
f 906/1/5 904/1/5 698/1/5 691/1/5 
f 906/1/5 691/1/5 887/1/5 903/1/5 
f 903/1/5 887/1/5 907/1/5 902/1/5 
f 908/1/5 902/1/5 907/1/5 888/1/5 
f 908/1/5 888/1/5 739/1/5 901/1/5 
f 901/1/5 739/1/5 734/1/5 741/1/5 
f 741/1/5 734/1/5 737/1/5 742/1/5 
f 742/1/5 737/1/5 876/1/5 744/1/5 
f 744/1/5 876/1/5 874/1/5 900/1/5 
f 909/1/5 900/1/5 874/1/5 875/1/5 
f 909/1/5 875/1/5 872/1/5 899/1/5 
f 899/1/5 872/1/5 871/1/5 882/1/5 
f 883/1/5 882/1/5 871/1/5 873/1/5 
f 883/1/5 873/1/5 889/1/5 898/1/5 
f 898/1/5 889/1/5 910/1/5 897/1/5 
f 911/1/5 897/1/5 910/1/5 890/1/5 
f 911/1/5 890/1/5 867/1/5 896/1/5 
f 896/1/5 867/1/5 865/1/5 869/1/5 
f 870/1/5 869/1/5 865/1/5 866/1/5 
f 870/1/5 866/1/5 864/1/5 868/1/5 
f 868/1/5 864/1/5 862/1/5 895/1/5 
f 912/1/5 895/1/5 862/1/5 863/1/5 
f 912/1/5 863/1/5 859/1/5 894/1/5 
f 894/1/5 859/1/5 861/1/5 858/1/5 
f 857/1/5 858/1/5 861/1/5 860/1/5 
f 857/1/5 860/1/5 891/1/5 856/1/5 
f 856/1/5 891/1/5 913/1/5 877/1/5 
f 877/1/5 913/1/5 892/1/5 878/1/5 
f 878/1/5 892/1/5 851/1/5 893/1/5 
f 893/1/5 851/1/5 850/1/5 880/1/5 
f 881/1/5 880/1/5 850/1/5 855/1/5 
f 881/1/5 855/1/5 853/1/5 879/1/5 
f 879/1/5 853/1/5 852/1/5 725/1/5 
f 726/1/5 725/1/5 852/1/5 854/1/5 
f 726/1/5 854/1/5 847/1/5 731/1/5 
f 731/1/5 847/1/5 849/1/5 723/1/5 
f 733/1/5 723/1/5 849/1/5 848/1/5 
f 885/1/5 886/1/5 706/1/5 746/1/5 
f 746/1/5 706/1/5 714/1/5 751/1/5 
f 749/1/5 751/1/5 714/1/5 719/1/5 
f 719/1/5 714/1/5 717/1/5 
f 899/1/26 809/1/26 840/1/26 909/1/26 
f 898/1/24 811/1/24 838/1/24 883/1/24 
f 896/1/22 813/1/22 836/1/22 911/1/22 
f 810/1/8 811/1/8 898/1/8 882/1/8 
f 812/1/8 813/1/8 896/1/8 897/1/8 
f 910/1/3 837/1/3 792/1/3 890/1/3 
f 837/1/20 910/1/20 889/1/20 793/1/20 
f 812/1/2 897/1/2 911/1/2 836/1/2 
f 816/1/8 817/1/8 894/1/8 895/1/8 
f 816/1/2 895/1/2 912/1/2 832/1/2 
f 792/1/1 793/1/1 889/1/1 890/1/1 
f 829/1/16 913/1/16 891/1/16 785/1/16 
f 784/1/1 785/1/1 891/1/1 892/1/1 
f 894/1/18 817/1/18 832/1/18 912/1/18 
f 893/1/14 821/1/14 828/1/14 878/1/14 
f 913/1/3 829/1/3 784/1/3 892/1/3 
f 820/1/8 821/1/8 893/1/8 877/1/8 
f 808/1/2 900/1/2 909/1/2 840/1/2 
f 843/1/28 907/1/28 887/1/28 799/1/28 
f 808/1/8 809/1/8 899/1/8 900/1/8 
f 907/1/3 843/1/3 798/1/3 888/1/3 
f 798/1/1 799/1/1 887/1/1 888/1/1 
f 806/1/2 902/1/2 908/1/2 842/1/2 
f 806/1/8 807/1/8 901/1/8 902/1/8 
f 901/1/29 807/1/29 842/1/29 908/1/29 
f 709/1/1 715/1/1 714/1/1 706/1/1 
f 804/1/2 904/1/2 906/1/2 844/1/2 
f 800/1/1 801/1/1 884/1/1 886/1/1 
f 903/1/32 805/1/32 844/1/32 906/1/32 
f 804/1/8 805/1/8 903/1/8 904/1/8 
f 905/1/3 803/1/3 684/1/3 687/1/3 
f 885/1/3 802/1/3 800/1/3 886/1/3 
f 802/1/28 885/1/28 884/1/28 801/1/28 
f 693/1/3 692/1/3 696/1/3 697/1/3 
f 803/1/35 905/1/35 686/1/35 685/1/35 
f 914/1/1 915/1/1 916/1/1 917/1/1 
f 918/1/1 919/1/1 920/1/1 921/1/1 
f 922/1/37 923/1/37 924/1/37 925/1/37 
f 926/1/1 925/1/1 924/1/1 927/1/1 
f 928/1/3 929/1/3 918/1/3 921/1/3 
f 929/1/39 928/1/39 920/1/39 919/1/39 
f 930/1/2 931/1/2 932/1/2 933/1/2 
f 932/1/5 931/1/5 934/1/5 935/1/5 
f 930/1/4 936/1/4 934/1/4 931/1/4 
f 937/1/6 938/1/6 939/1/6 940/1/6 
f 941/1/3 942/1/3 943/1/3 944/1/3 
f 943/1/2 944/1/2 945/1/2 
f 944/1/3 943/1/3 945/1/3 
f 946/1/8 947/1/8 948/1/8 949/1/8 
f 950/1/2 951/1/2 952/1/2 953/1/2 
f 939/1/3 938/1/3 954/1/3 955/1/3 
f 954/1/1 937/1/1 940/1/1 955/1/1 
f 956/1/10 953/1/10 952/1/10 957/1/10 
f 947/1/7 958/1/7 959/1/7 948/1/7 
f 946/1/2 949/1/2 959/1/2 958/1/2 
f 950/1/8 956/1/8 957/1/8 951/1/8 
f 960/1/3 961/1/3 962/1/3 963/1/3 
f 962/1/1 964/1/1 965/1/1 963/1/1 
f 961/1/30 960/1/30 965/1/30 964/1/30 
f 966/1/33 967/1/33 968/1/33 969/1/1 
f 966/1/33 968/1/33 969/1/33 
f 970/1/2 971/1/2 972/1/2 973/1/2 
f 974/1/31 975/1/31 973/1/31 972/1/31 
f 970/1/8 975/1/8 974/1/8 971/1/8 
f 976/1/32 977/1/32 978/1/32 979/1/32 
f 980/1/33 977/1/33 976/1/33 981/1/33 
f 980/1/2 981/1/2 979/1/2 978/1/2 
f 982/1/8 983/1/8 984/1/8 985/1/8 
f 986/1/2 987/1/2 988/1/2 989/1/2 
f 990/1/34 991/1/34 989/1/34 988/1/34 
f 986/1/8 991/1/8 990/1/8 987/1/8 
f 992/1/8 993/1/8 994/1/8 995/1/8 
f 992/1/2 995/1/2 996/1/2 997/1/2 
f 994/1/36 993/1/36 997/1/36 996/1/36 
f 982/1/2 985/1/2 998/1/2 999/1/2 
f 984/1/38 983/1/38 999/1/38 998/1/38 
f 944/1/3 945/1/3 966/1/3 969/1/3 
f 1000/1/40 967/1/40 966/1/40 1001/1/40 
f 1001/1/40 966/1/40 945/1/40 
f 933/1/2 932/1/2 1002/1/2 1000/1/2 
f 1000/1/2 1002/1/2 968/1/2 967/1/2 
f 968/1/5 1002/1/5 944/1/5 969/1/5 
f 954/1/40 1001/1/40 945/1/40 937/1/40 
f 1003/1/40 937/1/40 945/1/40 1004/1/40 
f 1005/1/40 1004/1/40 945/1/40 1006/1/40 
f 1007/1/40 1006/1/40 945/1/40 1008/1/40 
f 1009/1/40 1008/1/40 945/1/40 1010/1/40 
f 1011/1/40 1010/1/40 945/1/40 1012/1/40 
f 1013/1/40 1012/1/40 945/1/40 1014/1/40 
f 1015/1/40 1014/1/40 945/1/40 1016/1/40 
f 1017/1/40 1016/1/40 945/1/40 1018/1/40 
f 1019/1/40 1018/1/40 945/1/40 1020/1/40 
f 1021/1/40 1020/1/40 945/1/40 1022/1/40 
f 962/1/40 1022/1/40 945/1/40 964/1/40 
f 1023/1/40 964/1/40 945/1/40 1024/1/40 
f 918/1/40 1024/1/40 945/1/40 919/1/40 
f 926/1/40 919/1/40 945/1/40 925/1/40 
f 914/1/40 925/1/40 945/1/40 915/1/40 
f 1025/1/40 915/1/40 945/1/40 1026/1/40 
f 978/1/40 1026/1/40 945/1/40 980/1/40 
f 980/1/40 945/1/40 942/1/40 977/1/40 
f 977/1/40 942/1/40 1027/1/40 1028/1/40 
f 1025/1/40 1028/1/40 1027/1/40 986/1/40 
f 1025/1/40 986/1/40 989/1/40 915/1/40 
f 915/1/40 989/1/40 991/1/40 1029/1/40 
f 992/1/40 1029/1/40 991/1/40 1027/1/40 
f 993/1/40 992/1/40 1027/1/40 982/1/40 
f 983/1/40 982/1/40 1027/1/40 1030/1/40 
f 1031/1/40 1030/1/40 1027/1/40 1032/1/40 
f 1033/1/40 1032/1/40 1027/1/40 970/1/40 
f 975/1/40 970/1/40 1027/1/40 1034/1/40 
f 1035/1/40 1034/1/40 1027/1/40 1036/1/40 
f 1037/1/40 1036/1/40 1027/1/40 1038/1/40 
f 1039/1/40 1038/1/40 1027/1/40 1040/1/40 
f 1041/1/40 1040/1/40 1027/1/40 1042/1/40 
f 1043/1/40 1042/1/40 1027/1/40 1044/1/40 
f 1045/1/40 1044/1/40 1027/1/40 1046/1/40 
f 1047/1/40 1046/1/40 1027/1/40 1048/1/40 
f 1049/1/40 1048/1/40 1027/1/40 950/1/40 
f 956/1/40 950/1/40 1027/1/40 946/1/40 
f 947/1/40 946/1/40 1027/1/40 1050/1/40 
f 937/1/40 947/1/40 1050/1/40 938/1/40 
f 954/1/40 938/1/40 1050/1/40 1001/1/40 
f 1001/1/40 1050/1/40 933/1/40 1000/1/40 
f 1001/1/5 1050/1/5 938/1/5 954/1/5 
f 958/1/40 947/1/40 937/1/40 1003/1/40 
f 946/1/40 958/1/40 1003/1/40 1051/1/40 
f 956/1/40 946/1/40 1051/1/40 1004/1/40 
f 953/1/40 956/1/40 1004/1/40 1005/1/40 
f 950/1/40 953/1/40 1005/1/40 1052/1/40 
f 1049/1/40 950/1/40 1052/1/40 1006/1/40 
f 1053/1/40 1049/1/40 1006/1/40 1007/1/40 
f 1048/1/40 1053/1/40 1007/1/40 1054/1/40 
f 1047/1/40 1048/1/40 1054/1/40 1008/1/40 
f 1055/1/40 1047/1/40 1008/1/40 1009/1/40 
f 1046/1/40 1055/1/40 1009/1/40 1056/1/40 
f 1045/1/40 1046/1/40 1056/1/40 1010/1/40 
f 1057/1/40 1045/1/40 1010/1/40 1011/1/40 
f 1044/1/40 1057/1/40 1011/1/40 1058/1/40 
f 1043/1/40 1044/1/40 1058/1/40 1012/1/40 
f 1059/1/40 1043/1/40 1012/1/40 1013/1/40 
f 1042/1/40 1059/1/40 1013/1/40 1060/1/40 
f 1041/1/40 1042/1/40 1060/1/40 1014/1/40 
f 1061/1/40 1041/1/40 1014/1/40 1015/1/40 
f 1040/1/40 1061/1/40 1015/1/40 1062/1/40 
f 1039/1/40 1040/1/40 1062/1/40 1016/1/40 
f 1063/1/40 1039/1/40 1016/1/40 1017/1/40 
f 1038/1/40 1063/1/40 1017/1/40 1064/1/40 
f 1037/1/40 1038/1/40 1064/1/40 1018/1/40 
f 1065/1/40 1037/1/40 1018/1/40 1019/1/40 
f 1036/1/40 1065/1/40 1019/1/40 1066/1/40 
f 1035/1/40 1036/1/40 1066/1/40 1020/1/40 
f 1067/1/40 1035/1/40 1020/1/40 1021/1/40 
f 1034/1/40 1067/1/40 1021/1/40 1068/1/40 
f 975/1/40 1034/1/40 1068/1/40 1022/1/40 
f 973/1/40 975/1/40 1022/1/40 962/1/40 
f 970/1/40 973/1/40 962/1/40 961/1/40 
f 1033/1/40 970/1/40 961/1/40 964/1/40 
f 1069/1/40 1033/1/40 964/1/40 1023/1/40 
f 1032/1/40 1069/1/40 1023/1/40 1070/1/40 
f 1031/1/40 1032/1/40 1070/1/40 1024/1/40 
f 1071/1/40 1031/1/40 1024/1/40 918/1/40 
f 1030/1/40 1071/1/40 918/1/40 929/1/40 
f 983/1/40 1030/1/40 929/1/40 919/1/40 
f 999/1/40 983/1/40 919/1/40 926/1/40 
f 982/1/40 999/1/40 926/1/40 922/1/40 
f 993/1/40 982/1/40 922/1/40 925/1/40 
f 997/1/40 993/1/40 925/1/40 914/1/40 
f 992/1/40 997/1/40 914/1/40 1029/1/40 
f 1027/1/40 991/1/40 986/1/40 
f 977/1/40 1028/1/40 1026/1/40 978/1/40 
f 942/1/40 945/1/40 943/1/40 
f 935/1/5 934/1/5 1072/1/5 941/1/5 
f 936/1/2 934/1/2 935/1/2 1027/1/2 
f 936/1/40 1027/1/40 942/1/40 1073/1/40 
f 1072/1/3 1073/1/3 942/1/3 941/1/3 
f 1003/1/1 1004/1/1 1074/1/1 1075/1/1 
f 1076/1/3 1051/1/3 1003/1/3 1075/1/3 
f 1004/1/9 1051/1/9 1076/1/9 1074/1/9 
f 1054/1/13 1077/1/13 1078/1/13 1008/1/13 
f 1052/1/11 1079/1/11 1080/1/11 1006/1/11 
f 1005/1/1 1006/1/1 1080/1/1 1081/1/1 
f 1079/1/3 1052/1/3 1005/1/3 1081/1/3 
f 1007/1/1 1008/1/1 1078/1/1 1082/1/1 
f 1077/1/3 1054/1/3 1007/1/3 1082/1/3 
f 1083/1/15 1045/1/15 1057/1/15 1084/1/15 
f 1044/1/8 1045/1/8 1083/1/8 1085/1/8 
f 1044/1/2 1085/1/2 1084/1/2 1057/1/2 
f 1011/1/1 1012/1/1 1086/1/1 1087/1/1 
f 1088/1/3 1058/1/3 1011/1/3 1087/1/3 
f 1058/1/17 1088/1/17 1086/1/17 1012/1/17 
f 1089/1/3 1060/1/3 1013/1/3 1090/1/3 
f 1060/1/19 1089/1/19 1091/1/19 1014/1/19 
f 1013/1/1 1014/1/1 1091/1/1 1090/1/1 
f 1092/1/3 1062/1/3 1015/1/3 1093/1/3 
f 1062/1/21 1092/1/21 1094/1/21 1016/1/21 
f 1015/1/1 1016/1/1 1094/1/1 1093/1/1 
f 1040/1/8 1041/1/8 1095/1/8 1096/1/8 
f 1040/1/2 1096/1/2 1097/1/2 1061/1/2 
f 1095/1/23 1041/1/23 1061/1/23 1097/1/23 
f 1066/1/25 1098/1/25 1099/1/25 1020/1/25 
f 1019/1/1 1020/1/1 1099/1/1 1100/1/1 
f 1098/1/3 1066/1/3 1019/1/3 1100/1/3 
f 1101/1/3 1068/1/3 1021/1/3 1102/1/3 
f 1068/1/27 1101/1/27 1103/1/27 1022/1/27 
f 1021/1/1 1022/1/1 1103/1/1 1102/1/1 
f 1050/1/4 1027/1/4 935/1/4 932/1/4 
f 1050/1/4 932/1/4 933/1/4 
f 1046/1/2 1104/1/2 1105/1/2 1055/1/2 
f 1048/1/8 1049/1/8 1106/1/8 1107/1/8 
f 1106/1/12 1049/1/12 1053/1/12 1108/1/12 
f 1048/1/2 1107/1/2 1108/1/2 1053/1/2 
f 1036/1/2 1109/1/2 1110/1/2 1065/1/2 
f 1111/1/5 1112/1/5 976/1/5 979/1/5 
f 1111/1/5 979/1/5 944/1/5 1113/1/5 
f 916/1/5 1113/1/5 944/1/5 917/1/5 
f 924/1/5 917/1/5 944/1/5 927/1/5 
f 920/1/5 927/1/5 944/1/5 921/1/5 
f 1114/1/5 921/1/5 944/1/5 1115/1/5 
f 965/1/5 1115/1/5 944/1/5 963/1/5 
f 1103/1/5 963/1/5 944/1/5 1102/1/5 
f 1099/1/5 1102/1/5 944/1/5 1100/1/5 
f 1116/1/5 1100/1/5 944/1/5 1117/1/5 
f 1094/1/5 1117/1/5 944/1/5 1093/1/5 
f 1091/1/5 1093/1/5 944/1/5 1090/1/5 
f 1086/1/5 1090/1/5 944/1/5 1087/1/5 
f 1118/1/5 1087/1/5 944/1/5 1119/1/5 
f 1078/1/5 1119/1/5 944/1/5 1082/1/5 
f 1080/1/5 1082/1/5 944/1/5 1081/1/5 
f 1074/1/5 1081/1/5 944/1/5 1075/1/5 
f 940/1/5 1075/1/5 944/1/5 955/1/5 
f 955/1/5 944/1/5 1002/1/5 939/1/5 
f 939/1/5 1002/1/5 932/1/5 948/1/5 
f 948/1/5 932/1/5 935/1/5 949/1/5 
f 957/1/5 949/1/5 935/1/5 951/1/5 
f 1106/1/5 951/1/5 935/1/5 1107/1/5 
f 1120/1/5 1107/1/5 935/1/5 1104/1/5 
f 1083/1/5 1104/1/5 935/1/5 1085/1/5 
f 1121/1/5 1085/1/5 935/1/5 1122/1/5 
f 1095/1/5 1122/1/5 935/1/5 1096/1/5 
f 1123/1/5 1096/1/5 935/1/5 1124/1/5 
f 1125/1/5 1124/1/5 935/1/5 1109/1/5 
f 1126/1/5 1109/1/5 935/1/5 1127/1/5 
f 974/1/5 1127/1/5 935/1/5 971/1/5 
f 1128/1/5 971/1/5 935/1/5 1129/1/5 
f 1130/1/5 1129/1/5 935/1/5 1131/1/5 
f 984/1/5 1131/1/5 935/1/5 985/1/5 
f 994/1/5 985/1/5 935/1/5 995/1/5 
f 990/1/5 995/1/5 935/1/5 987/1/5 
f 988/1/5 987/1/5 935/1/5 1113/1/5 
f 988/1/5 1113/1/5 916/1/5 990/1/5 
f 990/1/5 916/1/5 1132/1/5 995/1/5 
f 996/1/5 995/1/5 1132/1/5 917/1/5 
f 996/1/5 917/1/5 924/1/5 994/1/5 
f 994/1/5 924/1/5 923/1/5 985/1/5 
f 998/1/5 985/1/5 923/1/5 927/1/5 
f 998/1/5 927/1/5 920/1/5 984/1/5 
f 984/1/5 920/1/5 928/1/5 1131/1/5 
f 1133/1/5 1131/1/5 928/1/5 921/1/5 
f 1133/1/5 921/1/5 1114/1/5 1130/1/5 
f 1130/1/5 1114/1/5 1134/1/5 1129/1/5 
f 1135/1/5 1129/1/5 1134/1/5 1115/1/5 
f 1135/1/5 1115/1/5 965/1/5 1128/1/5 
f 1128/1/5 965/1/5 960/1/5 971/1/5 
f 971/1/5 960/1/5 963/1/5 972/1/5 
f 972/1/5 963/1/5 1103/1/5 974/1/5 
f 974/1/5 1103/1/5 1101/1/5 1127/1/5 
f 1136/1/5 1127/1/5 1101/1/5 1102/1/5 
f 1136/1/5 1102/1/5 1099/1/5 1126/1/5 
f 1126/1/5 1099/1/5 1098/1/5 1109/1/5 
f 1110/1/5 1109/1/5 1098/1/5 1100/1/5 
f 1110/1/5 1100/1/5 1116/1/5 1125/1/5 
f 1125/1/5 1116/1/5 1137/1/5 1124/1/5 
f 1138/1/5 1124/1/5 1137/1/5 1117/1/5 
f 1138/1/5 1117/1/5 1094/1/5 1123/1/5 
f 1123/1/5 1094/1/5 1092/1/5 1096/1/5 
f 1097/1/5 1096/1/5 1092/1/5 1093/1/5 
f 1097/1/5 1093/1/5 1091/1/5 1095/1/5 
f 1095/1/5 1091/1/5 1089/1/5 1122/1/5 
f 1139/1/5 1122/1/5 1089/1/5 1090/1/5 
f 1139/1/5 1090/1/5 1086/1/5 1121/1/5 
f 1121/1/5 1086/1/5 1088/1/5 1085/1/5 
f 1084/1/5 1085/1/5 1088/1/5 1087/1/5 
f 1084/1/5 1087/1/5 1118/1/5 1083/1/5 
f 1083/1/5 1118/1/5 1140/1/5 1104/1/5 
f 1104/1/5 1140/1/5 1119/1/5 1105/1/5 
f 1105/1/5 1119/1/5 1078/1/5 1120/1/5 
f 1120/1/5 1078/1/5 1077/1/5 1107/1/5 
f 1108/1/5 1107/1/5 1077/1/5 1082/1/5 
f 1108/1/5 1082/1/5 1080/1/5 1106/1/5 
f 1106/1/5 1080/1/5 1079/1/5 951/1/5 
f 952/1/5 951/1/5 1079/1/5 1081/1/5 
f 952/1/5 1081/1/5 1074/1/5 957/1/5 
f 957/1/5 1074/1/5 1076/1/5 949/1/5 
f 959/1/5 949/1/5 1076/1/5 1075/1/5 
f 959/1/5 1075/1/5 940/1/5 948/1/5 
f 948/1/5 940/1/5 939/1/5 
f 1112/1/5 1113/1/5 935/1/5 976/1/5 
f 976/1/5 935/1/5 941/1/5 981/1/5 
f 979/1/5 981/1/5 941/1/5 944/1/5 
f 1126/1/26 1035/1/26 1067/1/26 1136/1/26 
f 1125/1/24 1037/1/24 1065/1/24 1110/1/24 
f 1123/1/22 1039/1/22 1063/1/22 1138/1/22 
f 1036/1/8 1037/1/8 1125/1/8 1109/1/8 
f 1038/1/8 1039/1/8 1123/1/8 1124/1/8 
f 1137/1/3 1064/1/3 1017/1/3 1117/1/3 
f 1064/1/20 1137/1/20 1116/1/20 1018/1/20 
f 1038/1/2 1124/1/2 1138/1/2 1063/1/2 
f 1042/1/8 1043/1/8 1121/1/8 1122/1/8 
f 1042/1/2 1122/1/2 1139/1/2 1059/1/2 
f 1017/1/1 1018/1/1 1116/1/1 1117/1/1 
f 1056/1/16 1140/1/16 1118/1/16 1010/1/16 
f 1009/1/1 1010/1/1 1118/1/1 1119/1/1 
f 1121/1/18 1043/1/18 1059/1/18 1139/1/18 
f 1120/1/14 1047/1/14 1055/1/14 1105/1/14 
f 1140/1/3 1056/1/3 1009/1/3 1119/1/3 
f 1046/1/8 1047/1/8 1120/1/8 1104/1/8 
f 1034/1/2 1127/1/2 1136/1/2 1067/1/2 
f 1070/1/28 1134/1/28 1114/1/28 1024/1/28 
f 1034/1/8 1035/1/8 1126/1/8 1127/1/8 
f 1134/1/3 1070/1/3 1023/1/3 1115/1/3 
f 1023/1/1 1024/1/1 1114/1/1 1115/1/1 
f 1032/1/2 1129/1/2 1135/1/2 1069/1/2 
f 1032/1/8 1033/1/8 1128/1/8 1129/1/8 
f 1128/1/29 1033/1/29 1069/1/29 1135/1/29 
f 1027/1/1 942/1/1 941/1/1 935/1/1 
f 1030/1/2 1131/1/2 1133/1/2 1071/1/2 
f 1025/1/1 1026/1/1 1111/1/1 1113/1/1 
f 1130/1/32 1031/1/32 1071/1/32 1133/1/32 
f 1030/1/8 1031/1/8 1130/1/8 1131/1/8 
f 1132/1/3 1029/1/3 914/1/3 917/1/3 
f 1112/1/3 1028/1/3 1025/1/3 1113/1/3 
f 1028/1/28 1112/1/28 1111/1/28 1026/1/28 
f 923/1/3 922/1/3 926/1/3 927/1/3 
f 1029/1/35 1132/1/35 916/1/35 915/1/35 
f 1141/1/3 1142/1/3 1143/1/3 1144/1/3 
f 1145/1/41 1142/1/41 1141/1/41 1146/1/41 
f 1145/1/42 1146/1/42 1144/1/42 1143/1/42 
f 10/1/33 12/1/33 1147/1/33 1148/1/33 
f 10/1/33 1148/1/33 1149/1/33 
f 3/1/1 1150/1/1 1151/1/1 4/1/1 
f 1152/1/2 1153/1/2 1148/1/2 1149/1/2 
f 1154/1/3 1155/1/3 1156/1/3 1157/1/3 
f 1158/1/1 1159/1/1 1160/1/1 1161/1/1 
f 1162/1/43 1163/1/43 1157/1/43 1156/1/43 
f 1162/1/41 1155/1/41 1154/1/41 1163/1/41 
f 1164/1/2 1165/1/2 1166/1/2 1167/1/2 
f 1168/1/2 1169/1/2 1160/1/2 1159/1/2 
f 1169/1/44 1168/1/44 1158/1/44 1161/1/44 
f 1170/1/2 1171/1/2 1172/1/2 1173/1/2 
f 1165/1/45 1164/1/45 1174/1/45 1175/1/45 
f 1174/1/1 1167/1/1 1166/1/1 1175/1/1 
f 1176/1/1 1177/1/1 1178/1/1 1179/1/1 
f 1171/1/46 1170/1/46 1180/1/46 1181/1/46 
f 1180/1/1 1173/1/1 1172/1/1 1181/1/1 
f 1182/1/2 1183/1/2 1178/1/2 1177/1/2 
f 1183/1/47 1182/1/47 1176/1/47 1179/1/47 
f 1151/1/5 1184/1/5 1185/1/5 1186/1/5 
f 1186/1/5 1185/1/5 1153/1/5 
f 1184/1/48 1187/1/48 1188/1/48 1185/1/48 
f 1187/1/40 1150/1/40 1152/1/40 1188/1/40 
f 1189/1/49 1190/1/49 1191/1/49 1192/1/49 
f 3/1/2 4/1/2 11/1/2 10/1/2 
f 1193/1/41 1194/1/41 1195/1/41 1196/1/41 
f 1197/1/3 1198/1/3 1199/1/3 1200/1/3 
f 1189/1/2 1192/1/2 1201/1/2 1202/1/2 
f 1190/1/1 1202/1/1 1201/1/1 1191/1/1 
f 1199/1/50 1203/1/50 1204/1/50 1200/1/50 
f 1205/1/51 1193/1/51 1196/1/51 1206/1/51 
f 1195/1/3 1194/1/3 1205/1/3 1206/1/3 
f 1203/1/41 1198/1/41 1197/1/41 1204/1/41 
f 1207/1/2 1208/1/2 1209/1/2 1210/1/2 
f 1211/1/1 1210/1/1 1209/1/1 1212/1/1 
f 1213/1/1 1214/1/1 1215/1/1 1216/1/1 
f 1217/1/1 1218/1/1 1219/1/1 1220/1/1 
f 1221/1/46 1222/1/46 1223/1/46 1224/1/46 
f 1223/1/1 1225/1/1 1226/1/1 1224/1/1 
f 1227/1/2 1228/1/2 1219/1/2 1218/1/2 
f 1228/1/47 1227/1/47 1217/1/47 1220/1/47 
f 1229/1/5 1230/1/5 1231/1/5 1232/1/5 
f 1232/1/5 1231/1/5 1233/1/5 
f 1230/1/48 1234/1/48 1235/1/48 1231/1/48 
f 1234/1/40 1236/1/40 1237/1/40 1235/1/40 
f 1235/1/40 1237/1/40 1238/1/40 
f 1239/1/49 1240/1/49 1241/1/49 1242/1/49 
f 1243/1/41 1244/1/41 1245/1/41 1246/1/41 
f 1247/1/3 1248/1/3 1249/1/3 1250/1/3 
f 1239/1/2 1242/1/2 1251/1/2 1252/1/2 
f 1240/1/1 1252/1/1 1251/1/1 1241/1/1 
f 1249/1/50 1253/1/50 1254/1/50 1250/1/50 
f 1255/1/51 1243/1/51 1246/1/51 1256/1/51 
f 1245/1/3 1244/1/3 1255/1/3 1256/1/3 
f 1253/1/41 1248/1/41 1247/1/41 1254/1/41 
f 1257/1/2 1258/1/2 1259/1/2 1260/1/2 
f 1261/1/1 1260/1/1 1259/1/1 1262/1/1 
f 1258/1/52 1257/1/52 1261/1/52 1262/1/52 
f 770/1/1 1263/1/1 1264/1/1 771/1/1 
f 1265/1/3 1266/1/3 1267/1/3 1268/1/3 
f 1269/1/53 1270/1/53 1268/1/53 1267/1/53 
f 1269/1/41 1266/1/41 1265/1/41 1270/1/41 
f 1271/1/43 1272/1/43 1273/1/43 1274/1/43 
f 1271/1/33 1275/1/33 1276/1/33 1272/1/33 
f 1276/1/3 1275/1/3 1274/1/3 1273/1/3 
f 1277/1/41 1278/1/41 1279/1/41 1280/1/41 
f 1281/1/3 1282/1/3 1283/1/3 1284/1/3 
f 1285/1/54 1286/1/54 1284/1/54 1283/1/54 
f 1285/1/41 1282/1/41 1281/1/41 1286/1/41 
f 1287/1/41 1288/1/41 1289/1/41 1290/1/41 
f 1289/1/3 1288/1/3 1291/1/3 1292/1/3 
f 1287/1/55 1290/1/55 1292/1/55 1291/1/55 
f 1279/1/3 1278/1/3 1293/1/3 1294/1/3 
f 1277/1/56 1280/1/56 1294/1/56 1293/1/56 
f 1252/1/40 1295/1/40 1296/1/40 1239/1/40 
f 1237/1/40 1239/1/40 1296/1/40 1238/1/40 
f 714/1/5 845/1/5 1230/1/5 1229/1/5 
f 846/1/1 1234/1/1 1230/1/1 845/1/1 
f 1230/1/3 1234/1/3 1236/1/3 1229/1/3 
f 846/1/40 715/1/40 1236/1/40 1234/1/40 
f 1297/1/1 1298/1/1 1299/1/1 1300/1/1 
f 1301/1/2 1302/1/2 1299/1/2 1298/1/2 
f 1301/1/57 1297/1/57 1300/1/57 1302/1/57 
f 1303/1/58 1304/1/58 1305/1/58 1306/1/58 
f 1307/1/59 1308/1/59 1309/1/59 1310/1/59 
f 1309/1/1 1311/1/1 1312/1/1 1310/1/1 
f 1308/1/2 1307/1/2 1312/1/2 1311/1/2 
f 1305/1/1 1313/1/1 1314/1/1 1306/1/1 
f 1304/1/2 1303/1/2 1314/1/2 1313/1/2 
f 1315/1/60 1316/1/60 1317/1/60 1318/1/60 
f 1315/1/41 1319/1/41 1320/1/41 1316/1/41 
f 1320/1/3 1319/1/3 1318/1/3 1317/1/3 
f 1321/1/1 1322/1/1 1323/1/1 1324/1/1 
f 1325/1/2 1326/1/2 1323/1/2 1322/1/2 
f 1326/1/61 1325/1/61 1321/1/61 1324/1/61 
f 1327/1/2 1328/1/2 1329/1/2 1330/1/2 
f 1328/1/62 1327/1/62 1331/1/62 1332/1/62 
f 1331/1/1 1330/1/1 1329/1/1 1332/1/1 
f 1333/1/2 1334/1/2 1335/1/2 1336/1/2 
f 1334/1/63 1333/1/63 1337/1/63 1338/1/63 
f 1337/1/1 1336/1/1 1335/1/1 1338/1/1 
f 1339/1/41 1340/1/41 1341/1/41 1342/1/41 
f 1341/1/3 1340/1/3 1343/1/3 1344/1/3 
f 1339/1/64 1342/1/64 1344/1/64 1343/1/64 
f 1345/1/65 1346/1/65 1347/1/65 1348/1/65 
f 1347/1/1 1349/1/1 1350/1/1 1348/1/1 
f 1346/1/2 1345/1/2 1350/1/2 1349/1/2 
f 1351/1/2 1352/1/2 1353/1/2 1354/1/2 
f 1352/1/66 1351/1/66 1355/1/66 1356/1/66 
f 1355/1/1 1354/1/1 1353/1/1 1356/1/1 
f 1236/1/48 1237/1/48 1238/1/48 1233/1/48 
f 1229/1/48 1236/1/48 1233/1/48 1232/1/48 
f 1357/1/3 1358/1/3 1359/1/3 1360/1/3 
f 1361/1/41 1362/1/41 1363/1/41 1364/1/41 
f 1361/1/67 1364/1/67 1365/1/67 1366/1/67 
f 1363/1/3 1362/1/3 1366/1/3 1365/1/3 
f 1367/1/3 1368/1/3 1369/1/3 1370/1/3 
f 717/1/5 714/1/5 1229/1/5 1276/1/5 
f 1272/1/5 1276/1/5 1229/1/5 1371/1/5 
f 1372/1/5 1371/1/5 1229/1/5 1284/1/5 
f 1372/1/5 1284/1/5 1216/1/5 1373/1/5 
f 1374/1/5 1372/1/5 1373/1/5 719/1/5 
f 1273/1/5 1374/1/5 719/1/5 1276/1/5 
f 717/1/5 1276/1/5 719/1/5 
f 1374/1/5 1273/1/5 1272/1/5 1371/1/5 
f 1373/1/5 1216/1/5 1215/1/5 1224/1/5 
f 1292/1/5 1224/1/5 1215/1/5 1289/1/5 
f 1289/1/5 1215/1/5 1375/1/5 1286/1/5 
f 1232/1/5 1289/1/5 1286/1/5 1281/1/5 
f 1229/1/5 1232/1/5 1281/1/5 1284/1/5 
f 1290/1/5 1289/1/5 1232/1/5 1279/1/5 
f 1280/1/5 1279/1/5 1232/1/5 1376/1/5 
f 1377/1/5 1376/1/5 1232/1/5 1378/1/5 
f 1379/1/5 1378/1/5 1232/1/5 1265/1/5 
f 1270/1/5 1265/1/5 1232/1/5 1380/1/5 
f 1381/1/5 1380/1/5 1232/1/5 1367/1/5 
f 1382/1/5 1367/1/5 1232/1/5 1383/1/5 
f 1384/1/5 1383/1/5 1232/1/5 1341/1/5 
f 1342/1/5 1341/1/5 1232/1/5 1385/1/5 
f 1386/1/5 1385/1/5 1232/1/5 1320/1/5 
f 1316/1/5 1320/1/5 1232/1/5 1357/1/5 
f 1387/1/5 1357/1/5 1232/1/5 1363/1/5 
f 1364/1/5 1363/1/5 1232/1/5 1247/1/5 
f 1254/1/5 1247/1/5 1232/1/5 1245/1/5 
f 1246/1/5 1245/1/5 1232/1/5 1242/1/5 
f 1246/1/5 1242/1/5 1241/1/5 1256/1/5 
f 1299/1/5 1256/1/5 1241/1/5 1373/1/5 
f 1300/1/5 1299/1/5 1373/1/5 1312/1/5 
f 1310/1/5 1312/1/5 1373/1/5 1314/1/5 
f 1306/1/5 1314/1/5 1373/1/5 1388/1/5 
f 1389/1/5 1388/1/5 1373/1/5 1323/1/5 
f 1324/1/5 1323/1/5 1373/1/5 1329/1/5 
f 1332/1/5 1329/1/5 1373/1/5 1335/1/5 
f 1338/1/5 1335/1/5 1373/1/5 1390/1/5 
f 1391/1/5 1390/1/5 1373/1/5 1350/1/5 
f 1348/1/5 1350/1/5 1373/1/5 1353/1/5 
f 1356/1/5 1353/1/5 1373/1/5 1259/1/5 
f 1262/1/5 1259/1/5 1373/1/5 1392/1/5 
f 1393/1/5 1392/1/5 1373/1/5 1219/1/5 
f 1220/1/5 1219/1/5 1373/1/5 1226/1/5 
f 1373/1/5 1224/1/5 1226/1/5 
f 1294/1/5 1220/1/5 1226/1/5 1279/1/5 
f 1279/1/5 1226/1/5 1221/1/5 1290/1/5 
f 1290/1/5 1221/1/5 1224/1/5 1292/1/5 
f 1220/1/5 1294/1/5 1280/1/5 1228/1/5 
f 1228/1/5 1280/1/5 1376/1/5 1219/1/5 
f 1219/1/5 1376/1/5 1394/1/5 1393/1/5 
f 1393/1/5 1394/1/5 1377/1/5 1395/1/5 
f 1395/1/5 1377/1/5 1378/1/5 1392/1/5 
f 1392/1/5 1378/1/5 1396/1/5 1262/1/5 
f 1262/1/5 1396/1/5 1379/1/5 1258/1/5 
f 1258/1/5 1379/1/5 1265/1/5 1259/1/5 
f 1259/1/5 1265/1/5 1268/1/5 1356/1/5 
f 1356/1/5 1268/1/5 1270/1/5 1352/1/5 
f 1352/1/5 1270/1/5 1380/1/5 1353/1/5 
f 1353/1/5 1380/1/5 1397/1/5 1348/1/5 
f 1348/1/5 1397/1/5 1381/1/5 1345/1/5 
f 1345/1/5 1381/1/5 1367/1/5 1350/1/5 
f 1350/1/5 1367/1/5 1370/1/5 1391/1/5 
f 1391/1/5 1370/1/5 1382/1/5 1398/1/5 
f 1398/1/5 1382/1/5 1383/1/5 1390/1/5 
f 1390/1/5 1383/1/5 1399/1/5 1338/1/5 
f 1338/1/5 1399/1/5 1384/1/5 1334/1/5 
f 1334/1/5 1384/1/5 1341/1/5 1335/1/5 
f 1335/1/5 1341/1/5 1344/1/5 1332/1/5 
f 1332/1/5 1344/1/5 1342/1/5 1328/1/5 
f 1328/1/5 1342/1/5 1385/1/5 1329/1/5 
f 1329/1/5 1385/1/5 1400/1/5 1324/1/5 
f 1324/1/5 1400/1/5 1386/1/5 1326/1/5 
f 1326/1/5 1386/1/5 1320/1/5 1323/1/5 
f 1323/1/5 1320/1/5 1317/1/5 1389/1/5 
f 1389/1/5 1317/1/5 1316/1/5 1401/1/5 
f 1401/1/5 1316/1/5 1357/1/5 1388/1/5 
f 1388/1/5 1357/1/5 1360/1/5 1306/1/5 
f 1306/1/5 1360/1/5 1387/1/5 1303/1/5 
f 1303/1/5 1387/1/5 1363/1/5 1314/1/5 
f 1314/1/5 1363/1/5 1365/1/5 1310/1/5 
f 1310/1/5 1365/1/5 1364/1/5 1307/1/5 
f 1307/1/5 1364/1/5 1247/1/5 1312/1/5 
f 1312/1/5 1247/1/5 1250/1/5 1300/1/5 
f 1300/1/5 1250/1/5 1254/1/5 1302/1/5 
f 1302/1/5 1254/1/5 1245/1/5 1299/1/5 
f 1256/1/5 1299/1/5 1245/1/5 
f 1373/1/5 1241/1/5 1251/1/5 
f 1286/1/5 1375/1/5 1216/1/5 1284/1/5 
f 1242/1/5 1232/1/5 1233/1/5 1402/1/40 
f 1402/1/40 1242/1/40 1251/1/40 1373/1/5 
f 1251/1/5 1242/1/5 1233/1/5 1402/1/5 
f 1403/1/68 1381/1/68 1397/1/68 1404/1/68 
f 1405/1/69 1382/1/69 1370/1/69 1369/1/69 
f 1406/1/70 1384/1/70 1399/1/70 1407/1/70 
f 1405/1/41 1368/1/41 1367/1/41 1382/1/41 
f 1406/1/41 1408/1/41 1383/1/41 1384/1/41 
f 1409/1/2 1398/1/2 1390/1/2 1410/1/2 
f 1398/1/71 1409/1/71 1411/1/71 1391/1/71 
f 1383/1/3 1408/1/3 1407/1/3 1399/1/3 
f 1412/1/41 1413/1/41 1385/1/41 1386/1/41 
f 1385/1/3 1413/1/3 1414/1/3 1400/1/3 
f 1411/1/1 1410/1/1 1390/1/1 1391/1/1 
f 1401/1/72 1415/1/72 1416/1/72 1389/1/72 
f 1416/1/1 1417/1/1 1388/1/1 1389/1/1 
f 1412/1/73 1386/1/73 1400/1/73 1414/1/73 
f 1418/1/74 1387/1/74 1360/1/74 1359/1/74 
f 1415/1/2 1401/1/2 1388/1/2 1417/1/2 
f 1418/1/41 1358/1/41 1357/1/41 1387/1/41 
f 1380/1/3 1419/1/3 1404/1/3 1397/1/3 
f 1395/1/44 1420/1/44 1421/1/44 1393/1/44 
f 1403/1/41 1419/1/41 1380/1/41 1381/1/41 
f 1420/1/2 1395/1/2 1392/1/2 1422/1/2 
f 1421/1/1 1422/1/1 1392/1/1 1393/1/1 
f 1378/1/3 1423/1/3 1424/1/3 1396/1/3 
f 1425/1/41 1423/1/41 1378/1/41 1379/1/41 
f 1425/1/42 1379/1/42 1396/1/42 1424/1/42 
f 718/1/33 719/1/33 1373/1/33 1402/1/33 
f 1295/1/33 718/1/33 1402/1/33 1296/1/33 
f 715/1/1 1236/1/1 1229/1/1 714/1/1 
f 1233/1/3 1238/1/3 1296/1/3 1402/1/3 
f 1376/1/3 1426/1/3 1427/1/3 1394/1/3 
f 1428/1/1 1429/1/1 1372/1/1 1374/1/1 
f 1430/1/43 1377/1/43 1394/1/43 1427/1/43 
f 1430/1/41 1426/1/41 1376/1/41 1377/1/41 
f 1431/1/2 1375/1/2 1215/1/2 1214/1/2 
f 1432/1/2 1371/1/2 1372/1/2 1429/1/2 
f 1371/1/44 1432/1/44 1428/1/44 1374/1/44 
f 1222/1/2 1221/1/2 1226/1/2 1225/1/2 
f 1375/1/45 1431/1/45 1213/1/45 1216/1/45 
f 1208/1/52 1207/1/52 1211/1/52 1212/1/52 
f 219/1/1 1433/1/1 1434/1/1 220/1/1 
f 1435/1/3 1436/1/3 1437/1/3 1438/1/3 
f 1439/1/53 1440/1/53 1438/1/53 1437/1/53 
f 1439/1/41 1436/1/41 1435/1/41 1440/1/41 
f 1441/1/43 1442/1/43 1443/1/43 1444/1/43 
f 1441/1/33 1445/1/33 1446/1/33 1442/1/33 
f 1446/1/3 1445/1/3 1444/1/3 1443/1/3 
f 1447/1/41 1448/1/41 1449/1/41 1450/1/41 
f 1451/1/3 1452/1/3 1453/1/3 1454/1/3 
f 1455/1/54 1456/1/54 1454/1/54 1453/1/54 
f 1455/1/41 1452/1/41 1451/1/41 1456/1/41 
f 1457/1/41 1458/1/41 1459/1/41 1460/1/41 
f 1459/1/3 1458/1/3 1461/1/3 1462/1/3 
f 1457/1/55 1460/1/55 1462/1/55 1461/1/55 
f 1449/1/3 1448/1/3 1463/1/3 1464/1/3 
f 1447/1/56 1450/1/56 1464/1/56 1463/1/56 
f 10/1/2 12/1/2 220/1/2 219/1/2 
f 10/1/40 219/1/40 1433/1/40 1149/1/40 
f 1447/1/40 1463/1/40 1176/1/40 1182/1/40 
f 1447/1/40 1182/1/40 1155/1/40 1152/1/40 
f 1448/1/40 1447/1/40 1152/1/40 1457/1/40 
f 1458/1/40 1457/1/40 1152/1/40 1455/1/40 
f 1452/1/40 1455/1/40 1152/1/40 1150/1/40 
f 1453/1/40 1452/1/40 1150/1/40 1168/1/40 
f 1453/1/40 1168/1/40 1159/1/40 1174/1/40 
f 1149/1/40 1174/1/40 1159/1/40 1158/1/40 
f 10/1/40 1149/1/40 1158/1/40 1444/1/40 
f 3/1/40 10/1/40 1444/1/40 1445/1/40 
f 1150/1/40 3/1/40 1445/1/40 1441/1/40 
f 1168/1/40 1150/1/40 1441/1/40 1158/1/40 
f 1158/1/40 1441/1/40 1444/1/40 
f 1167/1/40 1174/1/40 1149/1/40 1180/1/40 
f 1173/1/40 1180/1/40 1149/1/40 1176/1/40 
f 1177/1/40 1176/1/40 1149/1/40 1465/1/40 
f 1466/1/40 1465/1/40 1149/1/40 1211/1/40 
f 1210/1/40 1211/1/40 1149/1/40 1467/1/40 
f 1468/1/40 1467/1/40 1149/1/40 1469/1/40 
f 1470/1/40 1469/1/40 1149/1/40 1471/1/40 
f 1472/1/40 1471/1/40 1149/1/40 1473/1/40 
f 1474/1/40 1473/1/40 1149/1/40 1475/1/40 
f 1476/1/40 1475/1/40 1149/1/40 1477/1/40 
f 1478/1/40 1477/1/40 1149/1/40 1479/1/40 
f 1480/1/40 1479/1/40 1149/1/40 1481/1/40 
f 1482/1/40 1481/1/40 1149/1/40 1483/1/40 
f 1484/1/40 1483/1/40 1149/1/40 1485/1/40 
f 1486/1/40 1485/1/40 1149/1/40 1190/1/40 
f 1202/1/40 1190/1/40 1149/1/40 1189/1/40 
f 1189/1/40 1149/1/40 1152/1/40 1193/1/40 
f 1194/1/40 1193/1/40 1152/1/40 1203/1/40 
f 1198/1/40 1203/1/40 1152/1/40 1487/1/40 
f 1488/1/40 1487/1/40 1152/1/40 1489/1/40 
f 1490/1/40 1489/1/40 1152/1/40 1491/1/40 
f 1492/1/40 1491/1/40 1152/1/40 1493/1/40 
f 1494/1/40 1493/1/40 1152/1/40 1495/1/40 
f 1496/1/40 1495/1/40 1152/1/40 1497/1/40 
f 1498/1/40 1497/1/40 1152/1/40 1499/1/40 
f 1500/1/40 1499/1/40 1152/1/40 1501/1/40 
f 1502/1/40 1501/1/40 1152/1/40 1439/1/40 
f 1436/1/40 1439/1/40 1152/1/40 1145/1/40 
f 1142/1/40 1145/1/40 1152/1/40 1162/1/40 
f 1152/1/40 1155/1/40 1162/1/40 
f 1503/1/40 1142/1/40 1162/1/40 1465/1/40 
f 1465/1/40 1162/1/40 1156/1/40 1177/1/40 
f 1182/1/40 1177/1/40 1156/1/40 1155/1/40 
f 1143/1/40 1142/1/40 1503/1/40 1466/1/40 
f 1143/1/40 1466/1/40 1211/1/40 1145/1/40 
f 1145/1/40 1211/1/40 1207/1/40 1436/1/40 
f 1437/1/40 1436/1/40 1207/1/40 1210/1/40 
f 1437/1/40 1210/1/40 1467/1/40 1439/1/40 
f 1439/1/40 1467/1/40 1504/1/40 1502/1/40 
f 1505/1/40 1502/1/40 1504/1/40 1468/1/40 
f 1505/1/40 1468/1/40 1469/1/40 1501/1/40 
f 1501/1/40 1469/1/40 1506/1/40 1500/1/40 
f 1507/1/40 1500/1/40 1506/1/40 1470/1/40 
f 1507/1/40 1470/1/40 1471/1/40 1499/1/40 
f 1499/1/40 1471/1/40 1508/1/40 1498/1/40 
f 1509/1/40 1498/1/40 1508/1/40 1472/1/40 
f 1509/1/40 1472/1/40 1473/1/40 1497/1/40 
f 1497/1/40 1473/1/40 1510/1/40 1496/1/40 
f 1511/1/40 1496/1/40 1510/1/40 1474/1/40 
f 1511/1/40 1474/1/40 1475/1/40 1495/1/40 
f 1495/1/40 1475/1/40 1512/1/40 1494/1/40 
f 1513/1/40 1494/1/40 1512/1/40 1476/1/40 
f 1513/1/40 1476/1/40 1477/1/40 1493/1/40 
f 1493/1/40 1477/1/40 1514/1/40 1492/1/40 
f 1515/1/40 1492/1/40 1514/1/40 1478/1/40 
f 1515/1/40 1478/1/40 1479/1/40 1491/1/40 
f 1491/1/40 1479/1/40 1516/1/40 1490/1/40 
f 1517/1/40 1490/1/40 1516/1/40 1480/1/40 
f 1517/1/40 1480/1/40 1481/1/40 1489/1/40 
f 1489/1/40 1481/1/40 1518/1/40 1488/1/40 
f 1519/1/40 1488/1/40 1518/1/40 1482/1/40 
f 1519/1/40 1482/1/40 1483/1/40 1487/1/40 
f 1487/1/40 1483/1/40 1520/1/40 1198/1/40 
f 1199/1/40 1198/1/40 1520/1/40 1484/1/40 
f 1199/1/40 1484/1/40 1485/1/40 1203/1/40 
f 1203/1/40 1485/1/40 1521/1/40 1194/1/40 
f 1205/1/40 1194/1/40 1521/1/40 1486/1/40 
f 1205/1/40 1486/1/40 1190/1/40 1193/1/40 
f 1193/1/40 1190/1/40 1189/1/40 
f 1173/1/40 1176/1/40 1463/1/40 1170/1/40 
f 1170/1/40 1463/1/40 1448/1/40 1457/1/40 
f 1180/1/40 1170/1/40 1457/1/40 1461/1/40 
f 1167/1/40 1180/1/40 1461/1/40 1164/1/40 
f 1164/1/40 1461/1/40 1458/1/40 1455/1/40 
f 1174/1/40 1164/1/40 1455/1/40 1453/1/40 
f 4/1/5 224/1/5 1184/1/5 1151/1/5 
f 223/1/1 1187/1/1 1184/1/1 224/1/1 
f 1184/1/3 1187/1/3 1150/1/3 1151/1/3 
f 223/1/40 3/1/40 1150/1/40 1187/1/40 
f 223/1/2 224/1/2 4/1/2 3/1/2 
f 1485/1/1 1486/1/1 1522/1/1 1523/1/1 
f 1521/1/2 1524/1/2 1522/1/2 1486/1/2 
f 1521/1/57 1485/1/57 1523/1/57 1524/1/57 
f 1525/1/58 1518/1/58 1481/1/58 1526/1/58 
f 1527/1/59 1520/1/59 1483/1/59 1528/1/59 
f 1483/1/1 1484/1/1 1529/1/1 1528/1/1 
f 1520/1/2 1527/1/2 1529/1/2 1484/1/2 
f 1481/1/1 1482/1/1 1530/1/1 1526/1/1 
f 1518/1/2 1525/1/2 1530/1/2 1482/1/2 
f 1491/1/60 1531/1/60 1532/1/60 1515/1/60 
f 1491/1/41 1492/1/41 1533/1/41 1531/1/41 
f 1533/1/3 1492/1/3 1515/1/3 1532/1/3 
f 1477/1/1 1478/1/1 1534/1/1 1535/1/1 
f 1514/1/2 1536/1/2 1534/1/2 1478/1/2 
f 1536/1/61 1514/1/61 1477/1/61 1535/1/61 
f 1512/1/2 1537/1/2 1538/1/2 1476/1/2 
f 1537/1/62 1512/1/62 1475/1/62 1539/1/62 
f 1475/1/1 1476/1/1 1538/1/1 1539/1/1 
f 1510/1/2 1540/1/2 1541/1/2 1474/1/2 
f 1540/1/63 1510/1/63 1473/1/63 1542/1/63 
f 1473/1/1 1474/1/1 1541/1/1 1542/1/1 
f 1495/1/41 1496/1/41 1543/1/41 1544/1/41 
f 1543/1/3 1496/1/3 1511/1/3 1545/1/3 
f 1495/1/64 1544/1/64 1545/1/64 1511/1/64 
f 1546/1/65 1506/1/65 1469/1/65 1547/1/65 
f 1469/1/1 1470/1/1 1548/1/1 1547/1/1 
f 1506/1/2 1546/1/2 1548/1/2 1470/1/2 
f 1504/1/2 1549/1/2 1550/1/2 1468/1/2 
f 1549/1/66 1504/1/66 1467/1/66 1551/1/66 
f 1467/1/1 1468/1/1 1550/1/1 1551/1/1 
f 1150/1/48 1152/1/48 1153/1/48 1151/1/48 
f 1151/1/48 1153/1/48 1186/1/48 
f 1552/1/3 1490/1/3 1517/1/3 1553/1/3 
f 1487/1/41 1488/1/41 1554/1/41 1555/1/41 
f 1487/1/67 1555/1/67 1556/1/67 1519/1/67 
f 1554/1/3 1488/1/3 1519/1/3 1556/1/3 
f 1557/1/3 1500/1/3 1507/1/3 1558/1/3 
f 11/1/5 4/1/5 1151/1/5 1446/1/5 
f 1442/1/5 1446/1/5 1151/1/5 1169/1/5 
f 1160/1/5 1169/1/5 1151/1/5 1454/1/5 
f 1160/1/5 1454/1/5 1175/1/5 1147/1/5 
f 1161/1/5 1160/1/5 1147/1/5 12/1/5 
f 1443/1/5 1161/1/5 12/1/5 1446/1/5 
f 11/1/5 1446/1/5 12/1/5 
f 1161/1/5 1443/1/5 1442/1/5 1169/1/5 
f 1147/1/5 1175/1/5 1166/1/5 1181/1/5 
f 1462/1/5 1181/1/5 1166/1/5 1459/1/5 
f 1459/1/5 1166/1/5 1165/1/5 1456/1/5 
f 1186/1/5 1459/1/5 1456/1/5 1451/1/5 
f 1151/1/5 1186/1/5 1451/1/5 1454/1/5 
f 1460/1/5 1459/1/5 1186/1/5 1449/1/5 
f 1450/1/5 1449/1/5 1186/1/5 1154/1/5 
f 1163/1/5 1154/1/5 1186/1/5 1141/1/5 
f 1146/1/5 1141/1/5 1186/1/5 1435/1/5 
f 1440/1/5 1435/1/5 1186/1/5 1559/1/5 
f 1560/1/5 1559/1/5 1186/1/5 1557/1/5 
f 1561/1/5 1557/1/5 1186/1/5 1562/1/5 
f 1563/1/5 1562/1/5 1186/1/5 1543/1/5 
f 1544/1/5 1543/1/5 1186/1/5 1564/1/5 
f 1565/1/5 1564/1/5 1186/1/5 1533/1/5 
f 1531/1/5 1533/1/5 1186/1/5 1552/1/5 
f 1566/1/5 1552/1/5 1186/1/5 1554/1/5 
f 1555/1/5 1554/1/5 1186/1/5 1197/1/5 
f 1204/1/5 1197/1/5 1186/1/5 1195/1/5 
f 1196/1/5 1195/1/5 1186/1/5 1192/1/5 
f 1196/1/5 1192/1/5 1191/1/5 1206/1/5 
f 1522/1/5 1206/1/5 1191/1/5 1147/1/5 
f 1523/1/5 1522/1/5 1147/1/5 1529/1/5 
f 1528/1/5 1529/1/5 1147/1/5 1530/1/5 
f 1526/1/5 1530/1/5 1147/1/5 1567/1/5 
f 1568/1/5 1567/1/5 1147/1/5 1534/1/5 
f 1535/1/5 1534/1/5 1147/1/5 1538/1/5 
f 1539/1/5 1538/1/5 1147/1/5 1541/1/5 
f 1542/1/5 1541/1/5 1147/1/5 1569/1/5 
f 1570/1/5 1569/1/5 1147/1/5 1548/1/5 
f 1547/1/5 1548/1/5 1147/1/5 1550/1/5 
f 1551/1/5 1550/1/5 1147/1/5 1209/1/5 
f 1212/1/5 1209/1/5 1147/1/5 1571/1/5 
f 1572/1/5 1571/1/5 1147/1/5 1178/1/5 
f 1179/1/5 1178/1/5 1147/1/5 1172/1/5 
f 1147/1/5 1181/1/5 1172/1/5 
f 1464/1/5 1179/1/5 1172/1/5 1449/1/5 
f 1449/1/5 1172/1/5 1171/1/5 1460/1/5 
f 1460/1/5 1171/1/5 1181/1/5 1462/1/5 
f 1179/1/5 1464/1/5 1450/1/5 1183/1/5 
f 1183/1/5 1450/1/5 1154/1/5 1178/1/5 
f 1178/1/5 1154/1/5 1157/1/5 1572/1/5 
f 1572/1/5 1157/1/5 1163/1/5 1573/1/5 
f 1573/1/5 1163/1/5 1141/1/5 1571/1/5 
f 1571/1/5 1141/1/5 1144/1/5 1212/1/5 
f 1212/1/5 1144/1/5 1146/1/5 1208/1/5 
f 1208/1/5 1146/1/5 1435/1/5 1209/1/5 
f 1209/1/5 1435/1/5 1438/1/5 1551/1/5 
f 1551/1/5 1438/1/5 1440/1/5 1549/1/5 
f 1549/1/5 1440/1/5 1559/1/5 1550/1/5 
f 1550/1/5 1559/1/5 1574/1/5 1547/1/5 
f 1547/1/5 1574/1/5 1560/1/5 1546/1/5 
f 1546/1/5 1560/1/5 1557/1/5 1548/1/5 
f 1548/1/5 1557/1/5 1558/1/5 1570/1/5 
f 1570/1/5 1558/1/5 1561/1/5 1575/1/5 
f 1575/1/5 1561/1/5 1562/1/5 1569/1/5 
f 1569/1/5 1562/1/5 1576/1/5 1542/1/5 
f 1542/1/5 1576/1/5 1563/1/5 1540/1/5 
f 1540/1/5 1563/1/5 1543/1/5 1541/1/5 
f 1541/1/5 1543/1/5 1545/1/5 1539/1/5 
f 1539/1/5 1545/1/5 1544/1/5 1537/1/5 
f 1537/1/5 1544/1/5 1564/1/5 1538/1/5 
f 1538/1/5 1564/1/5 1577/1/5 1535/1/5 
f 1535/1/5 1577/1/5 1565/1/5 1536/1/5 
f 1536/1/5 1565/1/5 1533/1/5 1534/1/5 
f 1534/1/5 1533/1/5 1532/1/5 1568/1/5 
f 1568/1/5 1532/1/5 1531/1/5 1578/1/5 
f 1578/1/5 1531/1/5 1552/1/5 1567/1/5 
f 1567/1/5 1552/1/5 1553/1/5 1526/1/5 
f 1526/1/5 1553/1/5 1566/1/5 1525/1/5 
f 1525/1/5 1566/1/5 1554/1/5 1530/1/5 
f 1530/1/5 1554/1/5 1556/1/5 1528/1/5 
f 1528/1/5 1556/1/5 1555/1/5 1527/1/5 
f 1527/1/5 1555/1/5 1197/1/5 1529/1/5 
f 1529/1/5 1197/1/5 1200/1/5 1523/1/5 
f 1523/1/5 1200/1/5 1204/1/5 1524/1/5 
f 1524/1/5 1204/1/5 1195/1/5 1522/1/5 
f 1206/1/5 1522/1/5 1195/1/5 
f 1147/1/5 1191/1/5 1201/1/5 1153/1/5 
f 1153/1/5 1201/1/5 1192/1/5 1186/1/5 
f 1147/1/5 1153/1/5 1148/1/5 
f 1456/1/5 1165/1/5 1175/1/5 1454/1/5 
f 1501/1/68 1560/1/68 1574/1/68 1505/1/68 
f 1499/1/69 1561/1/69 1558/1/69 1507/1/69 
f 1497/1/70 1563/1/70 1576/1/70 1509/1/70 
f 1499/1/41 1500/1/41 1557/1/41 1561/1/41 
f 1497/1/41 1498/1/41 1562/1/41 1563/1/41 
f 1508/1/2 1575/1/2 1569/1/2 1472/1/2 
f 1575/1/71 1508/1/71 1471/1/71 1570/1/71 
f 1562/1/3 1498/1/3 1509/1/3 1576/1/3 
f 1493/1/41 1494/1/41 1564/1/41 1565/1/41 
f 1564/1/3 1494/1/3 1513/1/3 1577/1/3 
f 1471/1/1 1472/1/1 1569/1/1 1570/1/1 
f 1578/1/72 1516/1/72 1479/1/72 1568/1/72 
f 1479/1/1 1480/1/1 1567/1/1 1568/1/1 
f 1493/1/73 1565/1/73 1577/1/73 1513/1/73 
f 1489/1/74 1566/1/74 1553/1/74 1517/1/74 
f 1516/1/2 1578/1/2 1567/1/2 1480/1/2 
f 1489/1/41 1490/1/41 1552/1/41 1566/1/41 
f 1559/1/3 1502/1/3 1505/1/3 1574/1/3 
f 1573/1/44 1503/1/44 1465/1/44 1572/1/44 
f 1501/1/41 1502/1/41 1559/1/41 1560/1/41 
f 1503/1/2 1573/1/2 1571/1/2 1466/1/2 
f 1465/1/1 1466/1/1 1571/1/1 1572/1/1 
f 1579/1/1 1580/1/1 1581/1/1 1582/1/1 
f 1583/1/1 1584/1/1 1585/1/1 1586/1/1 
f 1587/1/46 1588/1/46 1589/1/46 1590/1/46 
f 1589/1/1 1591/1/1 1592/1/1 1590/1/1 
f 1593/1/2 1594/1/2 1585/1/2 1584/1/2 
f 1594/1/47 1593/1/47 1583/1/47 1586/1/47 
f 1595/1/5 1596/1/5 1597/1/5 1598/1/5 
f 1598/1/5 1597/1/5 1599/1/5 
f 1596/1/48 1600/1/48 1601/1/48 1597/1/48 
f 1600/1/40 1602/1/40 1603/1/40 1601/1/40 
f 1601/1/40 1603/1/40 1604/1/40 
f 1605/1/49 1606/1/49 1607/1/49 1608/1/49 
f 1609/1/41 1610/1/41 1611/1/41 1612/1/41 
f 1613/1/3 1614/1/3 1615/1/3 1616/1/3 
f 1605/1/2 1608/1/2 1617/1/2 1618/1/2 
f 1606/1/1 1618/1/1 1617/1/1 1607/1/1 
f 1615/1/50 1619/1/50 1620/1/50 1616/1/50 
f 1621/1/51 1609/1/51 1612/1/51 1622/1/51 
f 1611/1/3 1610/1/3 1621/1/3 1622/1/3 
f 1619/1/41 1614/1/41 1613/1/41 1620/1/41 
f 1623/1/2 1624/1/2 1625/1/2 1626/1/2 
f 1627/1/1 1626/1/1 1625/1/1 1628/1/1 
f 1624/1/52 1623/1/52 1627/1/52 1628/1/52 
f 543/1/1 1629/1/1 1630/1/1 544/1/1 
f 1631/1/3 1632/1/3 1633/1/3 1634/1/3 
f 1635/1/53 1636/1/53 1634/1/53 1633/1/53 
f 1635/1/41 1632/1/41 1631/1/41 1636/1/41 
f 1637/1/43 1638/1/43 1639/1/43 1640/1/43 
f 1637/1/33 1641/1/33 1642/1/33 1638/1/33 
f 1642/1/3 1641/1/3 1640/1/3 1639/1/3 
f 1643/1/41 1644/1/41 1645/1/41 1646/1/41 
f 1647/1/3 1648/1/3 1649/1/3 1650/1/3 
f 1651/1/54 1652/1/54 1650/1/54 1649/1/54 
f 1651/1/41 1648/1/41 1647/1/41 1652/1/41 
f 1653/1/41 1654/1/41 1655/1/41 1656/1/41 
f 1655/1/3 1654/1/3 1657/1/3 1658/1/3 
f 1653/1/55 1656/1/55 1658/1/55 1657/1/55 
f 1645/1/3 1644/1/3 1659/1/3 1660/1/3 
f 1643/1/56 1646/1/56 1660/1/56 1659/1/56 
f 1661/1/2 1662/1/2 1630/1/2 1629/1/2 
f 1618/1/40 1663/1/40 1661/1/40 1605/1/40 
f 1603/1/40 1605/1/40 1661/1/40 1604/1/40 
f 487/1/5 614/1/5 1596/1/5 1595/1/5 
f 615/1/1 1600/1/1 1596/1/1 614/1/1 
f 1596/1/3 1600/1/3 1602/1/3 1595/1/3 
f 615/1/40 488/1/40 1602/1/40 1600/1/40 
f 1664/1/1 1665/1/1 1666/1/1 1667/1/1 
f 1668/1/2 1669/1/2 1666/1/2 1665/1/2 
f 1668/1/57 1664/1/57 1667/1/57 1669/1/57 
f 1670/1/58 1671/1/58 1672/1/58 1673/1/58 
f 1674/1/59 1675/1/59 1676/1/59 1677/1/59 
f 1676/1/1 1678/1/1 1679/1/1 1677/1/1 
f 1675/1/2 1674/1/2 1679/1/2 1678/1/2 
f 1672/1/1 1680/1/1 1681/1/1 1673/1/1 
f 1671/1/2 1670/1/2 1681/1/2 1680/1/2 
f 1682/1/60 1683/1/60 1684/1/60 1685/1/60 
f 1682/1/41 1686/1/41 1687/1/41 1683/1/41 
f 1687/1/3 1686/1/3 1685/1/3 1684/1/3 
f 1688/1/1 1689/1/1 1690/1/1 1691/1/1 
f 1692/1/2 1693/1/2 1690/1/2 1689/1/2 
f 1693/1/61 1692/1/61 1688/1/61 1691/1/61 
f 1694/1/2 1695/1/2 1696/1/2 1697/1/2 
f 1695/1/62 1694/1/62 1698/1/62 1699/1/62 
f 1698/1/1 1697/1/1 1696/1/1 1699/1/1 
f 1700/1/2 1701/1/2 1702/1/2 1703/1/2 
f 1701/1/63 1700/1/63 1704/1/63 1705/1/63 
f 1704/1/1 1703/1/1 1702/1/1 1705/1/1 
f 1706/1/41 1707/1/41 1708/1/41 1709/1/41 
f 1708/1/3 1707/1/3 1710/1/3 1711/1/3 
f 1706/1/64 1709/1/64 1711/1/64 1710/1/64 
f 1712/1/65 1713/1/65 1714/1/65 1715/1/65 
f 1714/1/1 1716/1/1 1717/1/1 1715/1/1 
f 1713/1/2 1712/1/2 1717/1/2 1716/1/2 
f 1718/1/2 1719/1/2 1720/1/2 1721/1/2 
f 1719/1/66 1718/1/66 1722/1/66 1723/1/66 
f 1722/1/1 1721/1/1 1720/1/1 1723/1/1 
f 1602/1/48 1603/1/48 1604/1/48 1599/1/48 
f 1602/1/48 1599/1/48 1598/1/48 1595/1/48 
f 1724/1/3 1725/1/3 1726/1/3 1727/1/3 
f 1728/1/41 1729/1/41 1730/1/41 1731/1/41 
f 1728/1/67 1731/1/67 1732/1/67 1733/1/67 
f 1730/1/3 1729/1/3 1733/1/3 1732/1/3 
f 1734/1/3 1735/1/3 1736/1/3 1737/1/3 
f 490/1/5 487/1/5 1595/1/5 1642/1/5 
f 1638/1/5 1642/1/5 1595/1/5 1738/1/5 
f 1739/1/5 1738/1/5 1595/1/5 1650/1/5 
f 1739/1/5 1650/1/5 1582/1/5 1740/1/5 
f 1741/1/5 1739/1/5 1740/1/5 492/1/5 
f 1639/1/5 1741/1/5 492/1/5 1642/1/5 
f 490/1/5 1642/1/5 492/1/5 
f 1741/1/5 1639/1/5 1638/1/5 1738/1/5 
f 1740/1/5 1582/1/5 1581/1/5 1590/1/5 
f 1658/1/5 1590/1/5 1581/1/5 1655/1/5 
f 1655/1/5 1581/1/5 1742/1/5 1652/1/5 
f 1598/1/5 1655/1/5 1652/1/5 1647/1/5 
f 1595/1/5 1598/1/5 1647/1/5 1650/1/5 
f 1656/1/5 1655/1/5 1598/1/5 1645/1/5 
f 1646/1/5 1645/1/5 1598/1/5 1743/1/5 
f 1744/1/5 1743/1/5 1598/1/5 1745/1/5 
f 1746/1/5 1745/1/5 1598/1/5 1631/1/5 
f 1636/1/5 1631/1/5 1598/1/5 1747/1/5 
f 1748/1/5 1747/1/5 1598/1/5 1734/1/5 
f 1749/1/5 1734/1/5 1598/1/5 1750/1/5 
f 1751/1/5 1750/1/5 1598/1/5 1708/1/5 
f 1709/1/5 1708/1/5 1598/1/5 1752/1/5 
f 1753/1/5 1752/1/5 1598/1/5 1687/1/5 
f 1683/1/5 1687/1/5 1598/1/5 1724/1/5 
f 1754/1/5 1724/1/5 1598/1/5 1730/1/5 
f 1731/1/5 1730/1/5 1598/1/5 1613/1/5 
f 1620/1/5 1613/1/5 1598/1/5 1611/1/5 
f 1612/1/5 1611/1/5 1598/1/5 1608/1/5 
f 1612/1/5 1608/1/5 1607/1/5 1622/1/5 
f 1666/1/5 1622/1/5 1607/1/5 1740/1/5 
f 1667/1/5 1666/1/5 1740/1/5 1679/1/5 
f 1677/1/5 1679/1/5 1740/1/5 1681/1/5 
f 1673/1/5 1681/1/5 1740/1/5 1755/1/5 
f 1756/1/5 1755/1/5 1740/1/5 1690/1/5 
f 1691/1/5 1690/1/5 1740/1/5 1696/1/5 
f 1699/1/5 1696/1/5 1740/1/5 1702/1/5 
f 1705/1/5 1702/1/5 1740/1/5 1757/1/5 
f 1758/1/5 1757/1/5 1740/1/5 1717/1/5 
f 1715/1/5 1717/1/5 1740/1/5 1720/1/5 
f 1723/1/5 1720/1/5 1740/1/5 1625/1/5 
f 1628/1/5 1625/1/5 1740/1/5 1759/1/5 
f 1760/1/5 1759/1/5 1740/1/5 1585/1/5 
f 1586/1/5 1585/1/5 1740/1/5 1592/1/5 
f 1740/1/5 1590/1/5 1592/1/5 
f 1660/1/5 1586/1/5 1592/1/5 1645/1/5 
f 1645/1/5 1592/1/5 1587/1/5 1656/1/5 
f 1656/1/5 1587/1/5 1590/1/5 1658/1/5 
f 1586/1/5 1660/1/5 1646/1/5 1594/1/5 
f 1594/1/5 1646/1/5 1743/1/5 1585/1/5 
f 1585/1/5 1743/1/5 1761/1/5 1760/1/5 
f 1760/1/5 1761/1/5 1744/1/5 1762/1/5 
f 1762/1/5 1744/1/5 1745/1/5 1759/1/5 
f 1759/1/5 1745/1/5 1763/1/5 1628/1/5 
f 1628/1/5 1763/1/5 1746/1/5 1624/1/5 
f 1624/1/5 1746/1/5 1631/1/5 1625/1/5 
f 1625/1/5 1631/1/5 1634/1/5 1723/1/5 
f 1723/1/5 1634/1/5 1636/1/5 1719/1/5 
f 1719/1/5 1636/1/5 1747/1/5 1720/1/5 
f 1720/1/5 1747/1/5 1764/1/5 1715/1/5 
f 1715/1/5 1764/1/5 1748/1/5 1712/1/5 
f 1712/1/5 1748/1/5 1734/1/5 1717/1/5 
f 1717/1/5 1734/1/5 1737/1/5 1758/1/5 
f 1758/1/5 1737/1/5 1749/1/5 1765/1/5 
f 1765/1/5 1749/1/5 1750/1/5 1757/1/5 
f 1757/1/5 1750/1/5 1766/1/5 1705/1/5 
f 1705/1/5 1766/1/5 1751/1/5 1701/1/5 
f 1701/1/5 1751/1/5 1708/1/5 1702/1/5 
f 1702/1/5 1708/1/5 1711/1/5 1699/1/5 
f 1699/1/5 1711/1/5 1709/1/5 1695/1/5 
f 1695/1/5 1709/1/5 1752/1/5 1696/1/5 
f 1696/1/5 1752/1/5 1767/1/5 1691/1/5 
f 1691/1/5 1767/1/5 1753/1/5 1693/1/5 
f 1693/1/5 1753/1/5 1687/1/5 1690/1/5 
f 1690/1/5 1687/1/5 1684/1/5 1756/1/5 
f 1756/1/5 1684/1/5 1683/1/5 1768/1/5 
f 1768/1/5 1683/1/5 1724/1/5 1755/1/5 
f 1755/1/5 1724/1/5 1727/1/5 1673/1/5 
f 1673/1/5 1727/1/5 1754/1/5 1670/1/5 
f 1670/1/5 1754/1/5 1730/1/5 1681/1/5 
f 1681/1/5 1730/1/5 1732/1/5 1677/1/5 
f 1677/1/5 1732/1/5 1731/1/5 1674/1/5 
f 1674/1/5 1731/1/5 1613/1/5 1679/1/5 
f 1679/1/5 1613/1/5 1616/1/5 1667/1/5 
f 1667/1/5 1616/1/5 1620/1/5 1669/1/5 
f 1669/1/5 1620/1/5 1611/1/5 1666/1/5 
f 1622/1/5 1666/1/5 1611/1/5 
f 1740/1/5 1607/1/5 1617/1/5 
f 1652/1/5 1742/1/5 1582/1/5 1650/1/5 
f 1608/1/5 1598/1/5 1599/1/5 1662/1/40 
f 1662/1/40 1608/1/40 1617/1/40 1740/1/5 
f 1617/1/5 1608/1/5 1599/1/5 1662/1/5 
f 1769/1/68 1748/1/68 1764/1/68 1770/1/68 
f 1771/1/69 1749/1/69 1737/1/69 1736/1/69 
f 1772/1/70 1751/1/70 1766/1/70 1773/1/70 
f 1771/1/41 1735/1/41 1734/1/41 1749/1/41 
f 1772/1/41 1774/1/41 1750/1/41 1751/1/41 
f 1775/1/2 1765/1/2 1757/1/2 1776/1/2 
f 1765/1/71 1775/1/71 1777/1/71 1758/1/71 
f 1750/1/3 1774/1/3 1773/1/3 1766/1/3 
f 1778/1/41 1779/1/41 1752/1/41 1753/1/41 
f 1752/1/3 1779/1/3 1780/1/3 1767/1/3 
f 1777/1/1 1776/1/1 1757/1/1 1758/1/1 
f 1768/1/72 1781/1/72 1782/1/72 1756/1/72 
f 1782/1/1 1783/1/1 1755/1/1 1756/1/1 
f 1778/1/73 1753/1/73 1767/1/73 1780/1/73 
f 1784/1/74 1754/1/74 1727/1/74 1726/1/74 
f 1781/1/2 1768/1/2 1755/1/2 1783/1/2 
f 1784/1/41 1725/1/41 1724/1/41 1754/1/41 
f 1747/1/3 1785/1/3 1770/1/3 1764/1/3 
f 1762/1/44 1786/1/44 1787/1/44 1760/1/44 
f 1769/1/41 1785/1/41 1747/1/41 1748/1/41 
f 1786/1/2 1762/1/2 1759/1/2 1788/1/2 
f 1787/1/1 1788/1/1 1759/1/1 1760/1/1 
f 1745/1/3 1789/1/3 1790/1/3 1763/1/3 
f 1791/1/41 1789/1/41 1745/1/41 1746/1/41 
f 1791/1/42 1746/1/42 1763/1/42 1790/1/42 
f 491/1/33 492/1/33 1740/1/33 1662/1/33 
f 1663/1/33 491/1/33 1662/1/33 1661/1/33 
f 488/1/1 1602/1/1 1595/1/1 487/1/1 
f 1604/1/2 1599/1/2 1662/1/2 1661/1/2 
f 1743/1/3 1792/1/3 1793/1/3 1761/1/3 
f 1794/1/1 1795/1/1 1739/1/1 1741/1/1 
f 1796/1/43 1744/1/43 1761/1/43 1793/1/43 
f 1796/1/41 1792/1/41 1743/1/41 1744/1/41 
f 1797/1/2 1742/1/2 1581/1/2 1580/1/2 
f 1798/1/2 1738/1/2 1739/1/2 1795/1/2 
f 1738/1/44 1798/1/44 1794/1/44 1741/1/44 
f 1588/1/2 1587/1/2 1592/1/2 1591/1/2 
f 1742/1/45 1797/1/45 1579/1/45 1582/1/45 
f 1799/1/1 1800/1/1 1801/1/1 1802/1/1 
f 1803/1/1 1804/1/1 1805/1/1 1806/1/1 
f 1807/1/46 1808/1/46 1809/1/46 1810/1/46 
f 1809/1/1 1811/1/1 1812/1/1 1810/1/1 
f 1813/1/2 1814/1/2 1805/1/2 1804/1/2 
f 1814/1/47 1813/1/47 1803/1/47 1806/1/47 
f 1815/1/5 1816/1/5 1817/1/5 1818/1/5 
f 1818/1/5 1817/1/5 1819/1/5 
f 1816/1/48 1820/1/48 1821/1/48 1817/1/48 
f 1820/1/40 1822/1/40 1823/1/40 1821/1/40 
f 1821/1/40 1823/1/40 1824/1/40 
f 1825/1/49 1826/1/49 1827/1/49 1828/1/49 
f 1829/1/41 1830/1/41 1831/1/41 1832/1/41 
f 1833/1/3 1834/1/3 1835/1/3 1836/1/3 
f 1825/1/2 1828/1/2 1837/1/2 1838/1/2 
f 1826/1/1 1838/1/1 1837/1/1 1827/1/1 
f 1835/1/50 1839/1/50 1840/1/50 1836/1/50 
f 1841/1/51 1829/1/51 1832/1/51 1842/1/51 
f 1831/1/3 1830/1/3 1841/1/3 1842/1/3 
f 1839/1/41 1834/1/41 1833/1/41 1840/1/41 
f 1843/1/2 1844/1/2 1845/1/2 1846/1/2 
f 1847/1/1 1846/1/1 1845/1/1 1848/1/1 
f 1844/1/52 1843/1/52 1847/1/52 1848/1/52 
f 281/1/1 1849/1/1 1850/1/1 284/1/1 
f 1851/1/3 1852/1/3 1853/1/3 1854/1/3 
f 1855/1/53 1856/1/53 1854/1/53 1853/1/53 
f 1855/1/41 1852/1/41 1851/1/41 1856/1/41 
f 1857/1/43 1858/1/43 1859/1/43 1860/1/43 
f 1857/1/33 1861/1/33 1862/1/33 1858/1/33 
f 1862/1/3 1861/1/3 1860/1/3 1859/1/3 
f 1863/1/41 1864/1/41 1865/1/41 1866/1/41 
f 1867/1/3 1868/1/3 1869/1/3 1870/1/3 
f 1871/1/54 1872/1/54 1870/1/54 1869/1/54 
f 1871/1/41 1868/1/41 1867/1/41 1872/1/41 
f 1873/1/41 1874/1/41 1875/1/41 1876/1/41 
f 1875/1/3 1874/1/3 1877/1/3 1878/1/3 
f 1873/1/55 1876/1/55 1878/1/55 1877/1/55 
f 1865/1/3 1864/1/3 1879/1/3 1880/1/3 
f 1863/1/56 1866/1/56 1880/1/56 1879/1/56 
f 1863/1/40 1879/1/40 1803/1/40 1813/1/40 
f 1863/1/40 1813/1/40 1881/1/40 1823/1/40 
f 1864/1/40 1863/1/40 1823/1/40 1873/1/40 
f 1874/1/40 1873/1/40 1823/1/40 1871/1/40 
f 1868/1/40 1871/1/40 1823/1/40 1822/1/40 
f 1869/1/40 1868/1/40 1822/1/40 1882/1/40 
f 1869/1/40 1882/1/40 1883/1/40 1799/1/40 
f 1884/1/40 1799/1/40 1883/1/40 1885/1/40 
f 259/1/40 1884/1/40 1885/1/40 1860/1/40 
f 257/1/40 259/1/40 1860/1/40 256/1/40 
f 256/1/40 1860/1/40 1861/1/40 1822/1/40 
f 1822/1/40 1861/1/40 1857/1/40 1882/1/40 
f 1885/1/40 1882/1/40 1857/1/40 1860/1/40 
f 1800/1/40 1799/1/40 1884/1/40 1809/1/40 
f 1811/1/40 1809/1/40 1884/1/40 1803/1/40 
f 1804/1/40 1803/1/40 1884/1/40 1886/1/40 
f 1887/1/40 1886/1/40 1884/1/40 1847/1/40 
f 1846/1/40 1847/1/40 1884/1/40 1888/1/40 
f 1889/1/40 1888/1/40 1884/1/40 1890/1/40 
f 1891/1/40 1890/1/40 1884/1/40 1892/1/40 
f 1893/1/40 1892/1/40 1884/1/40 1894/1/40 
f 1895/1/40 1894/1/40 1884/1/40 1896/1/40 
f 1897/1/40 1896/1/40 1884/1/40 1898/1/40 
f 1899/1/40 1898/1/40 1884/1/40 1900/1/40 
f 1901/1/40 1900/1/40 1884/1/40 1902/1/40 
f 1903/1/40 1902/1/40 1884/1/40 1904/1/40 
f 1905/1/40 1904/1/40 1884/1/40 1906/1/40 
f 1907/1/40 1906/1/40 1884/1/40 1826/1/40 
f 1826/1/40 1884/1/40 1838/1/40 
f 1841/1/40 1907/1/40 1826/1/40 1829/1/40 
f 1829/1/40 1826/1/40 1825/1/40 1823/1/40 
f 1830/1/40 1829/1/40 1823/1/40 1839/1/40 
f 1834/1/40 1839/1/40 1823/1/40 1908/1/40 
f 1909/1/40 1908/1/40 1823/1/40 1910/1/40 
f 1911/1/40 1910/1/40 1823/1/40 1912/1/40 
f 1913/1/40 1912/1/40 1823/1/40 1914/1/40 
f 1915/1/40 1914/1/40 1823/1/40 1916/1/40 
f 1917/1/40 1916/1/40 1823/1/40 1918/1/40 
f 1919/1/40 1918/1/40 1823/1/40 1920/1/40 
f 1921/1/40 1920/1/40 1823/1/40 1922/1/40 
f 1923/1/40 1922/1/40 1823/1/40 1855/1/40 
f 1852/1/40 1855/1/40 1823/1/40 1924/1/40 
f 1925/1/40 1924/1/40 1823/1/40 1926/1/40 
f 1823/1/40 1881/1/40 1926/1/40 
f 1927/1/40 1925/1/40 1926/1/40 1886/1/40 
f 1886/1/40 1926/1/40 1928/1/40 1804/1/40 
f 1813/1/40 1804/1/40 1928/1/40 1881/1/40 
f 1929/1/40 1925/1/40 1927/1/40 1887/1/40 
f 1929/1/40 1887/1/40 1847/1/40 1924/1/40 
f 1924/1/40 1847/1/40 1843/1/40 1852/1/40 
f 1853/1/40 1852/1/40 1843/1/40 1846/1/40 
f 1853/1/40 1846/1/40 1888/1/40 1855/1/40 
f 1855/1/40 1888/1/40 1930/1/40 1923/1/40 
f 1931/1/40 1923/1/40 1930/1/40 1889/1/40 
f 1931/1/40 1889/1/40 1890/1/40 1922/1/40 
f 1922/1/40 1890/1/40 1932/1/40 1921/1/40 
f 1933/1/40 1921/1/40 1932/1/40 1891/1/40 
f 1933/1/40 1891/1/40 1892/1/40 1920/1/40 
f 1920/1/40 1892/1/40 1934/1/40 1919/1/40 
f 1935/1/40 1919/1/40 1934/1/40 1893/1/40 
f 1935/1/40 1893/1/40 1894/1/40 1918/1/40 
f 1918/1/40 1894/1/40 1936/1/40 1917/1/40 
f 1937/1/40 1917/1/40 1936/1/40 1895/1/40 
f 1937/1/40 1895/1/40 1896/1/40 1916/1/40 
f 1916/1/40 1896/1/40 1938/1/40 1915/1/40 
f 1939/1/40 1915/1/40 1938/1/40 1897/1/40 
f 1939/1/40 1897/1/40 1898/1/40 1914/1/40 
f 1914/1/40 1898/1/40 1940/1/40 1913/1/40 
f 1941/1/40 1913/1/40 1940/1/40 1899/1/40 
f 1941/1/40 1899/1/40 1900/1/40 1912/1/40 
f 1912/1/40 1900/1/40 1942/1/40 1911/1/40 
f 1943/1/40 1911/1/40 1942/1/40 1901/1/40 
f 1943/1/40 1901/1/40 1902/1/40 1910/1/40 
f 1910/1/40 1902/1/40 1944/1/40 1909/1/40 
f 1945/1/40 1909/1/40 1944/1/40 1903/1/40 
f 1945/1/40 1903/1/40 1904/1/40 1908/1/40 
f 1908/1/40 1904/1/40 1946/1/40 1834/1/40 
f 1835/1/40 1834/1/40 1946/1/40 1905/1/40 
f 1835/1/40 1905/1/40 1906/1/40 1839/1/40 
f 1839/1/40 1906/1/40 1947/1/40 1830/1/40 
f 1841/1/40 1830/1/40 1947/1/40 1907/1/40 
f 1811/1/40 1803/1/40 1879/1/40 1808/1/40 
f 1808/1/40 1879/1/40 1864/1/40 1873/1/40 
f 1809/1/40 1808/1/40 1873/1/40 1877/1/40 
f 1800/1/40 1809/1/40 1877/1/40 1948/1/40 
f 1948/1/40 1877/1/40 1874/1/40 1871/1/40 
f 1799/1/40 1948/1/40 1871/1/40 1869/1/40 
f 255/1/5 388/1/5 1816/1/5 1815/1/5 
f 389/1/1 1820/1/1 1816/1/1 388/1/1 
f 1816/1/3 1820/1/3 1822/1/3 1815/1/3 
f 389/1/40 256/1/40 1822/1/40 1820/1/40 
f 1906/1/1 1907/1/1 1949/1/1 1950/1/1 
f 1947/1/2 1951/1/2 1949/1/2 1907/1/2 
f 1947/1/57 1906/1/57 1950/1/57 1951/1/57 
f 1952/1/58 1944/1/58 1902/1/58 1953/1/58 
f 1954/1/59 1946/1/59 1904/1/59 1955/1/59 
f 1904/1/1 1905/1/1 1956/1/1 1955/1/1 
f 1946/1/2 1954/1/2 1956/1/2 1905/1/2 
f 1902/1/1 1903/1/1 1957/1/1 1953/1/1 
f 1944/1/2 1952/1/2 1957/1/2 1903/1/2 
f 1912/1/60 1958/1/60 1959/1/60 1941/1/60 
f 1912/1/41 1913/1/41 1960/1/41 1958/1/41 
f 1960/1/3 1913/1/3 1941/1/3 1959/1/3 
f 1898/1/1 1899/1/1 1961/1/1 1962/1/1 
f 1940/1/2 1963/1/2 1961/1/2 1899/1/2 
f 1963/1/61 1940/1/61 1898/1/61 1962/1/61 
f 1938/1/2 1964/1/2 1965/1/2 1897/1/2 
f 1964/1/62 1938/1/62 1896/1/62 1966/1/62 
f 1896/1/1 1897/1/1 1965/1/1 1966/1/1 
f 1936/1/2 1967/1/2 1968/1/2 1895/1/2 
f 1967/1/63 1936/1/63 1894/1/63 1969/1/63 
f 1894/1/1 1895/1/1 1968/1/1 1969/1/1 
f 1916/1/41 1917/1/41 1970/1/41 1971/1/41 
f 1970/1/3 1917/1/3 1937/1/3 1972/1/3 
f 1916/1/64 1971/1/64 1972/1/64 1937/1/64 
f 1973/1/65 1932/1/65 1890/1/65 1974/1/65 
f 1890/1/1 1891/1/1 1975/1/1 1974/1/1 
f 1932/1/2 1973/1/2 1975/1/2 1891/1/2 
f 1930/1/2 1976/1/2 1977/1/2 1889/1/2 
f 1976/1/66 1930/1/66 1888/1/66 1978/1/66 
f 1888/1/1 1889/1/1 1977/1/1 1978/1/1 
f 1823/1/48 1824/1/48 1819/1/48 1815/1/48 
f 1823/1/48 1815/1/48 1822/1/48 
f 1815/1/48 1819/1/48 1818/1/48 
f 1979/1/3 1911/1/3 1943/1/3 1980/1/3 
f 1908/1/41 1909/1/41 1981/1/41 1982/1/41 
f 1908/1/67 1982/1/67 1983/1/67 1945/1/67 
f 1981/1/3 1909/1/3 1945/1/3 1983/1/3 
f 1984/1/3 1921/1/3 1933/1/3 1985/1/3 
f 258/1/5 255/1/5 1815/1/5 1862/1/5 
f 1858/1/5 1862/1/5 1815/1/5 1986/1/5 
f 1987/1/5 1986/1/5 1815/1/5 1870/1/5 
f 1987/1/5 1870/1/5 1802/1/5 1988/1/5 
f 1989/1/5 1987/1/5 1988/1/5 260/1/5 
f 1859/1/5 1989/1/5 260/1/5 1862/1/5 
f 258/1/5 1862/1/5 260/1/5 
f 1989/1/5 1859/1/5 1858/1/5 1986/1/5 
f 1988/1/5 1802/1/5 1801/1/5 1810/1/5 
f 1878/1/5 1810/1/5 1801/1/5 1875/1/5 
f 1875/1/5 1801/1/5 1990/1/5 1872/1/5 
f 1818/1/5 1875/1/5 1872/1/5 1867/1/5 
f 1815/1/5 1818/1/5 1867/1/5 1870/1/5 
f 1876/1/5 1875/1/5 1818/1/5 1865/1/5 
f 1866/1/5 1865/1/5 1818/1/5 1991/1/5 
f 1992/1/5 1991/1/5 1818/1/5 1993/1/5 
f 1994/1/5 1993/1/5 1818/1/5 1851/1/5 
f 1856/1/5 1851/1/5 1818/1/5 1995/1/5 
f 1996/1/5 1995/1/5 1818/1/5 1984/1/5 
f 1997/1/5 1984/1/5 1818/1/5 1998/1/5 
f 1999/1/5 1998/1/5 1818/1/5 1970/1/5 
f 1971/1/5 1970/1/5 1818/1/5 2000/1/5 
f 2001/1/5 2000/1/5 1818/1/5 1960/1/5 
f 1958/1/5 1960/1/5 1818/1/5 1979/1/5 
f 2002/1/5 1979/1/5 1818/1/5 1981/1/5 
f 1982/1/5 1981/1/5 1818/1/5 1833/1/5 
f 1840/1/5 1833/1/5 1818/1/5 1831/1/5 
f 1832/1/5 1831/1/5 1818/1/5 1828/1/5 
f 1832/1/5 1828/1/5 1827/1/5 1842/1/5 
f 1949/1/5 1842/1/5 1827/1/5 1988/1/5 
f 1950/1/5 1949/1/5 1988/1/5 1956/1/5 
f 1955/1/5 1956/1/5 1988/1/5 1957/1/5 
f 1953/1/5 1957/1/5 1988/1/5 2003/1/5 
f 2004/1/5 2003/1/5 1988/1/5 1961/1/5 
f 1962/1/5 1961/1/5 1988/1/5 1965/1/5 
f 1966/1/5 1965/1/5 1988/1/5 1968/1/5 
f 1969/1/5 1968/1/5 1988/1/5 2005/1/5 
f 2006/1/5 2005/1/5 1988/1/5 1975/1/5 
f 1974/1/5 1975/1/5 1988/1/5 1977/1/5 
f 1978/1/5 1977/1/5 1988/1/5 1845/1/5 
f 1848/1/5 1845/1/5 1988/1/5 2007/1/5 
f 2008/1/5 2007/1/5 1988/1/5 1805/1/5 
f 1806/1/5 1805/1/5 1988/1/5 1812/1/5 
f 1988/1/5 1810/1/5 1812/1/5 
f 1880/1/5 1806/1/5 1812/1/5 1865/1/5 
f 1865/1/5 1812/1/5 1807/1/5 1876/1/5 
f 1876/1/5 1807/1/5 1810/1/5 1878/1/5 
f 1806/1/5 1880/1/5 1866/1/5 1814/1/5 
f 1814/1/5 1866/1/5 1991/1/5 1805/1/5 
f 1805/1/5 1991/1/5 2009/1/5 2008/1/5 
f 2008/1/5 2009/1/5 1992/1/5 2010/1/5 
f 2010/1/5 1992/1/5 1993/1/5 2007/1/5 
f 2007/1/5 1993/1/5 2011/1/5 1848/1/5 
f 1848/1/5 2011/1/5 1994/1/5 1844/1/5 
f 1844/1/5 1994/1/5 1851/1/5 1845/1/5 
f 1845/1/5 1851/1/5 1854/1/5 1978/1/5 
f 1978/1/5 1854/1/5 1856/1/5 1976/1/5 
f 1976/1/5 1856/1/5 1995/1/5 1977/1/5 
f 1977/1/5 1995/1/5 2012/1/5 1974/1/5 
f 1974/1/5 2012/1/5 1996/1/5 1973/1/5 
f 1973/1/5 1996/1/5 1984/1/5 1975/1/5 
f 1975/1/5 1984/1/5 1985/1/5 2006/1/5 
f 2006/1/5 1985/1/5 1997/1/5 2013/1/5 
f 2013/1/5 1997/1/5 1998/1/5 2005/1/5 
f 2005/1/5 1998/1/5 2014/1/5 1969/1/5 
f 1969/1/5 2014/1/5 1999/1/5 1967/1/5 
f 1967/1/5 1999/1/5 1970/1/5 1968/1/5 
f 1968/1/5 1970/1/5 1972/1/5 1966/1/5 
f 1966/1/5 1972/1/5 1971/1/5 1964/1/5 
f 1964/1/5 1971/1/5 2000/1/5 1965/1/5 
f 1965/1/5 2000/1/5 2015/1/5 1962/1/5 
f 1962/1/5 2015/1/5 2001/1/5 1963/1/5 
f 1963/1/5 2001/1/5 1960/1/5 1961/1/5 
f 1961/1/5 1960/1/5 1959/1/5 2004/1/5 
f 2004/1/5 1959/1/5 1958/1/5 2016/1/5 
f 2016/1/5 1958/1/5 1979/1/5 2003/1/5 
f 2003/1/5 1979/1/5 1980/1/5 1953/1/5 
f 1953/1/5 1980/1/5 2002/1/5 1952/1/5 
f 1952/1/5 2002/1/5 1981/1/5 1957/1/5 
f 1957/1/5 1981/1/5 1983/1/5 1955/1/5 
f 1955/1/5 1983/1/5 1982/1/5 1954/1/5 
f 1954/1/5 1982/1/5 1833/1/5 1956/1/5 
f 1956/1/5 1833/1/5 1836/1/5 1950/1/5 
f 1950/1/5 1836/1/5 1840/1/5 1951/1/5 
f 1951/1/5 1840/1/5 1831/1/5 1949/1/5 
f 1842/1/5 1949/1/5 1831/1/5 
f 1988/1/5 1827/1/5 1837/1/5 1819/1/5 
f 1819/1/5 1837/1/5 1828/1/5 1818/1/5 
f 1988/1/5 1819/1/5 2017/1/5 
f 1872/1/5 1990/1/5 1802/1/5 1870/1/5 
f 1922/1/68 1996/1/68 2012/1/68 1931/1/68 
f 1920/1/69 1997/1/69 1985/1/69 1933/1/69 
f 1918/1/70 1999/1/70 2014/1/70 1935/1/70 
f 1920/1/41 1921/1/41 1984/1/41 1997/1/41 
f 1918/1/41 1919/1/41 1998/1/41 1999/1/41 
f 1934/1/2 2013/1/2 2005/1/2 1893/1/2 
f 2013/1/71 1934/1/71 1892/1/71 2006/1/71 
f 1998/1/3 1919/1/3 1935/1/3 2014/1/3 
f 1914/1/41 1915/1/41 2000/1/41 2001/1/41 
f 2000/1/3 1915/1/3 1939/1/3 2015/1/3 
f 1892/1/1 1893/1/1 2005/1/1 2006/1/1 
f 2016/1/72 1942/1/72 1900/1/72 2004/1/72 
f 1900/1/1 1901/1/1 2003/1/1 2004/1/1 
f 1914/1/73 2001/1/73 2015/1/73 1939/1/73 
f 1910/1/74 2002/1/74 1980/1/74 1943/1/74 
f 1942/1/2 2016/1/2 2003/1/2 1901/1/2 
f 1910/1/41 1911/1/41 1979/1/41 2002/1/41 
f 1995/1/3 1923/1/3 1931/1/3 2012/1/3 
f 2010/1/44 1927/1/44 1886/1/44 2008/1/44 
f 1922/1/41 1923/1/41 1995/1/41 1996/1/41 
f 1927/1/2 2010/1/2 2007/1/2 1887/1/2 
f 1886/1/1 1887/1/1 2007/1/1 2008/1/1 
f 2018/1/1 2019/1/1 2020/1/1 2021/1/1 
f 2022/1/1 2023/1/1 2024/1/1 2025/1/1 
f 2026/1/46 2027/1/46 2028/1/46 2029/1/46 
f 2028/1/1 2030/1/1 2031/1/1 2029/1/1 
f 2032/1/2 2033/1/2 2024/1/2 2023/1/2 
f 2033/1/47 2032/1/47 2022/1/47 2025/1/47 
f 2034/1/5 2035/1/5 2036/1/5 2037/1/5 
f 2035/1/48 2038/1/48 2039/1/48 2036/1/48 
f 2038/1/40 2040/1/40 2041/1/40 2039/1/40 
f 2039/1/40 2041/1/40 2042/1/40 
f 2043/1/49 2044/1/49 2045/1/49 2046/1/49 
f 2047/1/41 2048/1/41 2049/1/41 2050/1/41 
f 2051/1/3 2052/1/3 2053/1/3 2054/1/3 
f 2043/1/2 2046/1/2 2055/1/2 2056/1/2 
f 2044/1/1 2056/1/1 2055/1/1 2045/1/1 
f 2053/1/50 2057/1/50 2058/1/50 2054/1/50 
f 2059/1/51 2047/1/51 2050/1/51 2060/1/51 
f 2049/1/3 2048/1/3 2059/1/3 2060/1/3 
f 2057/1/41 2052/1/41 2051/1/41 2058/1/41 
f 2061/1/2 2062/1/2 2063/1/2 2064/1/2 
f 2065/1/1 2064/1/1 2063/1/1 2066/1/1 
f 2062/1/52 2061/1/52 2065/1/52 2066/1/52 
f 966/1/1 2067/1/1 2068/1/1 969/1/1 
f 2069/1/3 2070/1/3 2071/1/3 2072/1/3 
f 2073/1/53 2074/1/53 2072/1/53 2071/1/53 
f 2073/1/41 2070/1/41 2069/1/41 2074/1/41 
f 2075/1/43 2076/1/43 2077/1/43 2078/1/43 
f 2075/1/33 2079/1/33 2080/1/33 2076/1/33 
f 2080/1/3 2079/1/3 2078/1/3 2077/1/3 
f 2081/1/41 2082/1/41 2083/1/41 2084/1/41 
f 2085/1/3 2086/1/3 2087/1/3 2088/1/3 
f 2089/1/54 2090/1/54 2088/1/54 2087/1/54 
f 2089/1/41 2086/1/41 2085/1/41 2090/1/41 
f 2091/1/41 2092/1/41 2093/1/41 2094/1/41 
f 2093/1/3 2092/1/3 2095/1/3 2096/1/3 
f 2091/1/55 2094/1/55 2096/1/55 2095/1/55 
f 2083/1/3 2082/1/3 2097/1/3 2098/1/3 
f 2081/1/56 2084/1/56 2098/1/56 2097/1/56 
f 945/1/2 944/1/2 969/1/2 966/1/2 
f 969/1/5 944/1/5 2099/1/5 2068/1/5 
f 2081/1/40 2097/1/40 2022/1/40 2032/1/40 
f 2081/1/40 2032/1/40 2100/1/40 2041/1/40 
f 2082/1/40 2081/1/40 2041/1/40 2091/1/40 
f 2092/1/40 2091/1/40 2041/1/40 2089/1/40 
f 2086/1/40 2089/1/40 2041/1/40 2040/1/40 
f 2087/1/40 2086/1/40 2040/1/40 2101/1/40 
f 2087/1/40 2101/1/40 2102/1/40 2018/1/40 
f 2103/1/40 2018/1/40 2102/1/40 2104/1/40 
f 945/1/40 2103/1/40 2104/1/40 2078/1/40 
f 943/1/40 945/1/40 2078/1/40 942/1/40 
f 942/1/40 2078/1/40 2079/1/40 2040/1/40 
f 2040/1/40 2079/1/40 2075/1/40 2101/1/40 
f 2104/1/40 2101/1/40 2075/1/40 2078/1/40 
f 2019/1/40 2018/1/40 2103/1/40 2028/1/40 
f 2030/1/40 2028/1/40 2103/1/40 2022/1/40 
f 2023/1/40 2022/1/40 2103/1/40 2105/1/40 
f 2106/1/40 2105/1/40 2103/1/40 2065/1/40 
f 2064/1/40 2065/1/40 2103/1/40 2107/1/40 
f 2108/1/40 2107/1/40 2103/1/40 2109/1/40 
f 2110/1/40 2109/1/40 2103/1/40 2111/1/40 
f 2112/1/40 2111/1/40 2103/1/40 2113/1/40 
f 2114/1/40 2113/1/40 2103/1/40 2115/1/40 
f 2116/1/40 2115/1/40 2103/1/40 2117/1/40 
f 2118/1/40 2117/1/40 2103/1/40 2119/1/40 
f 2120/1/40 2119/1/40 2103/1/40 2121/1/40 
f 2122/1/40 2121/1/40 2103/1/40 2123/1/40 
f 2124/1/40 2123/1/40 2103/1/40 2125/1/40 
f 2126/1/40 2125/1/40 2103/1/40 2044/1/40 
f 2044/1/40 2103/1/40 2056/1/40 
f 2059/1/40 2126/1/40 2044/1/40 2047/1/40 
f 2047/1/40 2044/1/40 2043/1/40 2041/1/40 
f 2048/1/40 2047/1/40 2041/1/40 2057/1/40 
f 2052/1/40 2057/1/40 2041/1/40 2127/1/40 
f 2128/1/40 2127/1/40 2041/1/40 2129/1/40 
f 2130/1/40 2129/1/40 2041/1/40 2131/1/40 
f 2132/1/40 2131/1/40 2041/1/40 2133/1/40 
f 2134/1/40 2133/1/40 2041/1/40 2135/1/40 
f 2136/1/40 2135/1/40 2041/1/40 2137/1/40 
f 2138/1/40 2137/1/40 2041/1/40 2139/1/40 
f 2140/1/40 2139/1/40 2041/1/40 2141/1/40 
f 2142/1/40 2141/1/40 2041/1/40 2073/1/40 
f 2070/1/40 2073/1/40 2041/1/40 2143/1/40 
f 2144/1/40 2143/1/40 2041/1/40 2145/1/40 
f 2041/1/40 2100/1/40 2145/1/40 
f 2146/1/40 2144/1/40 2145/1/40 2105/1/40 
f 2105/1/40 2145/1/40 2147/1/40 2023/1/40 
f 2032/1/40 2023/1/40 2147/1/40 2100/1/40 
f 2148/1/40 2144/1/40 2146/1/40 2106/1/40 
f 2148/1/40 2106/1/40 2065/1/40 2143/1/40 
f 2143/1/40 2065/1/40 2061/1/40 2070/1/40 
f 2071/1/40 2070/1/40 2061/1/40 2064/1/40 
f 2071/1/40 2064/1/40 2107/1/40 2073/1/40 
f 2073/1/40 2107/1/40 2149/1/40 2142/1/40 
f 2150/1/40 2142/1/40 2149/1/40 2108/1/40 
f 2150/1/40 2108/1/40 2109/1/40 2141/1/40 
f 2141/1/40 2109/1/40 2151/1/40 2140/1/40 
f 2152/1/40 2140/1/40 2151/1/40 2110/1/40 
f 2152/1/40 2110/1/40 2111/1/40 2139/1/40 
f 2139/1/40 2111/1/40 2153/1/40 2138/1/40 
f 2154/1/40 2138/1/40 2153/1/40 2112/1/40 
f 2154/1/40 2112/1/40 2113/1/40 2137/1/40 
f 2137/1/40 2113/1/40 2155/1/40 2136/1/40 
f 2156/1/40 2136/1/40 2155/1/40 2114/1/40 
f 2156/1/40 2114/1/40 2115/1/40 2135/1/40 
f 2135/1/40 2115/1/40 2157/1/40 2134/1/40 
f 2158/1/40 2134/1/40 2157/1/40 2116/1/40 
f 2158/1/40 2116/1/40 2117/1/40 2133/1/40 
f 2133/1/40 2117/1/40 2159/1/40 2132/1/40 
f 2160/1/40 2132/1/40 2159/1/40 2118/1/40 
f 2160/1/40 2118/1/40 2119/1/40 2131/1/40 
f 2131/1/40 2119/1/40 2161/1/40 2130/1/40 
f 2162/1/40 2130/1/40 2161/1/40 2120/1/40 
f 2162/1/40 2120/1/40 2121/1/40 2129/1/40 
f 2129/1/40 2121/1/40 2163/1/40 2128/1/40 
f 2164/1/40 2128/1/40 2163/1/40 2122/1/40 
f 2164/1/40 2122/1/40 2123/1/40 2127/1/40 
f 2127/1/40 2123/1/40 2165/1/40 2052/1/40 
f 2053/1/40 2052/1/40 2165/1/40 2124/1/40 
f 2053/1/40 2124/1/40 2125/1/40 2057/1/40 
f 2057/1/40 2125/1/40 2166/1/40 2048/1/40 
f 2059/1/40 2048/1/40 2166/1/40 2126/1/40 
f 2030/1/40 2022/1/40 2097/1/40 2027/1/40 
f 2027/1/40 2097/1/40 2082/1/40 2091/1/40 
f 2028/1/40 2027/1/40 2091/1/40 2095/1/40 
f 2019/1/40 2028/1/40 2095/1/40 2167/1/40 
f 2167/1/40 2095/1/40 2092/1/40 2089/1/40 
f 2018/1/40 2167/1/40 2089/1/40 2087/1/40 
f 941/1/5 1072/1/5 2035/1/5 2034/1/5 
f 1073/1/1 2038/1/1 2035/1/1 1072/1/1 
f 2035/1/3 2038/1/3 2040/1/3 2034/1/3 
f 1073/1/40 942/1/40 2040/1/40 2038/1/40 
f 2125/1/1 2126/1/1 2168/1/1 2169/1/1 
f 2166/1/2 2170/1/2 2168/1/2 2126/1/2 
f 2166/1/57 2125/1/57 2169/1/57 2170/1/57 
f 2171/1/58 2163/1/58 2121/1/58 2172/1/58 
f 2173/1/59 2165/1/59 2123/1/59 2174/1/59 
f 2123/1/1 2124/1/1 2175/1/1 2174/1/1 
f 2165/1/2 2173/1/2 2175/1/2 2124/1/2 
f 2121/1/1 2122/1/1 2176/1/1 2172/1/1 
f 2163/1/2 2171/1/2 2176/1/2 2122/1/2 
f 2131/1/60 2177/1/60 2178/1/60 2160/1/60 
f 2131/1/41 2132/1/41 2179/1/41 2177/1/41 
f 2179/1/3 2132/1/3 2160/1/3 2178/1/3 
f 2117/1/1 2118/1/1 2180/1/1 2181/1/1 
f 2159/1/2 2182/1/2 2180/1/2 2118/1/2 
f 2182/1/61 2159/1/61 2117/1/61 2181/1/61 
f 2157/1/2 2183/1/2 2184/1/2 2116/1/2 
f 2183/1/62 2157/1/62 2115/1/62 2185/1/62 
f 2115/1/1 2116/1/1 2184/1/1 2185/1/1 
f 2155/1/2 2186/1/2 2187/1/2 2114/1/2 
f 2186/1/63 2155/1/63 2113/1/63 2188/1/63 
f 2113/1/1 2114/1/1 2187/1/1 2188/1/1 
f 2135/1/41 2136/1/41 2189/1/41 2190/1/41 
f 2189/1/3 2136/1/3 2156/1/3 2191/1/3 
f 2135/1/64 2190/1/64 2191/1/64 2156/1/64 
f 2192/1/65 2151/1/65 2109/1/65 2193/1/65 
f 2109/1/1 2110/1/1 2194/1/1 2193/1/1 
f 2151/1/2 2192/1/2 2194/1/2 2110/1/2 
f 2149/1/2 2195/1/2 2196/1/2 2108/1/2 
f 2195/1/66 2149/1/66 2107/1/66 2197/1/66 
f 2107/1/1 2108/1/1 2196/1/1 2197/1/1 
f 2041/1/48 2042/1/48 2037/1/48 2034/1/48 
f 2041/1/48 2034/1/48 2040/1/48 
f 2198/1/3 2130/1/3 2162/1/3 2199/1/3 
f 2127/1/41 2128/1/41 2200/1/41 2201/1/41 
f 2127/1/67 2201/1/67 2202/1/67 2164/1/67 
f 2200/1/3 2128/1/3 2164/1/3 2202/1/3 
f 2203/1/3 2140/1/3 2152/1/3 2204/1/3 
f 2080/1/5 944/1/5 941/1/5 2034/1/5 
f 2076/1/5 2080/1/5 2034/1/5 2205/1/5 
f 2206/1/5 2205/1/5 2034/1/5 2088/1/5 
f 2206/1/5 2088/1/5 2021/1/5 2099/1/5 
f 2207/1/5 2206/1/5 2099/1/5 944/1/5 
f 2077/1/5 2207/1/5 944/1/5 2080/1/5 
f 2207/1/5 2077/1/5 2076/1/5 2205/1/5 
f 2099/1/5 2021/1/5 2020/1/5 2029/1/5 
f 2096/1/5 2029/1/5 2020/1/5 2093/1/5 
f 2093/1/5 2020/1/5 2208/1/5 2090/1/5 
f 2037/1/5 2093/1/5 2090/1/5 2085/1/5 
f 2034/1/5 2037/1/5 2085/1/5 2088/1/5 
f 2094/1/5 2093/1/5 2037/1/5 2083/1/5 
f 2084/1/5 2083/1/5 2037/1/5 2209/1/5 
f 2210/1/5 2209/1/5 2037/1/5 2211/1/5 
f 2212/1/5 2211/1/5 2037/1/5 2069/1/5 
f 2074/1/5 2069/1/5 2037/1/5 2213/1/5 
f 2214/1/5 2213/1/5 2037/1/5 2203/1/5 
f 2215/1/5 2203/1/5 2037/1/5 2216/1/5 
f 2217/1/5 2216/1/5 2037/1/5 2189/1/5 
f 2190/1/5 2189/1/5 2037/1/5 2218/1/5 
f 2219/1/5 2218/1/5 2037/1/5 2179/1/5 
f 2177/1/5 2179/1/5 2037/1/5 2198/1/5 
f 2220/1/5 2198/1/5 2037/1/5 2200/1/5 
f 2201/1/5 2200/1/5 2037/1/5 2051/1/5 
f 2058/1/5 2051/1/5 2037/1/5 2049/1/5 
f 2050/1/5 2049/1/5 2037/1/5 2046/1/5 
f 2055/1/5 2046/1/5 2037/1/5 2099/1/5 
f 2045/1/5 2055/1/5 2099/1/5 2168/1/5 
f 2169/1/5 2168/1/5 2099/1/5 2175/1/5 
f 2174/1/5 2175/1/5 2099/1/5 2176/1/5 
f 2172/1/5 2176/1/5 2099/1/5 2221/1/5 
f 2222/1/5 2221/1/5 2099/1/5 2180/1/5 
f 2181/1/5 2180/1/5 2099/1/5 2184/1/5 
f 2185/1/5 2184/1/5 2099/1/5 2187/1/5 
f 2188/1/5 2187/1/5 2099/1/5 2223/1/5 
f 2224/1/5 2223/1/5 2099/1/5 2194/1/5 
f 2193/1/5 2194/1/5 2099/1/5 2196/1/5 
f 2197/1/5 2196/1/5 2099/1/5 2063/1/5 
f 2066/1/5 2063/1/5 2099/1/5 2225/1/5 
f 2226/1/5 2225/1/5 2099/1/5 2024/1/5 
f 2025/1/5 2024/1/5 2099/1/5 2031/1/5 
f 2099/1/5 2029/1/5 2031/1/5 
f 2098/1/5 2025/1/5 2031/1/5 2083/1/5 
f 2083/1/5 2031/1/5 2026/1/5 2094/1/5 
f 2094/1/5 2026/1/5 2029/1/5 2096/1/5 
f 2025/1/5 2098/1/5 2084/1/5 2033/1/5 
f 2033/1/5 2084/1/5 2209/1/5 2024/1/5 
f 2024/1/5 2209/1/5 2227/1/5 2226/1/5 
f 2226/1/5 2227/1/5 2210/1/5 2228/1/5 
f 2228/1/5 2210/1/5 2211/1/5 2225/1/5 
f 2225/1/5 2211/1/5 2229/1/5 2066/1/5 
f 2066/1/5 2229/1/5 2212/1/5 2062/1/5 
f 2062/1/5 2212/1/5 2069/1/5 2063/1/5 
f 2063/1/5 2069/1/5 2072/1/5 2197/1/5 
f 2197/1/5 2072/1/5 2074/1/5 2195/1/5 
f 2195/1/5 2074/1/5 2213/1/5 2196/1/5 
f 2196/1/5 2213/1/5 2230/1/5 2193/1/5 
f 2193/1/5 2230/1/5 2214/1/5 2192/1/5 
f 2192/1/5 2214/1/5 2203/1/5 2194/1/5 
f 2194/1/5 2203/1/5 2204/1/5 2224/1/5 
f 2224/1/5 2204/1/5 2215/1/5 2231/1/5 
f 2231/1/5 2215/1/5 2216/1/5 2223/1/5 
f 2223/1/5 2216/1/5 2232/1/5 2188/1/5 
f 2188/1/5 2232/1/5 2217/1/5 2186/1/5 
f 2186/1/5 2217/1/5 2189/1/5 2187/1/5 
f 2187/1/5 2189/1/5 2191/1/5 2185/1/5 
f 2185/1/5 2191/1/5 2190/1/5 2183/1/5 
f 2183/1/5 2190/1/5 2218/1/5 2184/1/5 
f 2184/1/5 2218/1/5 2233/1/5 2181/1/5 
f 2181/1/5 2233/1/5 2219/1/5 2182/1/5 
f 2182/1/5 2219/1/5 2179/1/5 2180/1/5 
f 2180/1/5 2179/1/5 2178/1/5 2222/1/5 
f 2222/1/5 2178/1/5 2177/1/5 2234/1/5 
f 2234/1/5 2177/1/5 2198/1/5 2221/1/5 
f 2221/1/5 2198/1/5 2199/1/5 2172/1/5 
f 2172/1/5 2199/1/5 2220/1/5 2171/1/5 
f 2171/1/5 2220/1/5 2200/1/5 2176/1/5 
f 2176/1/5 2200/1/5 2202/1/5 2174/1/5 
f 2174/1/5 2202/1/5 2201/1/5 2173/1/5 
f 2173/1/5 2201/1/5 2051/1/5 2175/1/5 
f 2175/1/5 2051/1/5 2054/1/5 2169/1/5 
f 2169/1/5 2054/1/5 2058/1/5 2170/1/5 
f 2170/1/5 2058/1/5 2049/1/5 2168/1/5 
f 2168/1/5 2049/1/5 2060/1/5 2045/1/5 
f 2045/1/5 2060/1/5 2050/1/5 2046/1/5 
f 2090/1/5 2208/1/5 2021/1/5 2088/1/5 
f 2141/1/68 2214/1/68 2230/1/68 2150/1/68 
f 2139/1/69 2215/1/69 2204/1/69 2152/1/69 
f 2137/1/70 2217/1/70 2232/1/70 2154/1/70 
f 2139/1/41 2140/1/41 2203/1/41 2215/1/41 
f 2137/1/41 2138/1/41 2216/1/41 2217/1/41 
f 2153/1/2 2231/1/2 2223/1/2 2112/1/2 
f 2231/1/71 2153/1/71 2111/1/71 2224/1/71 
f 2216/1/3 2138/1/3 2154/1/3 2232/1/3 
f 2133/1/41 2134/1/41 2218/1/41 2219/1/41 
f 2218/1/3 2134/1/3 2158/1/3 2233/1/3 
f 2111/1/1 2112/1/1 2223/1/1 2224/1/1 
f 2234/1/72 2161/1/72 2119/1/72 2222/1/72 
f 2119/1/1 2120/1/1 2221/1/1 2222/1/1 
f 2133/1/73 2219/1/73 2233/1/73 2158/1/73 
f 2129/1/74 2220/1/74 2199/1/74 2162/1/74 
f 2161/1/2 2234/1/2 2221/1/2 2120/1/2 
f 2129/1/41 2130/1/41 2198/1/41 2220/1/41 
f 2213/1/3 2142/1/3 2150/1/3 2230/1/3 
f 2228/1/44 2146/1/44 2105/1/44 2226/1/44 
f 2141/1/41 2142/1/41 2213/1/41 2214/1/41 
f 2146/1/2 2228/1/2 2225/1/2 2106/1/2 
f 2105/1/1 2106/1/1 2225/1/1 2226/1/1 
f 1993/1/3 1925/1/3 1929/1/3 2011/1/3 
f 1924/1/41 1925/1/41 1993/1/41 1994/1/41 
f 1924/1/42 1994/1/42 2011/1/42 1929/1/42 
f 259/1/33 260/1/33 1988/1/33 2017/1/33 
f 1884/1/33 259/1/33 2017/1/33 2235/1/33 
f 256/1/1 1822/1/1 1815/1/1 255/1/1 
f 1824/1/2 1819/1/2 2017/1/2 2235/1/2 
f 1991/1/3 1881/1/3 1928/1/3 2009/1/3 
f 1885/1/1 1883/1/1 1987/1/1 1989/1/1 
f 1926/1/43 1992/1/43 2009/1/43 1928/1/43 
f 1926/1/41 1881/1/41 1991/1/41 1992/1/41 
f 1948/1/2 1990/1/2 1801/1/2 1800/1/2 
f 1882/1/2 1986/1/2 1987/1/2 1883/1/2 
f 1986/1/44 1882/1/44 1885/1/44 1989/1/44 
f 1808/1/2 1807/1/2 1812/1/2 1811/1/2 
f 1990/1/45 1948/1/45 1799/1/45 1802/1/45 
f 2211/1/3 2144/1/3 2148/1/3 2229/1/3 
f 2143/1/41 2144/1/41 2211/1/41 2212/1/41 
f 2143/1/42 2212/1/42 2229/1/42 2148/1/42 
f 2099/1/33 2236/1/33 2103/1/33 945/1/33 
f 2099/1/33 945/1/33 944/1/33 
f 942/1/1 2040/1/1 2034/1/1 941/1/1 
f 2209/1/3 2100/1/3 2147/1/3 2227/1/3 
f 2104/1/1 2102/1/1 2206/1/1 2207/1/1 
f 2145/1/43 2210/1/43 2227/1/43 2147/1/43 
f 2145/1/41 2100/1/41 2209/1/41 2210/1/41 
f 2167/1/2 2208/1/2 2020/1/2 2019/1/2 
f 2101/1/2 2205/1/2 2206/1/2 2102/1/2 
f 2205/1/44 2101/1/44 2104/1/44 2207/1/44 
f 2027/1/2 2026/1/2 2031/1/2 2030/1/2 
f 2208/1/45 2167/1/45 2018/1/45 2021/1/45 
f 1072/1/5 2237/1/5 2238/1/5 2035/1/5 
f 2239/1/40 222/1/40 223/1/40 2240/1/40 
f 2240/1/40 223/1/40 1187/1/40 
f 1434/1/3 1433/1/3 2241/1/3 1849/1/3 
f 1850/1/3 1849/1/3 2241/1/3 1629/1/3 
f 1630/1/3 1629/1/3 2241/1/3 1263/1/3 
f 1264/1/3 1263/1/3 2241/1/3 2067/1/3 
f 2068/1/3 2067/1/3 2241/1/3 2242/1/3 
f 2242/1/3 2241/1/3 2243/1/3 2244/1/3 
f 219/1/1 9/1/1 8/1/1 
f 966/1/1 968/1/1 967/1/1 
f 2245/1/5 968/1/5 969/1/5 2246/1/5 
f 2247/1/5 2246/1/5 969/1/5 2068/1/5 
f 2247/1/5 2068/1/5 2242/1/5 
f 2248/1/33 2249/1/33 2246/1/33 2247/1/33 
f 2250/1/40 2251/1/40 2252/1/40 8/1/40 
f 219/1/40 8/1/40 2252/1/40 1433/1/40 
f 1433/1/40 2252/1/40 2241/1/40 
f 719/1/1 1373/1/1 2103/1/1 777/1/1 
f 1001/1/1 777/1/1 2103/1/1 945/1/1 
f 719/1/40 771/1/40 1264/1/40 1373/1/40 
f 1373/1/40 1264/1/40 1402/1/40 
f 1402/1/2 2236/1/2 2067/1/2 1264/1/2 
f 966/1/5 945/1/5 2103/1/5 2067/1/5 
f 2067/1/5 2103/1/5 2236/1/5 
f 492/1/1 1740/1/1 1295/1/1 662/1/1 
f 774/1/1 662/1/1 1295/1/1 718/1/1 
f 492/1/40 544/1/40 1630/1/40 1740/1/40 
f 1740/1/40 1630/1/40 1662/1/40 
f 1662/1/2 1296/1/2 1263/1/2 1630/1/2 
f 770/1/5 718/1/5 1295/1/5 1263/1/5 
f 1263/1/5 1295/1/5 1296/1/5 
f 260/1/1 1988/1/1 1663/1/1 318/1/1 
f 545/1/1 318/1/1 1663/1/1 491/1/1 
f 260/1/40 284/1/40 1850/1/40 1988/1/40 
f 1988/1/40 1850/1/40 2017/1/40 
f 2017/1/2 1661/1/2 1629/1/2 1850/1/2 
f 543/1/5 491/1/5 1663/1/5 1629/1/5 
f 1629/1/5 1663/1/5 1661/1/5 
f 12/1/1 1147/1/1 1884/1/1 14/1/1 
f 316/1/1 14/1/1 1884/1/1 259/1/1 
f 12/1/40 220/1/40 1434/1/40 1147/1/40 
f 1147/1/40 1434/1/40 1148/1/40 
f 1148/1/2 2235/1/2 1849/1/2 1434/1/2 
f 281/1/5 259/1/5 1884/1/5 1849/1/5 
f 1849/1/5 1884/1/5 2235/1/5 
f 2250/1/2 2253/1/2 2254/1/2 2251/1/2 
f 770/1/33 773/1/33 776/1/33 771/1/33 
f 2255/1/2 2245/1/2 2246/1/2 2249/1/2 
f 2254/1/5 2253/1/5 2243/1/5 2256/1/5 
f 2243/1/33 2253/1/33 2255/1/33 2244/1/33 
f 2255/1/40 2249/1/40 2248/1/40 2244/1/40 
f 2252/1/33 2251/1/33 2254/1/33 2256/1/33 
f 243/1/40 246/1/40 366/1/40 250/1/40 
f 250/1/40 366/1/40 343/1/40 
f 930/1/40 933/1/40 1050/1/40 936/1/40 
f 936/1/40 1050/1/40 1027/1/40 
f 2257/1/5 475/1/5 478/1/5 662/1/5 
f 662/1/5 478/1/5 485/1/5 502/1/5 
f 280/1/5 275/1/5 449/1/5 448/1/5 
f 280/1/5 448/1/5 446/1/5 260/1/5 
f 278/1/5 280/1/5 260/1/5 419/1/5 
f 418/1/5 419/1/5 260/1/5 415/1/5 
f 416/1/5 415/1/5 260/1/5 435/1/5 
f 434/1/5 435/1/5 260/1/5 410/1/5 
f 409/1/5 410/1/5 260/1/5 407/1/5 
f 406/1/5 407/1/5 260/1/5 402/1/5 
f 403/1/5 402/1/5 260/1/5 440/1/5 
f 441/1/5 440/1/5 260/1/5 394/1/5 
f 398/1/5 394/1/5 260/1/5 396/1/5 
f 397/1/5 396/1/5 260/1/5 390/1/5 
f 391/1/5 390/1/5 260/1/5 254/1/5 
f 254/1/5 260/1/5 318/1/5 270/1/5 
f 274/1/5 391/1/5 254/1/5 263/1/5 
f 263/1/5 254/1/5 253/1/5 248/1/5 
f 263/1/5 248/1/5 249/1/5 264/1/5 
f 272/1/5 264/1/5 249/1/5 266/1/5 
f 422/1/5 266/1/5 249/1/5 423/1/5 
f 442/1/5 423/1/5 249/1/5 420/1/5 
f 399/1/5 420/1/5 249/1/5 401/1/5 
f 436/1/5 401/1/5 249/1/5 437/1/5 
f 411/1/5 437/1/5 249/1/5 412/1/5 
f 430/1/5 412/1/5 249/1/5 432/1/5 
f 429/1/5 432/1/5 249/1/5 425/1/5 
f 427/1/5 425/1/5 249/1/5 443/1/5 
f 289/1/5 443/1/5 249/1/5 286/1/5 
f 449/1/5 286/1/5 249/1/5 447/1/5 
f 454/1/5 447/1/5 249/1/5 450/1/5 
f 299/1/5 450/1/5 249/1/5 300/1/5 
f 309/1/5 300/1/5 249/1/5 310/1/5 
f 305/1/5 310/1/5 249/1/5 302/1/5 
f 303/1/5 302/1/5 249/1/5 453/1/5 
f 229/1/5 303/1/5 453/1/5 260/1/5 
f 230/1/5 229/1/5 260/1/5 237/1/5 
f 240/1/5 237/1/5 260/1/5 233/1/5 
f 234/1/5 233/1/5 260/1/5 445/1/5 
f 260/1/5 446/1/5 445/1/5 
f 451/1/5 234/1/5 445/1/5 454/1/5 
f 454/1/5 445/1/5 444/1/5 447/1/5 
f 448/1/5 447/1/5 444/1/5 446/1/5 
f 241/1/5 234/1/5 451/1/5 450/1/5 
f 241/1/5 450/1/5 299/1/5 233/1/5 
f 233/1/5 299/1/5 313/1/5 240/1/5 
f 236/1/5 240/1/5 313/1/5 300/1/5 
f 236/1/5 300/1/5 309/1/5 237/1/5 
f 237/1/5 309/1/5 311/1/5 230/1/5 
f 455/1/5 230/1/5 311/1/5 310/1/5 
f 455/1/5 310/1/5 305/1/5 229/1/5 
f 229/1/5 305/1/5 303/1/5 
f 260/1/5 453/1/5 452/1/5 294/1/5 
f 291/1/5 294/1/5 452/1/5 456/1/5 
f 291/1/5 456/1/5 249/1/5 255/1/5 
f 296/1/5 291/1/5 255/1/5 294/1/5 
f 260/1/5 294/1/5 255/1/5 258/1/5 
f 453/1/5 249/1/5 456/1/5 
f 286/1/5 449/1/5 275/1/5 278/1/5 
f 287/1/5 286/1/5 278/1/5 419/1/5 
f 289/1/5 287/1/5 419/1/5 417/1/5 
f 443/1/5 289/1/5 417/1/5 428/1/5 
f 428/1/5 417/1/5 418/1/5 415/1/5 
f 427/1/5 428/1/5 415/1/5 414/1/5 
f 425/1/5 427/1/5 414/1/5 426/1/5 
f 426/1/5 414/1/5 416/1/5 435/1/5 
f 429/1/5 426/1/5 435/1/5 433/1/5 
f 432/1/5 429/1/5 433/1/5 431/1/5 
f 431/1/5 433/1/5 434/1/5 410/1/5 
f 430/1/5 431/1/5 410/1/5 408/1/5 
f 412/1/5 430/1/5 408/1/5 413/1/5 
f 413/1/5 408/1/5 409/1/5 407/1/5 
f 411/1/5 413/1/5 407/1/5 405/1/5 
f 437/1/5 411/1/5 405/1/5 438/1/5 
f 438/1/5 405/1/5 406/1/5 402/1/5 
f 436/1/5 438/1/5 402/1/5 404/1/5 
f 401/1/5 436/1/5 404/1/5 400/1/5 
f 400/1/5 404/1/5 403/1/5 440/1/5 
f 399/1/5 400/1/5 440/1/5 439/1/5 
f 420/1/5 399/1/5 439/1/5 441/1/5 
f 421/1/5 420/1/5 441/1/5 394/1/5 
f 442/1/5 421/1/5 394/1/5 393/1/5 
f 423/1/5 442/1/5 393/1/5 424/1/5 
f 424/1/5 393/1/5 398/1/5 396/1/5 
f 422/1/5 424/1/5 396/1/5 395/1/5 
f 266/1/5 422/1/5 395/1/5 267/1/5 
f 267/1/5 395/1/5 397/1/5 390/1/5 
f 272/1/5 267/1/5 390/1/5 392/1/5 
f 264/1/5 272/1/5 392/1/5 274/1/5 
f 391/1/5 274/1/5 392/1/5 
f 155/1/5 154/1/5 149/1/5 151/1/5 
f 155/1/5 151/1/5 144/1/5 12/1/5 
f 158/1/5 155/1/5 12/1/5 139/1/5 
f 138/1/5 139/1/5 12/1/5 125/1/5 
f 128/1/5 125/1/5 12/1/5 95/1/5 
f 98/1/5 95/1/5 12/1/5 103/1/5 
f 102/1/5 103/1/5 12/1/5 91/1/5 
f 90/1/5 91/1/5 12/1/5 77/1/5 
f 78/1/5 77/1/5 12/1/5 71/1/5 
f 72/1/5 71/1/5 12/1/5 53/1/5 
f 56/1/5 53/1/5 12/1/5 41/1/5 
f 44/1/5 41/1/5 12/1/5 29/1/5 
f 30/1/5 29/1/5 12/1/5 20/1/5 
f 20/1/5 12/1/5 14/1/5 16/1/5 
f 23/1/5 30/1/5 20/1/5 24/1/5 
f 24/1/5 20/1/5 15/1/5 13/1/5 
f 24/1/5 13/1/5 1/1/5 26/1/5 
f 35/1/5 26/1/5 1/1/5 36/1/5 
f 47/1/5 36/1/5 1/1/5 48/1/5 
f 59/1/5 48/1/5 1/1/5 60/1/5 
f 63/1/5 60/1/5 1/1/5 68/1/5 
f 85/1/5 68/1/5 1/1/5 82/1/5 
f 113/1/5 82/1/5 1/1/5 114/1/5 
f 107/1/5 114/1/5 1/1/5 108/1/5 
f 117/1/5 108/1/5 1/1/5 122/1/5 
f 133/1/5 122/1/5 1/1/5 130/1/5 
f 163/1/5 130/1/5 1/1/5 160/1/5 
f 149/1/5 160/1/5 1/1/5 150/1/5 
f 169/1/5 150/1/5 1/1/5 166/1/5 
f 209/1/5 166/1/5 1/1/5 210/1/5 
f 197/1/5 210/1/5 1/1/5 198/1/5 
f 187/1/5 198/1/5 1/1/5 184/1/5 
f 185/1/5 184/1/5 1/1/5 180/1/5 
f 193/1/5 185/1/5 180/1/5 12/1/5 
f 192/1/5 193/1/5 12/1/5 205/1/5 
f 204/1/5 205/1/5 12/1/5 215/1/5 
f 216/1/5 215/1/5 12/1/5 145/1/5 
f 12/1/5 144/1/5 145/1/5 
f 167/1/5 216/1/5 145/1/5 169/1/5 
f 169/1/5 145/1/5 141/1/5 150/1/5 
f 151/1/5 150/1/5 141/1/5 144/1/5 
f 217/1/5 216/1/5 167/1/5 166/1/5 
f 217/1/5 166/1/5 209/1/5 215/1/5 
f 215/1/5 209/1/5 211/1/5 204/1/5 
f 201/1/5 204/1/5 211/1/5 210/1/5 
f 201/1/5 210/1/5 197/1/5 205/1/5 
f 205/1/5 197/1/5 199/1/5 192/1/5 
f 189/1/5 192/1/5 199/1/5 198/1/5 
f 189/1/5 198/1/5 187/1/5 193/1/5 
f 193/1/5 187/1/5 185/1/5 
f 12/1/5 180/1/5 179/1/5 174/1/5 
f 171/1/5 174/1/5 179/1/5 181/1/5 
f 171/1/5 181/1/5 1/1/5 4/1/5 
f 176/1/5 171/1/5 4/1/5 174/1/5 
f 12/1/5 174/1/5 4/1/5 11/1/5 
f 180/1/5 1/1/5 181/1/5 
f 160/1/5 149/1/5 154/1/5 158/1/5 
f 161/1/5 160/1/5 158/1/5 139/1/5 
f 163/1/5 161/1/5 139/1/5 135/1/5 
f 130/1/5 163/1/5 135/1/5 131/1/5 
f 131/1/5 135/1/5 138/1/5 125/1/5 
f 133/1/5 131/1/5 125/1/5 124/1/5 
f 122/1/5 133/1/5 124/1/5 120/1/5 
f 120/1/5 124/1/5 128/1/5 95/1/5 
f 117/1/5 120/1/5 95/1/5 94/1/5 
f 108/1/5 117/1/5 94/1/5 109/1/5 
f 109/1/5 94/1/5 98/1/5 103/1/5 
f 107/1/5 109/1/5 103/1/5 99/1/5 
f 114/1/5 107/1/5 99/1/5 115/1/5 
f 115/1/5 99/1/5 102/1/5 91/1/5 
f 113/1/5 115/1/5 91/1/5 87/1/5 
f 82/1/5 113/1/5 87/1/5 83/1/5 
f 83/1/5 87/1/5 90/1/5 77/1/5 
f 85/1/5 83/1/5 77/1/5 79/1/5 
f 68/1/5 85/1/5 79/1/5 66/1/5 
f 66/1/5 79/1/5 78/1/5 71/1/5 
f 63/1/5 66/1/5 71/1/5 73/1/5 
f 60/1/5 63/1/5 73/1/5 72/1/5 
f 61/1/5 60/1/5 72/1/5 53/1/5 
f 59/1/5 61/1/5 53/1/5 52/1/5 
f 48/1/5 59/1/5 52/1/5 49/1/5 
f 49/1/5 52/1/5 56/1/5 41/1/5 
f 47/1/5 49/1/5 41/1/5 40/1/5 
f 36/1/5 47/1/5 40/1/5 37/1/5 
f 37/1/5 40/1/5 44/1/5 29/1/5 
f 35/1/5 37/1/5 29/1/5 31/1/5 
f 26/1/5 35/1/5 31/1/5 23/1/5 
f 30/1/5 23/1/5 31/1/5 
f 775/1/5 702/1/5 705/1/5 777/1/5 
f 777/1/5 705/1/5 712/1/5 729/1/5 
f 1000/1/5 933/1/5 1050/1/5 1001/1/5 
f 702/1/4 705/1/4 1050/1/4 933/1/4 
f 2258/1/3 2259/1/3 2260/1/3 2261/1/3 
f 2258/1/3 2261/1/3 954/1/3 938/1/3 
f 2262/1/3 2258/1/3 938/1/3 1050/1/3 
f 2259/1/3 2262/1/3 1050/1/3 705/1/3 
f 2259/1/3 705/1/3 712/1/3 2260/1/3 
f 2263/1/3 2260/1/3 712/1/3 729/1/3 
f 2261/1/3 2263/1/3 729/1/3 954/1/3 
f 954/1/3 729/1/3 777/1/3 1001/1/3 
f 775/1/1 777/1/1 1001/1/1 1000/1/1 
f 2264/1/2 702/1/2 933/1/2 1000/1/2 
f 2265/1/2 2264/1/2 1000/1/2 2266/1/2 
f 2267/1/2 2266/1/2 1000/1/2 775/1/2 
f 2268/1/2 2267/1/2 775/1/2 702/1/2 
f 2269/1/2 2268/1/2 702/1/2 2264/1/2 
f 2268/1/2 2269/1/2 2265/1/2 2266/1/2 
f 772/1/5 703/1/5 708/1/5 774/1/5 
f 475/1/4 478/1/4 708/1/4 703/1/4 
f 2270/1/3 708/1/3 478/1/3 485/1/3 
f 2271/1/3 2270/1/3 485/1/3 502/1/3 
f 2272/1/3 2271/1/3 502/1/3 2273/1/3 
f 2273/1/3 502/1/3 728/1/3 711/1/3 
f 2274/1/3 2273/1/3 711/1/3 2275/1/3 
f 2275/1/3 711/1/3 708/1/3 2270/1/3 
f 2274/1/3 2275/1/3 2271/1/3 2272/1/3 
f 728/1/3 502/1/3 662/1/3 774/1/3 
f 2257/1/1 662/1/1 774/1/1 772/1/1 
f 2276/1/2 2277/1/2 2278/1/2 2279/1/2 
f 2276/1/2 2279/1/2 2257/1/2 2280/1/2 
f 2280/1/2 2257/1/2 475/1/2 2277/1/2 
f 2277/1/2 475/1/2 703/1/2 2278/1/2 
f 2278/1/2 703/1/2 772/1/2 2281/1/2 
f 2279/1/2 2281/1/2 772/1/2 2257/1/2 
f 592/1/5 476/1/5 481/1/5 545/1/5 
f 2282/1/3 2283/1/3 2284/1/3 2285/1/3 
f 2282/1/3 2285/1/3 501/1/3 484/1/3 
f 2286/1/3 2282/1/3 484/1/3 481/1/3 
f 2283/1/3 2286/1/3 481/1/3 248/1/3 
f 2283/1/3 248/1/3 253/1/3 2284/1/3 
f 2287/1/3 2284/1/3 253/1/3 270/1/3 
f 2285/1/3 2287/1/3 270/1/3 501/1/3 
f 501/1/3 270/1/3 318/1/3 545/1/3 
f 317/1/1 318/1/1 545/1/1 592/1/1 
f 2288/1/2 245/1/2 476/1/2 592/1/2 
f 2289/1/2 2288/1/2 592/1/2 2290/1/2 
f 2291/1/2 2290/1/2 592/1/2 317/1/2 
f 2292/1/2 2291/1/2 317/1/2 245/1/2 
f 2293/1/2 2292/1/2 245/1/2 2288/1/2 
f 2292/1/2 2293/1/2 2289/1/2 2290/1/2 
f 245/1/4 248/1/4 481/1/4 476/1/4 
f 315/1/5 246/1/5 366/1/5 316/1/5 
f 2294/1/3 366/1/3 13/1/3 15/1/3 
f 2295/1/3 2294/1/3 15/1/3 16/1/3 
f 2296/1/3 2295/1/3 16/1/3 2297/1/3 
f 2297/1/3 16/1/3 269/1/3 252/1/3 
f 2298/1/3 2297/1/3 252/1/3 2299/1/3 
f 2299/1/3 252/1/3 366/1/3 2294/1/3 
f 2298/1/3 2299/1/3 2295/1/3 2296/1/3 
f 269/1/3 16/1/3 14/1/3 316/1/3 
f 7/1/1 14/1/1 316/1/1 315/1/1 
f 2300/1/2 2301/1/2 2302/1/2 2303/1/2 
f 2300/1/2 2303/1/2 7/1/2 2304/1/2 
f 2304/1/2 7/1/2 6/1/2 2301/1/2 
f 2301/1/2 6/1/2 246/1/2 2302/1/2 
f 2302/1/2 246/1/2 315/1/2 2305/1/2 
f 2303/1/2 2305/1/2 315/1/2 7/1/2 
f 6/1/4 13/1/4 366/1/4 246/1/4 
f 2259/1/33 2269/1/33 2264/1/33 2262/1/33 
f 2264/1/40 2265/1/40 2258/1/40 2262/1/40 
f 2269/1/75 2259/1/75 2258/1/75 2265/1/75 
f 2260/1/76 2268/1/76 2266/1/76 2261/1/76 
f 2267/1/1 2263/1/1 2261/1/1 2266/1/1 
f 2267/1/5 2268/1/5 2260/1/5 2263/1/5 
f 2272/1/77 2279/1/77 2278/1/77 2274/1/77 
f 2278/1/40 2281/1/40 2273/1/40 2274/1/40 
f 2279/1/1 2272/1/1 2273/1/1 2281/1/1 
f 2276/1/78 2271/1/78 2275/1/78 2277/1/78 
f 2276/1/5 2280/1/5 2270/1/5 2271/1/5 
f 2270/1/33 2280/1/33 2277/1/33 2275/1/33 
f 2283/1/33 2293/1/33 2288/1/33 2286/1/33 
f 2288/1/40 2289/1/40 2282/1/40 2286/1/40 
f 2293/1/75 2283/1/75 2282/1/75 2289/1/75 
f 2284/1/76 2292/1/76 2290/1/76 2285/1/76 
f 2291/1/1 2287/1/1 2285/1/1 2290/1/1 
f 2291/1/5 2292/1/5 2284/1/5 2287/1/5 
f 2300/1/5 2304/1/5 2294/1/5 2295/1/5 
f 2294/1/33 2304/1/33 2301/1/33 2299/1/33 
f 2300/1/78 2295/1/78 2299/1/78 2301/1/78 
f 2303/1/1 2296/1/1 2297/1/1 2305/1/1 
f 2296/1/77 2303/1/77 2302/1/77 2298/1/77 
f 2302/1/40 2305/1/40 2297/1/40 2298/1/40 
f 704/1/40 2306/1/40 746/1/40 845/1/40 
f 845/1/40 746/1/40 751/1/40 717/1/40 
f 845/1/40 717/1/40 714/1/40 
f 1276/1/33 717/1/33 943/1/33 1272/1/33 
f 2307/1/33 1272/1/33 943/1/33 2079/1/33 
f 2307/1/33 2079/1/33 2075/1/33 2308/1/33 
f 942/1/5 1073/1/5 2038/1/5 943/1/5 
f 2079/1/5 943/1/5 2038/1/5 2075/1/5 
f 2075/1/5 2038/1/5 2308/1/5 
f 714/1/40 717/1/40 1276/1/40 845/1/40 
f 1230/1/40 845/1/40 1276/1/40 1272/1/40 
f 1230/1/40 1272/1/40 2307/1/40 
f 1642/1/33 490/1/33 716/1/33 1638/1/33 
f 2309/1/33 1638/1/33 716/1/33 1275/1/33 
f 2309/1/33 1275/1/33 1271/1/33 2310/1/33 
f 715/1/5 846/1/5 1234/1/5 716/1/5 
f 1275/1/5 716/1/5 1234/1/5 1271/1/5 
f 1271/1/5 1234/1/5 2310/1/5 
f 487/1/40 490/1/40 1642/1/40 614/1/40 
f 1596/1/40 614/1/40 1642/1/40 1638/1/40 
f 1596/1/40 1638/1/40 2309/1/40 
f 488/1/5 615/1/5 1600/1/5 489/1/5 
f 1641/1/5 489/1/5 1600/1/5 1637/1/5 
f 1637/1/5 1600/1/5 2311/1/5 
f 255/1/40 258/1/40 1862/1/40 388/1/40 
f 1816/1/40 388/1/40 1862/1/40 1858/1/40 
f 1816/1/40 1858/1/40 2312/1/40 
f 291/1/33 2313/1/33 2314/1/33 296/1/33 
f 258/1/33 296/1/33 2314/1/33 520/1/33 
f 258/1/33 520/1/33 523/1/33 489/1/33 
f 2314/1/5 480/1/5 615/1/5 520/1/5 
f 523/1/5 520/1/5 615/1/5 489/1/5 
f 489/1/5 615/1/5 488/1/5 
f 247/1/40 2313/1/40 291/1/40 388/1/40 
f 388/1/40 291/1/40 296/1/40 258/1/40 
f 388/1/40 258/1/40 255/1/40 
f 1446/1/33 11/1/33 257/1/33 1442/1/33 
f 2315/1/33 1442/1/33 257/1/33 1861/1/33 
f 2315/1/33 1861/1/33 1857/1/33 2316/1/33 
f 256/1/5 389/1/5 1820/1/5 257/1/5 
f 1861/1/5 257/1/5 1820/1/5 1857/1/5 
f 1857/1/5 1820/1/5 2316/1/5 
f 4/1/40 11/1/40 1446/1/40 224/1/40 
f 1184/1/40 224/1/40 1446/1/40 1442/1/40 
f 1184/1/40 1442/1/40 2315/1/40 
f 1862/1/33 258/1/33 489/1/33 1858/1/33 
f 2312/1/33 1858/1/33 489/1/33 1641/1/33 
f 2312/1/33 1641/1/33 1637/1/33 2311/1/33 
f 171/1/33 2317/1/33 2318/1/33 176/1/33 
f 11/1/33 176/1/33 2318/1/33 292/1/33 
f 11/1/33 292/1/33 295/1/33 257/1/33 
f 2318/1/5 250/1/5 389/1/5 292/1/5 
f 295/1/5 292/1/5 389/1/5 257/1/5 
f 257/1/5 389/1/5 256/1/5 
f 221/1/40 2317/1/40 171/1/40 224/1/40 
f 224/1/40 171/1/40 176/1/40 11/1/40 
f 224/1/40 11/1/40 4/1/40 
f 519/1/33 2319/1/33 2320/1/33 524/1/33 
f 490/1/33 524/1/33 2320/1/33 747/1/33 
f 490/1/33 747/1/33 750/1/33 716/1/33 
f 2320/1/5 707/1/5 846/1/5 747/1/5 
f 750/1/5 747/1/5 846/1/5 716/1/5 
f 716/1/5 846/1/5 715/1/5 
f 477/1/40 2319/1/40 519/1/40 614/1/40 
f 614/1/40 519/1/40 524/1/40 490/1/40 
f 614/1/40 490/1/40 487/1/40 
f 746/1/33 2306/1/33 2321/1/33 751/1/33 
f 717/1/33 751/1/33 2321/1/33 977/1/33 
f 717/1/33 977/1/33 980/1/33 943/1/33 
f 1838/1/40 1884/1/40 2235/1/40 1825/1/40 
f 1823/1/40 1825/1/40 2235/1/40 1824/1/40 
f 1619/1/40 1615/1/40 1664/1/40 1668/1/40 
f 1619/1/40 1668/1/40 1610/1/40 1603/1/40 
f 1614/1/40 1619/1/40 1603/1/40 1728/1/40 
f 1729/1/40 1728/1/40 1603/1/40 1784/1/40 
f 1725/1/40 1784/1/40 1603/1/40 1682/1/40 
f 1686/1/40 1682/1/40 1603/1/40 1778/1/40 
f 1779/1/40 1778/1/40 1603/1/40 1706/1/40 
f 1707/1/40 1706/1/40 1603/1/40 1772/1/40 
f 1774/1/40 1772/1/40 1603/1/40 1771/1/40 
f 1735/1/40 1771/1/40 1603/1/40 1769/1/40 
f 1785/1/40 1769/1/40 1603/1/40 1635/1/40 
f 1632/1/40 1635/1/40 1603/1/40 1791/1/40 
f 1789/1/40 1791/1/40 1603/1/40 1796/1/40 
f 1792/1/40 1796/1/40 1603/1/40 1643/1/40 
f 1644/1/40 1643/1/40 1603/1/40 1653/1/40 
f 1654/1/40 1653/1/40 1603/1/40 1651/1/40 
f 1648/1/40 1651/1/40 1603/1/40 1602/1/40 
f 1649/1/40 1648/1/40 1602/1/40 1798/1/40 
f 1649/1/40 1798/1/40 1795/1/40 1579/1/40 
f 1663/1/40 1579/1/40 1795/1/40 1794/1/40 
f 491/1/40 1663/1/40 1794/1/40 1640/1/40 
f 489/1/40 491/1/40 1640/1/40 488/1/40 
f 488/1/40 1640/1/40 1641/1/40 1602/1/40 
f 1602/1/40 1641/1/40 1637/1/40 1798/1/40 
f 1794/1/40 1798/1/40 1637/1/40 1640/1/40 
f 1580/1/40 1579/1/40 1663/1/40 1589/1/40 
f 1591/1/40 1589/1/40 1663/1/40 1583/1/40 
f 1584/1/40 1583/1/40 1663/1/40 1787/1/40 
f 1788/1/40 1787/1/40 1663/1/40 1627/1/40 
f 1626/1/40 1627/1/40 1663/1/40 1722/1/40 
f 1721/1/40 1722/1/40 1663/1/40 1714/1/40 
f 1716/1/40 1714/1/40 1663/1/40 1777/1/40 
f 1776/1/40 1777/1/40 1663/1/40 1704/1/40 
f 1703/1/40 1704/1/40 1663/1/40 1698/1/40 
f 1697/1/40 1698/1/40 1663/1/40 1688/1/40 
f 1689/1/40 1688/1/40 1663/1/40 1782/1/40 
f 1783/1/40 1782/1/40 1663/1/40 1672/1/40 
f 1680/1/40 1672/1/40 1663/1/40 1676/1/40 
f 1678/1/40 1676/1/40 1663/1/40 1664/1/40 
f 1665/1/40 1664/1/40 1663/1/40 1606/1/40 
f 1606/1/40 1663/1/40 1618/1/40 
f 1621/1/40 1665/1/40 1606/1/40 1609/1/40 
f 1609/1/40 1606/1/40 1605/1/40 1603/1/40 
f 1603/1/40 1610/1/40 1609/1/40 
f 1668/1/40 1665/1/40 1621/1/40 1610/1/40 
f 1678/1/40 1664/1/40 1615/1/40 1675/1/40 
f 1675/1/40 1615/1/40 1614/1/40 1728/1/40 
f 1676/1/40 1675/1/40 1728/1/40 1733/1/40 
f 1680/1/40 1676/1/40 1733/1/40 1671/1/40 
f 1671/1/40 1733/1/40 1729/1/40 1784/1/40 
f 1672/1/40 1671/1/40 1784/1/40 1726/1/40 
f 1783/1/40 1672/1/40 1726/1/40 1781/1/40 
f 1781/1/40 1726/1/40 1725/1/40 1682/1/40 
f 1782/1/40 1781/1/40 1682/1/40 1685/1/40 
f 1689/1/40 1782/1/40 1685/1/40 1692/1/40 
f 1692/1/40 1685/1/40 1686/1/40 1778/1/40 
f 1688/1/40 1692/1/40 1778/1/40 1780/1/40 
f 1697/1/40 1688/1/40 1780/1/40 1694/1/40 
f 1694/1/40 1780/1/40 1779/1/40 1706/1/40 
f 1698/1/40 1694/1/40 1706/1/40 1710/1/40 
f 1703/1/40 1698/1/40 1710/1/40 1700/1/40 
f 1700/1/40 1710/1/40 1707/1/40 1772/1/40 
f 1704/1/40 1700/1/40 1772/1/40 1773/1/40 
f 1776/1/40 1704/1/40 1773/1/40 1775/1/40 
f 1775/1/40 1773/1/40 1774/1/40 1771/1/40 
f 1777/1/40 1775/1/40 1771/1/40 1736/1/40 
f 1716/1/40 1777/1/40 1736/1/40 1713/1/40 
f 1713/1/40 1736/1/40 1735/1/40 1769/1/40 
f 1714/1/40 1713/1/40 1769/1/40 1770/1/40 
f 1721/1/40 1714/1/40 1770/1/40 1718/1/40 
f 1718/1/40 1770/1/40 1785/1/40 1635/1/40 
f 1722/1/40 1718/1/40 1635/1/40 1633/1/40 
f 1626/1/40 1722/1/40 1633/1/40 1623/1/40 
f 1623/1/40 1633/1/40 1632/1/40 1791/1/40 
f 1627/1/40 1623/1/40 1791/1/40 1790/1/40 
f 1788/1/40 1627/1/40 1790/1/40 1786/1/40 
f 1786/1/40 1790/1/40 1789/1/40 1796/1/40 
f 1787/1/40 1786/1/40 1796/1/40 1793/1/40 
f 1584/1/40 1787/1/40 1793/1/40 1593/1/40 
f 1593/1/40 1793/1/40 1792/1/40 1643/1/40 
f 1583/1/40 1593/1/40 1643/1/40 1659/1/40 
f 1591/1/40 1583/1/40 1659/1/40 1588/1/40 
f 1588/1/40 1659/1/40 1644/1/40 1653/1/40 
f 1589/1/40 1588/1/40 1653/1/40 1657/1/40 
f 1580/1/40 1589/1/40 1657/1/40 1797/1/40 
f 1797/1/40 1657/1/40 1654/1/40 1651/1/40 
f 1579/1/40 1797/1/40 1651/1/40 1649/1/40 
f 1253/1/40 1249/1/40 1297/1/40 1301/1/40 
f 1253/1/40 1301/1/40 1244/1/40 1237/1/40 
f 1248/1/40 1253/1/40 1237/1/40 1361/1/40 
f 1362/1/40 1361/1/40 1237/1/40 1418/1/40 
f 1358/1/40 1418/1/40 1237/1/40 1315/1/40 
f 1319/1/40 1315/1/40 1237/1/40 1412/1/40 
f 1413/1/40 1412/1/40 1237/1/40 1339/1/40 
f 1340/1/40 1339/1/40 1237/1/40 1406/1/40 
f 1408/1/40 1406/1/40 1237/1/40 1405/1/40 
f 1368/1/40 1405/1/40 1237/1/40 1403/1/40 
f 1419/1/40 1403/1/40 1237/1/40 1269/1/40 
f 1266/1/40 1269/1/40 1237/1/40 1425/1/40 
f 1423/1/40 1425/1/40 1237/1/40 1430/1/40 
f 1426/1/40 1430/1/40 1237/1/40 1277/1/40 
f 1278/1/40 1277/1/40 1237/1/40 1287/1/40 
f 1288/1/40 1287/1/40 1237/1/40 1285/1/40 
f 1282/1/40 1285/1/40 1237/1/40 1236/1/40 
f 1283/1/40 1282/1/40 1236/1/40 1432/1/40 
f 1283/1/40 1432/1/40 1429/1/40 1213/1/40 
f 1295/1/40 1213/1/40 1429/1/40 1428/1/40 
f 718/1/40 1295/1/40 1428/1/40 1274/1/40 
f 716/1/40 718/1/40 1274/1/40 715/1/40 
f 715/1/40 1274/1/40 1275/1/40 1236/1/40 
f 1236/1/40 1275/1/40 1271/1/40 1432/1/40 
f 1428/1/40 1432/1/40 1271/1/40 1274/1/40 
f 1214/1/40 1213/1/40 1295/1/40 1223/1/40 
f 1225/1/40 1223/1/40 1295/1/40 1217/1/40 
f 1218/1/40 1217/1/40 1295/1/40 1421/1/40 
f 1422/1/40 1421/1/40 1295/1/40 1261/1/40 
f 1260/1/40 1261/1/40 1295/1/40 1355/1/40 
f 1354/1/40 1355/1/40 1295/1/40 1347/1/40 
f 1349/1/40 1347/1/40 1295/1/40 1411/1/40 
f 1410/1/40 1411/1/40 1295/1/40 1337/1/40 
f 1336/1/40 1337/1/40 1295/1/40 1331/1/40 
f 1330/1/40 1331/1/40 1295/1/40 1321/1/40 
f 1322/1/40 1321/1/40 1295/1/40 1416/1/40 
f 1417/1/40 1416/1/40 1295/1/40 1305/1/40 
f 1313/1/40 1305/1/40 1295/1/40 1309/1/40 
f 1311/1/40 1309/1/40 1295/1/40 1297/1/40 
f 1298/1/40 1297/1/40 1295/1/40 1240/1/40 
f 1240/1/40 1295/1/40 1252/1/40 
f 1255/1/40 1298/1/40 1240/1/40 1243/1/40 
f 1243/1/40 1240/1/40 1239/1/40 1237/1/40 
f 1237/1/40 1244/1/40 1243/1/40 
f 1301/1/40 1298/1/40 1255/1/40 1244/1/40 
f 1311/1/40 1297/1/40 1249/1/40 1308/1/40 
f 1308/1/40 1249/1/40 1248/1/40 1361/1/40 
f 1309/1/40 1308/1/40 1361/1/40 1366/1/40 
f 1313/1/40 1309/1/40 1366/1/40 1304/1/40 
f 1304/1/40 1366/1/40 1362/1/40 1418/1/40 
f 1305/1/40 1304/1/40 1418/1/40 1359/1/40 
f 1417/1/40 1305/1/40 1359/1/40 1415/1/40 
f 1415/1/40 1359/1/40 1358/1/40 1315/1/40 
f 1416/1/40 1415/1/40 1315/1/40 1318/1/40 
f 1322/1/40 1416/1/40 1318/1/40 1325/1/40 
f 1325/1/40 1318/1/40 1319/1/40 1412/1/40 
f 1321/1/40 1325/1/40 1412/1/40 1414/1/40 
f 1330/1/40 1321/1/40 1414/1/40 1327/1/40 
f 1327/1/40 1414/1/40 1413/1/40 1339/1/40 
f 1331/1/40 1327/1/40 1339/1/40 1343/1/40 
f 1336/1/40 1331/1/40 1343/1/40 1333/1/40 
f 1333/1/40 1343/1/40 1340/1/40 1406/1/40 
f 1337/1/40 1333/1/40 1406/1/40 1407/1/40 
f 1410/1/40 1337/1/40 1407/1/40 1409/1/40 
f 1409/1/40 1407/1/40 1408/1/40 1405/1/40 
f 1411/1/40 1409/1/40 1405/1/40 1369/1/40 
f 1349/1/40 1411/1/40 1369/1/40 1346/1/40 
f 1346/1/40 1369/1/40 1368/1/40 1403/1/40 
f 1347/1/40 1346/1/40 1403/1/40 1404/1/40 
f 1354/1/40 1347/1/40 1404/1/40 1351/1/40 
f 1351/1/40 1404/1/40 1419/1/40 1269/1/40 
f 1355/1/40 1351/1/40 1269/1/40 1267/1/40 
f 1260/1/40 1355/1/40 1267/1/40 1257/1/40 
f 1257/1/40 1267/1/40 1266/1/40 1425/1/40 
f 1261/1/40 1257/1/40 1425/1/40 1424/1/40 
f 1422/1/40 1261/1/40 1424/1/40 1420/1/40 
f 1420/1/40 1424/1/40 1423/1/40 1430/1/40 
f 1421/1/40 1420/1/40 1430/1/40 1427/1/40 
f 1218/1/40 1421/1/40 1427/1/40 1227/1/40 
f 1227/1/40 1427/1/40 1426/1/40 1277/1/40 
f 1217/1/40 1227/1/40 1277/1/40 1293/1/40 
f 1225/1/40 1217/1/40 1293/1/40 1222/1/40 
f 1222/1/40 1293/1/40 1278/1/40 1287/1/40 
f 1223/1/40 1222/1/40 1287/1/40 1291/1/40 
f 1214/1/40 1223/1/40 1291/1/40 1431/1/40 
f 1431/1/40 1291/1/40 1288/1/40 1285/1/40 
f 1213/1/40 1431/1/40 1285/1/40 1283/1/40 
f 2056/1/40 2103/1/40 2236/1/40 2043/1/40 
f 2041/1/40 2043/1/40 2236/1/40 2042/1/40 
f 1201/1/40 1147/1/40 1148/1/40 1192/1/40 
f 1186/1/40 1192/1/40 1148/1/40 1153/1/40 
f 1186/1/48 1153/1/48 1824/1/48 1823/1/48 
f 2322/1/2 2323/1/2 2324/1/2 2325/1/2 
f 2322/1/2 2325/1/2 1201/1/2 1192/1/2 
f 2326/1/2 2322/1/2 1192/1/2 1186/1/2 
f 2323/1/2 2326/1/2 1186/1/2 1823/1/2 
f 2323/1/2 1823/1/2 1825/1/2 2324/1/2 
f 2327/1/2 2324/1/2 1825/1/2 1838/1/2 
f 2325/1/2 2327/1/2 1838/1/2 1201/1/2 
f 1201/1/2 1838/1/2 1884/1/2 1147/1/2 
f 1884/1/1 1147/1/1 1148/1/1 2235/1/1 
f 1837/1/40 1988/1/40 2017/1/40 1828/1/40 
f 1818/1/40 1828/1/40 2017/1/40 1819/1/40 
f 2328/1/2 1818/1/2 1603/1/2 1605/1/2 
f 2329/1/2 2328/1/2 1605/1/2 1618/1/2 
f 2330/1/2 2329/1/2 1618/1/2 2331/1/2 
f 2331/1/2 1618/1/2 1837/1/2 1828/1/2 
f 2332/1/2 2331/1/2 1828/1/2 2333/1/2 
f 2333/1/2 1828/1/2 1818/1/2 2328/1/2 
f 2332/1/2 2333/1/2 2329/1/2 2330/1/2 
f 1837/1/2 1618/1/2 1663/1/2 1988/1/2 
f 1663/1/1 1988/1/1 2017/1/1 1661/1/1 
f 1818/1/48 1819/1/48 1604/1/48 1603/1/48 
f 1662/1/40 1617/1/40 1740/1/40 
f 1608/1/40 1599/1/40 1598/1/40 
f 2334/1/2 2335/1/2 2336/1/2 2337/1/2 
f 2334/1/2 2337/1/2 1617/1/2 1608/1/2 
f 2338/1/2 2334/1/2 1608/1/2 1598/1/2 
f 2335/1/2 2338/1/2 1598/1/2 1237/1/2 
f 2335/1/2 1237/1/2 1239/1/2 2336/1/2 
f 2339/1/2 2336/1/2 1239/1/2 1252/1/2 
f 2337/1/2 2339/1/2 1252/1/2 1617/1/2 
f 1617/1/2 1252/1/2 1295/1/2 1740/1/2 
f 1295/1/1 1740/1/1 1662/1/1 1296/1/1 
f 1237/1/48 1598/1/48 1599/1/48 1238/1/48 
f 1402/1/40 1251/1/40 1373/1/40 
f 1242/1/40 1233/1/40 1232/1/40 
f 1232/1/48 1233/1/48 2042/1/48 2041/1/48 
f 2340/1/2 1232/1/2 2041/1/2 2043/1/2 
f 2341/1/2 2340/1/2 2043/1/2 2056/1/2 
f 2342/1/2 2341/1/2 2056/1/2 2343/1/2 
f 2343/1/2 2056/1/2 1251/1/2 1242/1/2 
f 2344/1/2 2343/1/2 1242/1/2 2345/1/2 
f 2345/1/2 1242/1/2 1232/1/2 2340/1/2 
f 2344/1/2 2345/1/2 2341/1/2 2342/1/2 
f 1251/1/2 2056/1/2 2103/1/2 1373/1/2 
f 2103/1/1 1373/1/1 1402/1/1 2236/1/1 
f 2322/1/78 2346/1/78 2347/1/78 2323/1/78 
f 2348/1/33 2326/1/33 2323/1/33 2347/1/33 
f 2322/1/5 2326/1/5 2348/1/5 2346/1/5 
f 2324/1/40 2327/1/40 2349/1/40 2350/1/40 
f 2351/1/77 2325/1/77 2324/1/77 2350/1/77 
f 2325/1/1 2351/1/1 2349/1/1 2327/1/1 
f 2331/1/1 2352/1/1 2353/1/1 2330/1/1 
f 2354/1/76 2332/1/76 2330/1/76 2353/1/76 
f 2331/1/5 2332/1/5 2354/1/5 2352/1/5 
f 2328/1/40 2329/1/40 2355/1/40 2356/1/40 
f 2357/1/33 2333/1/33 2328/1/33 2356/1/33 
f 2333/1/75 2357/1/75 2355/1/75 2329/1/75 
f 2334/1/78 2358/1/78 2359/1/78 2335/1/78 
f 2360/1/33 2338/1/33 2335/1/33 2359/1/33 
f 2334/1/5 2338/1/5 2360/1/5 2358/1/5 
f 2336/1/40 2339/1/40 2361/1/40 2362/1/40 
f 2363/1/77 2337/1/77 2336/1/77 2362/1/77 
f 2337/1/1 2363/1/1 2361/1/1 2339/1/1 
f 2364/1/76 2344/1/76 2342/1/76 2365/1/76 
f 2343/1/5 2344/1/5 2364/1/5 2366/1/5 
f 2343/1/1 2366/1/1 2365/1/1 2342/1/1 
f 2367/1/33 2345/1/33 2340/1/33 2368/1/33 
f 2345/1/75 2367/1/75 2369/1/75 2341/1/75 
f 2340/1/40 2341/1/40 2369/1/40 2368/1/40 
f 2321/1/5 936/1/5 1073/1/5 977/1/5 
f 980/1/5 977/1/5 1073/1/5 943/1/5 
f 943/1/5 1073/1/5 942/1/5 
f 936/1/1 1073/1/1 1072/1/1 934/1/1 
f 942/1/2 941/1/2 944/1/2 943/1/2 
f 1073/1/2 1072/1/2 941/1/2 942/1/2 
f 2038/1/3 1230/1/3 2307/1/3 2308/1/3 
f 1234/1/3 1596/1/3 2309/1/3 2310/1/3 
f 1600/1/3 1816/1/3 2312/1/3 2311/1/3 
f 1820/1/3 1184/1/3 2315/1/3 2316/1/3 
f 221/1/2 250/1/2 2318/1/2 2317/1/2 
f 247/1/2 480/1/2 2314/1/2 2313/1/2 
f 477/1/2 707/1/2 2320/1/2 2319/1/2 
f 704/1/2 936/1/2 2321/1/2 2306/1/2 
f 1072/1/5 934/1/5 2370/1/5 2237/1/5 
f 221/1/79 222/1/79 2239/1/79 2370/1/79 
f 936/1/79 221/1/79 2370/1/79 934/1/79 
f 2240/1/80 1187/1/80 1184/1/80 2238/1/80 
f 2238/1/80 1184/1/80 2038/1/80 2035/1/80 
f 2239/1/1 2240/1/1 2238/1/1 2370/1/1 
f 2370/1/1 2238/1/1 2237/1/1 
f 2371/1/81 2372/1/82 2373/1/82 2374/1/81 
f 2373/1/82 2372/1/82 2375/1/83 2376/1/83 
f 2376/1/83 2375/1/83 2377/1/84 2378/1/84 
f 2378/1/84 2377/1/84 2379/1/85 2380/1/85 
f 2380/1/85 2379/1/85 2381/1/86 2382/1/86 
f 2382/1/86 2381/1/86 2383/1/87 2384/1/87 
f 2384/1/87 2383/1/87 2385/1/88 2386/1/88 
f 2385/1/88 2387/1/89 2388/1/89 2386/1/88 
f 2387/1/89 2389/1/90 2390/1/90 2388/1/89 
f 2389/1/90 2391/1/91 2392/1/91 2390/1/90 
f 2391/1/91 2393/1/92 2394/1/92 2392/1/91 
f 2393/1/92 2395/1/93 2396/1/93 2394/1/92 
f 2395/1/93 2397/1/94 2398/1/94 2396/1/93 
f 2399/1/95 2400/1/95 2398/1/94 2397/1/94 
f 2401/1/96 2402/1/96 2400/1/95 2399/1/95 
f 2403/1/97 2404/1/97 2402/1/96 2401/1/96 
f 2405/1/98 2406/1/98 2404/1/97 2403/1/97 
f 2407/1/99 2408/1/99 2406/1/98 2405/1/98 
f 2409/1/100 2410/1/100 2408/1/99 2407/1/99 
f 2409/1/100 2411/1/101 2412/1/101 2410/1/100 
f 2411/1/101 2413/1/102 2414/1/102 2412/1/101 
f 2413/1/102 2415/1/103 2416/1/103 2414/1/102 
f 2415/1/103 2417/1/104 2418/1/104 2416/1/103 
f 2417/1/104 2371/1/81 2374/1/81 2418/1/104 
f 2401/1/1 2419/1/1 2420/1/1 2399/1/1 
f 2397/1/1 2399/1/1 2420/1/1 2395/1/1 
f 2393/1/1 2395/1/1 2420/1/1 2421/1/1 
f 2391/1/1 2393/1/1 2421/1/1 2389/1/1 
f 2387/1/1 2389/1/1 2421/1/1 2385/1/1 
f 2383/1/1 2385/1/1 2421/1/1 2381/1/1 
f 2379/1/1 2381/1/1 2421/1/1 2422/1/1 
f 2422/1/1 2421/1/1 2423/1/1 
f 2377/1/1 2379/1/1 2422/1/1 2375/1/1 
f 2372/1/1 2375/1/1 2422/1/1 2371/1/1 
f 2417/1/1 2371/1/1 2422/1/1 2415/1/1 
f 2413/1/1 2415/1/1 2422/1/1 2419/1/1 
f 2411/1/1 2413/1/1 2419/1/1 2409/1/1 
f 2407/1/1 2409/1/1 2419/1/1 2405/1/1 
f 2403/1/1 2405/1/1 2419/1/1 2401/1/1 
f 2424/1/33 2425/1/33 2426/1/33 2427/1/33 
f 2428/1/40 2425/1/40 2424/1/40 2429/1/40 
f 2428/1/2 2430/1/2 2426/1/2 2425/1/2 
f 2426/1/5 2430/1/5 2431/1/5 2427/1/5 
f 2431/1/3 2429/1/3 2424/1/3 2427/1/3 
f 2432/1/33 2433/1/33 2434/1/33 2435/1/33 
f 2436/1/33 2432/1/33 2435/1/33 2437/1/33 
f 2438/1/33 2436/1/33 2437/1/33 2439/1/33 
f 2440/1/33 2438/1/33 2439/1/33 2441/1/33 
f 2442/1/33 2440/1/33 2441/1/33 2443/1/33 
f 2444/1/33 2442/1/33 2443/1/33 2445/1/33 
f 2446/1/33 2444/1/33 2445/1/33 2447/1/33 
f 2448/1/33 2446/1/33 2447/1/33 2449/1/33 
f 2450/1/33 2448/1/33 2449/1/33 2451/1/33 
f 2452/1/33 2450/1/33 2451/1/33 2453/1/33 
f 2454/1/33 2452/1/33 2453/1/33 2455/1/33 
f 2430/1/105 2423/1/105 2421/1/105 2431/1/105 
f 2421/1/106 2420/1/106 2429/1/106 2431/1/106 
f 2420/1/107 2419/1/107 2428/1/107 2429/1/107 
f 2422/1/108 2423/1/108 2430/1/108 2419/1/108 
f 2419/1/108 2430/1/108 2428/1/108 
f 2456/1/33 2457/1/33 
f 2456/1/33 2410/1/33 2412/1/33 2458/1/1 
f 2458/1/33 2456/1/33 2412/1/33 2459/1/1 
f 2459/1/33 2458/1/33 2412/1/33 2414/1/1 
f 2459/1/33 2412/1/33 2414/1/33 2460/1/1 
f 2460/1/33 2459/1/33 2414/1/33 2461/1/1 
f 2461/1/33 2460/1/33 2414/1/33 2416/1/1 
f 2461/1/33 2414/1/33 2416/1/33 2462/1/1 
f 2461/1/33 2416/1/33 2462/1/33 
f 2462/1/33 2416/1/33 2418/1/33 2463/1/1 
f 2463/1/33 2462/1/33 2418/1/33 2464/1/1 
f 2464/1/33 2463/1/33 2418/1/33 2374/1/1 
f 2464/1/33 2418/1/33 2374/1/33 2465/1/1 
f 2465/1/33 2464/1/33 2374/1/33 2466/1/1 
f 2466/1/33 2465/1/33 2374/1/33 2373/1/1 
f 2466/1/33 2374/1/33 2373/1/33 2467/1/1 
f 2467/1/33 2466/1/33 2373/1/33 2468/1/1 
f 2468/1/33 2467/1/33 2373/1/33 2376/1/1 
f 2468/1/33 2373/1/33 2376/1/33 2386/1/1 
f 2386/1/33 2468/1/33 2376/1/33 2384/1/1 
f 2384/1/33 2386/1/33 2376/1/33 2378/1/1 
f 2384/1/33 2376/1/33 2378/1/33 2382/1/1 
f 2382/1/33 2384/1/33 2378/1/33 2380/1/1 
f 2382/1/33 2378/1/33 2380/1/33 
f 2402/1/33 2404/1/33 2406/1/33 2408/1/1 
f 2402/1/33 2406/1/33 2408/1/33 2400/1/1 
f 2400/1/33 2402/1/33 2408/1/33 2410/1/1 
f 2400/1/33 2408/1/33 2410/1/33 2398/1/1 
f 2398/1/33 2400/1/33 2410/1/33 2457/1/1 
f 2398/1/33 2410/1/33 2457/1/33 2469/1/1 
f 2398/1/33 2457/1/33 2469/1/33 2396/1/1 
f 2396/1/33 2398/1/33 2469/1/33 2470/1/1 
f 2396/1/33 2469/1/33 2470/1/33 2471/1/1 
f 2396/1/33 2470/1/33 2471/1/33 2394/1/1 
f 2394/1/33 2396/1/33 2471/1/33 2472/1/1 
f 2394/1/33 2471/1/33 2472/1/33 2473/1/1 
f 2394/1/33 2472/1/33 2473/1/33 2392/1/1 
f 2392/1/33 2394/1/33 2473/1/33 2474/1/1 
f 2392/1/33 2473/1/33 2474/1/33 2475/1/1 
f 2392/1/33 2474/1/33 2475/1/33 2390/1/1 
f 2390/1/33 2392/1/33 2475/1/33 2476/1/1 
f 2390/1/33 2475/1/33 2476/1/33 2388/1/1 
f 2388/1/33 2390/1/33 2476/1/33 2477/1/1 
f 2388/1/33 2476/1/33 2477/1/33 2478/1/1 
f 2388/1/33 2477/1/33 2478/1/33 2386/1/1 
f 2386/1/33 2388/1/33 2478/1/33 2479/1/1 
f 2386/1/33 2478/1/33 2479/1/33 2468/1/1 
f 2386/1/33 2479/1/33 2468/1/33 
f 2443/1/109 2416/1/109 2418/1/110 2445/1/110 
f 2447/1/111 2445/1/110 2418/1/110 2374/1/111 
f 2449/1/112 2447/1/111 2374/1/111 2373/1/112 
f 2451/1/113 2449/1/112 2373/1/112 2376/1/113 
f 2453/1/114 2451/1/113 2376/1/113 2378/1/114 
f 2455/1/115 2453/1/114 2378/1/114 2380/1/115 
f 2382/1/116 2454/1/116 2455/1/115 2380/1/115 
f 2384/1/117 2452/1/117 2454/1/116 2382/1/116 
f 2386/1/118 2450/1/118 2452/1/117 2384/1/117 
f 2388/1/119 2448/1/119 2450/1/118 2386/1/118 
f 2390/1/120 2446/1/120 2448/1/119 2388/1/119 
f 2392/1/121 2444/1/121 2446/1/120 2390/1/120 
f 2392/1/121 2394/1/122 2442/1/122 2444/1/121 
f 2394/1/122 2396/1/123 2440/1/123 2442/1/122 
f 2396/1/123 2398/1/124 2438/1/124 2440/1/123 
f 2398/1/124 2400/1/125 2436/1/125 2438/1/124 
f 2400/1/125 2402/1/126 2432/1/126 2436/1/125 
f 2402/1/126 2404/1/127 2433/1/127 2432/1/126 
f 2433/1/127 2404/1/127 2406/1/128 2434/1/128 
f 2434/1/128 2406/1/128 2408/1/129 2435/1/129 
f 2435/1/129 2408/1/129 2410/1/130 2437/1/130 
f 2437/1/130 2410/1/130 2412/1/131 2439/1/131 
f 2439/1/131 2412/1/131 2414/1/132 2441/1/132 
f 2441/1/132 2414/1/132 2416/1/109 2443/1/109 
f 2402/1/1 2406/1/1 2404/1/1 
f 2410/1/1 2456/1/1 2412/1/1 
f 2416/1/1 2462/1/1 2418/1/1 
f 967/1/2 968/1/2 2245/1/2 776/1/2 
f 773/1/2 776/1/2 2245/1/2 283/1/2 
f 282/1/2 283/1/2 2245/1/2 9/1/2 
f 8/1/2 9/1/2 2245/1/2 2250/1/2 
f 2250/1/2 2245/1/2 2255/1/2 2253/1/2 
f 282/1/2 9/1/2 7/1/2 315/1/2 
f 773/1/2 283/1/2 317/1/2 592/1/2 
f 773/1/2 592/1/2 2257/1/2 772/1/2 
f 2257/1/2 592/1/2 476/1/2 475/1/2 
f 967/1/2 776/1/2 775/1/2 1000/1/2 
f 1185/1/3 1188/1/3 1152/1/3 1153/1/3 
f 1148/1/3 1149/1/3 1433/1/3 1434/1/3 
f 1231/1/3 1235/1/3 1238/1/3 1233/1/3 
f 2360/1/3 1238/1/3 1599/1/3 1662/1/3 
f 2358/1/3 2360/1/3 1662/1/3 2363/1/3 
f 2361/1/3 2363/1/3 1662/1/3 1296/1/3 
f 2362/1/3 2361/1/3 1296/1/3 1238/1/3 
f 2359/1/3 2362/1/3 1238/1/3 2360/1/3 
f 2362/1/3 2359/1/3 2358/1/3 2363/1/3 
f 1597/1/3 1601/1/3 1604/1/3 1599/1/3 
f 2355/1/3 2357/1/3 2354/1/3 2353/1/3 
f 2355/1/3 2353/1/3 1661/1/3 2356/1/3 
f 2356/1/3 1661/1/3 1604/1/3 2357/1/3 
f 2357/1/3 1604/1/3 1819/1/3 2354/1/3 
f 2354/1/3 1819/1/3 2017/1/3 2352/1/3 
f 2353/1/3 2352/1/3 2017/1/3 1661/1/3 
f 2236/1/2 2099/1/2 2068/1/2 2067/1/2 
f 1296/1/2 1402/1/2 1264/1/2 1263/1/2 
f 2480/1/2 2481/1/2 2482/1/2 2483/1/2 
f 2484/1/38 2485/1/38 2483/1/38 2482/1/38 
f 1434/1/5 1148/1/5 2486/1/5 2487/1/5 
f 2487/1/5 2486/1/5 2488/1/5 
f 1149/1/40 1433/1/40 2489/1/40 2490/1/40 
f 2491/1/40 2490/1/40 2489/1/40 2492/1/40 
f 2493/1/40 2492/1/40 2489/1/40 2494/1/40 
f 2495/1/40 2494/1/40 2489/1/40 2496/1/40 
f 2497/1/40 2496/1/40 2489/1/40 2498/1/40 
f 2499/1/40 2498/1/40 2489/1/40 2500/1/40 
f 2501/1/40 2500/1/40 2489/1/40 2502/1/40 
f 2503/1/40 2502/1/40 2489/1/40 2504/1/40 
f 2505/1/40 2504/1/40 2489/1/40 2506/1/40 
f 2507/1/40 2506/1/40 2489/1/40 2508/1/40 
f 2509/1/40 2508/1/40 2489/1/40 2510/1/40 
f 2511/1/40 2510/1/40 2489/1/40 2512/1/40 
f 2513/1/40 2512/1/40 2489/1/40 2514/1/40 
f 2515/1/40 2514/1/40 2489/1/40 2516/1/40 
f 2517/1/40 2516/1/40 2489/1/40 2518/1/40 
f 2519/1/40 2518/1/40 2489/1/40 2520/1/40 
f 2521/1/40 2520/1/40 2489/1/40 2522/1/40 
f 2523/1/40 2522/1/40 2489/1/40 2524/1/40 
f 2525/1/40 2524/1/40 2489/1/40 2526/1/40 
f 2527/1/40 2525/1/40 2526/1/40 2528/1/40 
f 2529/1/40 2527/1/40 2528/1/40 2522/1/40 
f 2522/1/40 2528/1/40 2530/1/40 2531/1/40 
f 2521/1/40 2522/1/40 2531/1/40 2532/1/40 
f 2533/1/40 2521/1/40 2532/1/40 2534/1/40 
f 2534/1/40 2532/1/40 2528/1/40 2535/1/40 
f 2480/1/40 2535/1/40 2528/1/40 2485/1/40 
f 2536/1/40 2485/1/40 2528/1/40 2537/1/40 
f 2538/1/40 2537/1/40 2528/1/40 2539/1/40 
f 2540/1/40 2539/1/40 2528/1/40 2541/1/40 
f 2542/1/40 2541/1/40 2528/1/40 2543/1/40 
f 2544/1/40 2543/1/40 2528/1/40 2545/1/40 
f 2546/1/40 2545/1/40 2528/1/40 2547/1/40 
f 2548/1/40 2547/1/40 2528/1/40 2549/1/40 
f 2550/1/40 2549/1/40 2528/1/40 2551/1/40 
f 2552/1/40 2551/1/40 2528/1/40 2553/1/40 
f 2554/1/40 2553/1/40 2528/1/40 2555/1/40 
f 2556/1/40 2555/1/40 2528/1/40 2557/1/40 
f 2558/1/40 2557/1/40 2528/1/40 2559/1/40 
f 2560/1/40 2559/1/40 2528/1/40 2561/1/40 
f 2561/1/40 2528/1/40 1152/1/40 2562/1/40 
f 2490/1/40 2562/1/40 1152/1/40 1149/1/40 
f 2561/1/40 2562/1/40 2491/1/40 2563/1/40 
f 2563/1/40 2491/1/40 2492/1/40 2560/1/40 
f 2560/1/40 2492/1/40 2564/1/40 2559/1/40 
f 2559/1/40 2564/1/40 2493/1/40 2565/1/40 
f 2565/1/40 2493/1/40 2494/1/40 2558/1/40 
f 2558/1/40 2494/1/40 2566/1/40 2557/1/40 
f 2557/1/40 2566/1/40 2495/1/40 2567/1/40 
f 2567/1/40 2495/1/40 2496/1/40 2556/1/40 
f 2556/1/40 2496/1/40 2568/1/40 2555/1/40 
f 2555/1/40 2568/1/40 2497/1/40 2569/1/40 
f 2569/1/40 2497/1/40 2498/1/40 2554/1/40 
f 2554/1/40 2498/1/40 2570/1/40 2553/1/40 
f 2553/1/40 2570/1/40 2499/1/40 2571/1/40 
f 2571/1/40 2499/1/40 2500/1/40 2552/1/40 
f 2552/1/40 2500/1/40 2572/1/40 2551/1/40 
f 2551/1/40 2572/1/40 2501/1/40 2573/1/40 
f 2573/1/40 2501/1/40 2502/1/40 2550/1/40 
f 2550/1/40 2502/1/40 2574/1/40 2549/1/40 
f 2549/1/40 2574/1/40 2503/1/40 2575/1/40 
f 2575/1/40 2503/1/40 2504/1/40 2548/1/40 
f 2548/1/40 2504/1/40 2576/1/40 2547/1/40 
f 2547/1/40 2576/1/40 2505/1/40 2577/1/40 
f 2577/1/40 2505/1/40 2506/1/40 2546/1/40 
f 2546/1/40 2506/1/40 2578/1/40 2545/1/40 
f 2545/1/40 2578/1/40 2507/1/40 2579/1/40 
f 2579/1/40 2507/1/40 2508/1/40 2544/1/40 
f 2544/1/40 2508/1/40 2580/1/40 2543/1/40 
f 2543/1/40 2580/1/40 2509/1/40 2581/1/40 
f 2581/1/40 2509/1/40 2510/1/40 2542/1/40 
f 2542/1/40 2510/1/40 2582/1/40 2541/1/40 
f 2541/1/40 2582/1/40 2511/1/40 2583/1/40 
f 2583/1/40 2511/1/40 2512/1/40 2540/1/40 
f 2540/1/40 2512/1/40 2584/1/40 2539/1/40 
f 2539/1/40 2584/1/40 2513/1/40 2585/1/40 
f 2585/1/40 2513/1/40 2514/1/40 2538/1/40 
f 2538/1/40 2514/1/40 2586/1/40 2537/1/40 
f 2537/1/40 2586/1/40 2515/1/40 2587/1/40 
f 2587/1/40 2515/1/40 2516/1/40 2536/1/40 
f 2536/1/40 2516/1/40 2588/1/40 2485/1/40 
f 2485/1/40 2588/1/40 2517/1/40 2483/1/40 
f 2483/1/40 2517/1/40 2518/1/40 2480/1/40 
f 2480/1/40 2518/1/40 2589/1/40 2535/1/40 
f 2535/1/40 2589/1/40 2519/1/40 2590/1/40 
f 2590/1/40 2519/1/40 2520/1/40 2534/1/40 
f 2533/1/40 2534/1/40 2520/1/40 
f 2528/1/40 2532/1/40 2530/1/40 
f 2527/1/40 2529/1/40 2523/1/40 2524/1/40 
f 2526/1/40 2489/1/40 2591/1/40 
f 2592/1/40 2593/1/40 2594/1/40 2595/1/40 
f 2592/1/1 2596/1/1 2597/1/1 2595/1/1 
f 2596/1/2 2592/1/2 2593/1/2 2528/1/2 
f 2596/1/40 2528/1/40 2526/1/40 2597/1/40 
f 2598/1/5 2599/1/5 2600/1/5 2601/1/5 
f 2600/1/76 2599/1/76 2602/1/76 2603/1/76 
f 2598/1/1 2601/1/1 2603/1/1 2602/1/1 
f 2604/1/40 2605/1/40 2606/1/40 2607/1/5 
f 2607/1/5 2604/1/5 2608/1/5 2609/1/40 
f 2608/1/40 2604/1/40 2606/1/40 2607/1/40 
f 1233/1/4 2610/1/4 2611/1/4 2042/1/4 
f 2612/1/2 2613/1/2 2614/1/2 2615/1/2 
f 2612/1/2 2615/1/2 2604/1/2 2608/1/2 
f 2616/1/2 2612/1/2 2608/1/2 2609/1/2 
f 2613/1/2 2616/1/2 2609/1/2 2617/1/2 
f 2613/1/2 2617/1/2 2618/1/2 2614/1/2 
f 2619/1/2 2614/1/2 2618/1/2 2620/1/2 
f 2615/1/2 2619/1/2 2620/1/2 2604/1/2 
f 2604/1/2 2620/1/2 2621/1/2 2605/1/2 
f 2621/1/1 2605/1/1 2606/1/1 2622/1/1 
f 2623/1/3 2624/1/3 2607/1/3 2606/1/3 
f 2625/1/3 2623/1/3 2606/1/3 2626/1/3 
f 2627/1/3 2626/1/3 2606/1/3 2622/1/3 
f 2628/1/3 2627/1/3 2622/1/3 2624/1/3 
f 2629/1/3 2628/1/3 2624/1/3 2623/1/3 
f 2628/1/3 2629/1/3 2625/1/3 2626/1/3 
f 2617/1/48 2609/1/48 2607/1/48 2624/1/48 
f 2630/1/33 2631/1/33 2632/1/33 2633/1/33 
f 2634/1/33 2635/1/33 2636/1/33 2637/1/33 
f 2612/1/78 2625/1/78 2629/1/78 2613/1/78 
f 2638/1/1 2639/1/1 2640/1/1 2641/1/1 
f 2641/1/1 2640/1/1 2642/1/1 
f 2636/1/40 2643/1/40 2644/1/40 2637/1/40 
f 2623/1/33 2616/1/33 2613/1/33 2629/1/33 
f 2632/1/40 2645/1/40 2646/1/40 2633/1/40 
f 2631/1/75 2630/1/75 2646/1/75 2645/1/75 
f 2612/1/5 2616/1/5 2623/1/5 2625/1/5 
f 2492/1/1 2493/1/1 2647/1/1 2648/1/1 
f 2649/1/3 2564/1/3 2492/1/3 2648/1/3 
f 2493/1/9 2564/1/9 2649/1/9 2647/1/9 
f 2568/1/13 2650/1/13 2651/1/13 2497/1/13 
f 2635/1/75 2634/1/75 2644/1/75 2643/1/75 
f 2566/1/11 2652/1/11 2653/1/11 2495/1/11 
f 2494/1/1 2495/1/1 2653/1/1 2654/1/1 
f 2652/1/3 2566/1/3 2494/1/3 2654/1/3 
f 2496/1/1 2497/1/1 2651/1/1 2655/1/1 
f 2650/1/3 2568/1/3 2496/1/3 2655/1/3 
f 2656/1/15 2553/1/15 2571/1/15 2657/1/15 
f 2552/1/8 2553/1/8 2656/1/8 2658/1/8 
f 2552/1/2 2658/1/2 2657/1/2 2571/1/2 
f 2242/1/3 2244/1/3 2248/1/3 2247/1/3 
f 2500/1/1 2501/1/1 2659/1/1 2660/1/1 
f 2661/1/3 2572/1/3 2500/1/3 2660/1/3 
f 2572/1/17 2661/1/17 2659/1/17 2501/1/17 
f 2662/1/3 2663/1/3 2664/1/3 2665/1/3 
f 2662/1/3 2665/1/3 2666/1/3 2667/1/3 
f 2668/1/3 2662/1/3 2667/1/3 2611/1/3 
f 2663/1/3 2668/1/3 2611/1/3 2610/1/3 
f 2663/1/3 2610/1/3 2669/1/3 2664/1/3 
f 2670/1/3 2664/1/3 2669/1/3 2671/1/3 
f 2665/1/3 2670/1/3 2671/1/3 2666/1/3 
f 2666/1/3 2671/1/3 2672/1/3 2673/1/3 
f 2674/1/3 2574/1/3 2502/1/3 2675/1/3 
f 2574/1/19 2674/1/19 2676/1/19 2503/1/19 
f 2502/1/1 2503/1/1 2676/1/1 2675/1/1 
f 1402/1/1 2672/1/1 2673/1/1 2236/1/1 
f 2677/1/3 2576/1/3 2504/1/3 2678/1/3 
f 2576/1/21 2677/1/21 2679/1/21 2505/1/21 
f 2504/1/1 2505/1/1 2679/1/1 2678/1/1 
f 2680/1/2 1233/1/2 2042/1/2 2236/1/2 
f 2681/1/2 2680/1/2 2236/1/2 2682/1/2 
f 2683/1/2 2682/1/2 2236/1/2 1402/1/2 
f 2684/1/2 2683/1/2 1402/1/2 1233/1/2 
f 2685/1/2 2684/1/2 1233/1/2 2680/1/2 
f 2684/1/2 2685/1/2 2681/1/2 2682/1/2 
f 2548/1/8 2549/1/8 2686/1/8 2687/1/8 
f 2548/1/2 2687/1/2 2688/1/2 2575/1/2 
f 2686/1/23 2549/1/23 2575/1/23 2688/1/23 
f 2689/1/5 2690/1/5 2691/1/5 2692/1/5 
f 2689/1/5 2692/1/5 2693/1/5 2694/1/5 
f 2695/1/5 2689/1/5 2694/1/5 2696/1/5 
f 2697/1/5 2696/1/5 2694/1/5 2698/1/5 
f 2699/1/5 2698/1/5 2694/1/5 2700/1/5 
f 2701/1/5 2700/1/5 2694/1/5 2702/1/5 
f 2703/1/5 2702/1/5 2694/1/5 2704/1/5 
f 2705/1/5 2704/1/5 2694/1/5 2706/1/5 
f 2707/1/5 2706/1/5 2694/1/5 2708/1/5 
f 2709/1/5 2708/1/5 2694/1/5 2710/1/5 
f 2711/1/5 2710/1/5 2694/1/5 2712/1/5 
f 2713/1/5 2712/1/5 2694/1/5 2714/1/5 
f 2715/1/5 2714/1/5 2694/1/5 2716/1/5 
f 2716/1/5 2694/1/5 2717/1/5 2718/1/5 
f 2719/1/5 2715/1/5 2716/1/5 2720/1/5 
f 2720/1/5 2716/1/5 2721/1/5 2722/1/5 
f 2720/1/5 2722/1/5 2723/1/5 2724/1/5 
f 2725/1/5 2724/1/5 2723/1/5 2726/1/5 
f 2727/1/5 2726/1/5 2723/1/5 2728/1/5 
f 2729/1/5 2728/1/5 2723/1/5 2730/1/5 
f 2731/1/5 2730/1/5 2723/1/5 2732/1/5 
f 2733/1/5 2732/1/5 2723/1/5 2734/1/5 
f 2735/1/5 2734/1/5 2723/1/5 2736/1/5 
f 2737/1/5 2736/1/5 2723/1/5 2738/1/5 
f 2739/1/5 2738/1/5 2723/1/5 2740/1/5 
f 2741/1/5 2740/1/5 2723/1/5 2742/1/5 
f 2743/1/5 2742/1/5 2723/1/5 2744/1/5 
f 2691/1/5 2744/1/5 2723/1/5 2745/1/5 
f 2746/1/5 2745/1/5 2723/1/5 2747/1/5 
f 2748/1/5 2747/1/5 2723/1/5 2749/1/5 
f 2750/1/5 2749/1/5 2723/1/5 2751/1/5 
f 2752/1/5 2751/1/5 2723/1/5 2753/1/5 
f 2754/1/5 2753/1/5 2723/1/5 2755/1/5 
f 2756/1/5 2754/1/5 2755/1/5 2694/1/5 
f 2757/1/5 2756/1/5 2694/1/5 2758/1/5 
f 2759/1/5 2758/1/5 2694/1/5 2760/1/5 
f 2761/1/5 2760/1/5 2694/1/5 2762/1/5 
f 2694/1/5 2693/1/5 2762/1/5 
f 2763/1/5 2761/1/5 2762/1/5 2746/1/5 
f 2746/1/5 2762/1/5 2764/1/5 2745/1/5 
f 2692/1/5 2745/1/5 2764/1/5 2693/1/5 
f 2765/1/5 2761/1/5 2763/1/5 2747/1/5 
f 2765/1/5 2747/1/5 2748/1/5 2760/1/5 
f 2760/1/5 2748/1/5 2766/1/5 2759/1/5 
f 2767/1/5 2759/1/5 2766/1/5 2749/1/5 
f 2767/1/5 2749/1/5 2750/1/5 2758/1/5 
f 2758/1/5 2750/1/5 2768/1/5 2757/1/5 
f 2769/1/5 2757/1/5 2768/1/5 2751/1/5 
f 2769/1/5 2751/1/5 2752/1/5 2756/1/5 
f 2756/1/5 2752/1/5 2754/1/5 
f 2694/1/5 2755/1/5 2770/1/5 2771/1/5 
f 2772/1/5 2771/1/5 2770/1/5 2773/1/5 
f 2772/1/5 2773/1/5 2723/1/5 2774/1/40 
f 2772/1/5 2723/1/5 2774/1/5 2775/1/40 
f 2775/1/5 2772/1/5 2774/1/5 2776/1/40 
f 2774/1/5 2776/1/5 2694/1/5 2771/1/5 
f 2775/1/5 2774/1/5 2771/1/5 
f 2755/1/5 2723/1/5 2773/1/5 
f 2744/1/5 2691/1/5 2690/1/5 2777/1/5 
f 2777/1/5 2690/1/5 2695/1/5 2696/1/5 
f 2743/1/5 2777/1/5 2696/1/5 2778/1/5 
f 2742/1/5 2743/1/5 2778/1/5 2779/1/5 
f 2779/1/5 2778/1/5 2697/1/5 2698/1/5 
f 2741/1/5 2779/1/5 2698/1/5 2780/1/5 
f 2740/1/5 2741/1/5 2780/1/5 2781/1/5 
f 2781/1/5 2780/1/5 2699/1/5 2700/1/5 
f 2739/1/5 2781/1/5 2700/1/5 2782/1/5 
f 2738/1/5 2739/1/5 2782/1/5 2783/1/5 
f 2783/1/5 2782/1/5 2701/1/5 2702/1/5 
f 2737/1/5 2783/1/5 2702/1/5 2784/1/5 
f 2736/1/5 2737/1/5 2784/1/5 2785/1/5 
f 2785/1/5 2784/1/5 2703/1/5 2704/1/5 
f 2735/1/5 2785/1/5 2704/1/5 2786/1/5 
f 2734/1/5 2735/1/5 2786/1/5 2787/1/5 
f 2787/1/5 2786/1/5 2705/1/5 2706/1/5 
f 2733/1/5 2787/1/5 2706/1/5 2788/1/5 
f 2732/1/5 2733/1/5 2788/1/5 2789/1/5 
f 2789/1/5 2788/1/5 2707/1/5 2708/1/5 
f 2731/1/5 2789/1/5 2708/1/5 2790/1/5 
f 2730/1/5 2731/1/5 2790/1/5 2791/1/5 
f 2791/1/5 2790/1/5 2709/1/5 2710/1/5 
f 2729/1/5 2791/1/5 2710/1/5 2792/1/5 
f 2728/1/5 2729/1/5 2792/1/5 2793/1/5 
f 2793/1/5 2792/1/5 2711/1/5 2712/1/5 
f 2727/1/5 2793/1/5 2712/1/5 2794/1/5 
f 2726/1/5 2727/1/5 2794/1/5 2795/1/5 
f 2795/1/5 2794/1/5 2713/1/5 2714/1/5 
f 2725/1/5 2795/1/5 2714/1/5 2796/1/5 
f 2724/1/5 2725/1/5 2796/1/5 2719/1/5 
f 2715/1/5 2719/1/5 2796/1/5 
f 2236/1/5 2042/1/5 2611/1/5 2673/1/5 
f 2611/1/40 2673/1/40 2666/1/40 2667/1/40 
f 2673/1/5 2611/1/5 2667/1/5 2666/1/5 
f 2580/1/25 2797/1/25 2798/1/25 2509/1/25 
f 2508/1/1 2509/1/1 2798/1/1 2799/1/1 
f 2797/1/3 2580/1/3 2508/1/3 2799/1/3 
f 2800/1/3 2582/1/3 2510/1/3 2801/1/3 
f 2582/1/27 2800/1/27 2802/1/27 2511/1/27 
f 2510/1/1 2511/1/1 2802/1/1 2801/1/1 
f 1152/1/4 2528/1/4 2593/1/4 1153/1/4 
f 1153/1/4 2593/1/4 2803/1/4 
f 2554/1/2 2804/1/2 2805/1/2 2569/1/2 
f 2556/1/8 2557/1/8 2806/1/8 2807/1/8 
f 2806/1/12 2557/1/12 2567/1/12 2808/1/12 
f 2556/1/2 2807/1/2 2808/1/2 2567/1/2 
f 2544/1/2 2809/1/2 2810/1/2 2579/1/2 
f 1148/1/5 1153/1/5 2803/1/5 2486/1/5 
f 2486/1/5 2803/1/5 2811/1/5 2812/1/5 
f 2813/1/26 2543/1/26 2581/1/26 2814/1/26 
f 2815/1/24 2545/1/24 2579/1/24 2810/1/24 
f 2816/1/22 2547/1/22 2577/1/22 2817/1/22 
f 2544/1/8 2545/1/8 2815/1/8 2809/1/8 
f 2546/1/8 2547/1/8 2816/1/8 2818/1/8 
f 2819/1/3 2578/1/3 2506/1/3 2820/1/3 
f 2578/1/20 2819/1/20 2821/1/20 2507/1/20 
f 2546/1/2 2818/1/2 2817/1/2 2577/1/2 
f 2550/1/8 2551/1/8 2822/1/8 2823/1/8 
f 2550/1/2 2823/1/2 2824/1/2 2573/1/2 
f 2506/1/1 2507/1/1 2821/1/1 2820/1/1 
f 2570/1/16 2825/1/16 2826/1/16 2499/1/16 
f 2498/1/1 2499/1/1 2826/1/1 2827/1/1 
f 2822/1/18 2551/1/18 2573/1/18 2824/1/18 
f 2828/1/14 2555/1/14 2569/1/14 2805/1/14 
f 2825/1/3 2570/1/3 2498/1/3 2827/1/3 
f 2554/1/8 2555/1/8 2828/1/8 2804/1/8 
f 2542/1/2 2829/1/2 2814/1/2 2581/1/2 
f 2586/1/28 2830/1/28 2831/1/28 2515/1/28 
f 2542/1/8 2543/1/8 2813/1/8 2829/1/8 
f 2830/1/3 2586/1/3 2514/1/3 2832/1/3 
f 2514/1/1 2515/1/1 2831/1/1 2832/1/1 
f 1662/1/5 1599/1/5 2833/1/5 2834/1/5 
f 2834/1/5 2833/1/5 2835/1/5 2836/1/5 
f 2837/1/5 2838/1/5 2839/1/5 2840/1/5 
f 2837/1/5 2840/1/5 2832/1/5 2488/1/5 
f 2841/1/5 2837/1/5 2488/1/5 2802/1/5 
f 2801/1/5 2802/1/5 2488/1/5 2798/1/5 
f 2799/1/5 2798/1/5 2488/1/5 2821/1/5 
f 2820/1/5 2821/1/5 2488/1/5 2679/1/5 
f 2678/1/5 2679/1/5 2488/1/5 2676/1/5 
f 2675/1/5 2676/1/5 2488/1/5 2659/1/5 
f 2660/1/5 2659/1/5 2488/1/5 2826/1/5 
f 2827/1/5 2826/1/5 2488/1/5 2651/1/5 
f 2655/1/5 2651/1/5 2488/1/5 2653/1/5 
f 2654/1/5 2653/1/5 2488/1/5 2647/1/5 
f 2648/1/5 2647/1/5 2488/1/5 2842/1/5 
f 2842/1/5 2488/1/5 2486/1/5 2812/1/5 
f 2843/1/5 2648/1/5 2842/1/5 2844/1/5 
f 2844/1/5 2842/1/5 2811/1/5 2803/1/5 
f 2844/1/5 2803/1/5 2593/1/5 2845/1/5 
f 2846/1/5 2845/1/5 2593/1/5 2847/1/5 
f 2806/1/5 2847/1/5 2593/1/5 2807/1/5 
f 2828/1/5 2807/1/5 2593/1/5 2804/1/5 
f 2656/1/5 2804/1/5 2593/1/5 2658/1/5 
f 2822/1/5 2658/1/5 2593/1/5 2823/1/5 
f 2686/1/5 2823/1/5 2593/1/5 2687/1/5 
f 2816/1/5 2687/1/5 2593/1/5 2818/1/5 
f 2815/1/5 2818/1/5 2593/1/5 2809/1/5 
f 2813/1/5 2809/1/5 2593/1/5 2829/1/5 
f 2848/1/5 2829/1/5 2593/1/5 2849/1/5 
f 2839/1/5 2849/1/5 2593/1/5 2850/1/5 
f 2851/1/5 2850/1/5 2593/1/5 2852/1/5 
f 2484/1/5 2852/1/5 2593/1/5 2481/1/5 
f 2853/1/5 2481/1/5 2593/1/5 2854/1/5 
f 2855/1/5 2854/1/5 2593/1/5 2856/1/5 
f 2857/1/5 2856/1/5 2593/1/5 2858/1/5 
f 2859/1/5 2857/1/5 2858/1/5 2488/1/5 
f 2860/1/5 2859/1/5 2488/1/5 2861/1/5 
f 2862/1/5 2861/1/5 2488/1/5 2863/1/5 
f 2864/1/5 2863/1/5 2488/1/5 2831/1/5 
f 2488/1/5 2832/1/5 2831/1/5 
f 2865/1/5 2864/1/5 2831/1/5 2851/1/5 
f 2851/1/5 2831/1/5 2830/1/5 2850/1/5 
f 2840/1/5 2850/1/5 2830/1/5 2832/1/5 
f 2866/1/5 2864/1/5 2865/1/5 2852/1/5 
f 2866/1/5 2852/1/5 2484/1/5 2863/1/5 
f 2863/1/5 2484/1/5 2482/1/5 2862/1/5 
f 2867/1/5 2862/1/5 2482/1/5 2481/1/5 
f 2867/1/5 2481/1/5 2853/1/5 2861/1/5 
f 2861/1/5 2853/1/5 2868/1/5 2860/1/5 
f 2869/1/5 2860/1/5 2868/1/5 2854/1/5 
f 2869/1/5 2854/1/5 2855/1/5 2859/1/5 
f 2859/1/5 2855/1/5 2857/1/5 
f 2488/1/5 2858/1/5 2870/1/5 2871/1/5 
f 2872/1/5 2871/1/5 2870/1/5 2873/1/5 
f 2872/1/5 2873/1/5 2593/1/5 2594/1/40 
f 2872/1/5 2593/1/5 2594/1/5 2874/1/40 
f 2874/1/5 2872/1/5 2594/1/5 2875/1/40 
f 2594/1/5 2875/1/5 2488/1/5 2871/1/5 
f 2874/1/5 2594/1/5 2871/1/5 
f 2858/1/5 2593/1/5 2873/1/5 
f 2849/1/5 2839/1/5 2838/1/5 2876/1/5 
f 2876/1/5 2838/1/5 2841/1/5 2802/1/5 
f 2848/1/5 2876/1/5 2802/1/5 2800/1/5 
f 2829/1/5 2848/1/5 2800/1/5 2814/1/5 
f 2814/1/5 2800/1/5 2801/1/5 2798/1/5 
f 2813/1/5 2814/1/5 2798/1/5 2797/1/5 
f 2809/1/5 2813/1/5 2797/1/5 2810/1/5 
f 2810/1/5 2797/1/5 2799/1/5 2821/1/5 
f 2815/1/5 2810/1/5 2821/1/5 2819/1/5 
f 2818/1/5 2815/1/5 2819/1/5 2817/1/5 
f 2817/1/5 2819/1/5 2820/1/5 2679/1/5 
f 2816/1/5 2817/1/5 2679/1/5 2677/1/5 
f 2687/1/5 2816/1/5 2677/1/5 2688/1/5 
f 2688/1/5 2677/1/5 2678/1/5 2676/1/5 
f 2686/1/5 2688/1/5 2676/1/5 2674/1/5 
f 2823/1/5 2686/1/5 2674/1/5 2824/1/5 
f 2824/1/5 2674/1/5 2675/1/5 2659/1/5 
f 2822/1/5 2824/1/5 2659/1/5 2661/1/5 
f 2658/1/5 2822/1/5 2661/1/5 2657/1/5 
f 2657/1/5 2661/1/5 2660/1/5 2826/1/5 
f 2656/1/5 2657/1/5 2826/1/5 2825/1/5 
f 2804/1/5 2656/1/5 2825/1/5 2805/1/5 
f 2805/1/5 2825/1/5 2827/1/5 2651/1/5 
f 2828/1/5 2805/1/5 2651/1/5 2650/1/5 
f 2807/1/5 2828/1/5 2650/1/5 2808/1/5 
f 2808/1/5 2650/1/5 2655/1/5 2653/1/5 
f 2806/1/5 2808/1/5 2653/1/5 2652/1/5 
f 2847/1/5 2806/1/5 2652/1/5 2877/1/5 
f 2877/1/5 2652/1/5 2654/1/5 2647/1/5 
f 2846/1/5 2877/1/5 2647/1/5 2649/1/5 
f 2845/1/5 2846/1/5 2649/1/5 2843/1/5 
f 2648/1/5 2843/1/5 2649/1/5 
f 2878/1/1 2879/1/1 2880/1/1 2881/1/1 
f 2882/1/1 2883/1/1 2884/1/1 2885/1/1 
f 2886/1/37 2887/1/37 2888/1/37 2889/1/37 
f 2890/1/1 2889/1/1 2888/1/1 2891/1/1 
f 2892/1/3 2893/1/3 2882/1/3 2885/1/3 
f 2893/1/39 2892/1/39 2884/1/39 2883/1/39 
f 1599/1/5 1597/1/5 2894/1/5 2833/1/5 
f 2833/1/5 2894/1/5 2895/1/5 
f 1601/1/4 2896/1/4 2894/1/4 1597/1/4 
f 1601/1/40 1604/1/40 2897/1/40 2896/1/40 
f 2896/1/40 2897/1/40 2898/1/40 
f 2899/1/6 2900/1/6 2835/1/6 2901/1/6 
f 2902/1/3 2903/1/3 2904/1/3 2905/1/3 
f 2905/1/3 2904/1/3 2906/1/3 2907/1/3 
f 2908/1/8 2909/1/8 2910/1/8 2911/1/8 
f 2912/1/2 2913/1/2 2914/1/2 2915/1/2 
f 2835/1/3 2900/1/3 2916/1/3 2836/1/3 
f 2916/1/1 2899/1/1 2901/1/1 2836/1/1 
f 2917/1/10 2915/1/10 2914/1/10 2918/1/10 
f 2909/1/7 2919/1/7 2920/1/7 2910/1/7 
f 2908/1/2 2911/1/2 2920/1/2 2919/1/2 
f 2912/1/8 2917/1/8 2918/1/8 2913/1/8 
f 2921/1/3 2922/1/3 2923/1/3 2924/1/3 
f 2923/1/1 2925/1/1 2926/1/1 2924/1/1 
f 2922/1/30 2921/1/30 2926/1/30 2925/1/30 
f 2927/1/2 2928/1/2 2929/1/2 2930/1/2 
f 2931/1/31 2932/1/31 2930/1/31 2929/1/31 
f 2927/1/8 2932/1/8 2931/1/8 2928/1/8 
f 2933/1/32 2934/1/32 2935/1/32 2936/1/32 
f 2937/1/33 2934/1/33 2933/1/33 2938/1/33 
f 2937/1/2 2938/1/2 2936/1/2 2935/1/2 
f 2939/1/8 2940/1/8 2941/1/8 2942/1/8 
f 2943/1/2 2944/1/2 2945/1/2 2946/1/2 
f 2947/1/34 2948/1/34 2946/1/34 2945/1/34 
f 2943/1/8 2948/1/8 2947/1/8 2944/1/8 
f 2949/1/8 2950/1/8 2951/1/8 2952/1/8 
f 2949/1/2 2952/1/2 2953/1/2 2954/1/2 
f 2951/1/36 2950/1/36 2954/1/36 2953/1/36 
f 2939/1/2 2942/1/2 2955/1/2 2956/1/2 
f 2941/1/38 2940/1/38 2956/1/38 2955/1/38 
f 2907/1/3 2906/1/3 2957/1/3 2958/1/3 
f 2916/1/40 2959/1/40 2906/1/40 2899/1/40 
f 2960/1/40 2899/1/40 2906/1/40 2961/1/40 
f 2962/1/40 2961/1/40 2906/1/40 2963/1/40 
f 2964/1/40 2963/1/40 2906/1/40 2965/1/40 
f 2966/1/40 2965/1/40 2906/1/40 2967/1/40 
f 2968/1/40 2967/1/40 2906/1/40 2969/1/40 
f 2970/1/40 2969/1/40 2906/1/40 2971/1/40 
f 2972/1/40 2971/1/40 2906/1/40 2973/1/40 
f 2974/1/40 2973/1/40 2906/1/40 2975/1/40 
f 2976/1/40 2975/1/40 2906/1/40 2977/1/40 
f 2978/1/40 2977/1/40 2906/1/40 2979/1/40 
f 2923/1/40 2979/1/40 2906/1/40 2925/1/40 
f 2980/1/40 2925/1/40 2906/1/40 2981/1/40 
f 2882/1/40 2981/1/40 2906/1/40 2883/1/40 
f 2890/1/40 2883/1/40 2906/1/40 2889/1/40 
f 2878/1/40 2889/1/40 2906/1/40 2879/1/40 
f 2982/1/40 2879/1/40 2906/1/40 2983/1/40 
f 2935/1/40 2983/1/40 2906/1/40 2937/1/40 
f 2937/1/40 2906/1/40 2903/1/40 2934/1/40 
f 2934/1/40 2903/1/40 2898/1/40 2984/1/40 
f 2982/1/40 2984/1/40 2898/1/40 2943/1/40 
f 2982/1/40 2943/1/40 2946/1/40 2879/1/40 
f 2879/1/40 2946/1/40 2948/1/40 2985/1/40 
f 2949/1/40 2985/1/40 2948/1/40 2898/1/40 
f 2950/1/40 2949/1/40 2898/1/40 2939/1/40 
f 2940/1/40 2939/1/40 2898/1/40 2986/1/40 
f 2987/1/40 2986/1/40 2898/1/40 2988/1/40 
f 2989/1/40 2988/1/40 2898/1/40 2927/1/40 
f 2932/1/40 2927/1/40 2898/1/40 2990/1/40 
f 2991/1/40 2990/1/40 2898/1/40 2992/1/40 
f 2993/1/40 2992/1/40 2898/1/40 2994/1/40 
f 2995/1/40 2994/1/40 2898/1/40 2996/1/40 
f 2997/1/40 2996/1/40 2898/1/40 2998/1/40 
f 2999/1/40 2998/1/40 2898/1/40 3000/1/40 
f 3001/1/40 3000/1/40 2898/1/40 3002/1/40 
f 3003/1/40 3002/1/40 2898/1/40 3004/1/40 
f 3005/1/40 3004/1/40 2898/1/40 2912/1/40 
f 2917/1/40 2912/1/40 2898/1/40 2908/1/40 
f 2909/1/40 2908/1/40 2898/1/40 2897/1/40 
f 2899/1/40 2909/1/40 2897/1/40 2900/1/40 
f 2916/1/40 2900/1/40 2897/1/40 2959/1/40 
f 2959/1/40 2897/1/40 1604/1/40 1661/1/40 
f 2959/1/5 2897/1/5 2900/1/5 2916/1/5 
f 2919/1/40 2909/1/40 2899/1/40 2960/1/40 
f 2908/1/40 2919/1/40 2960/1/40 3006/1/40 
f 2917/1/40 2908/1/40 3006/1/40 2961/1/40 
f 2915/1/40 2917/1/40 2961/1/40 2962/1/40 
f 2912/1/40 2915/1/40 2962/1/40 3007/1/40 
f 3005/1/40 2912/1/40 3007/1/40 2963/1/40 
f 3008/1/40 3005/1/40 2963/1/40 2964/1/40 
f 3004/1/40 3008/1/40 2964/1/40 3009/1/40 
f 3003/1/40 3004/1/40 3009/1/40 2965/1/40 
f 3010/1/40 3003/1/40 2965/1/40 2966/1/40 
f 3002/1/40 3010/1/40 2966/1/40 3011/1/40 
f 3001/1/40 3002/1/40 3011/1/40 2967/1/40 
f 3012/1/40 3001/1/40 2967/1/40 2968/1/40 
f 3000/1/40 3012/1/40 2968/1/40 3013/1/40 
f 2999/1/40 3000/1/40 3013/1/40 2969/1/40 
f 3014/1/40 2999/1/40 2969/1/40 2970/1/40 
f 2998/1/40 3014/1/40 2970/1/40 3015/1/40 
f 2997/1/40 2998/1/40 3015/1/40 2971/1/40 
f 3016/1/40 2997/1/40 2971/1/40 2972/1/40 
f 2996/1/40 3016/1/40 2972/1/40 3017/1/40 
f 2995/1/40 2996/1/40 3017/1/40 2973/1/40 
f 3018/1/40 2995/1/40 2973/1/40 2974/1/40 
f 2994/1/40 3018/1/40 2974/1/40 3019/1/40 
f 2993/1/40 2994/1/40 3019/1/40 2975/1/40 
f 3020/1/40 2993/1/40 2975/1/40 2976/1/40 
f 2992/1/40 3020/1/40 2976/1/40 3021/1/40 
f 2991/1/40 2992/1/40 3021/1/40 2977/1/40 
f 3022/1/40 2991/1/40 2977/1/40 2978/1/40 
f 2990/1/40 3022/1/40 2978/1/40 3023/1/40 
f 2932/1/40 2990/1/40 3023/1/40 2979/1/40 
f 2930/1/40 2932/1/40 2979/1/40 2923/1/40 
f 2927/1/40 2930/1/40 2923/1/40 2922/1/40 
f 2989/1/40 2927/1/40 2922/1/40 2925/1/40 
f 3024/1/40 2989/1/40 2925/1/40 2980/1/40 
f 2988/1/40 3024/1/40 2980/1/40 3025/1/40 
f 2987/1/40 2988/1/40 3025/1/40 2981/1/40 
f 3026/1/40 2987/1/40 2981/1/40 2882/1/40 
f 2986/1/40 3026/1/40 2882/1/40 2893/1/40 
f 2940/1/40 2986/1/40 2893/1/40 2883/1/40 
f 2956/1/40 2940/1/40 2883/1/40 2890/1/40 
f 2939/1/40 2956/1/40 2890/1/40 2886/1/40 
f 2950/1/40 2939/1/40 2886/1/40 2889/1/40 
f 2954/1/40 2950/1/40 2889/1/40 2878/1/40 
f 2949/1/40 2954/1/40 2878/1/40 2985/1/40 
f 2898/1/40 2948/1/40 2943/1/40 
f 2934/1/40 2984/1/40 2983/1/40 2935/1/40 
f 2937/1/5 2934/1/5 2903/1/5 2904/1/5 
f 2903/1/40 2906/1/40 2904/1/40 
f 2894/1/40 2895/1/40 2902/1/40 3027/1/40 
f 2894/1/1 2896/1/1 3028/1/1 3027/1/1 
f 2896/1/2 2894/1/2 2895/1/2 2898/1/2 
f 2898/1/5 2896/1/5 3028/1/5 2903/1/5 
f 3027/1/3 3028/1/3 2903/1/3 2902/1/3 
f 2960/1/1 2961/1/1 3029/1/1 3030/1/1 
f 3031/1/3 3006/1/3 2960/1/3 3030/1/3 
f 2961/1/9 3006/1/9 3031/1/9 3029/1/9 
f 3009/1/13 3032/1/13 3033/1/13 2965/1/13 
f 3007/1/11 3034/1/11 3035/1/11 2963/1/11 
f 2962/1/1 2963/1/1 3035/1/1 3036/1/1 
f 3034/1/3 3007/1/3 2962/1/3 3036/1/3 
f 2964/1/1 2965/1/1 3033/1/1 3037/1/1 
f 3032/1/3 3009/1/3 2964/1/3 3037/1/3 
f 3038/1/15 3001/1/15 3012/1/15 3039/1/15 
f 3000/1/8 3001/1/8 3038/1/8 3040/1/8 
f 3000/1/2 3040/1/2 3039/1/2 3012/1/2 
f 2968/1/1 2969/1/1 3041/1/1 3042/1/1 
f 3043/1/3 3013/1/3 2968/1/3 3042/1/3 
f 3013/1/17 3043/1/17 3041/1/17 2969/1/17 
f 3044/1/3 3015/1/3 2970/1/3 3045/1/3 
f 3015/1/19 3044/1/19 3046/1/19 2971/1/19 
f 2970/1/1 2971/1/1 3046/1/1 3045/1/1 
f 3047/1/3 3017/1/3 2972/1/3 3048/1/3 
f 3017/1/21 3047/1/21 3049/1/21 2973/1/21 
f 2972/1/1 2973/1/1 3049/1/1 3048/1/1 
f 2996/1/8 2997/1/8 3050/1/8 3051/1/8 
f 2996/1/2 3051/1/2 3052/1/2 3016/1/2 
f 3050/1/23 2997/1/23 3016/1/23 3052/1/23 
f 3021/1/25 3053/1/25 3054/1/25 2977/1/25 
f 2976/1/1 2977/1/1 3054/1/1 3055/1/1 
f 3053/1/3 3021/1/3 2976/1/3 3055/1/3 
f 3056/1/3 3023/1/3 2978/1/3 3057/1/3 
f 3023/1/27 3056/1/27 3058/1/27 2979/1/27 
f 2978/1/1 2979/1/1 3058/1/1 3057/1/1 
f 2897/1/4 2898/1/4 2895/1/4 1599/1/4 
f 2897/1/4 1599/1/4 1604/1/4 
f 1599/1/4 2895/1/4 2833/1/4 
f 3002/1/2 3059/1/2 3060/1/2 3010/1/2 
f 3004/1/8 3005/1/8 3061/1/8 3062/1/8 
f 3061/1/12 3005/1/12 3008/1/12 3063/1/12 
f 3004/1/2 3062/1/2 3063/1/2 3008/1/2 
f 2992/1/2 3064/1/2 3065/1/2 3020/1/2 
f 3066/1/5 3067/1/5 2933/1/5 2936/1/5 
f 3066/1/5 2936/1/5 2907/1/5 3068/1/5 
f 2880/1/5 3068/1/5 2907/1/5 2881/1/5 
f 2888/1/5 2881/1/5 2907/1/5 2891/1/5 
f 2884/1/5 2891/1/5 2907/1/5 2885/1/5 
f 3069/1/5 2885/1/5 2907/1/5 3070/1/5 
f 2926/1/5 3070/1/5 2907/1/5 2924/1/5 
f 3058/1/5 2924/1/5 2907/1/5 3057/1/5 
f 3054/1/5 3057/1/5 2907/1/5 3055/1/5 
f 3071/1/5 3055/1/5 2907/1/5 3072/1/5 
f 3049/1/5 3072/1/5 2907/1/5 3048/1/5 
f 3046/1/5 3048/1/5 2907/1/5 3045/1/5 
f 3041/1/5 3045/1/5 2907/1/5 3042/1/5 
f 3073/1/5 3042/1/5 2907/1/5 3074/1/5 
f 3033/1/5 3074/1/5 2907/1/5 3037/1/5 
f 3035/1/5 3037/1/5 2907/1/5 3036/1/5 
f 3029/1/5 3036/1/5 2907/1/5 3030/1/5 
f 2901/1/5 3030/1/5 2907/1/5 2834/1/5 
f 2901/1/5 2834/1/5 2836/1/5 
f 2920/1/5 3030/1/5 2901/1/5 2910/1/5 
f 2910/1/5 2901/1/5 2835/1/5 2833/1/5 
f 2910/1/5 2833/1/5 2895/1/5 2911/1/5 
f 2918/1/5 2911/1/5 2895/1/5 2913/1/5 
f 3061/1/5 2913/1/5 2895/1/5 3062/1/5 
f 3075/1/5 3062/1/5 2895/1/5 3059/1/5 
f 3038/1/5 3059/1/5 2895/1/5 3040/1/5 
f 3076/1/5 3040/1/5 2895/1/5 3077/1/5 
f 3050/1/5 3077/1/5 2895/1/5 3051/1/5 
f 3078/1/5 3051/1/5 2895/1/5 3079/1/5 
f 3080/1/5 3079/1/5 2895/1/5 3064/1/5 
f 3081/1/5 3064/1/5 2895/1/5 3082/1/5 
f 2931/1/5 3082/1/5 2895/1/5 2928/1/5 
f 3083/1/5 2928/1/5 2895/1/5 3084/1/5 
f 3085/1/5 3084/1/5 2895/1/5 3086/1/5 
f 2941/1/5 3086/1/5 2895/1/5 2942/1/5 
f 2951/1/5 2942/1/5 2895/1/5 2952/1/5 
f 2947/1/5 2952/1/5 2895/1/5 2944/1/5 
f 2945/1/5 2944/1/5 2895/1/5 3068/1/5 
f 2945/1/5 3068/1/5 2880/1/5 2947/1/5 
f 2947/1/5 2880/1/5 3087/1/5 2952/1/5 
f 2953/1/5 2952/1/5 3087/1/5 2881/1/5 
f 2953/1/5 2881/1/5 2888/1/5 2951/1/5 
f 2951/1/5 2888/1/5 2887/1/5 2942/1/5 
f 2955/1/5 2942/1/5 2887/1/5 2891/1/5 
f 2955/1/5 2891/1/5 2884/1/5 2941/1/5 
f 2941/1/5 2884/1/5 2892/1/5 3086/1/5 
f 3088/1/5 3086/1/5 2892/1/5 2885/1/5 
f 3088/1/5 2885/1/5 3069/1/5 3085/1/5 
f 3085/1/5 3069/1/5 3089/1/5 3084/1/5 
f 3090/1/5 3084/1/5 3089/1/5 3070/1/5 
f 3090/1/5 3070/1/5 2926/1/5 3083/1/5 
f 3083/1/5 2926/1/5 2921/1/5 2928/1/5 
f 2929/1/5 2928/1/5 2921/1/5 2924/1/5 
f 2929/1/5 2924/1/5 3058/1/5 2931/1/5 
f 2931/1/5 3058/1/5 3056/1/5 3082/1/5 
f 3091/1/5 3082/1/5 3056/1/5 3057/1/5 
f 3091/1/5 3057/1/5 3054/1/5 3081/1/5 
f 3081/1/5 3054/1/5 3053/1/5 3064/1/5 
f 3065/1/5 3064/1/5 3053/1/5 3055/1/5 
f 3065/1/5 3055/1/5 3071/1/5 3080/1/5 
f 3080/1/5 3071/1/5 3092/1/5 3079/1/5 
f 3093/1/5 3079/1/5 3092/1/5 3072/1/5 
f 3093/1/5 3072/1/5 3049/1/5 3078/1/5 
f 3078/1/5 3049/1/5 3047/1/5 3051/1/5 
f 3052/1/5 3051/1/5 3047/1/5 3048/1/5 
f 3052/1/5 3048/1/5 3046/1/5 3050/1/5 
f 3050/1/5 3046/1/5 3044/1/5 3077/1/5 
f 3094/1/5 3077/1/5 3044/1/5 3045/1/5 
f 3094/1/5 3045/1/5 3041/1/5 3076/1/5 
f 3076/1/5 3041/1/5 3043/1/5 3040/1/5 
f 3039/1/5 3040/1/5 3043/1/5 3042/1/5 
f 3039/1/5 3042/1/5 3073/1/5 3038/1/5 
f 3038/1/5 3073/1/5 3095/1/5 3059/1/5 
f 3060/1/5 3059/1/5 3095/1/5 3074/1/5 
f 3060/1/5 3074/1/5 3033/1/5 3075/1/5 
f 3075/1/5 3033/1/5 3032/1/5 3062/1/5 
f 3063/1/5 3062/1/5 3032/1/5 3037/1/5 
f 3063/1/5 3037/1/5 3035/1/5 3061/1/5 
f 3061/1/5 3035/1/5 3034/1/5 2913/1/5 
f 2914/1/5 2913/1/5 3034/1/5 3036/1/5 
f 2914/1/5 3036/1/5 3029/1/5 2918/1/5 
f 2918/1/5 3029/1/5 3031/1/5 2911/1/5 
f 2920/1/5 2911/1/5 3031/1/5 3030/1/5 
f 3067/1/5 3068/1/5 2895/1/5 2933/1/5 
f 2933/1/40 
f 2938/1/5 2933/1/5 2902/1/5 2905/1/40 
f 2902/1/5 2907/1/5 2936/1/5 2938/1/5 
f 2907/1/5 2902/1/5 2905/1/5 
f 3081/1/26 2991/1/26 3022/1/26 3091/1/26 
f 3080/1/24 2993/1/24 3020/1/24 3065/1/24 
f 3078/1/22 2995/1/22 3018/1/22 3093/1/22 
f 2992/1/8 2993/1/8 3080/1/8 3064/1/8 
f 2994/1/8 2995/1/8 3078/1/8 3079/1/8 
f 3092/1/3 3019/1/3 2974/1/3 3072/1/3 
f 3019/1/20 3092/1/20 3071/1/20 2975/1/20 
f 2994/1/2 3079/1/2 3093/1/2 3018/1/2 
f 2998/1/8 2999/1/8 3076/1/8 3077/1/8 
f 2998/1/2 3077/1/2 3094/1/2 3014/1/2 
f 2974/1/1 2975/1/1 3071/1/1 3072/1/1 
f 3011/1/16 3095/1/16 3073/1/16 2967/1/16 
f 2966/1/1 2967/1/1 3073/1/1 3074/1/1 
f 3076/1/18 2999/1/18 3014/1/18 3094/1/18 
f 3075/1/14 3003/1/14 3010/1/14 3060/1/14 
f 3095/1/3 3011/1/3 2966/1/3 3074/1/3 
f 3002/1/8 3003/1/8 3075/1/8 3059/1/8 
f 2990/1/2 3082/1/2 3091/1/2 3022/1/2 
f 3025/1/28 3089/1/28 3069/1/28 2981/1/28 
f 2990/1/8 2991/1/8 3081/1/8 3082/1/8 
f 3089/1/3 3025/1/3 2980/1/3 3070/1/3 
f 2980/1/1 2981/1/1 3069/1/1 3070/1/1 
f 2988/1/2 3084/1/2 3090/1/2 3024/1/2 
f 2988/1/8 2989/1/8 3083/1/8 3084/1/8 
f 3083/1/29 2989/1/29 3024/1/29 3090/1/29 
f 2895/1/1 2898/1/1 2903/1/1 2902/1/1 
f 2986/1/2 3086/1/2 3088/1/2 3026/1/2 
f 2982/1/1 2983/1/1 3066/1/1 3068/1/1 
f 3085/1/32 2987/1/32 3026/1/32 3088/1/32 
f 2986/1/8 2987/1/8 3085/1/8 3086/1/8 
f 3087/1/3 2985/1/3 2878/1/3 2881/1/3 
f 3067/1/3 2984/1/3 2982/1/3 3068/1/3 
f 2984/1/28 3067/1/28 3066/1/28 2983/1/28 
f 2887/1/3 2886/1/3 2890/1/3 2891/1/3 
f 2985/1/35 3087/1/35 2880/1/35 2879/1/35 
f 3096/1/1 3097/1/1 2756/1/1 2757/1/1 
f 3098/1/1 3099/1/1 2760/1/1 2761/1/1 
f 3100/1/37 2767/1/37 2758/1/37 3101/1/37 
f 3102/1/1 3101/1/1 2758/1/1 2759/1/1 
f 2765/1/3 3103/1/3 3098/1/3 2761/1/3 
f 3103/1/39 2765/1/39 2760/1/39 3099/1/39 
f 1821/1/2 1817/1/2 1819/1/2 1824/1/2 
f 1819/1/5 1817/1/5 3104/1/5 2722/1/5 
f 2722/1/5 3104/1/5 2723/1/5 
f 1821/1/4 3105/1/4 3104/1/4 1817/1/4 
f 1821/1/40 1824/1/40 3106/1/40 3105/1/40 
f 3105/1/40 3106/1/40 3107/1/40 
f 3108/1/6 3109/1/6 2721/1/6 2716/1/6 
f 2774/1/3 3110/1/3 3111/1/3 2776/1/3 
f 2776/1/3 3111/1/3 3112/1/3 2694/1/3 
f 3113/1/8 3114/1/8 2720/1/8 2724/1/8 
f 3115/1/2 2726/1/2 2795/1/2 3116/1/2 
f 2721/1/3 3109/1/3 3117/1/3 2718/1/3 
f 3117/1/1 3108/1/1 2716/1/1 2718/1/1 
f 3118/1/10 3116/1/10 2795/1/10 2725/1/10 
f 3114/1/7 3119/1/7 2719/1/7 2720/1/7 
f 3113/1/2 2724/1/2 2719/1/2 3119/1/2 
f 3115/1/8 3118/1/8 2725/1/8 2726/1/8 
f 2690/1/3 3120/1/3 3121/1/3 2695/1/3 
f 3121/1/1 3122/1/1 2689/1/1 2695/1/1 
f 3120/1/30 2690/1/30 2689/1/30 3122/1/30 
f 3123/1/33 1849/1/33 1850/1/33 3124/1/33 
f 3125/1/2 2744/1/2 2777/1/2 3126/1/2 
f 2743/1/31 3127/1/31 3126/1/31 2777/1/31 
f 3125/1/8 3127/1/8 2743/1/8 2744/1/8 
f 2772/1/32 3128/1/32 3129/1/32 2771/1/32 
f 3130/1/33 3128/1/33 2772/1/33 2775/1/33 
f 3130/1/2 2775/1/2 2771/1/2 3129/1/2 
f 3131/1/8 3132/1/8 2748/1/8 2749/1/8 
f 3133/1/2 2753/1/2 2754/1/2 3134/1/2 
f 2752/1/34 3135/1/34 3134/1/34 2754/1/34 
f 3133/1/8 3135/1/8 2752/1/8 2753/1/8 
f 3136/1/8 3137/1/8 2750/1/8 2751/1/8 
f 3136/1/2 2751/1/2 2768/1/2 3138/1/2 
f 2750/1/36 3137/1/36 3138/1/36 2768/1/36 
f 3131/1/2 2749/1/2 2766/1/2 3139/1/2 
f 2748/1/38 3132/1/38 3139/1/38 2766/1/38 
f 2694/1/3 3112/1/3 3123/1/3 3124/1/3 
f 2235/1/40 1849/1/40 3123/1/40 3140/1/40 
f 3140/1/40 3123/1/40 3112/1/40 
f 1850/1/5 2017/1/5 2717/1/5 3124/1/5 
f 3124/1/5 2717/1/5 2694/1/5 
f 3117/1/40 3140/1/40 3112/1/40 3108/1/40 
f 3141/1/40 3108/1/40 3112/1/40 3142/1/40 
f 3143/1/40 3142/1/40 3112/1/40 3144/1/40 
f 3145/1/40 3144/1/40 3112/1/40 3146/1/40 
f 3147/1/40 3146/1/40 3112/1/40 3148/1/40 
f 3149/1/40 3148/1/40 3112/1/40 3150/1/40 
f 3151/1/40 3150/1/40 3112/1/40 3152/1/40 
f 3153/1/40 3152/1/40 3112/1/40 3154/1/40 
f 3155/1/40 3154/1/40 3112/1/40 3156/1/40 
f 3157/1/40 3156/1/40 3112/1/40 3158/1/40 
f 3159/1/40 3158/1/40 3112/1/40 3160/1/40 
f 3121/1/40 3160/1/40 3112/1/40 3122/1/40 
f 3161/1/40 3122/1/40 3112/1/40 3162/1/40 
f 3098/1/40 3162/1/40 3112/1/40 3099/1/40 
f 3102/1/40 3099/1/40 3112/1/40 3101/1/40 
f 3096/1/40 3101/1/40 3112/1/40 3097/1/40 
f 3163/1/40 3097/1/40 3112/1/40 3164/1/40 
f 3129/1/40 3164/1/40 3112/1/40 3130/1/40 
f 3130/1/40 3112/1/40 3110/1/40 3128/1/40 
f 3128/1/40 3110/1/40 3107/1/40 3165/1/40 
f 3163/1/40 3165/1/40 3107/1/40 3133/1/40 
f 3163/1/40 3133/1/40 3134/1/40 3097/1/40 
f 3097/1/40 3134/1/40 3135/1/40 3166/1/40 
f 3136/1/40 3166/1/40 3135/1/40 3107/1/40 
f 3137/1/40 3136/1/40 3107/1/40 3131/1/40 
f 3132/1/40 3131/1/40 3107/1/40 3167/1/40 
f 3168/1/40 3167/1/40 3107/1/40 3169/1/40 
f 3170/1/40 3169/1/40 3107/1/40 3125/1/40 
f 3127/1/40 3125/1/40 3107/1/40 3171/1/40 
f 3172/1/40 3171/1/40 3107/1/40 3173/1/40 
f 3174/1/40 3173/1/40 3107/1/40 3175/1/40 
f 3176/1/40 3175/1/40 3107/1/40 3177/1/40 
f 3178/1/40 3177/1/40 3107/1/40 3179/1/40 
f 3180/1/40 3179/1/40 3107/1/40 3181/1/40 
f 3182/1/40 3181/1/40 3107/1/40 3183/1/40 
f 3184/1/40 3183/1/40 3107/1/40 3185/1/40 
f 3186/1/40 3185/1/40 3107/1/40 3115/1/40 
f 3118/1/40 3115/1/40 3107/1/40 3113/1/40 
f 3114/1/40 3113/1/40 3107/1/40 3106/1/40 
f 3108/1/40 3114/1/40 3106/1/40 3109/1/40 
f 3117/1/40 3109/1/40 3106/1/40 3140/1/40 
f 3140/1/40 3106/1/40 1824/1/40 2235/1/40 
f 3140/1/5 3106/1/5 3109/1/5 3117/1/5 
f 3119/1/40 3114/1/40 3108/1/40 3141/1/40 
f 3113/1/40 3119/1/40 3141/1/40 3187/1/40 
f 3118/1/40 3113/1/40 3187/1/40 3142/1/40 
f 3116/1/40 3118/1/40 3142/1/40 3143/1/40 
f 3115/1/40 3116/1/40 3143/1/40 3188/1/40 
f 3186/1/40 3115/1/40 3188/1/40 3144/1/40 
f 3189/1/40 3186/1/40 3144/1/40 3145/1/40 
f 3185/1/40 3189/1/40 3145/1/40 3190/1/40 
f 3184/1/40 3185/1/40 3190/1/40 3146/1/40 
f 3191/1/40 3184/1/40 3146/1/40 3147/1/40 
f 3183/1/40 3191/1/40 3147/1/40 3192/1/40 
f 3182/1/40 3183/1/40 3192/1/40 3148/1/40 
f 3193/1/40 3182/1/40 3148/1/40 3149/1/40 
f 3181/1/40 3193/1/40 3149/1/40 3194/1/40 
f 3180/1/40 3181/1/40 3194/1/40 3150/1/40 
f 3195/1/40 3180/1/40 3150/1/40 3151/1/40 
f 3179/1/40 3195/1/40 3151/1/40 3196/1/40 
f 3178/1/40 3179/1/40 3196/1/40 3152/1/40 
f 3197/1/40 3178/1/40 3152/1/40 3153/1/40 
f 3177/1/40 3197/1/40 3153/1/40 3198/1/40 
f 3176/1/40 3177/1/40 3198/1/40 3154/1/40 
f 3199/1/40 3176/1/40 3154/1/40 3155/1/40 
f 3175/1/40 3199/1/40 3155/1/40 3200/1/40 
f 3174/1/40 3175/1/40 3200/1/40 3156/1/40 
f 3201/1/40 3174/1/40 3156/1/40 3157/1/40 
f 3173/1/40 3201/1/40 3157/1/40 3202/1/40 
f 3172/1/40 3173/1/40 3202/1/40 3158/1/40 
f 3203/1/40 3172/1/40 3158/1/40 3159/1/40 
f 3171/1/40 3203/1/40 3159/1/40 3204/1/40 
f 3127/1/40 3171/1/40 3204/1/40 3160/1/40 
f 3126/1/40 3127/1/40 3160/1/40 3121/1/40 
f 3125/1/40 3126/1/40 3121/1/40 3120/1/40 
f 3170/1/40 3125/1/40 3120/1/40 3122/1/40 
f 3205/1/40 3170/1/40 3122/1/40 3161/1/40 
f 3169/1/40 3205/1/40 3161/1/40 3206/1/40 
f 3168/1/40 3169/1/40 3206/1/40 3162/1/40 
f 3207/1/40 3168/1/40 3162/1/40 3098/1/40 
f 3167/1/40 3207/1/40 3098/1/40 3103/1/40 
f 3132/1/40 3167/1/40 3103/1/40 3099/1/40 
f 3139/1/40 3132/1/40 3099/1/40 3102/1/40 
f 3131/1/40 3139/1/40 3102/1/40 3100/1/40 
f 3137/1/40 3131/1/40 3100/1/40 3101/1/40 
f 3138/1/40 3137/1/40 3101/1/40 3096/1/40 
f 3136/1/40 3138/1/40 3096/1/40 3166/1/40 
f 3107/1/40 3135/1/40 3133/1/40 
f 3128/1/40 3165/1/40 3164/1/40 3129/1/40 
f 3130/1/5 3128/1/5 3110/1/5 3111/1/5 
f 3110/1/40 3112/1/40 3111/1/40 
f 3104/1/40 2723/1/40 2774/1/40 3208/1/40 
f 3104/1/1 3105/1/1 3209/1/1 3208/1/1 
f 3105/1/2 3104/1/2 2723/1/2 3107/1/2 
f 3107/1/5 3105/1/5 3209/1/5 3110/1/5 
f 3208/1/3 3209/1/3 3110/1/3 2774/1/3 
f 3141/1/1 3142/1/1 2714/1/1 2715/1/1 
f 2796/1/3 3187/1/3 3141/1/3 2715/1/3 
f 3142/1/9 3187/1/9 2796/1/9 2714/1/9 
f 3190/1/13 2792/1/13 2710/1/13 3146/1/13 
f 3188/1/11 2794/1/11 2712/1/11 3144/1/11 
f 3143/1/1 3144/1/1 2712/1/1 2713/1/1 
f 2794/1/3 3188/1/3 3143/1/3 2713/1/3 
f 3145/1/1 3146/1/1 2710/1/1 2711/1/1 
f 2792/1/3 3190/1/3 3145/1/3 2711/1/3 
f 2731/1/15 3182/1/15 3193/1/15 2789/1/15 
f 3181/1/8 3182/1/8 2731/1/8 2732/1/8 
f 3181/1/2 2732/1/2 2789/1/2 3193/1/2 
f 3149/1/1 3150/1/1 2706/1/1 2707/1/1 
f 2788/1/3 3194/1/3 3149/1/3 2707/1/3 
f 3194/1/17 2788/1/17 2706/1/17 3150/1/17 
f 2786/1/3 3196/1/3 3151/1/3 2705/1/3 
f 3196/1/19 2786/1/19 2704/1/19 3152/1/19 
f 3151/1/1 3152/1/1 2704/1/1 2705/1/1 
f 2784/1/3 3198/1/3 3153/1/3 2703/1/3 
f 3198/1/21 2784/1/21 2702/1/21 3154/1/21 
f 3153/1/1 3154/1/1 2702/1/1 2703/1/1 
f 3177/1/8 3178/1/8 2735/1/8 2736/1/8 
f 3177/1/2 2736/1/2 2785/1/2 3197/1/2 
f 2735/1/23 3178/1/23 3197/1/23 2785/1/23 
f 3202/1/25 2780/1/25 2698/1/25 3158/1/25 
f 3157/1/1 3158/1/1 2698/1/1 2699/1/1 
f 2780/1/3 3202/1/3 3157/1/3 2699/1/3 
f 2778/1/3 3204/1/3 3159/1/3 2697/1/3 
f 3204/1/27 2778/1/27 2696/1/27 3160/1/27 
f 3159/1/1 3160/1/1 2696/1/1 2697/1/1 
f 3106/1/4 3107/1/4 2723/1/4 1819/1/4 
f 3106/1/4 1819/1/4 1824/1/4 
f 1819/1/4 2723/1/4 2722/1/4 
f 3183/1/2 2730/1/2 2791/1/2 3191/1/2 
f 3185/1/8 3186/1/8 2727/1/8 2728/1/8 
f 2727/1/12 3186/1/12 3189/1/12 2793/1/12 
f 3185/1/2 2728/1/2 2793/1/2 3189/1/2 
f 3173/1/2 2740/1/2 2781/1/2 3201/1/2 
f 2017/1/5 1819/1/5 2722/1/5 2717/1/5 
f 2717/1/5 2722/1/5 2721/1/5 2718/1/5 
f 2741/1/26 3172/1/26 3203/1/26 2779/1/26 
f 2739/1/24 3174/1/24 3201/1/24 2781/1/24 
f 2737/1/22 3176/1/22 3199/1/22 2783/1/22 
f 3173/1/8 3174/1/8 2739/1/8 2740/1/8 
f 3175/1/8 3176/1/8 2737/1/8 2738/1/8 
f 2782/1/3 3200/1/3 3155/1/3 2701/1/3 
f 3200/1/20 2782/1/20 2700/1/20 3156/1/20 
f 3175/1/2 2738/1/2 2783/1/2 3199/1/2 
f 3179/1/8 3180/1/8 2733/1/8 2734/1/8 
f 3179/1/2 2734/1/2 2787/1/2 3195/1/2 
f 3155/1/1 3156/1/1 2700/1/1 2701/1/1 
f 3192/1/16 2790/1/16 2708/1/16 3148/1/16 
f 3147/1/1 3148/1/1 2708/1/1 2709/1/1 
f 2733/1/18 3180/1/18 3195/1/18 2787/1/18 
f 2729/1/14 3184/1/14 3191/1/14 2791/1/14 
f 2790/1/3 3192/1/3 3147/1/3 2709/1/3 
f 3183/1/8 3184/1/8 2729/1/8 2730/1/8 
f 3171/1/2 2742/1/2 2779/1/2 3203/1/2 
f 3206/1/28 2764/1/28 2762/1/28 3162/1/28 
f 3171/1/8 3172/1/8 2741/1/8 2742/1/8 
f 2764/1/3 3206/1/3 3161/1/3 2693/1/3 
f 3161/1/1 3162/1/1 2762/1/1 2693/1/1 
f 3210/1/1 3211/1/1 3212/1/1 3213/1/1 
f 3214/1/1 3215/1/1 3216/1/1 3217/1/1 
f 3218/1/37 3219/1/37 3220/1/37 3221/1/37 
f 3222/1/1 3221/1/1 3220/1/1 3223/1/1 
f 3224/1/3 3225/1/3 3214/1/3 3217/1/3 
f 3225/1/39 3224/1/39 3216/1/39 3215/1/39 
f 2039/1/2 2036/1/2 2037/1/2 2042/1/2 
f 2037/1/5 2036/1/5 3226/1/5 3227/1/5 
f 2039/1/4 3228/1/4 3226/1/4 2036/1/4 
f 2039/1/40 2042/1/40 2611/1/40 3228/1/40 
f 3228/1/40 2611/1/40 3229/1/40 
f 3230/1/6 2667/1/6 3231/1/6 3232/1/6 
f 3233/1/3 3234/1/3 3235/1/3 3236/1/3 
f 3236/1/3 3235/1/3 3237/1/3 
f 3238/1/8 3239/1/8 3240/1/8 3241/1/8 
f 3242/1/2 3243/1/2 3244/1/2 3245/1/2 
f 3231/1/3 2667/1/3 2666/1/3 3246/1/3 
f 2666/1/1 3230/1/1 3232/1/1 3246/1/1 
f 3247/1/10 3245/1/10 3244/1/10 3248/1/10 
f 3239/1/7 3249/1/7 3250/1/7 3240/1/7 
f 3238/1/2 3241/1/2 3250/1/2 3249/1/2 
f 3242/1/8 3247/1/8 3248/1/8 3243/1/8 
f 3251/1/3 3252/1/3 3253/1/3 3254/1/3 
f 3253/1/1 3255/1/1 3256/1/1 3254/1/1 
f 3252/1/30 3251/1/30 3256/1/30 3255/1/30 
f 3257/1/2 3258/1/2 3259/1/2 3260/1/2 
f 3261/1/31 3262/1/31 3260/1/31 3259/1/31 
f 3257/1/8 3262/1/8 3261/1/8 3258/1/8 
f 3263/1/32 3264/1/32 3265/1/32 3266/1/32 
f 3267/1/33 3264/1/33 3263/1/33 3268/1/33 
f 3267/1/2 3268/1/2 3266/1/2 3265/1/2 
f 3269/1/8 3270/1/8 3271/1/8 3272/1/8 
f 3273/1/2 3274/1/2 3275/1/2 3276/1/2 
f 3277/1/34 3278/1/34 3276/1/34 3275/1/34 
f 3273/1/8 3278/1/8 3277/1/8 3274/1/8 
f 3279/1/8 3280/1/8 3281/1/8 3282/1/8 
f 3279/1/2 3282/1/2 3283/1/2 3284/1/2 
f 3281/1/36 3280/1/36 3284/1/36 3283/1/36 
f 3269/1/2 3272/1/2 3285/1/2 3286/1/2 
f 3271/1/38 3270/1/38 3286/1/38 3285/1/38 
f 3236/1/3 3237/1/3 3287/1/3 3288/1/3 
f 2236/1/40 2067/1/40 3287/1/40 2673/1/40 
f 2673/1/40 3287/1/40 3237/1/40 
f 2042/1/2 2037/1/2 2099/1/2 2236/1/2 
f 2068/1/5 2099/1/5 3236/1/5 3288/1/5 
f 2666/1/40 2673/1/40 3237/1/40 3230/1/40 
f 3289/1/40 3230/1/40 3237/1/40 3290/1/40 
f 3291/1/40 3290/1/40 3237/1/40 3292/1/40 
f 3293/1/40 3292/1/40 3237/1/40 3294/1/40 
f 3295/1/40 3294/1/40 3237/1/40 3296/1/40 
f 3297/1/40 3296/1/40 3237/1/40 3298/1/40 
f 3299/1/40 3298/1/40 3237/1/40 3300/1/40 
f 3301/1/40 3300/1/40 3237/1/40 3302/1/40 
f 3303/1/40 3302/1/40 3237/1/40 3304/1/40 
f 3305/1/40 3304/1/40 3237/1/40 3306/1/40 
f 3307/1/40 3306/1/40 3237/1/40 3308/1/40 
f 3253/1/40 3308/1/40 3237/1/40 3255/1/40 
f 3309/1/40 3255/1/40 3237/1/40 3310/1/40 
f 3214/1/40 3310/1/40 3237/1/40 3215/1/40 
f 3222/1/40 3215/1/40 3237/1/40 3221/1/40 
f 3210/1/40 3221/1/40 3237/1/40 3211/1/40 
f 3311/1/40 3211/1/40 3237/1/40 3312/1/40 
f 3265/1/40 3312/1/40 3237/1/40 3267/1/40 
f 3267/1/40 3237/1/40 3234/1/40 3264/1/40 
f 3264/1/40 3234/1/40 3229/1/40 3313/1/40 
f 3311/1/40 3313/1/40 3229/1/40 3273/1/40 
f 3311/1/40 3273/1/40 3276/1/40 3211/1/40 
f 3211/1/40 3276/1/40 3278/1/40 3314/1/40 
f 3279/1/40 3314/1/40 3278/1/40 3229/1/40 
f 3280/1/40 3279/1/40 3229/1/40 3269/1/40 
f 3270/1/40 3269/1/40 3229/1/40 3315/1/40 
f 3316/1/40 3315/1/40 3229/1/40 3317/1/40 
f 3318/1/40 3317/1/40 3229/1/40 3257/1/40 
f 3262/1/40 3257/1/40 3229/1/40 3319/1/40 
f 3320/1/40 3319/1/40 3229/1/40 3321/1/40 
f 3322/1/40 3321/1/40 3229/1/40 3323/1/40 
f 3324/1/40 3323/1/40 3229/1/40 3325/1/40 
f 3326/1/40 3325/1/40 3229/1/40 3327/1/40 
f 3328/1/40 3327/1/40 3229/1/40 3329/1/40 
f 3330/1/40 3329/1/40 3229/1/40 3331/1/40 
f 3332/1/40 3331/1/40 3229/1/40 3333/1/40 
f 3334/1/40 3333/1/40 3229/1/40 3242/1/40 
f 3247/1/40 3242/1/40 3229/1/40 3238/1/40 
f 3239/1/40 3238/1/40 3229/1/40 2611/1/40 
f 3230/1/40 3239/1/40 2611/1/40 2667/1/40 
f 3249/1/40 3239/1/40 3230/1/40 3289/1/40 
f 3238/1/40 3249/1/40 3289/1/40 3335/1/40 
f 3247/1/40 3238/1/40 3335/1/40 3290/1/40 
f 3245/1/40 3247/1/40 3290/1/40 3291/1/40 
f 3242/1/40 3245/1/40 3291/1/40 3336/1/40 
f 3334/1/40 3242/1/40 3336/1/40 3292/1/40 
f 3337/1/40 3334/1/40 3292/1/40 3293/1/40 
f 3333/1/40 3337/1/40 3293/1/40 3338/1/40 
f 3332/1/40 3333/1/40 3338/1/40 3294/1/40 
f 3339/1/40 3332/1/40 3294/1/40 3295/1/40 
f 3331/1/40 3339/1/40 3295/1/40 3340/1/40 
f 3330/1/40 3331/1/40 3340/1/40 3296/1/40 
f 3341/1/40 3330/1/40 3296/1/40 3297/1/40 
f 3329/1/40 3341/1/40 3297/1/40 3342/1/40 
f 3328/1/40 3329/1/40 3342/1/40 3298/1/40 
f 3343/1/40 3328/1/40 3298/1/40 3299/1/40 
f 3327/1/40 3343/1/40 3299/1/40 3344/1/40 
f 3326/1/40 3327/1/40 3344/1/40 3300/1/40 
f 3345/1/40 3326/1/40 3300/1/40 3301/1/40 
f 3325/1/40 3345/1/40 3301/1/40 3346/1/40 
f 3324/1/40 3325/1/40 3346/1/40 3302/1/40 
f 3347/1/40 3324/1/40 3302/1/40 3303/1/40 
f 3323/1/40 3347/1/40 3303/1/40 3348/1/40 
f 3322/1/40 3323/1/40 3348/1/40 3304/1/40 
f 3349/1/40 3322/1/40 3304/1/40 3305/1/40 
f 3321/1/40 3349/1/40 3305/1/40 3350/1/40 
f 3320/1/40 3321/1/40 3350/1/40 3306/1/40 
f 3351/1/40 3320/1/40 3306/1/40 3307/1/40 
f 3319/1/40 3351/1/40 3307/1/40 3352/1/40 
f 3262/1/40 3319/1/40 3352/1/40 3308/1/40 
f 3260/1/40 3262/1/40 3308/1/40 3253/1/40 
f 3257/1/40 3260/1/40 3253/1/40 3252/1/40 
f 3318/1/40 3257/1/40 3252/1/40 3255/1/40 
f 3353/1/40 3318/1/40 3255/1/40 3309/1/40 
f 3317/1/40 3353/1/40 3309/1/40 3354/1/40 
f 3316/1/40 3317/1/40 3354/1/40 3310/1/40 
f 3355/1/40 3316/1/40 3310/1/40 3214/1/40 
f 3315/1/40 3355/1/40 3214/1/40 3225/1/40 
f 3270/1/40 3315/1/40 3225/1/40 3215/1/40 
f 3286/1/40 3270/1/40 3215/1/40 3222/1/40 
f 3269/1/40 3286/1/40 3222/1/40 3218/1/40 
f 3280/1/40 3269/1/40 3218/1/40 3221/1/40 
f 3284/1/40 3280/1/40 3221/1/40 3210/1/40 
f 3279/1/40 3284/1/40 3210/1/40 3314/1/40 
f 3229/1/40 3278/1/40 3273/1/40 
f 3264/1/40 3313/1/40 3312/1/40 3265/1/40 
f 3267/1/5 3264/1/5 3234/1/5 3235/1/5 
f 3234/1/40 3237/1/40 3235/1/40 
f 2042/1/40 2236/1/40 2673/1/40 2611/1/40 
f 3227/1/5 3226/1/5 3356/1/5 3233/1/5 
f 3228/1/1 3357/1/1 3356/1/1 3226/1/1 
f 3228/1/2 3226/1/2 3227/1/2 3229/1/2 
f 3229/1/5 3228/1/5 3357/1/5 3234/1/5 
f 3356/1/3 3357/1/3 3234/1/3 3233/1/3 
f 3289/1/1 3290/1/1 3358/1/1 3359/1/1 
f 3360/1/3 3335/1/3 3289/1/3 3359/1/3 
f 3290/1/9 3335/1/9 3360/1/9 3358/1/9 
f 3338/1/13 3361/1/13 3362/1/13 3294/1/13 
f 3336/1/11 3363/1/11 3364/1/11 3292/1/11 
f 3291/1/1 3292/1/1 3364/1/1 3365/1/1 
f 3363/1/3 3336/1/3 3291/1/3 3365/1/3 
f 3293/1/1 3294/1/1 3362/1/1 3366/1/1 
f 3361/1/3 3338/1/3 3293/1/3 3366/1/3 
f 3367/1/15 3330/1/15 3341/1/15 3368/1/15 
f 3329/1/8 3330/1/8 3367/1/8 3369/1/8 
f 3329/1/2 3369/1/2 3368/1/2 3341/1/2 
f 3297/1/1 3298/1/1 3370/1/1 3371/1/1 
f 3372/1/3 3342/1/3 3297/1/3 3371/1/3 
f 3342/1/17 3372/1/17 3370/1/17 3298/1/17 
f 3373/1/3 3344/1/3 3299/1/3 3374/1/3 
f 3344/1/19 3373/1/19 3375/1/19 3300/1/19 
f 3299/1/1 3300/1/1 3375/1/1 3374/1/1 
f 3376/1/3 3346/1/3 3301/1/3 3377/1/3 
f 3346/1/21 3376/1/21 3378/1/21 3302/1/21 
f 3301/1/1 3302/1/1 3378/1/1 3377/1/1 
f 3325/1/8 3326/1/8 3379/1/8 3380/1/8 
f 3325/1/2 3380/1/2 3381/1/2 3345/1/2 
f 3379/1/23 3326/1/23 3345/1/23 3381/1/23 
f 3350/1/25 3382/1/25 3383/1/25 3306/1/25 
f 3305/1/1 3306/1/1 3383/1/1 3384/1/1 
f 3382/1/3 3350/1/3 3305/1/3 3384/1/3 
f 3385/1/3 3352/1/3 3307/1/3 3386/1/3 
f 3352/1/27 3385/1/27 3387/1/27 3308/1/27 
f 3307/1/1 3308/1/1 3387/1/1 3386/1/1 
f 2611/1/4 3229/1/4 3227/1/4 2037/1/4 
f 2611/1/4 2037/1/4 2042/1/4 
f 3331/1/2 3388/1/2 3389/1/2 3339/1/2 
f 3333/1/8 3334/1/8 3390/1/8 3391/1/8 
f 3390/1/12 3334/1/12 3337/1/12 3392/1/12 
f 3333/1/2 3391/1/2 3392/1/2 3337/1/2 
f 3321/1/2 3393/1/2 3394/1/2 3349/1/2 
f 3395/1/5 3396/1/5 3263/1/5 3266/1/5 
f 3395/1/5 3266/1/5 3236/1/5 3397/1/5 
f 3212/1/5 3397/1/5 3236/1/5 3213/1/5 
f 3220/1/5 3213/1/5 3236/1/5 3223/1/5 
f 3216/1/5 3223/1/5 3236/1/5 3217/1/5 
f 3398/1/5 3217/1/5 3236/1/5 3399/1/5 
f 3256/1/5 3399/1/5 3236/1/5 3254/1/5 
f 3387/1/5 3254/1/5 3236/1/5 3386/1/5 
f 3383/1/5 3386/1/5 3236/1/5 3384/1/5 
f 3400/1/5 3384/1/5 3236/1/5 3401/1/5 
f 3378/1/5 3401/1/5 3236/1/5 3377/1/5 
f 3375/1/5 3377/1/5 3236/1/5 3374/1/5 
f 3370/1/5 3374/1/5 3236/1/5 3371/1/5 
f 3402/1/5 3371/1/5 3236/1/5 3403/1/5 
f 3362/1/5 3403/1/5 3236/1/5 3366/1/5 
f 3364/1/5 3366/1/5 3236/1/5 3365/1/5 
f 3358/1/5 3365/1/5 3236/1/5 3359/1/5 
f 3232/1/5 3359/1/5 3236/1/5 3246/1/5 
f 3246/1/5 3236/1/5 2099/1/5 3231/1/5 
f 3231/1/5 2099/1/5 2037/1/5 3240/1/5 
f 3240/1/5 2037/1/5 3227/1/5 3241/1/5 
f 3248/1/5 3241/1/5 3227/1/5 3243/1/5 
f 3390/1/5 3243/1/5 3227/1/5 3391/1/5 
f 3404/1/5 3391/1/5 3227/1/5 3388/1/5 
f 3367/1/5 3388/1/5 3227/1/5 3369/1/5 
f 3405/1/5 3369/1/5 3227/1/5 3406/1/5 
f 3379/1/5 3406/1/5 3227/1/5 3380/1/5 
f 3407/1/5 3380/1/5 3227/1/5 3408/1/5 
f 3409/1/5 3408/1/5 3227/1/5 3393/1/5 
f 3410/1/5 3393/1/5 3227/1/5 3411/1/5 
f 3261/1/5 3411/1/5 3227/1/5 3258/1/5 
f 3412/1/5 3258/1/5 3227/1/5 3413/1/5 
f 3414/1/5 3413/1/5 3227/1/5 3415/1/5 
f 3271/1/5 3415/1/5 3227/1/5 3272/1/5 
f 3281/1/5 3272/1/5 3227/1/5 3282/1/5 
f 3277/1/5 3282/1/5 3227/1/5 3274/1/5 
f 3275/1/5 3274/1/5 3227/1/5 3397/1/5 
f 3275/1/5 3397/1/5 3212/1/5 3277/1/5 
f 3277/1/5 3212/1/5 3416/1/5 3282/1/5 
f 3283/1/5 3282/1/5 3416/1/5 3213/1/5 
f 3283/1/5 3213/1/5 3220/1/5 3281/1/5 
f 3281/1/5 3220/1/5 3219/1/5 3272/1/5 
f 3285/1/5 3272/1/5 3219/1/5 3223/1/5 
f 3285/1/5 3223/1/5 3216/1/5 3271/1/5 
f 3271/1/5 3216/1/5 3224/1/5 3415/1/5 
f 3417/1/5 3415/1/5 3224/1/5 3217/1/5 
f 3417/1/5 3217/1/5 3398/1/5 3414/1/5 
f 3414/1/5 3398/1/5 3418/1/5 3413/1/5 
f 3419/1/5 3413/1/5 3418/1/5 3399/1/5 
f 3419/1/5 3399/1/5 3256/1/5 3412/1/5 
f 3412/1/5 3256/1/5 3251/1/5 3258/1/5 
f 3259/1/5 3258/1/5 3251/1/5 3254/1/5 
f 3259/1/5 3254/1/5 3387/1/5 3261/1/5 
f 3261/1/5 3387/1/5 3385/1/5 3411/1/5 
f 3420/1/5 3411/1/5 3385/1/5 3386/1/5 
f 3420/1/5 3386/1/5 3383/1/5 3410/1/5 
f 3410/1/5 3383/1/5 3382/1/5 3393/1/5 
f 3394/1/5 3393/1/5 3382/1/5 3384/1/5 
f 3394/1/5 3384/1/5 3400/1/5 3409/1/5 
f 3409/1/5 3400/1/5 3421/1/5 3408/1/5 
f 3422/1/5 3408/1/5 3421/1/5 3401/1/5 
f 3422/1/5 3401/1/5 3378/1/5 3407/1/5 
f 3407/1/5 3378/1/5 3376/1/5 3380/1/5 
f 3381/1/5 3380/1/5 3376/1/5 3377/1/5 
f 3381/1/5 3377/1/5 3375/1/5 3379/1/5 
f 3379/1/5 3375/1/5 3373/1/5 3406/1/5 
f 3423/1/5 3406/1/5 3373/1/5 3374/1/5 
f 3423/1/5 3374/1/5 3370/1/5 3405/1/5 
f 3405/1/5 3370/1/5 3372/1/5 3369/1/5 
f 3368/1/5 3369/1/5 3372/1/5 3371/1/5 
f 3368/1/5 3371/1/5 3402/1/5 3367/1/5 
f 3367/1/5 3402/1/5 3424/1/5 3388/1/5 
f 3389/1/5 3388/1/5 3424/1/5 3403/1/5 
f 3389/1/5 3403/1/5 3362/1/5 3404/1/5 
f 3404/1/5 3362/1/5 3361/1/5 3391/1/5 
f 3392/1/5 3391/1/5 3361/1/5 3366/1/5 
f 3392/1/5 3366/1/5 3364/1/5 3390/1/5 
f 3390/1/5 3364/1/5 3363/1/5 3243/1/5 
f 3244/1/5 3243/1/5 3363/1/5 3365/1/5 
f 3244/1/5 3365/1/5 3358/1/5 3248/1/5 
f 3248/1/5 3358/1/5 3360/1/5 3241/1/5 
f 3250/1/5 3241/1/5 3360/1/5 3359/1/5 
f 3250/1/5 3359/1/5 3232/1/5 3240/1/5 
f 3240/1/5 3232/1/5 3231/1/5 
f 3396/1/5 3397/1/5 3227/1/5 3263/1/5 
f 3263/1/5 3227/1/5 3233/1/5 3268/1/5 
f 3266/1/5 3268/1/5 3233/1/5 3236/1/5 
f 3410/1/26 3320/1/26 3351/1/26 3420/1/26 
f 3409/1/24 3322/1/24 3349/1/24 3394/1/24 
f 3407/1/22 3324/1/22 3347/1/22 3422/1/22 
f 3321/1/8 3322/1/8 3409/1/8 3393/1/8 
f 3323/1/8 3324/1/8 3407/1/8 3408/1/8 
f 3421/1/3 3348/1/3 3303/1/3 3401/1/3 
f 3348/1/20 3421/1/20 3400/1/20 3304/1/20 
f 3323/1/2 3408/1/2 3422/1/2 3347/1/2 
f 3327/1/8 3328/1/8 3405/1/8 3406/1/8 
f 3327/1/2 3406/1/2 3423/1/2 3343/1/2 
f 3303/1/1 3304/1/1 3400/1/1 3401/1/1 
f 3340/1/16 3424/1/16 3402/1/16 3296/1/16 
f 3295/1/1 3296/1/1 3402/1/1 3403/1/1 
f 3405/1/18 3328/1/18 3343/1/18 3423/1/18 
f 3404/1/14 3332/1/14 3339/1/14 3389/1/14 
f 3424/1/3 3340/1/3 3295/1/3 3403/1/3 
f 3331/1/8 3332/1/8 3404/1/8 3388/1/8 
f 3319/1/2 3411/1/2 3420/1/2 3351/1/2 
f 3354/1/28 3418/1/28 3398/1/28 3310/1/28 
f 3319/1/8 3320/1/8 3410/1/8 3411/1/8 
f 3418/1/3 3354/1/3 3309/1/3 3399/1/3 
f 3309/1/1 3310/1/1 3398/1/1 3399/1/1 
f 3425/1/1 3426/1/1 3427/1/1 3428/1/1 
f 3426/1/77 3425/1/77 3429/1/77 3430/1/77 
f 3429/1/40 3428/1/40 3427/1/40 3430/1/40 
f 3169/1/2 2745/1/2 2692/1/2 3205/1/2 
f 3169/1/8 3170/1/8 2691/1/8 2745/1/8 
f 2691/1/29 3170/1/29 3205/1/29 2692/1/29 
f 2723/1/1 3107/1/1 3110/1/1 2774/1/1 
f 2235/1/2 2017/1/2 1850/1/2 1849/1/2 
f 3167/1/2 2747/1/2 2763/1/2 3207/1/2 
f 3163/1/1 3164/1/1 2770/1/1 2755/1/1 
f 2746/1/32 3168/1/32 3207/1/32 2763/1/32 
f 3167/1/8 3168/1/8 2746/1/8 2747/1/8 
f 2769/1/3 3166/1/3 3096/1/3 2757/1/3 
f 2773/1/3 3165/1/3 3163/1/3 2755/1/3 
f 3165/1/28 2773/1/28 2770/1/28 3164/1/28 
f 2767/1/3 3100/1/3 3102/1/3 2759/1/3 
f 3166/1/35 2769/1/35 2756/1/35 3097/1/35 
f 3317/1/2 3413/1/2 3419/1/2 3353/1/2 
f 3317/1/8 3318/1/8 3412/1/8 3413/1/8 
f 3412/1/29 3318/1/29 3353/1/29 3419/1/29 
f 3229/1/1 3234/1/1 3233/1/1 3227/1/1 
f 3315/1/2 3415/1/2 3417/1/2 3355/1/2 
f 3311/1/1 3312/1/1 3395/1/1 3397/1/1 
f 3414/1/32 3316/1/32 3355/1/32 3417/1/32 
f 3315/1/8 3316/1/8 3414/1/8 3415/1/8 
f 3416/1/3 3314/1/3 3210/1/3 3213/1/3 
f 3396/1/3 3313/1/3 3311/1/3 3397/1/3 
f 3313/1/28 3396/1/28 3395/1/28 3312/1/28 
f 3219/1/3 3218/1/3 3222/1/3 3223/1/3 
f 3314/1/35 3416/1/35 3212/1/35 3211/1/35 
f 3431/1/40 3432/1/40 3433/1/40 3434/1/40 
f 3435/1/77 3436/1/77 3431/1/77 3434/1/77 
f 3436/1/1 3435/1/1 3433/1/1 3432/1/1 
f 2620/1/40 2621/1/40 2622/1/40 2618/1/40 
f 2617/1/40 2618/1/40 2622/1/40 2624/1/40 
f 3437/1/40 3438/1/40 3439/1/40 3440/1/40 
f 3441/1/1 3442/1/1 3440/1/1 3437/1/1 
f 3440/1/3 3442/1/3 3443/1/3 3439/1/3 
f 3444/1/5 3441/1/5 3442/1/5 3443/1/5 
f 3445/1/1 3446/1/1 3447/1/1 3448/1/1 
f 3449/1/2 3450/1/2 3447/1/2 3446/1/2 
f 3449/1/57 3445/1/57 3448/1/57 3450/1/57 
f 3451/1/58 3452/1/58 3453/1/58 3454/1/58 
f 3455/1/59 3456/1/59 3457/1/59 3458/1/59 
f 3457/1/1 3459/1/1 3460/1/1 3458/1/1 
f 3456/1/2 3455/1/2 3460/1/2 3459/1/2 
f 3453/1/1 3461/1/1 3462/1/1 3454/1/1 
f 3452/1/2 3451/1/2 3462/1/2 3461/1/2 
f 3463/1/60 3464/1/60 3465/1/60 3466/1/60 
f 3463/1/41 3467/1/41 3468/1/41 3464/1/41 
f 3468/1/3 3467/1/3 3466/1/3 3465/1/3 
f 3469/1/1 3470/1/1 3471/1/1 3472/1/1 
f 3473/1/2 3474/1/2 3471/1/2 3470/1/2 
f 3474/1/61 3473/1/61 3469/1/61 3472/1/61 
f 2538/1/2 2850/1/2 2840/1/2 2585/1/2 
f 2538/1/8 2539/1/8 2839/1/8 2850/1/8 
f 2839/1/29 2539/1/29 2585/1/29 2840/1/29 
f 2593/1/1 2528/1/1 2526/1/1 2594/1/1 
f 2536/1/2 2852/1/2 2865/1/2 2587/1/2 
f 2522/1/1 2523/1/1 2870/1/1 2858/1/1 
f 2851/1/32 2537/1/32 2587/1/32 2865/1/32 
f 2536/1/8 2537/1/8 2851/1/8 2852/1/8 
f 2869/1/3 2533/1/3 2520/1/3 2860/1/3 
f 2873/1/3 2529/1/3 2522/1/3 2858/1/3 
f 2529/1/28 2873/1/28 2870/1/28 2523/1/28 
f 2867/1/3 2589/1/3 2518/1/3 2862/1/3 
f 2533/1/35 2869/1/35 2859/1/35 2521/1/35 
f 2520/1/1 2521/1/1 2859/1/1 2860/1/1 
f 2685/1/75 2663/1/75 2662/1/75 2681/1/75 
f 3475/1/33 3476/1/33 3477/1/33 3478/1/33 
f 2516/1/1 2517/1/1 2863/1/1 2864/1/1 
f 2589/1/37 2867/1/37 2861/1/37 2519/1/37 
f 2518/1/1 2519/1/1 2861/1/1 2862/1/1 
f 3479/1/33 3480/1/33 3481/1/33 3482/1/33 
f 3483/1/33 3479/1/33 3482/1/33 3484/1/33 
f 3485/1/33 3483/1/33 3484/1/33 3486/1/33 
f 3487/1/33 3485/1/33 3486/1/33 3488/1/33 
f 3489/1/33 3487/1/33 3488/1/33 3490/1/33 
f 3491/1/33 3489/1/33 3490/1/33 3492/1/33 
f 3493/1/33 3491/1/33 3492/1/33 3494/1/33 
f 3495/1/33 3493/1/33 3494/1/33 3496/1/33 
f 3497/1/33 3495/1/33 3496/1/33 3498/1/33 
f 3499/1/33 3497/1/33 3498/1/33 3500/1/33 
f 3501/1/33 3499/1/33 3500/1/33 3502/1/33 
f 2866/1/3 2588/1/3 2516/1/3 2864/1/3 
f 2588/1/39 2866/1/39 2863/1/39 2517/1/39 
f 2663/1/33 2685/1/33 2680/1/33 2668/1/33 
f 2680/1/40 2681/1/40 2662/1/40 2668/1/40 
f 3503/1/78 3504/1/78 3478/1/78 3477/1/78 
f 1153/1/5 1185/1/5 2592/1/5 2803/1/5 
f 2803/1/5 2592/1/5 2593/1/5 
f 3503/1/5 3476/1/5 3475/1/5 3504/1/5 
f 1188/1/4 2596/1/4 2592/1/4 1185/1/4 
f 1188/1/40 1152/1/40 2528/1/40 2596/1/40 
f 2491/1/6 2562/1/6 2811/1/6 2842/1/6 
f 2594/1/3 2526/1/3 2591/1/3 2875/1/3 
f 2875/1/3 2591/1/3 2488/1/3 
f 2560/1/8 2561/1/8 2844/1/8 2845/1/8 
f 2558/1/2 2847/1/2 2877/1/2 2565/1/2 
f 2811/1/3 2562/1/3 2490/1/3 2812/1/3 
f 2490/1/1 2491/1/1 2842/1/1 2812/1/1 
f 2559/1/10 2565/1/10 2877/1/10 2846/1/10 
f 2561/1/7 2563/1/7 2843/1/7 2844/1/7 
f 2560/1/2 2845/1/2 2843/1/2 2563/1/2 
f 2558/1/8 2559/1/8 2846/1/8 2847/1/8 
f 2838/1/3 2584/1/3 2512/1/3 2841/1/3 
f 2512/1/1 2513/1/1 2837/1/1 2841/1/1 
f 3505/1/1 3506/1/1 3507/1/1 3508/1/1 
f 3509/1/1 3510/1/1 3511/1/1 3512/1/1 
f 3513/1/37 3514/1/37 3515/1/37 3516/1/37 
f 3517/1/1 3516/1/1 3515/1/1 3518/1/1 
f 3519/1/3 3520/1/3 3509/1/3 3512/1/3 
f 3520/1/39 3519/1/39 3511/1/39 3510/1/39 
f 1233/1/5 1231/1/5 3521/1/5 2610/1/5 
f 2610/1/5 3521/1/5 3522/1/5 
f 1235/1/4 3523/1/4 3521/1/4 1231/1/4 
f 1235/1/40 1238/1/40 3524/1/40 3523/1/40 
f 3523/1/40 3524/1/40 3525/1/40 
f 3526/1/6 3527/1/6 2669/1/6 3528/1/6 
f 3438/1/3 3444/1/3 3529/1/3 3530/1/3 
f 3530/1/3 3529/1/3 3531/1/3 3532/1/3 
f 3533/1/8 3534/1/8 3535/1/8 3536/1/8 
f 3537/1/2 3538/1/2 3539/1/2 3540/1/2 
f 2669/1/3 3527/1/3 3541/1/3 2671/1/3 
f 3541/1/1 3526/1/1 3528/1/1 2671/1/1 
f 3542/1/10 3540/1/10 3539/1/10 3543/1/10 
f 3534/1/7 3544/1/7 3545/1/7 3535/1/7 
f 3533/1/2 3536/1/2 3545/1/2 3544/1/2 
f 3537/1/8 3542/1/8 3543/1/8 3538/1/8 
f 3546/1/3 3547/1/3 3548/1/3 3549/1/3 
f 3548/1/1 3550/1/1 3551/1/1 3549/1/1 
f 3547/1/30 3546/1/30 3551/1/30 3550/1/30 
f 3552/1/33 1263/1/33 1264/1/33 3553/1/33 
f 3554/1/2 3555/1/2 3556/1/2 3557/1/2 
f 3558/1/31 3559/1/31 3557/1/31 3556/1/31 
f 3554/1/8 3559/1/8 3558/1/8 3555/1/8 
f 3560/1/32 3561/1/32 3562/1/32 3563/1/32 
f 3564/1/33 3561/1/33 3560/1/33 3565/1/33 
f 3564/1/2 3565/1/2 3563/1/2 3562/1/2 
f 3566/1/8 3567/1/8 3568/1/8 3569/1/8 
f 3570/1/2 3571/1/2 3572/1/2 3573/1/2 
f 3574/1/34 3575/1/34 3573/1/34 3572/1/34 
f 3570/1/8 3575/1/8 3574/1/8 3571/1/8 
f 3576/1/8 3577/1/8 3578/1/8 3579/1/8 
f 3576/1/2 3579/1/2 3580/1/2 3581/1/2 
f 3578/1/36 3577/1/36 3581/1/36 3580/1/36 
f 3566/1/2 3569/1/2 3582/1/2 3583/1/2 
f 3568/1/38 3567/1/38 3583/1/38 3582/1/38 
f 3532/1/3 3531/1/3 3552/1/3 3553/1/3 
f 1296/1/40 1263/1/40 3552/1/40 3584/1/40 
f 3584/1/40 3552/1/40 3531/1/40 
f 1264/1/5 1402/1/5 2672/1/5 3553/1/5 
f 3553/1/5 2672/1/5 3532/1/5 
f 3541/1/40 3584/1/40 3531/1/40 3526/1/40 
f 3585/1/40 3526/1/40 3531/1/40 3586/1/40 
f 3587/1/40 3586/1/40 3531/1/40 3588/1/40 
f 3589/1/40 3588/1/40 3531/1/40 3590/1/40 
f 3591/1/40 3590/1/40 3531/1/40 3592/1/40 
f 3593/1/40 3592/1/40 3531/1/40 3594/1/40 
f 3595/1/40 3594/1/40 3531/1/40 3596/1/40 
f 3597/1/40 3596/1/40 3531/1/40 3598/1/40 
f 3599/1/40 3598/1/40 3531/1/40 3600/1/40 
f 3601/1/40 3600/1/40 3531/1/40 3602/1/40 
f 3603/1/40 3602/1/40 3531/1/40 3604/1/40 
f 3548/1/40 3604/1/40 3531/1/40 3550/1/40 
f 3605/1/40 3550/1/40 3531/1/40 3606/1/40 
f 3509/1/40 3606/1/40 3531/1/40 3510/1/40 
f 3517/1/40 3510/1/40 3531/1/40 3516/1/40 
f 3505/1/40 3516/1/40 3531/1/40 3506/1/40 
f 3607/1/40 3506/1/40 3531/1/40 3608/1/40 
f 3562/1/40 3608/1/40 3531/1/40 3564/1/40 
f 3564/1/40 3531/1/40 3444/1/40 3561/1/40 
f 3561/1/40 3444/1/40 3525/1/40 3609/1/40 
f 3607/1/40 3609/1/40 3525/1/40 3570/1/40 
f 3607/1/40 3570/1/40 3573/1/40 3506/1/40 
f 3506/1/40 3573/1/40 3575/1/40 3610/1/40 
f 3576/1/40 3610/1/40 3575/1/40 3525/1/40 
f 3577/1/40 3576/1/40 3525/1/40 3566/1/40 
f 3567/1/40 3566/1/40 3525/1/40 3611/1/40 
f 3612/1/40 3611/1/40 3525/1/40 3613/1/40 
f 3614/1/40 3613/1/40 3525/1/40 3554/1/40 
f 3559/1/40 3554/1/40 3525/1/40 3615/1/40 
f 3616/1/40 3615/1/40 3525/1/40 3617/1/40 
f 3618/1/40 3617/1/40 3525/1/40 3619/1/40 
f 3620/1/40 3619/1/40 3525/1/40 3621/1/40 
f 3622/1/40 3621/1/40 3525/1/40 3623/1/40 
f 3624/1/40 3623/1/40 3525/1/40 3625/1/40 
f 3626/1/40 3625/1/40 3525/1/40 3627/1/40 
f 3628/1/40 3627/1/40 3525/1/40 3629/1/40 
f 3630/1/40 3629/1/40 3525/1/40 3537/1/40 
f 3542/1/40 3537/1/40 3525/1/40 3533/1/40 
f 3534/1/40 3533/1/40 3525/1/40 3524/1/40 
f 3526/1/40 3534/1/40 3524/1/40 3527/1/40 
f 3541/1/40 3527/1/40 3524/1/40 3584/1/40 
f 3584/1/40 3524/1/40 1238/1/40 1296/1/40 
f 3584/1/5 3524/1/5 3527/1/5 3541/1/5 
f 3544/1/40 3534/1/40 3526/1/40 3585/1/40 
f 3533/1/40 3544/1/40 3585/1/40 3631/1/40 
f 3542/1/40 3533/1/40 3631/1/40 3586/1/40 
f 3540/1/40 3542/1/40 3586/1/40 3587/1/40 
f 3537/1/40 3540/1/40 3587/1/40 3632/1/40 
f 3630/1/40 3537/1/40 3632/1/40 3588/1/40 
f 3633/1/40 3630/1/40 3588/1/40 3589/1/40 
f 3629/1/40 3633/1/40 3589/1/40 3634/1/40 
f 3628/1/40 3629/1/40 3634/1/40 3590/1/40 
f 3635/1/40 3628/1/40 3590/1/40 3591/1/40 
f 3627/1/40 3635/1/40 3591/1/40 3636/1/40 
f 3626/1/40 3627/1/40 3636/1/40 3592/1/40 
f 3637/1/40 3626/1/40 3592/1/40 3593/1/40 
f 3625/1/40 3637/1/40 3593/1/40 3638/1/40 
f 3624/1/40 3625/1/40 3638/1/40 3594/1/40 
f 3639/1/40 3624/1/40 3594/1/40 3595/1/40 
f 3623/1/40 3639/1/40 3595/1/40 3640/1/40 
f 3622/1/40 3623/1/40 3640/1/40 3596/1/40 
f 3641/1/40 3622/1/40 3596/1/40 3597/1/40 
f 3621/1/40 3641/1/40 3597/1/40 3642/1/40 
f 3620/1/40 3621/1/40 3642/1/40 3598/1/40 
f 3643/1/40 3620/1/40 3598/1/40 3599/1/40 
f 3619/1/40 3643/1/40 3599/1/40 3644/1/40 
f 3618/1/40 3619/1/40 3644/1/40 3600/1/40 
f 3645/1/40 3618/1/40 3600/1/40 3601/1/40 
f 3617/1/40 3645/1/40 3601/1/40 3646/1/40 
f 3616/1/40 3617/1/40 3646/1/40 3602/1/40 
f 3647/1/40 3616/1/40 3602/1/40 3603/1/40 
f 3615/1/40 3647/1/40 3603/1/40 3648/1/40 
f 3559/1/40 3615/1/40 3648/1/40 3604/1/40 
f 3557/1/40 3559/1/40 3604/1/40 3548/1/40 
f 3554/1/40 3557/1/40 3548/1/40 3547/1/40 
f 3614/1/40 3554/1/40 3547/1/40 3550/1/40 
f 3649/1/40 3614/1/40 3550/1/40 3605/1/40 
f 3613/1/40 3649/1/40 3605/1/40 3650/1/40 
f 3612/1/40 3613/1/40 3650/1/40 3606/1/40 
f 3651/1/40 3612/1/40 3606/1/40 3509/1/40 
f 3611/1/40 3651/1/40 3509/1/40 3520/1/40 
f 3567/1/40 3611/1/40 3520/1/40 3510/1/40 
f 3583/1/40 3567/1/40 3510/1/40 3517/1/40 
f 3566/1/40 3583/1/40 3517/1/40 3513/1/40 
f 3577/1/40 3566/1/40 3513/1/40 3516/1/40 
f 3581/1/40 3577/1/40 3516/1/40 3505/1/40 
f 3576/1/40 3581/1/40 3505/1/40 3610/1/40 
f 3525/1/40 3575/1/40 3570/1/40 
f 3561/1/40 3609/1/40 3608/1/40 3562/1/40 
f 3564/1/5 3561/1/5 3444/1/5 3529/1/5 
f 3444/1/40 3531/1/40 3529/1/40 
f 3521/1/40 3522/1/40 3438/1/40 3437/1/40 
f 3523/1/1 3441/1/1 3437/1/1 3521/1/1 
f 3523/1/2 3521/1/2 3522/1/2 3525/1/2 
f 3525/1/5 3523/1/5 3441/1/5 3444/1/5 
f 3437/1/3 3441/1/3 3444/1/3 3438/1/3 
f 3585/1/1 3586/1/1 3652/1/1 3653/1/1 
f 3654/1/3 3631/1/3 3585/1/3 3653/1/3 
f 3586/1/9 3631/1/9 3654/1/9 3652/1/9 
f 3634/1/13 3655/1/13 3656/1/13 3590/1/13 
f 3632/1/11 3657/1/11 3658/1/11 3588/1/11 
f 3587/1/1 3588/1/1 3658/1/1 3659/1/1 
f 3657/1/3 3632/1/3 3587/1/3 3659/1/3 
f 3589/1/1 3590/1/1 3656/1/1 3660/1/1 
f 3655/1/3 3634/1/3 3589/1/3 3660/1/3 
f 3661/1/15 3626/1/15 3637/1/15 3662/1/15 
f 3625/1/8 3626/1/8 3661/1/8 3663/1/8 
f 3625/1/2 3663/1/2 3662/1/2 3637/1/2 
f 3593/1/1 3594/1/1 3664/1/1 3665/1/1 
f 3666/1/3 3638/1/3 3593/1/3 3665/1/3 
f 3638/1/17 3666/1/17 3664/1/17 3594/1/17 
f 3667/1/3 3640/1/3 3595/1/3 3668/1/3 
f 3640/1/19 3667/1/19 3669/1/19 3596/1/19 
f 3595/1/1 3596/1/1 3669/1/1 3668/1/1 
f 3670/1/3 3642/1/3 3597/1/3 3671/1/3 
f 3642/1/21 3670/1/21 3672/1/21 3598/1/21 
f 3597/1/1 3598/1/1 3672/1/1 3671/1/1 
f 3621/1/8 3622/1/8 3673/1/8 3674/1/8 
f 3621/1/2 3674/1/2 3675/1/2 3641/1/2 
f 3673/1/23 3622/1/23 3641/1/23 3675/1/23 
f 3646/1/25 3676/1/25 3677/1/25 3602/1/25 
f 3601/1/1 3602/1/1 3677/1/1 3678/1/1 
f 3676/1/3 3646/1/3 3601/1/3 3678/1/3 
f 3679/1/3 3648/1/3 3603/1/3 3680/1/3 
f 3648/1/27 3679/1/27 3681/1/27 3604/1/27 
f 3603/1/1 3604/1/1 3681/1/1 3680/1/1 
f 1238/1/4 3524/1/4 3525/1/4 3522/1/4 
f 1233/1/4 1238/1/4 3522/1/4 2610/1/4 
f 3627/1/2 3682/1/2 3683/1/2 3635/1/2 
f 3629/1/8 3630/1/8 3684/1/8 3685/1/8 
f 3684/1/12 3630/1/12 3633/1/12 3686/1/12 
f 3629/1/2 3685/1/2 3686/1/2 3633/1/2 
f 3617/1/2 3687/1/2 3688/1/2 3645/1/2 
f 3689/1/5 3690/1/5 3560/1/5 3563/1/5 
f 3689/1/5 3563/1/5 3532/1/5 3691/1/5 
f 3507/1/5 3691/1/5 3532/1/5 3508/1/5 
f 3515/1/5 3508/1/5 3532/1/5 3518/1/5 
f 3511/1/5 3518/1/5 3532/1/5 3512/1/5 
f 3692/1/5 3512/1/5 3532/1/5 3693/1/5 
f 3551/1/5 3693/1/5 3532/1/5 3549/1/5 
f 3681/1/5 3549/1/5 3532/1/5 3680/1/5 
f 3677/1/5 3680/1/5 3532/1/5 3678/1/5 
f 3694/1/5 3678/1/5 3532/1/5 3695/1/5 
f 3672/1/5 3695/1/5 3532/1/5 3671/1/5 
f 3669/1/5 3671/1/5 3532/1/5 3668/1/5 
f 3664/1/5 3668/1/5 3532/1/5 3665/1/5 
f 3696/1/5 3665/1/5 3532/1/5 3697/1/5 
f 3656/1/5 3697/1/5 3532/1/5 3660/1/5 
f 3658/1/5 3660/1/5 3532/1/5 3659/1/5 
f 3652/1/5 3659/1/5 3532/1/5 3653/1/5 
f 3528/1/5 3653/1/5 3532/1/5 2672/1/5 
f 3528/1/5 2672/1/5 2671/1/5 
f 3545/1/5 3653/1/5 3528/1/5 3535/1/5 
f 3535/1/5 3528/1/5 2669/1/5 2610/1/5 
f 3535/1/5 2610/1/5 3522/1/5 3536/1/5 
f 3543/1/5 3536/1/5 3522/1/5 3538/1/5 
f 3684/1/5 3538/1/5 3522/1/5 3685/1/5 
f 3698/1/5 3685/1/5 3522/1/5 3682/1/5 
f 3661/1/5 3682/1/5 3522/1/5 3663/1/5 
f 3699/1/5 3663/1/5 3522/1/5 3700/1/5 
f 3673/1/5 3700/1/5 3522/1/5 3674/1/5 
f 3701/1/5 3674/1/5 3522/1/5 3702/1/5 
f 3703/1/5 3702/1/5 3522/1/5 3687/1/5 
f 3704/1/5 3687/1/5 3522/1/5 3705/1/5 
f 3558/1/5 3705/1/5 3522/1/5 3555/1/5 
f 3706/1/5 3555/1/5 3522/1/5 3707/1/5 
f 3708/1/5 3707/1/5 3522/1/5 3709/1/5 
f 3568/1/5 3709/1/5 3522/1/5 3569/1/5 
f 3578/1/5 3569/1/5 3522/1/5 3579/1/5 
f 3574/1/5 3579/1/5 3522/1/5 3571/1/5 
f 3572/1/5 3571/1/5 3522/1/5 3691/1/5 
f 3572/1/5 3691/1/5 3507/1/5 3574/1/5 
f 3574/1/5 3507/1/5 3710/1/5 3579/1/5 
f 3580/1/5 3579/1/5 3710/1/5 3508/1/5 
f 3580/1/5 3508/1/5 3515/1/5 3578/1/5 
f 3578/1/5 3515/1/5 3514/1/5 3569/1/5 
f 3582/1/5 3569/1/5 3514/1/5 3518/1/5 
f 3582/1/5 3518/1/5 3511/1/5 3568/1/5 
f 3568/1/5 3511/1/5 3519/1/5 3709/1/5 
f 3711/1/5 3709/1/5 3519/1/5 3512/1/5 
f 3711/1/5 3512/1/5 3692/1/5 3708/1/5 
f 3708/1/5 3692/1/5 3712/1/5 3707/1/5 
f 3713/1/5 3707/1/5 3712/1/5 3693/1/5 
f 3713/1/5 3693/1/5 3551/1/5 3706/1/5 
f 3706/1/5 3551/1/5 3546/1/5 3555/1/5 
f 3556/1/5 3555/1/5 3546/1/5 3549/1/5 
f 3556/1/5 3549/1/5 3681/1/5 3558/1/5 
f 3558/1/5 3681/1/5 3679/1/5 3705/1/5 
f 3714/1/5 3705/1/5 3679/1/5 3680/1/5 
f 3714/1/5 3680/1/5 3677/1/5 3704/1/5 
f 3704/1/5 3677/1/5 3676/1/5 3687/1/5 
f 3688/1/5 3687/1/5 3676/1/5 3678/1/5 
f 3688/1/5 3678/1/5 3694/1/5 3703/1/5 
f 3703/1/5 3694/1/5 3715/1/5 3702/1/5 
f 3716/1/5 3702/1/5 3715/1/5 3695/1/5 
f 3716/1/5 3695/1/5 3672/1/5 3701/1/5 
f 3701/1/5 3672/1/5 3670/1/5 3674/1/5 
f 3675/1/5 3674/1/5 3670/1/5 3671/1/5 
f 3675/1/5 3671/1/5 3669/1/5 3673/1/5 
f 3673/1/5 3669/1/5 3667/1/5 3700/1/5 
f 3717/1/5 3700/1/5 3667/1/5 3668/1/5 
f 3717/1/5 3668/1/5 3664/1/5 3699/1/5 
f 3699/1/5 3664/1/5 3666/1/5 3663/1/5 
f 3662/1/5 3663/1/5 3666/1/5 3665/1/5 
f 3662/1/5 3665/1/5 3696/1/5 3661/1/5 
f 3661/1/5 3696/1/5 3718/1/5 3682/1/5 
f 3683/1/5 3682/1/5 3718/1/5 3697/1/5 
f 3683/1/5 3697/1/5 3656/1/5 3698/1/5 
f 3698/1/5 3656/1/5 3655/1/5 3685/1/5 
f 3686/1/5 3685/1/5 3655/1/5 3660/1/5 
f 3686/1/5 3660/1/5 3658/1/5 3684/1/5 
f 3684/1/5 3658/1/5 3657/1/5 3538/1/5 
f 3539/1/5 3538/1/5 3657/1/5 3659/1/5 
f 3539/1/5 3659/1/5 3652/1/5 3543/1/5 
f 3543/1/5 3652/1/5 3654/1/5 3536/1/5 
f 3545/1/5 3536/1/5 3654/1/5 3653/1/5 
f 3690/1/5 3691/1/5 3522/1/5 3560/1/5 
f 3560/1/40 
f 3565/1/5 3560/1/5 3438/1/5 3530/1/40 
f 3438/1/5 3532/1/5 3563/1/5 3565/1/5 
f 3532/1/5 3438/1/5 3530/1/5 
f 3704/1/26 3616/1/26 3647/1/26 3714/1/26 
f 3703/1/24 3618/1/24 3645/1/24 3688/1/24 
f 3701/1/22 3620/1/22 3643/1/22 3716/1/22 
f 3617/1/8 3618/1/8 3703/1/8 3687/1/8 
f 3619/1/8 3620/1/8 3701/1/8 3702/1/8 
f 3715/1/3 3644/1/3 3599/1/3 3695/1/3 
f 3644/1/20 3715/1/20 3694/1/20 3600/1/20 
f 3619/1/2 3702/1/2 3716/1/2 3643/1/2 
f 3623/1/8 3624/1/8 3699/1/8 3700/1/8 
f 3623/1/2 3700/1/2 3717/1/2 3639/1/2 
f 3599/1/1 3600/1/1 3694/1/1 3695/1/1 
f 3636/1/16 3718/1/16 3696/1/16 3592/1/16 
f 3591/1/1 3592/1/1 3696/1/1 3697/1/1 
f 3699/1/18 3624/1/18 3639/1/18 3717/1/18 
f 3698/1/14 3628/1/14 3635/1/14 3683/1/14 
f 3718/1/3 3636/1/3 3591/1/3 3697/1/3 
f 3627/1/8 3628/1/8 3698/1/8 3682/1/8 
f 3615/1/2 3705/1/2 3714/1/2 3647/1/2 
f 3650/1/28 3712/1/28 3692/1/28 3606/1/28 
f 3615/1/8 3616/1/8 3704/1/8 3705/1/8 
f 3712/1/3 3650/1/3 3605/1/3 3693/1/3 
f 3605/1/1 3606/1/1 3692/1/1 3693/1/1 
f 3613/1/2 3707/1/2 3713/1/2 3649/1/2 
f 3613/1/8 3614/1/8 3706/1/8 3707/1/8 
f 3706/1/29 3614/1/29 3649/1/29 3713/1/29 
f 3525/1/1 3444/1/1 3438/1/1 3522/1/1 
f 3611/1/2 3709/1/2 3711/1/2 3651/1/2 
f 3607/1/1 3608/1/1 3689/1/1 3691/1/1 
f 3708/1/32 3612/1/32 3651/1/32 3711/1/32 
f 3611/1/8 3612/1/8 3708/1/8 3709/1/8 
f 3710/1/3 3610/1/3 3505/1/3 3508/1/3 
f 3690/1/3 3609/1/3 3607/1/3 3691/1/3 
f 3609/1/28 3690/1/28 3689/1/28 3608/1/28 
f 3514/1/3 3513/1/3 3517/1/3 3518/1/3 
f 3610/1/35 3710/1/35 3507/1/35 3506/1/35 
f 2584/1/30 2838/1/30 2837/1/30 2513/1/30 
f 3719/1/3 3720/1/3 3721/1/3 3722/1/3 
f 3723/1/41 3720/1/41 3719/1/41 3724/1/41 
f 3723/1/42 3724/1/42 3722/1/42 3721/1/42 
f 2591/1/33 2488/1/33 3725/1/33 3726/1/33 
f 2591/1/33 3726/1/33 3727/1/33 
f 2526/1/1 3728/1/1 3729/1/1 2594/1/1 
f 3730/1/3 3731/1/3 3727/1/3 3726/1/3 
f 3732/1/3 3733/1/3 3734/1/3 3735/1/3 
f 3736/1/1 3737/1/1 3738/1/1 3739/1/1 
f 3740/1/43 3741/1/43 3735/1/43 3734/1/43 
f 3740/1/41 3733/1/41 3732/1/41 3741/1/41 
f 3742/1/2 3743/1/2 3744/1/2 3745/1/2 
f 3746/1/2 3747/1/2 3738/1/2 3737/1/2 
f 3747/1/44 3746/1/44 3736/1/44 3739/1/44 
f 3748/1/2 3749/1/2 3750/1/2 3751/1/2 
f 3743/1/45 3742/1/45 3752/1/45 3753/1/45 
f 3752/1/1 3745/1/1 3744/1/1 3753/1/1 
f 3754/1/1 3755/1/1 3756/1/1 3757/1/1 
f 3749/1/46 3748/1/46 3758/1/46 3759/1/46 
f 3758/1/1 3751/1/1 3750/1/1 3759/1/1 
f 3760/1/2 3761/1/2 3756/1/2 3755/1/2 
f 3761/1/47 3760/1/47 3754/1/47 3757/1/47 
f 3762/1/3 3763/1/3 3731/1/3 3730/1/3 
f 3729/1/5 3764/1/5 3762/1/5 3765/1/5 
f 3765/1/5 3762/1/5 3730/1/5 
f 3764/1/48 3766/1/48 3763/1/48 3762/1/48 
f 3766/1/40 3728/1/40 3731/1/40 3763/1/40 
f 3767/1/49 3768/1/49 3769/1/49 3770/1/49 
f 3771/1/41 3772/1/41 3773/1/41 3774/1/41 
f 3775/1/3 3776/1/3 3777/1/3 3778/1/3 
f 3767/1/2 3770/1/2 3779/1/2 3780/1/2 
f 3768/1/1 3780/1/1 3779/1/1 3769/1/1 
f 3777/1/50 3781/1/50 3782/1/50 3778/1/50 
f 3783/1/51 3771/1/51 3774/1/51 3784/1/51 
f 3773/1/3 3772/1/3 3783/1/3 3784/1/3 
f 3781/1/41 3776/1/41 3775/1/41 3782/1/41 
f 3785/1/2 3786/1/2 3787/1/2 3788/1/2 
f 3789/1/1 3788/1/1 3787/1/1 3790/1/1 
f 3791/1/1 3792/1/1 3793/1/1 3794/1/1 
f 3795/1/1 3796/1/1 3797/1/1 3798/1/1 
f 3799/1/46 3800/1/46 3801/1/46 3802/1/46 
f 3801/1/1 3803/1/1 3804/1/1 3802/1/1 
f 3805/1/2 3806/1/2 3797/1/2 3796/1/2 
f 3806/1/47 3805/1/47 3795/1/47 3798/1/47 
f 3807/1/3 3808/1/3 2624/1/3 3809/1/3 
f 3439/1/5 3440/1/5 3807/1/5 3810/1/5 
f 3810/1/5 3807/1/5 3809/1/5 
f 3440/1/48 3442/1/48 3808/1/48 3807/1/48 
f 3442/1/40 3443/1/40 2617/1/40 3808/1/40 
f 3808/1/40 2617/1/40 2624/1/40 
f 2618/1/49 3811/1/49 3812/1/49 3813/1/49 
f 3814/1/41 3815/1/41 3816/1/41 3817/1/41 
f 3818/1/3 3819/1/3 3820/1/3 3821/1/3 
f 2618/1/2 3813/1/2 3822/1/2 2620/1/2 
f 3811/1/1 2620/1/1 3822/1/1 3812/1/1 
f 3820/1/50 3823/1/50 3824/1/50 3821/1/50 
f 3825/1/51 3814/1/51 3817/1/51 3826/1/51 
f 3816/1/3 3815/1/3 3825/1/3 3826/1/3 
f 3823/1/41 3819/1/41 3818/1/41 3824/1/41 
f 3827/1/2 3828/1/2 3829/1/2 3830/1/2 
f 3831/1/1 3830/1/1 3829/1/1 3832/1/1 
f 3828/1/52 3827/1/52 3831/1/52 3832/1/52 
f 3552/1/1 3833/1/1 3834/1/1 3553/1/1 
f 3835/1/3 3836/1/3 3837/1/3 3838/1/3 
f 3839/1/53 3840/1/53 3838/1/53 3837/1/53 
f 3839/1/41 3836/1/41 3835/1/41 3840/1/41 
f 3841/1/43 3842/1/43 3843/1/43 3844/1/43 
f 3841/1/33 3845/1/33 3846/1/33 3842/1/33 
f 3846/1/3 3845/1/3 3844/1/3 3843/1/3 
f 3847/1/41 3848/1/41 3849/1/41 3850/1/41 
f 3851/1/3 3852/1/3 3853/1/3 3854/1/3 
f 3855/1/54 3856/1/54 3854/1/54 3853/1/54 
f 3855/1/41 3852/1/41 3851/1/41 3856/1/41 
f 3857/1/41 3858/1/41 3859/1/41 3860/1/41 
f 3859/1/3 3858/1/3 3861/1/3 3862/1/3 
f 3857/1/55 3860/1/55 3862/1/55 3861/1/55 
f 3849/1/3 3848/1/3 3863/1/3 3864/1/3 
f 3847/1/56 3850/1/56 3864/1/56 3863/1/56 
f 3865/1/3 2622/1/3 3833/1/3 3834/1/3 
f 3866/1/75 3867/1/75 3868/1/75 3869/1/75 
f 3870/1/40 3869/1/40 3868/1/40 3871/1/40 
f 3867/1/33 3866/1/33 3870/1/33 3871/1/33 
f 3872/1/33 3873/1/33 
f 3872/1/33 3874/1/33 3875/1/33 3876/1/1 
f 3876/1/33 3872/1/33 3875/1/33 3877/1/1 
f 3877/1/33 3876/1/33 3875/1/33 3878/1/1 
f 3877/1/33 3875/1/33 3878/1/33 3879/1/1 
f 3879/1/33 3877/1/33 3878/1/33 3880/1/1 
f 3880/1/33 3879/1/33 3878/1/33 3881/1/1 
f 3880/1/33 3878/1/33 3881/1/33 3882/1/1 
f 3880/1/33 3881/1/33 3882/1/33 
f 3882/1/33 3881/1/33 3883/1/33 3884/1/1 
f 3884/1/33 3882/1/33 3883/1/33 3885/1/1 
f 3885/1/33 3884/1/33 3883/1/33 3886/1/1 
f 3885/1/33 3883/1/33 3886/1/33 3887/1/1 
f 3887/1/33 3885/1/33 3886/1/33 3888/1/1 
f 3888/1/33 3887/1/33 3886/1/33 3889/1/1 
f 3888/1/33 3886/1/33 3889/1/33 3890/1/1 
f 3890/1/33 3888/1/33 3889/1/33 3891/1/1 
f 3891/1/33 3890/1/33 3889/1/33 3892/1/1 
f 3891/1/33 3889/1/33 3892/1/33 3893/1/1 
f 3893/1/33 3891/1/33 3892/1/33 3894/1/1 
f 3894/1/33 3893/1/33 3892/1/33 3895/1/1 
f 3894/1/33 3892/1/33 3895/1/33 3896/1/1 
f 3896/1/33 3894/1/33 3895/1/33 3897/1/1 
f 3896/1/33 3895/1/33 3897/1/33 
f 3898/1/33 3899/1/33 3900/1/33 3901/1/1 
f 3898/1/33 3900/1/33 3901/1/33 3902/1/1 
f 3902/1/33 3898/1/33 3901/1/33 3874/1/1 
f 3902/1/33 3901/1/33 3874/1/33 3903/1/1 
f 3903/1/33 3902/1/33 3874/1/33 3873/1/1 
f 3903/1/33 3874/1/33 3873/1/33 3904/1/1 
f 3903/1/33 3873/1/33 3904/1/33 3905/1/1 
f 3905/1/33 3903/1/33 3904/1/33 3906/1/1 
f 3905/1/33 3904/1/33 3906/1/33 3907/1/1 
f 3905/1/33 3906/1/33 3907/1/33 3908/1/1 
f 3908/1/33 3905/1/33 3907/1/33 3909/1/1 
f 3908/1/33 3907/1/33 3909/1/33 3910/1/1 
f 3908/1/33 3909/1/33 3910/1/33 3911/1/1 
f 3911/1/33 3908/1/33 3910/1/33 3912/1/1 
f 3911/1/33 3910/1/33 3912/1/33 3913/1/1 
f 3911/1/33 3912/1/33 3913/1/33 3914/1/1 
f 3914/1/33 3911/1/33 3913/1/33 3915/1/1 
f 3914/1/33 3913/1/33 3915/1/33 3916/1/1 
f 3916/1/33 3914/1/33 3915/1/33 3917/1/1 
f 3916/1/33 3915/1/33 3917/1/33 3918/1/1 
f 3916/1/33 3917/1/33 3918/1/33 3893/1/1 
f 3893/1/33 3916/1/33 3918/1/33 3919/1/1 
f 3893/1/33 3918/1/33 3919/1/33 3891/1/1 
f 3893/1/33 3919/1/33 3891/1/33 
f 3920/1/5 3921/1/5 3922/1/5 3923/1/5 
f 3920/1/1 3923/1/1 3924/1/1 3925/1/1 
f 3922/1/76 3921/1/76 3925/1/76 3924/1/76 
f 3926/1/78 3927/1/78 3928/1/78 3929/1/78 
f 3926/1/5 3930/1/5 3931/1/5 3927/1/5 
f 3931/1/33 3930/1/33 3929/1/33 3928/1/33 
f 2540/1/2 2849/1/2 2876/1/2 2583/1/2 
f 2848/1/31 2541/1/31 2583/1/31 2876/1/31 
f 2540/1/8 2541/1/8 2848/1/8 2849/1/8 
f 2872/1/32 2527/1/32 2524/1/32 2871/1/32 
f 2525/1/33 2527/1/33 2872/1/33 2874/1/33 
f 2525/1/2 2874/1/2 2871/1/2 2524/1/2 
f 2480/1/8 2485/1/8 2484/1/8 2481/1/8 
f 2530/1/2 2856/1/2 2857/1/2 2531/1/2 
f 2855/1/34 2532/1/34 2531/1/34 2857/1/34 
f 2530/1/8 2532/1/8 2855/1/8 2856/1/8 
f 2534/1/8 2535/1/8 2853/1/8 2854/1/8 
f 2534/1/2 2854/1/2 2868/1/2 2590/1/2 
f 2853/1/36 2535/1/36 2590/1/36 2868/1/36 
f 3932/1/2 3933/1/2 3934/1/2 3935/1/2 
f 3933/1/62 3932/1/62 3936/1/62 3937/1/62 
f 3936/1/1 3935/1/1 3934/1/1 3937/1/1 
f 3938/1/2 3939/1/2 3940/1/2 3941/1/2 
f 3939/1/63 3938/1/63 3942/1/63 3943/1/63 
f 3942/1/1 3941/1/1 3940/1/1 3943/1/1 
f 3944/1/41 3945/1/41 3946/1/41 3947/1/41 
f 3946/1/3 3945/1/3 3948/1/3 3949/1/3 
f 3944/1/64 3947/1/64 3949/1/64 3948/1/64 
f 3950/1/65 3951/1/65 3952/1/65 3953/1/65 
f 3952/1/1 3954/1/1 3955/1/1 3953/1/1 
f 3951/1/2 3950/1/2 3955/1/2 3954/1/2 
f 3956/1/2 3957/1/2 3958/1/2 3959/1/2 
f 3957/1/66 3956/1/66 3960/1/66 3961/1/66 
f 3960/1/1 3959/1/1 3958/1/1 3961/1/1 
f 3443/1/48 2617/1/48 2624/1/48 3809/1/48 
f 3439/1/48 3443/1/48 3809/1/48 3810/1/48 
f 3962/1/3 3963/1/3 3964/1/3 3965/1/3 
f 3966/1/41 3967/1/41 3968/1/41 3969/1/41 
f 3966/1/67 3969/1/67 3970/1/67 3971/1/67 
f 3968/1/3 3967/1/3 3971/1/3 3970/1/3 
f 3972/1/3 3973/1/3 3974/1/3 3975/1/3 
f 3530/1/5 3438/1/5 3439/1/5 3846/1/5 
f 3846/1/40 3842/1/40 
f 3439/1/40 3842/1/40 3976/1/40 
f 3532/1/5 3530/1/5 3846/1/5 3843/1/5 
f 3532/1/5 3843/1/5 3977/1/5 3978/1/5 
f 3978/1/5 3977/1/5 3979/1/5 3794/1/5 
f 3854/1/5 3794/1/5 3979/1/5 3439/1/5 
f 3439/1/5 3979/1/5 3980/1/5 3842/1/5 
f 3842/1/5 3980/1/5 3977/1/5 3843/1/5 
f 3851/1/5 3854/1/5 3439/1/5 3810/1/5 
f 3856/1/5 3851/1/5 3810/1/5 3859/1/5 
f 3860/1/5 3859/1/5 3810/1/5 3849/1/5 
f 3850/1/5 3849/1/5 3810/1/5 3981/1/5 
f 3982/1/5 3981/1/5 3810/1/5 3983/1/5 
f 3984/1/5 3983/1/5 3810/1/5 3835/1/5 
f 3840/1/5 3835/1/5 3810/1/5 3985/1/5 
f 3986/1/5 3985/1/5 3810/1/5 3972/1/5 
f 3987/1/5 3972/1/5 3810/1/5 3988/1/5 
f 3989/1/5 3988/1/5 3810/1/5 3946/1/5 
f 3947/1/5 3946/1/5 3810/1/5 3990/1/5 
f 3991/1/5 3990/1/5 3810/1/5 3468/1/5 
f 3464/1/5 3468/1/5 3810/1/5 3962/1/5 
f 3992/1/5 3962/1/5 3810/1/5 3968/1/5 
f 3969/1/5 3968/1/5 3810/1/5 3818/1/5 
f 3824/1/5 3818/1/5 3810/1/5 3816/1/5 
f 3817/1/5 3816/1/5 3810/1/5 3813/1/5 
f 3817/1/5 3813/1/5 3812/1/5 3826/1/5 
f 3447/1/5 3826/1/5 3812/1/5 3978/1/5 
f 3448/1/5 3447/1/5 3978/1/5 3460/1/5 
f 3458/1/5 3460/1/5 3978/1/5 3462/1/5 
f 3454/1/5 3462/1/5 3978/1/5 3993/1/5 
f 3994/1/5 3993/1/5 3978/1/5 3471/1/5 
f 3472/1/5 3471/1/5 3978/1/5 3934/1/5 
f 3937/1/5 3934/1/5 3978/1/5 3940/1/5 
f 3943/1/5 3940/1/5 3978/1/5 3995/1/5 
f 3996/1/5 3995/1/5 3978/1/5 3955/1/5 
f 3953/1/5 3955/1/5 3978/1/5 3958/1/5 
f 3961/1/5 3958/1/5 3978/1/5 3829/1/5 
f 3832/1/5 3829/1/5 3978/1/5 3997/1/5 
f 3998/1/5 3997/1/5 3978/1/5 3797/1/5 
f 3798/1/5 3797/1/5 3978/1/5 3804/1/5 
f 3802/1/5 3804/1/5 3978/1/5 3793/1/5 
f 3978/1/5 3794/1/5 3793/1/5 
f 3862/1/5 3802/1/5 3793/1/5 3859/1/5 
f 3859/1/5 3793/1/5 3999/1/5 3856/1/5 
f 3856/1/5 3999/1/5 3794/1/5 3854/1/5 
f 3802/1/5 3862/1/5 3860/1/5 3799/1/5 
f 3799/1/5 3860/1/5 3849/1/5 3804/1/5 
f 3804/1/5 3849/1/5 3864/1/5 3798/1/5 
f 3798/1/5 3864/1/5 3850/1/5 3806/1/5 
f 3806/1/5 3850/1/5 3981/1/5 3797/1/5 
f 3797/1/5 3981/1/5 4000/1/5 3998/1/5 
f 3998/1/5 4000/1/5 3982/1/5 4001/1/5 
f 4001/1/5 3982/1/5 3983/1/5 3997/1/5 
f 3997/1/5 3983/1/5 4002/1/5 3832/1/5 
f 3832/1/5 4002/1/5 3984/1/5 3828/1/5 
f 3828/1/5 3984/1/5 3835/1/5 3829/1/5 
f 3829/1/5 3835/1/5 3838/1/5 3961/1/5 
f 3961/1/5 3838/1/5 3840/1/5 3957/1/5 
f 3957/1/5 3840/1/5 3985/1/5 3958/1/5 
f 3958/1/5 3985/1/5 4003/1/5 3953/1/5 
f 3953/1/5 4003/1/5 3986/1/5 3950/1/5 
f 3950/1/5 3986/1/5 3972/1/5 3955/1/5 
f 3955/1/5 3972/1/5 3975/1/5 3996/1/5 
f 3996/1/5 3975/1/5 3987/1/5 4004/1/5 
f 4004/1/5 3987/1/5 3988/1/5 3995/1/5 
f 3995/1/5 3988/1/5 4005/1/5 3943/1/5 
f 3943/1/5 4005/1/5 3989/1/5 3939/1/5 
f 3939/1/5 3989/1/5 3946/1/5 3940/1/5 
f 3940/1/5 3946/1/5 3949/1/5 3937/1/5 
f 3937/1/5 3949/1/5 3947/1/5 3933/1/5 
f 3933/1/5 3947/1/5 3990/1/5 3934/1/5 
f 3934/1/5 3990/1/5 4006/1/5 3472/1/5 
f 3472/1/5 4006/1/5 3991/1/5 3474/1/5 
f 3474/1/5 3991/1/5 3468/1/5 3471/1/5 
f 3471/1/5 3468/1/5 3465/1/5 3994/1/5 
f 3994/1/5 3465/1/5 3464/1/5 4007/1/5 
f 4007/1/5 3464/1/5 3962/1/5 3993/1/5 
f 3993/1/5 3962/1/5 3965/1/5 3454/1/5 
f 3454/1/5 3965/1/5 3992/1/5 3451/1/5 
f 3451/1/5 3992/1/5 3968/1/5 3462/1/5 
f 3462/1/5 3968/1/5 3970/1/5 3458/1/5 
f 3458/1/5 3970/1/5 3969/1/5 3455/1/5 
f 3455/1/5 3969/1/5 3818/1/5 3460/1/5 
f 3460/1/5 3818/1/5 3821/1/5 3448/1/5 
f 3448/1/5 3821/1/5 3824/1/5 3450/1/5 
f 3450/1/5 3824/1/5 3816/1/5 3447/1/5 
f 3826/1/5 3447/1/5 3816/1/5 
f 3978/1/5 3812/1/5 3822/1/5 
f 3813/1/5 3810/1/5 3809/1/5 3865/1/40 
f 3865/1/40 3813/1/40 3822/1/40 3978/1/5 
f 3822/1/5 3813/1/5 3809/1/5 3865/1/5 
f 4008/1/68 3986/1/68 4003/1/68 4009/1/68 
f 4010/1/69 3987/1/69 3975/1/69 3974/1/69 
f 4011/1/70 3989/1/70 4005/1/70 4012/1/70 
f 4010/1/41 3973/1/41 3972/1/41 3987/1/41 
f 4011/1/41 4013/1/41 3988/1/41 3989/1/41 
f 4014/1/2 4004/1/2 3995/1/2 4015/1/2 
f 4004/1/71 4014/1/71 4016/1/71 3996/1/71 
f 3988/1/3 4013/1/3 4012/1/3 4005/1/3 
f 4017/1/41 4018/1/41 3990/1/41 3991/1/41 
f 3990/1/3 4018/1/3 4019/1/3 4006/1/3 
f 4016/1/1 4015/1/1 3995/1/1 3996/1/1 
f 4007/1/72 4020/1/72 4021/1/72 3994/1/72 
f 4021/1/1 4022/1/1 3993/1/1 3994/1/1 
f 4017/1/73 3991/1/73 4006/1/73 4019/1/73 
f 4023/1/74 3992/1/74 3965/1/74 3964/1/74 
f 4020/1/2 4007/1/2 3993/1/2 4022/1/2 
f 4023/1/41 3963/1/41 3962/1/41 3992/1/41 
f 3985/1/3 4024/1/3 4009/1/3 4003/1/3 
f 4001/1/44 4025/1/44 4026/1/44 3998/1/44 
f 4008/1/41 4024/1/41 3985/1/41 3986/1/41 
f 4025/1/2 4001/1/2 3997/1/2 4027/1/2 
f 4026/1/1 4027/1/1 3997/1/1 3998/1/1 
f 3983/1/3 4028/1/3 4029/1/3 4002/1/3 
f 4030/1/41 4028/1/41 3983/1/41 3984/1/41 
f 4030/1/42 3984/1/42 4002/1/42 4029/1/42 
f 3531/1/33 3532/1/33 3978/1/33 3865/1/33 
f 2621/1/33 3531/1/33 3865/1/33 2622/1/33 
f 3444/1/1 3443/1/1 3439/1/1 3438/1/1 
f 3809/1/3 2624/1/3 2622/1/3 3865/1/3 
f 3981/1/3 4031/1/3 4032/1/3 4000/1/3 
f 4033/1/1 4034/1/1 3979/1/1 3977/1/1 
f 4035/1/43 3982/1/43 4000/1/43 4032/1/43 
f 4035/1/41 4031/1/41 3981/1/41 3982/1/41 
f 4036/1/2 3999/1/2 3793/1/2 3792/1/2 
f 4037/1/2 3980/1/2 3979/1/2 4034/1/2 
f 3980/1/44 4037/1/44 4033/1/44 3977/1/44 
f 3800/1/2 3799/1/2 3804/1/2 3803/1/2 
f 3999/1/45 4036/1/45 3791/1/45 3794/1/45 
f 3786/1/52 3785/1/52 3789/1/52 3790/1/52 
f 2489/1/1 4038/1/1 4039/1/1 2487/1/1 
f 4040/1/3 4041/1/3 4042/1/3 4043/1/3 
f 4044/1/53 4045/1/53 4043/1/53 4042/1/53 
f 4044/1/41 4041/1/41 4040/1/41 4045/1/41 
f 4046/1/43 4047/1/43 4048/1/43 4049/1/43 
f 4046/1/33 4050/1/33 4051/1/33 4047/1/33 
f 4051/1/3 4050/1/3 4049/1/3 4048/1/3 
f 4052/1/41 4053/1/41 4054/1/41 4055/1/41 
f 4056/1/3 4057/1/3 4058/1/3 4059/1/3 
f 4060/1/54 4061/1/54 4059/1/54 4058/1/54 
f 4060/1/41 4057/1/41 4056/1/41 4061/1/41 
f 4062/1/41 4063/1/41 4064/1/41 4065/1/41 
f 4064/1/3 4063/1/3 4066/1/3 4067/1/3 
f 4062/1/55 4065/1/55 4067/1/55 4066/1/55 
f 4054/1/3 4053/1/3 4068/1/3 4069/1/3 
f 4052/1/56 4055/1/56 4069/1/56 4068/1/56 
f 2591/1/2 2488/1/2 2487/1/2 2489/1/2 
f 2591/1/40 2489/1/40 4038/1/40 3727/1/40 
f 3726/1/3 3727/1/3 4038/1/3 4039/1/3 
f 4052/1/40 4068/1/40 3754/1/40 3760/1/40 
f 4052/1/40 3760/1/40 3733/1/40 3731/1/40 
f 4053/1/40 4052/1/40 3731/1/40 4062/1/40 
f 4063/1/40 4062/1/40 3731/1/40 4060/1/40 
f 4057/1/40 4060/1/40 3731/1/40 3728/1/40 
f 4058/1/40 4057/1/40 3728/1/40 3746/1/40 
f 4058/1/40 3746/1/40 3737/1/40 3752/1/40 
f 3727/1/40 3752/1/40 3737/1/40 3736/1/40 
f 2591/1/40 3727/1/40 3736/1/40 4049/1/40 
f 2526/1/40 2591/1/40 4049/1/40 4050/1/40 
f 3728/1/40 2526/1/40 4050/1/40 4046/1/40 
f 3746/1/40 3728/1/40 4046/1/40 3736/1/40 
f 3736/1/40 4046/1/40 4049/1/40 
f 3745/1/40 3752/1/40 3727/1/40 3758/1/40 
f 3751/1/40 3758/1/40 3727/1/40 3754/1/40 
f 3755/1/40 3754/1/40 3727/1/40 4070/1/40 
f 4071/1/40 4070/1/40 3727/1/40 3789/1/40 
f 3788/1/40 3789/1/40 3727/1/40 4072/1/40 
f 4073/1/40 4072/1/40 3727/1/40 4074/1/40 
f 4075/1/40 4074/1/40 3727/1/40 4076/1/40 
f 4077/1/40 4076/1/40 3727/1/40 4078/1/40 
f 4079/1/40 4078/1/40 3727/1/40 4080/1/40 
f 4081/1/40 4080/1/40 3727/1/40 4082/1/40 
f 4083/1/40 4082/1/40 3727/1/40 4084/1/40 
f 4085/1/40 4084/1/40 3727/1/40 4086/1/40 
f 4087/1/40 4086/1/40 3727/1/40 4088/1/40 
f 4089/1/40 4088/1/40 3727/1/40 4090/1/40 
f 4091/1/40 4090/1/40 3727/1/40 3768/1/40 
f 3780/1/40 3768/1/40 3727/1/40 3767/1/40 
f 3767/1/40 3727/1/40 3731/1/40 3771/1/40 
f 3772/1/40 3771/1/40 3731/1/40 3781/1/40 
f 3776/1/40 3781/1/40 3731/1/40 4092/1/40 
f 4093/1/40 4092/1/40 3731/1/40 4094/1/40 
f 4095/1/40 4094/1/40 3731/1/40 4096/1/40 
f 4097/1/40 4096/1/40 3731/1/40 4098/1/40 
f 4099/1/40 4098/1/40 3731/1/40 4100/1/40 
f 4101/1/40 4100/1/40 3731/1/40 4102/1/40 
f 4103/1/40 4102/1/40 3731/1/40 4104/1/40 
f 4105/1/40 4104/1/40 3731/1/40 4106/1/40 
f 4107/1/40 4106/1/40 3731/1/40 4044/1/40 
f 4041/1/40 4044/1/40 3731/1/40 3723/1/40 
f 3720/1/40 3723/1/40 3731/1/40 3740/1/40 
f 3731/1/40 3733/1/40 3740/1/40 
f 4108/1/40 3720/1/40 3740/1/40 4070/1/40 
f 4070/1/40 3740/1/40 3734/1/40 3755/1/40 
f 3760/1/40 3755/1/40 3734/1/40 3733/1/40 
f 3721/1/40 3720/1/40 4108/1/40 4071/1/40 
f 3721/1/40 4071/1/40 3789/1/40 3723/1/40 
f 3723/1/40 3789/1/40 3785/1/40 4041/1/40 
f 4042/1/40 4041/1/40 3785/1/40 3788/1/40 
f 4042/1/40 3788/1/40 4072/1/40 4044/1/40 
f 4044/1/40 4072/1/40 4109/1/40 4107/1/40 
f 4110/1/40 4107/1/40 4109/1/40 4073/1/40 
f 4110/1/40 4073/1/40 4074/1/40 4106/1/40 
f 4106/1/40 4074/1/40 4111/1/40 4105/1/40 
f 4112/1/40 4105/1/40 4111/1/40 4075/1/40 
f 4112/1/40 4075/1/40 4076/1/40 4104/1/40 
f 4104/1/40 4076/1/40 4113/1/40 4103/1/40 
f 4114/1/40 4103/1/40 4113/1/40 4077/1/40 
f 4114/1/40 4077/1/40 4078/1/40 4102/1/40 
f 4102/1/40 4078/1/40 4115/1/40 4101/1/40 
f 4116/1/40 4101/1/40 4115/1/40 4079/1/40 
f 4116/1/40 4079/1/40 4080/1/40 4100/1/40 
f 4100/1/40 4080/1/40 4117/1/40 4099/1/40 
f 4118/1/40 4099/1/40 4117/1/40 4081/1/40 
f 4118/1/40 4081/1/40 4082/1/40 4098/1/40 
f 4098/1/40 4082/1/40 4119/1/40 4097/1/40 
f 4120/1/40 4097/1/40 4119/1/40 4083/1/40 
f 4120/1/40 4083/1/40 4084/1/40 4096/1/40 
f 4096/1/40 4084/1/40 4121/1/40 4095/1/40 
f 4122/1/40 4095/1/40 4121/1/40 4085/1/40 
f 4122/1/40 4085/1/40 4086/1/40 4094/1/40 
f 4094/1/40 4086/1/40 4123/1/40 4093/1/40 
f 4124/1/40 4093/1/40 4123/1/40 4087/1/40 
f 4124/1/40 4087/1/40 4088/1/40 4092/1/40 
f 4092/1/40 4088/1/40 4125/1/40 3776/1/40 
f 3777/1/40 3776/1/40 4125/1/40 4089/1/40 
f 3777/1/40 4089/1/40 4090/1/40 3781/1/40 
f 3781/1/40 4090/1/40 4126/1/40 3772/1/40 
f 3783/1/40 3772/1/40 4126/1/40 4091/1/40 
f 3783/1/40 4091/1/40 3768/1/40 3771/1/40 
f 3771/1/40 3768/1/40 3767/1/40 
f 3751/1/40 3754/1/40 4068/1/40 3748/1/40 
f 3748/1/40 4068/1/40 4053/1/40 4062/1/40 
f 3758/1/40 3748/1/40 4062/1/40 4066/1/40 
f 3745/1/40 3758/1/40 4066/1/40 3742/1/40 
f 3742/1/40 4066/1/40 4063/1/40 4060/1/40 
f 3752/1/40 3742/1/40 4060/1/40 4058/1/40 
f 2595/1/40 2594/1/40 3729/1/40 3764/1/40 
f 2597/1/1 3766/1/1 3764/1/1 2595/1/1 
f 3764/1/3 3766/1/3 3728/1/3 3729/1/3 
f 2597/1/40 2526/1/40 3728/1/40 3766/1/40 
f 2597/1/2 2595/1/2 2594/1/2 2526/1/2 
f 4090/1/1 4091/1/1 4127/1/1 4128/1/1 
f 4126/1/2 4129/1/2 4127/1/2 4091/1/2 
f 4126/1/57 4090/1/57 4128/1/57 4129/1/57 
f 4130/1/58 4123/1/58 4086/1/58 4131/1/58 
f 4132/1/59 4125/1/59 4088/1/59 4133/1/59 
f 4088/1/1 4089/1/1 4134/1/1 4133/1/1 
f 4125/1/2 4132/1/2 4134/1/2 4089/1/2 
f 4086/1/1 4087/1/1 4135/1/1 4131/1/1 
f 4123/1/2 4130/1/2 4135/1/2 4087/1/2 
f 4096/1/60 4136/1/60 4137/1/60 4120/1/60 
f 4096/1/41 4097/1/41 4138/1/41 4136/1/41 
f 4138/1/3 4097/1/3 4120/1/3 4137/1/3 
f 4082/1/1 4083/1/1 4139/1/1 4140/1/1 
f 4119/1/2 4141/1/2 4139/1/2 4083/1/2 
f 4141/1/61 4119/1/61 4082/1/61 4140/1/61 
f 4117/1/2 4142/1/2 4143/1/2 4081/1/2 
f 4142/1/62 4117/1/62 4080/1/62 4144/1/62 
f 4080/1/1 4081/1/1 4143/1/1 4144/1/1 
f 4115/1/2 4145/1/2 4146/1/2 4079/1/2 
f 4145/1/63 4115/1/63 4078/1/63 4147/1/63 
f 4078/1/1 4079/1/1 4146/1/1 4147/1/1 
f 4100/1/41 4101/1/41 4148/1/41 4149/1/41 
f 4148/1/3 4101/1/3 4116/1/3 4150/1/3 
f 4100/1/64 4149/1/64 4150/1/64 4116/1/64 
f 4151/1/65 4111/1/65 4074/1/65 4152/1/65 
f 4074/1/1 4075/1/1 4153/1/1 4152/1/1 
f 4111/1/2 4151/1/2 4153/1/2 4075/1/2 
f 4109/1/2 4154/1/2 4155/1/2 4073/1/2 
f 4154/1/66 4109/1/66 4072/1/66 4156/1/66 
f 4072/1/1 4073/1/1 4155/1/1 4156/1/1 
f 3728/1/48 3731/1/48 3730/1/48 3729/1/48 
f 3729/1/48 3730/1/48 3765/1/48 
f 4157/1/3 4095/1/3 4122/1/3 4158/1/3 
f 4092/1/41 4093/1/41 4159/1/41 4160/1/41 
f 4092/1/67 4160/1/67 4161/1/67 4124/1/67 
f 4159/1/3 4093/1/3 4124/1/3 4161/1/3 
f 4162/1/3 4105/1/3 4112/1/3 4163/1/3 
f 2875/1/5 2594/1/5 3729/1/5 4051/1/5 
f 4051/1/40 4047/1/40 
f 3729/1/40 4047/1/40 4164/1/40 
f 2488/1/5 2875/1/5 4051/1/5 4048/1/5 
f 2488/1/5 4048/1/5 3739/1/5 3725/1/5 
f 3725/1/5 3739/1/5 3738/1/5 3753/1/5 
f 4059/1/5 3753/1/5 3738/1/5 3729/1/5 
f 3729/1/5 3738/1/5 3747/1/5 4047/1/5 
f 4047/1/5 3747/1/5 3739/1/5 4048/1/5 
f 4056/1/5 4059/1/5 3729/1/5 3765/1/5 
f 4061/1/5 4056/1/5 3765/1/5 4064/1/5 
f 4065/1/5 4064/1/5 3765/1/5 4054/1/5 
f 4055/1/5 4054/1/5 3765/1/5 3732/1/5 
f 3741/1/5 3732/1/5 3765/1/5 3719/1/5 
f 3724/1/5 3719/1/5 3765/1/5 4040/1/5 
f 4045/1/5 4040/1/5 3765/1/5 4165/1/5 
f 4166/1/5 4165/1/5 3765/1/5 4162/1/5 
f 4167/1/5 4162/1/5 3765/1/5 4168/1/5 
f 4169/1/5 4168/1/5 3765/1/5 4148/1/5 
f 4149/1/5 4148/1/5 3765/1/5 4170/1/5 
f 4171/1/5 4170/1/5 3765/1/5 4138/1/5 
f 4136/1/5 4138/1/5 3765/1/5 4157/1/5 
f 4172/1/5 4157/1/5 3765/1/5 4159/1/5 
f 4160/1/5 4159/1/5 3765/1/5 3775/1/5 
f 3782/1/5 3775/1/5 3765/1/5 3773/1/5 
f 3774/1/5 3773/1/5 3765/1/5 3770/1/5 
f 3774/1/5 3770/1/5 3769/1/5 3784/1/5 
f 4127/1/5 3784/1/5 3769/1/5 3725/1/5 
f 4128/1/5 4127/1/5 3725/1/5 4134/1/5 
f 4133/1/5 4134/1/5 3725/1/5 4135/1/5 
f 4131/1/5 4135/1/5 3725/1/5 4173/1/5 
f 4174/1/5 4173/1/5 3725/1/5 4139/1/5 
f 4140/1/5 4139/1/5 3725/1/5 4143/1/5 
f 4144/1/5 4143/1/5 3725/1/5 4146/1/5 
f 4147/1/5 4146/1/5 3725/1/5 4175/1/5 
f 4176/1/5 4175/1/5 3725/1/5 4153/1/5 
f 4152/1/5 4153/1/5 3725/1/5 4155/1/5 
f 4156/1/5 4155/1/5 3725/1/5 3787/1/5 
f 3790/1/5 3787/1/5 3725/1/5 4177/1/5 
f 4178/1/5 4177/1/5 3725/1/5 3756/1/5 
f 3757/1/5 3756/1/5 3725/1/5 3750/1/5 
f 3759/1/5 3750/1/5 3725/1/5 3744/1/5 
f 3725/1/5 3753/1/5 3744/1/5 
f 4067/1/5 3759/1/5 3744/1/5 4064/1/5 
f 4064/1/5 3744/1/5 3743/1/5 4061/1/5 
f 4061/1/5 3743/1/5 3753/1/5 4059/1/5 
f 3759/1/5 4067/1/5 4065/1/5 3749/1/5 
f 3749/1/5 4065/1/5 4054/1/5 3750/1/5 
f 3750/1/5 4054/1/5 4069/1/5 3757/1/5 
f 3757/1/5 4069/1/5 4055/1/5 3761/1/5 
f 3761/1/5 4055/1/5 3732/1/5 3756/1/5 
f 3756/1/5 3732/1/5 3735/1/5 4178/1/5 
f 4178/1/5 3735/1/5 3741/1/5 4179/1/5 
f 4179/1/5 3741/1/5 3719/1/5 4177/1/5 
f 4177/1/5 3719/1/5 3722/1/5 3790/1/5 
f 3790/1/5 3722/1/5 3724/1/5 3786/1/5 
f 3786/1/5 3724/1/5 4040/1/5 3787/1/5 
f 3787/1/5 4040/1/5 4043/1/5 4156/1/5 
f 4156/1/5 4043/1/5 4045/1/5 4154/1/5 
f 4154/1/5 4045/1/5 4165/1/5 4155/1/5 
f 4155/1/5 4165/1/5 4180/1/5 4152/1/5 
f 4152/1/5 4180/1/5 4166/1/5 4151/1/5 
f 4151/1/5 4166/1/5 4162/1/5 4153/1/5 
f 4153/1/5 4162/1/5 4163/1/5 4176/1/5 
f 4176/1/5 4163/1/5 4167/1/5 4181/1/5 
f 4181/1/5 4167/1/5 4168/1/5 4175/1/5 
f 4175/1/5 4168/1/5 4182/1/5 4147/1/5 
f 4147/1/5 4182/1/5 4169/1/5 4145/1/5 
f 4145/1/5 4169/1/5 4148/1/5 4146/1/5 
f 4146/1/5 4148/1/5 4150/1/5 4144/1/5 
f 4144/1/5 4150/1/5 4149/1/5 4142/1/5 
f 4142/1/5 4149/1/5 4170/1/5 4143/1/5 
f 4143/1/5 4170/1/5 4183/1/5 4140/1/5 
f 4140/1/5 4183/1/5 4171/1/5 4141/1/5 
f 4141/1/5 4171/1/5 4138/1/5 4139/1/5 
f 4139/1/5 4138/1/5 4137/1/5 4174/1/5 
f 4174/1/5 4137/1/5 4136/1/5 4184/1/5 
f 4184/1/5 4136/1/5 4157/1/5 4173/1/5 
f 4173/1/5 4157/1/5 4158/1/5 4131/1/5 
f 4131/1/5 4158/1/5 4172/1/5 4130/1/5 
f 4130/1/5 4172/1/5 4159/1/5 4135/1/5 
f 4135/1/5 4159/1/5 4161/1/5 4133/1/5 
f 4133/1/5 4161/1/5 4160/1/5 4132/1/5 
f 4132/1/5 4160/1/5 3775/1/5 4134/1/5 
f 4134/1/5 3775/1/5 3778/1/5 4128/1/5 
f 4128/1/5 3778/1/5 3782/1/5 4129/1/5 
f 4129/1/5 3782/1/5 3773/1/5 4127/1/5 
f 3784/1/5 4127/1/5 3773/1/5 
f 3725/1/5 3769/1/5 3779/1/5 3730/1/5 
f 3730/1/5 3779/1/5 3770/1/5 3765/1/5 
f 3725/1/5 3730/1/5 3726/1/5 
f 4106/1/68 4166/1/68 4180/1/68 4110/1/68 
f 4104/1/69 4167/1/69 4163/1/69 4112/1/69 
f 4102/1/70 4169/1/70 4182/1/70 4114/1/70 
f 4104/1/41 4105/1/41 4162/1/41 4167/1/41 
f 4102/1/41 4103/1/41 4168/1/41 4169/1/41 
f 4113/1/2 4181/1/2 4175/1/2 4077/1/2 
f 4181/1/71 4113/1/71 4076/1/71 4176/1/71 
f 4168/1/3 4103/1/3 4114/1/3 4182/1/3 
f 4098/1/41 4099/1/41 4170/1/41 4171/1/41 
f 4170/1/3 4099/1/3 4118/1/3 4183/1/3 
f 4076/1/1 4077/1/1 4175/1/1 4176/1/1 
f 4184/1/72 4121/1/72 4084/1/72 4174/1/72 
f 4084/1/1 4085/1/1 4173/1/1 4174/1/1 
f 4098/1/73 4171/1/73 4183/1/73 4118/1/73 
f 4094/1/74 4172/1/74 4158/1/74 4122/1/74 
f 4121/1/2 4184/1/2 4173/1/2 4085/1/2 
f 4094/1/41 4095/1/41 4157/1/41 4172/1/41 
f 4165/1/3 4107/1/3 4110/1/3 4180/1/3 
f 4179/1/44 4108/1/44 4070/1/44 4178/1/44 
f 4106/1/41 4107/1/41 4165/1/41 4166/1/41 
f 4108/1/2 4179/1/2 4177/1/2 4071/1/2 
f 4070/1/1 4071/1/1 4177/1/1 4178/1/1 
f 4185/1/1 4186/1/1 4187/1/1 4188/1/1 
f 4189/1/1 4190/1/1 4191/1/1 4192/1/1 
f 4193/1/46 4194/1/46 4195/1/46 4196/1/46 
f 4195/1/1 4197/1/1 4198/1/1 4196/1/1 
f 4199/1/2 4200/1/2 4191/1/2 4190/1/2 
f 4200/1/47 4199/1/47 4189/1/47 4192/1/47 
f 4201/1/3 4202/1/3 4203/1/3 2607/1/3 
f 4204/1/5 4205/1/5 4201/1/5 2609/1/5 
f 2609/1/5 4201/1/5 2607/1/5 
f 4205/1/48 4206/1/48 4202/1/48 4201/1/48 
f 4206/1/40 4207/1/40 4208/1/40 4202/1/40 
f 4202/1/40 4208/1/40 4203/1/40 
f 4209/1/49 4210/1/49 4211/1/49 2608/1/49 
f 4212/1/41 4213/1/41 4214/1/41 4215/1/41 
f 4216/1/3 4217/1/3 4218/1/3 4219/1/3 
f 4209/1/2 2608/1/2 2604/1/2 4220/1/2 
f 4210/1/1 4220/1/1 2604/1/1 4211/1/1 
f 4218/1/50 4221/1/50 4222/1/50 4219/1/50 
f 4223/1/51 4212/1/51 4215/1/51 4224/1/51 
f 4214/1/3 4213/1/3 4223/1/3 4224/1/3 
f 4221/1/41 4217/1/41 4216/1/41 4222/1/41 
f 4225/1/2 4226/1/2 4227/1/2 4228/1/2 
f 4229/1/1 4228/1/1 4227/1/1 4230/1/1 
f 4226/1/52 4225/1/52 4229/1/52 4230/1/52 
f 2957/1/1 4231/1/1 4232/1/1 2958/1/1 
f 4233/1/3 4234/1/3 4235/1/3 4236/1/3 
f 4237/1/53 4238/1/53 4236/1/53 4235/1/53 
f 4237/1/41 4234/1/41 4233/1/41 4238/1/41 
f 4239/1/43 4240/1/43 4241/1/43 4242/1/43 
f 4239/1/33 4243/1/33 4244/1/33 4240/1/33 
f 4244/1/3 4243/1/3 4242/1/3 4241/1/3 
f 4245/1/41 4246/1/41 4247/1/41 4248/1/41 
f 4249/1/3 4250/1/3 4251/1/3 4252/1/3 
f 4253/1/54 4254/1/54 4252/1/54 4251/1/54 
f 4253/1/41 4250/1/41 4249/1/41 4254/1/41 
f 4255/1/41 4256/1/41 4257/1/41 4258/1/41 
f 4257/1/3 4256/1/3 4259/1/3 4260/1/3 
f 4255/1/55 4258/1/55 4260/1/55 4259/1/55 
f 4247/1/3 4246/1/3 4261/1/3 4262/1/3 
f 4245/1/56 4248/1/56 4262/1/56 4261/1/56 
f 2606/1/3 4263/1/3 4231/1/3 4232/1/3 
f 4220/1/40 4264/1/40 4263/1/40 4209/1/40 
f 4208/1/40 4209/1/40 4263/1/40 4203/1/40 
f 3027/1/40 2902/1/40 4204/1/40 4205/1/40 
f 3028/1/1 4206/1/1 4205/1/1 3027/1/1 
f 4205/1/3 4206/1/3 4207/1/3 4204/1/3 
f 2903/1/5 3028/1/5 4206/1/5 4207/1/5 
f 4265/1/1 4266/1/1 4267/1/1 4268/1/1 
f 4269/1/2 4270/1/2 4267/1/2 4266/1/2 
f 4269/1/57 4265/1/57 4268/1/57 4270/1/57 
f 4271/1/58 4272/1/58 4273/1/58 4274/1/58 
f 4275/1/59 4276/1/59 4277/1/59 4278/1/59 
f 4277/1/1 4279/1/1 4280/1/1 4278/1/1 
f 4276/1/2 4275/1/2 4280/1/2 4279/1/2 
f 4273/1/1 4281/1/1 4282/1/1 4274/1/1 
f 4272/1/2 4271/1/2 4282/1/2 4281/1/2 
f 4283/1/60 4284/1/60 4285/1/60 4286/1/60 
f 4283/1/41 4287/1/41 4288/1/41 4284/1/41 
f 4288/1/3 4287/1/3 4286/1/3 4285/1/3 
f 4289/1/1 4290/1/1 4291/1/1 4292/1/1 
f 4293/1/2 4294/1/2 4291/1/2 4290/1/2 
f 4294/1/61 4293/1/61 4289/1/61 4292/1/61 
f 4295/1/2 4296/1/2 4297/1/2 4298/1/2 
f 4296/1/62 4295/1/62 4299/1/62 4300/1/62 
f 4299/1/1 4298/1/1 4297/1/1 4300/1/1 
f 4301/1/2 4302/1/2 4303/1/2 4304/1/2 
f 4302/1/63 4301/1/63 4305/1/63 4306/1/63 
f 4305/1/1 4304/1/1 4303/1/1 4306/1/1 
f 4307/1/41 4308/1/41 4309/1/41 4310/1/41 
f 4309/1/3 4308/1/3 4311/1/3 4312/1/3 
f 4307/1/64 4310/1/64 4312/1/64 4311/1/64 
f 4313/1/65 4314/1/65 4315/1/65 4316/1/65 
f 4315/1/1 4317/1/1 4318/1/1 4316/1/1 
f 4314/1/2 4313/1/2 4318/1/2 4317/1/2 
f 4319/1/2 4320/1/2 4321/1/2 4322/1/2 
f 4320/1/66 4319/1/66 4323/1/66 4324/1/66 
f 4323/1/1 4322/1/1 4321/1/1 4324/1/1 
f 4207/1/48 4208/1/48 4203/1/48 2607/1/48 
f 4207/1/48 2607/1/48 2609/1/48 4204/1/48 
f 4325/1/3 4326/1/3 4327/1/3 4328/1/3 
f 4329/1/41 4330/1/41 4331/1/41 4332/1/41 
f 4329/1/67 4332/1/67 4333/1/67 4334/1/67 
f 4331/1/3 4330/1/3 4334/1/3 4333/1/3 
f 4335/1/3 4336/1/3 4337/1/3 4338/1/3 
f 2905/1/5 2902/1/5 4204/1/5 4244/1/5 
f 4244/1/40 4240/1/40 
f 4204/1/40 4240/1/40 4339/1/40 
f 2907/1/5 2905/1/5 4244/1/5 4241/1/5 
f 2907/1/5 4241/1/5 4340/1/5 2605/1/5 
f 2605/1/5 4340/1/5 4341/1/5 4188/1/5 
f 4252/1/5 4188/1/5 4341/1/5 4204/1/5 
f 4204/1/5 4341/1/5 4342/1/5 4240/1/5 
f 4240/1/5 4342/1/5 4340/1/5 4241/1/5 
f 4249/1/5 4252/1/5 4204/1/5 2609/1/5 
f 4254/1/5 4249/1/5 2609/1/5 4257/1/5 
f 4258/1/5 4257/1/5 2609/1/5 4247/1/5 
f 4248/1/5 4247/1/5 2609/1/5 4343/1/5 
f 4344/1/5 4343/1/5 2609/1/5 4345/1/5 
f 4346/1/5 4345/1/5 2609/1/5 4233/1/5 
f 4238/1/5 4233/1/5 2609/1/5 4347/1/5 
f 4348/1/5 4347/1/5 2609/1/5 4335/1/5 
f 4349/1/5 4335/1/5 2609/1/5 4350/1/5 
f 4351/1/5 4350/1/5 2609/1/5 4309/1/5 
f 4310/1/5 4309/1/5 2609/1/5 4352/1/5 
f 4353/1/5 4352/1/5 2609/1/5 4288/1/5 
f 4284/1/5 4288/1/5 2609/1/5 4325/1/5 
f 4354/1/5 4325/1/5 2609/1/5 4331/1/5 
f 4332/1/5 4331/1/5 2609/1/5 4216/1/5 
f 4222/1/5 4216/1/5 2609/1/5 4214/1/5 
f 4215/1/5 4214/1/5 2609/1/5 2608/1/5 
f 4215/1/5 2608/1/5 4211/1/5 4224/1/5 
f 4267/1/5 4224/1/5 4211/1/5 2605/1/5 
f 4268/1/5 4267/1/5 2605/1/5 4280/1/5 
f 4278/1/5 4280/1/5 2605/1/5 4282/1/5 
f 4274/1/5 4282/1/5 2605/1/5 4355/1/5 
f 4356/1/5 4355/1/5 2605/1/5 4291/1/5 
f 4292/1/5 4291/1/5 2605/1/5 4297/1/5 
f 4300/1/5 4297/1/5 2605/1/5 4303/1/5 
f 4306/1/5 4303/1/5 2605/1/5 4357/1/5 
f 4358/1/5 4357/1/5 2605/1/5 4318/1/5 
f 4316/1/5 4318/1/5 2605/1/5 4321/1/5 
f 4324/1/5 4321/1/5 2605/1/5 4227/1/5 
f 4230/1/5 4227/1/5 2605/1/5 4359/1/5 
f 4360/1/5 4359/1/5 2605/1/5 4191/1/5 
f 4192/1/5 4191/1/5 2605/1/5 4198/1/5 
f 4196/1/5 4198/1/5 2605/1/5 4187/1/5 
f 2605/1/5 4188/1/5 4187/1/5 
f 4260/1/5 4196/1/5 4187/1/5 4257/1/5 
f 4257/1/5 4187/1/5 4361/1/5 4254/1/5 
f 4254/1/5 4361/1/5 4188/1/5 4252/1/5 
f 4196/1/5 4260/1/5 4258/1/5 4193/1/5 
f 4193/1/5 4258/1/5 4247/1/5 4198/1/5 
f 4198/1/5 4247/1/5 4262/1/5 4192/1/5 
f 4192/1/5 4262/1/5 4248/1/5 4200/1/5 
f 4200/1/5 4248/1/5 4343/1/5 4191/1/5 
f 4191/1/5 4343/1/5 4362/1/5 4360/1/5 
f 4360/1/5 4362/1/5 4344/1/5 4363/1/5 
f 4363/1/5 4344/1/5 4345/1/5 4359/1/5 
f 4359/1/5 4345/1/5 4364/1/5 4230/1/5 
f 4230/1/5 4364/1/5 4346/1/5 4226/1/5 
f 4226/1/5 4346/1/5 4233/1/5 4227/1/5 
f 4227/1/5 4233/1/5 4236/1/5 4324/1/5 
f 4324/1/5 4236/1/5 4238/1/5 4320/1/5 
f 4320/1/5 4238/1/5 4347/1/5 4321/1/5 
f 4321/1/5 4347/1/5 4365/1/5 4316/1/5 
f 4316/1/5 4365/1/5 4348/1/5 4313/1/5 
f 4313/1/5 4348/1/5 4335/1/5 4318/1/5 
f 4318/1/5 4335/1/5 4338/1/5 4358/1/5 
f 4358/1/5 4338/1/5 4349/1/5 4366/1/5 
f 4366/1/5 4349/1/5 4350/1/5 4357/1/5 
f 4357/1/5 4350/1/5 4367/1/5 4306/1/5 
f 4306/1/5 4367/1/5 4351/1/5 4302/1/5 
f 4302/1/5 4351/1/5 4309/1/5 4303/1/5 
f 4303/1/5 4309/1/5 4312/1/5 4300/1/5 
f 4300/1/5 4312/1/5 4310/1/5 4296/1/5 
f 4296/1/5 4310/1/5 4352/1/5 4297/1/5 
f 4297/1/5 4352/1/5 4368/1/5 4292/1/5 
f 4292/1/5 4368/1/5 4353/1/5 4294/1/5 
f 4294/1/5 4353/1/5 4288/1/5 4291/1/5 
f 4291/1/5 4288/1/5 4285/1/5 4356/1/5 
f 4356/1/5 4285/1/5 4284/1/5 4369/1/5 
f 4369/1/5 4284/1/5 4325/1/5 4355/1/5 
f 4355/1/5 4325/1/5 4328/1/5 4274/1/5 
f 4274/1/5 4328/1/5 4354/1/5 4271/1/5 
f 4271/1/5 4354/1/5 4331/1/5 4282/1/5 
f 4282/1/5 4331/1/5 4333/1/5 4278/1/5 
f 4278/1/5 4333/1/5 4332/1/5 4275/1/5 
f 4275/1/5 4332/1/5 4216/1/5 4280/1/5 
f 4280/1/5 4216/1/5 4219/1/5 4268/1/5 
f 4268/1/5 4219/1/5 4222/1/5 4270/1/5 
f 4270/1/5 4222/1/5 4214/1/5 4267/1/5 
f 4224/1/5 4267/1/5 4214/1/5 
f 2605/1/5 4211/1/5 2604/1/5 
f 2608/1/5 2609/1/5 2607/1/5 
f 2605/1/5 2604/1/5 2606/1/5 
f 4370/1/68 4348/1/68 4365/1/68 4371/1/68 
f 4372/1/69 4349/1/69 4338/1/69 4337/1/69 
f 4373/1/70 4351/1/70 4367/1/70 4374/1/70 
f 4372/1/41 4336/1/41 4335/1/41 4349/1/41 
f 4373/1/41 4375/1/41 4350/1/41 4351/1/41 
f 4376/1/2 4366/1/2 4357/1/2 4377/1/2 
f 4366/1/71 4376/1/71 4378/1/71 4358/1/71 
f 4350/1/3 4375/1/3 4374/1/3 4367/1/3 
f 4379/1/41 4380/1/41 4352/1/41 4353/1/41 
f 4352/1/3 4380/1/3 4381/1/3 4368/1/3 
f 4378/1/1 4377/1/1 4357/1/1 4358/1/1 
f 4369/1/72 4382/1/72 4383/1/72 4356/1/72 
f 4383/1/1 4384/1/1 4355/1/1 4356/1/1 
f 4379/1/73 4353/1/73 4368/1/73 4381/1/73 
f 4385/1/74 4354/1/74 4328/1/74 4327/1/74 
f 4382/1/2 4369/1/2 4355/1/2 4384/1/2 
f 4385/1/41 4326/1/41 4325/1/41 4354/1/41 
f 4347/1/3 4386/1/3 4371/1/3 4365/1/3 
f 4363/1/44 4387/1/44 4388/1/44 4360/1/44 
f 4370/1/41 4386/1/41 4347/1/41 4348/1/41 
f 4387/1/2 4363/1/2 4359/1/2 4389/1/2 
f 4388/1/1 4389/1/1 4359/1/1 4360/1/1 
f 4345/1/3 4390/1/3 4391/1/3 4364/1/3 
f 4392/1/41 4390/1/41 4345/1/41 4346/1/41 
f 4392/1/42 4346/1/42 4364/1/42 4391/1/42 
f 2906/1/33 2907/1/33 2605/1/33 2606/1/33 
f 4264/1/33 2906/1/33 2606/1/33 4263/1/33 
f 2903/1/1 4207/1/1 4204/1/1 2902/1/1 
f 2607/1/3 4203/1/3 4263/1/3 2606/1/3 
f 4343/1/3 4393/1/3 4394/1/3 4362/1/3 
f 4395/1/1 4396/1/1 4341/1/1 4340/1/1 
f 4397/1/43 4344/1/43 4362/1/43 4394/1/43 
f 4397/1/41 4393/1/41 4343/1/41 4344/1/41 
f 4398/1/2 4361/1/2 4187/1/2 4186/1/2 
f 4399/1/2 4342/1/2 4341/1/2 4396/1/2 
f 4342/1/44 4399/1/44 4395/1/44 4340/1/44 
f 4194/1/2 4193/1/2 4198/1/2 4197/1/2 
f 4361/1/45 4398/1/45 4185/1/45 4188/1/45 
f 4400/1/1 4401/1/1 4402/1/1 4403/1/1 
f 4404/1/1 4405/1/1 4406/1/1 4407/1/1 
f 4408/1/46 4409/1/46 4410/1/46 4411/1/46 
f 4410/1/1 4412/1/1 4413/1/1 4411/1/1 
f 4414/1/2 4415/1/2 4406/1/2 4405/1/2 
f 4415/1/47 4414/1/47 4404/1/47 4407/1/47 
f 4416/1/3 4417/1/3 4418/1/3 4419/1/3 
f 4420/1/5 4421/1/5 4416/1/5 4422/1/5 
f 4422/1/5 4416/1/5 4419/1/5 
f 4421/1/48 4423/1/48 4417/1/48 4416/1/48 
f 4423/1/40 4424/1/40 4425/1/40 4417/1/40 
f 4417/1/40 4425/1/40 4418/1/40 
f 4426/1/49 4427/1/49 4428/1/49 4429/1/49 
f 4430/1/41 4431/1/41 4432/1/41 4433/1/41 
f 4434/1/3 4435/1/3 4436/1/3 4437/1/3 
f 4426/1/2 4429/1/2 4438/1/2 4439/1/2 
f 4427/1/1 4439/1/1 4438/1/1 4428/1/1 
f 4436/1/50 4440/1/50 4441/1/50 4437/1/50 
f 4442/1/51 4430/1/51 4433/1/51 4443/1/51 
f 4432/1/3 4431/1/3 4442/1/3 4443/1/3 
f 4440/1/41 4435/1/41 4434/1/41 4441/1/41 
f 4444/1/2 4445/1/2 4446/1/2 4447/1/2 
f 4448/1/1 4447/1/1 4446/1/1 4449/1/1 
f 4445/1/52 4444/1/52 4448/1/52 4449/1/52 
f 3123/1/1 4450/1/1 4451/1/1 3124/1/1 
f 4452/1/3 4453/1/3 4454/1/3 4455/1/3 
f 4456/1/53 4457/1/53 4455/1/53 4454/1/53 
f 4456/1/41 4453/1/41 4452/1/41 4457/1/41 
f 4458/1/43 4459/1/43 4460/1/43 4461/1/43 
f 4458/1/33 4462/1/33 4463/1/33 4459/1/33 
f 4463/1/3 4462/1/3 4461/1/3 4460/1/3 
f 4464/1/41 4465/1/41 4466/1/41 4467/1/41 
f 4468/1/3 4469/1/3 4470/1/3 4471/1/3 
f 4472/1/54 4473/1/54 4471/1/54 4470/1/54 
f 4472/1/41 4469/1/41 4468/1/41 4473/1/41 
f 4474/1/41 4475/1/41 4476/1/41 4477/1/41 
f 4476/1/3 4475/1/3 4478/1/3 4479/1/3 
f 4474/1/55 4477/1/55 4479/1/55 4478/1/55 
f 4466/1/3 4465/1/3 4480/1/3 4481/1/3 
f 4464/1/56 4467/1/56 4481/1/56 4480/1/56 
f 4482/1/3 4483/1/3 4450/1/3 4451/1/3 
f 4464/1/40 4480/1/40 4404/1/40 4414/1/40 
f 4464/1/40 4414/1/40 4484/1/40 4425/1/40 
f 4465/1/40 4464/1/40 4425/1/40 4474/1/40 
f 4475/1/40 4474/1/40 4425/1/40 4472/1/40 
f 4469/1/40 4472/1/40 4425/1/40 4424/1/40 
f 4470/1/40 4469/1/40 4424/1/40 4485/1/40 
f 4470/1/40 4485/1/40 4486/1/40 4400/1/40 
f 4487/1/40 4400/1/40 4486/1/40 4488/1/40 
f 3112/1/40 4487/1/40 4488/1/40 4461/1/40 
f 3111/1/40 3112/1/40 4461/1/40 3110/1/40 
f 3110/1/40 4461/1/40 4462/1/40 4424/1/40 
f 4424/1/5 
f 4458/1/40 4461/1/40 4488/1/40 4485/1/40 
f 4424/1/40 4458/1/40 4485/1/40 
f 4401/1/40 4400/1/40 4487/1/40 4410/1/40 
f 4412/1/40 4410/1/40 4487/1/40 4404/1/40 
f 4405/1/40 4404/1/40 4487/1/40 4489/1/40 
f 4490/1/40 4489/1/40 4487/1/40 4448/1/40 
f 4447/1/40 4448/1/40 4487/1/40 4491/1/40 
f 4492/1/40 4491/1/40 4487/1/40 4493/1/40 
f 4494/1/40 4493/1/40 4487/1/40 4495/1/40 
f 4496/1/40 4495/1/40 4487/1/40 4497/1/40 
f 4498/1/40 4497/1/40 4487/1/40 4499/1/40 
f 4500/1/40 4499/1/40 4487/1/40 4501/1/40 
f 4502/1/40 4501/1/40 4487/1/40 4503/1/40 
f 4504/1/40 4503/1/40 4487/1/40 4505/1/40 
f 4506/1/40 4505/1/40 4487/1/40 4507/1/40 
f 4508/1/40 4507/1/40 4487/1/40 4509/1/40 
f 4510/1/40 4509/1/40 4487/1/40 4427/1/40 
f 4427/1/40 4487/1/40 4439/1/40 
f 4442/1/40 4510/1/40 4427/1/40 4430/1/40 
f 4430/1/40 4427/1/40 4426/1/40 4425/1/40 
f 4431/1/40 4430/1/40 4425/1/40 4440/1/40 
f 4435/1/40 4440/1/40 4425/1/40 4511/1/40 
f 4512/1/40 4511/1/40 4425/1/40 4513/1/40 
f 4514/1/40 4513/1/40 4425/1/40 4515/1/40 
f 4516/1/40 4515/1/40 4425/1/40 4517/1/40 
f 4518/1/40 4517/1/40 4425/1/40 4519/1/40 
f 4520/1/40 4519/1/40 4425/1/40 4521/1/40 
f 4522/1/40 4521/1/40 4425/1/40 4523/1/40 
f 4524/1/40 4523/1/40 4425/1/40 4525/1/40 
f 4526/1/40 4525/1/40 4425/1/40 4456/1/40 
f 4453/1/40 4456/1/40 4425/1/40 4527/1/40 
f 4528/1/40 4527/1/40 4425/1/40 4529/1/40 
f 4425/1/40 4484/1/40 4529/1/40 
f 4530/1/40 4528/1/40 4529/1/40 4489/1/40 
f 4489/1/40 4529/1/40 4531/1/40 4405/1/40 
f 4414/1/40 4405/1/40 4531/1/40 4484/1/40 
f 4532/1/40 4528/1/40 4530/1/40 4490/1/40 
f 4532/1/40 4490/1/40 4448/1/40 4527/1/40 
f 4527/1/40 4448/1/40 4444/1/40 4453/1/40 
f 4454/1/40 4453/1/40 4444/1/40 4447/1/40 
f 4454/1/40 4447/1/40 4491/1/40 4456/1/40 
f 4456/1/40 4491/1/40 4533/1/40 4526/1/40 
f 4534/1/40 4526/1/40 4533/1/40 4492/1/40 
f 4534/1/40 4492/1/40 4493/1/40 4525/1/40 
f 4525/1/40 4493/1/40 4535/1/40 4524/1/40 
f 4536/1/40 4524/1/40 4535/1/40 4494/1/40 
f 4536/1/40 4494/1/40 4495/1/40 4523/1/40 
f 4523/1/40 4495/1/40 4537/1/40 4522/1/40 
f 4538/1/40 4522/1/40 4537/1/40 4496/1/40 
f 4538/1/40 4496/1/40 4497/1/40 4521/1/40 
f 4521/1/40 4497/1/40 4539/1/40 4520/1/40 
f 4540/1/40 4520/1/40 4539/1/40 4498/1/40 
f 4540/1/40 4498/1/40 4499/1/40 4519/1/40 
f 4519/1/40 4499/1/40 4541/1/40 4518/1/40 
f 4542/1/40 4518/1/40 4541/1/40 4500/1/40 
f 4542/1/40 4500/1/40 4501/1/40 4517/1/40 
f 4517/1/40 4501/1/40 4543/1/40 4516/1/40 
f 4544/1/40 4516/1/40 4543/1/40 4502/1/40 
f 4544/1/40 4502/1/40 4503/1/40 4515/1/40 
f 4515/1/40 4503/1/40 4545/1/40 4514/1/40 
f 4546/1/40 4514/1/40 4545/1/40 4504/1/40 
f 4546/1/40 4504/1/40 4505/1/40 4513/1/40 
f 4513/1/40 4505/1/40 4547/1/40 4512/1/40 
f 4548/1/40 4512/1/40 4547/1/40 4506/1/40 
f 4548/1/40 4506/1/40 4507/1/40 4511/1/40 
f 4511/1/40 4507/1/40 4549/1/40 4435/1/40 
f 4436/1/40 4435/1/40 4549/1/40 4508/1/40 
f 4436/1/40 4508/1/40 4509/1/40 4440/1/40 
f 4440/1/40 4509/1/40 4550/1/40 4431/1/40 
f 4442/1/40 4431/1/40 4550/1/40 4510/1/40 
f 4412/1/40 4404/1/40 4480/1/40 4409/1/40 
f 4409/1/40 4480/1/40 4465/1/40 4474/1/40 
f 4410/1/40 4409/1/40 4474/1/40 4478/1/40 
f 4401/1/40 4410/1/40 4478/1/40 4551/1/40 
f 4551/1/40 4478/1/40 4475/1/40 4472/1/40 
f 4400/1/40 4551/1/40 4472/1/40 4470/1/40 
f 3208/1/40 2774/1/40 4420/1/40 4421/1/40 
f 3209/1/1 4423/1/1 4421/1/1 3208/1/1 
f 4421/1/3 4423/1/3 4424/1/3 4420/1/3 
f 3110/1/5 3209/1/5 4423/1/5 4424/1/5 
f 4509/1/1 4510/1/1 4552/1/1 4553/1/1 
f 4550/1/2 4554/1/2 4552/1/2 4510/1/2 
f 4550/1/57 4509/1/57 4553/1/57 4554/1/57 
f 4555/1/58 4547/1/58 4505/1/58 4556/1/58 
f 4557/1/59 4549/1/59 4507/1/59 4558/1/59 
f 4507/1/1 4508/1/1 4559/1/1 4558/1/1 
f 4549/1/2 4557/1/2 4559/1/2 4508/1/2 
f 4505/1/1 4506/1/1 4560/1/1 4556/1/1 
f 4547/1/2 4555/1/2 4560/1/2 4506/1/2 
f 4515/1/60 4561/1/60 4562/1/60 4544/1/60 
f 4515/1/41 4516/1/41 4563/1/41 4561/1/41 
f 4563/1/3 4516/1/3 4544/1/3 4562/1/3 
f 4501/1/1 4502/1/1 4564/1/1 4565/1/1 
f 4543/1/2 4566/1/2 4564/1/2 4502/1/2 
f 4566/1/61 4543/1/61 4501/1/61 4565/1/61 
f 4541/1/2 4567/1/2 4568/1/2 4500/1/2 
f 4567/1/62 4541/1/62 4499/1/62 4569/1/62 
f 4499/1/1 4500/1/1 4568/1/1 4569/1/1 
f 4539/1/2 4570/1/2 4571/1/2 4498/1/2 
f 4570/1/63 4539/1/63 4497/1/63 4572/1/63 
f 4497/1/1 4498/1/1 4571/1/1 4572/1/1 
f 4519/1/41 4520/1/41 4573/1/41 4574/1/41 
f 4573/1/3 4520/1/3 4540/1/3 4575/1/3 
f 4519/1/64 4574/1/64 4575/1/64 4540/1/64 
f 4576/1/65 4535/1/65 4493/1/65 4577/1/65 
f 4493/1/1 4494/1/1 4578/1/1 4577/1/1 
f 4535/1/2 4576/1/2 4578/1/2 4494/1/2 
f 4533/1/2 4579/1/2 4580/1/2 4492/1/2 
f 4579/1/66 4533/1/66 4491/1/66 4581/1/66 
f 4491/1/1 4492/1/1 4580/1/1 4581/1/1 
f 4425/1/48 4418/1/48 4419/1/48 4420/1/48 
f 4425/1/48 4420/1/48 4424/1/48 
f 4420/1/48 4419/1/48 4422/1/48 
f 4582/1/3 4514/1/3 4546/1/3 4583/1/3 
f 4511/1/41 4512/1/41 4584/1/41 4585/1/41 
f 4511/1/67 4585/1/67 4586/1/67 4548/1/67 
f 4584/1/3 4512/1/3 4548/1/3 4586/1/3 
f 4587/1/3 4524/1/3 4536/1/3 4588/1/3 
f 2776/1/5 2774/1/5 4420/1/5 4463/1/5 
f 4463/1/40 4459/1/40 
f 4420/1/40 4459/1/40 4589/1/40 
f 2694/1/5 2776/1/5 4463/1/5 4460/1/5 
f 2694/1/5 4460/1/5 4590/1/5 4591/1/5 
f 4591/1/5 4590/1/5 4592/1/5 4403/1/5 
f 4471/1/5 4403/1/5 4592/1/5 4420/1/5 
f 4420/1/5 4592/1/5 4593/1/5 4459/1/5 
f 4459/1/5 4593/1/5 4590/1/5 4460/1/5 
f 4468/1/5 4471/1/5 4420/1/5 4422/1/5 
f 4473/1/5 4468/1/5 4422/1/5 4476/1/5 
f 4477/1/5 4476/1/5 4422/1/5 4466/1/5 
f 4467/1/5 4466/1/5 4422/1/5 4594/1/5 
f 4595/1/5 4594/1/5 4422/1/5 4596/1/5 
f 4597/1/5 4596/1/5 4422/1/5 4452/1/5 
f 4457/1/5 4452/1/5 4422/1/5 4598/1/5 
f 4599/1/5 4598/1/5 4422/1/5 4587/1/5 
f 4600/1/5 4587/1/5 4422/1/5 4601/1/5 
f 4602/1/5 4601/1/5 4422/1/5 4573/1/5 
f 4574/1/5 4573/1/5 4422/1/5 4603/1/5 
f 4604/1/5 4603/1/5 4422/1/5 4563/1/5 
f 4561/1/5 4563/1/5 4422/1/5 4582/1/5 
f 4605/1/5 4582/1/5 4422/1/5 4584/1/5 
f 4585/1/5 4584/1/5 4422/1/5 4434/1/5 
f 4441/1/5 4434/1/5 4422/1/5 4432/1/5 
f 4433/1/5 4432/1/5 4422/1/5 4429/1/5 
f 4433/1/5 4429/1/5 4428/1/5 4443/1/5 
f 4552/1/5 4443/1/5 4428/1/5 4591/1/5 
f 4553/1/5 4552/1/5 4591/1/5 4559/1/5 
f 4558/1/5 4559/1/5 4591/1/5 4560/1/5 
f 4556/1/5 4560/1/5 4591/1/5 4606/1/5 
f 4607/1/5 4606/1/5 4591/1/5 4564/1/5 
f 4565/1/5 4564/1/5 4591/1/5 4568/1/5 
f 4569/1/5 4568/1/5 4591/1/5 4571/1/5 
f 4572/1/5 4571/1/5 4591/1/5 4608/1/5 
f 4609/1/5 4608/1/5 4591/1/5 4578/1/5 
f 4577/1/5 4578/1/5 4591/1/5 4580/1/5 
f 4581/1/5 4580/1/5 4591/1/5 4446/1/5 
f 4449/1/5 4446/1/5 4591/1/5 4610/1/5 
f 4611/1/5 4610/1/5 4591/1/5 4406/1/5 
f 4407/1/5 4406/1/5 4591/1/5 4413/1/5 
f 4411/1/5 4413/1/5 4591/1/5 4402/1/5 
f 4591/1/5 4403/1/5 4402/1/5 
f 4479/1/5 4411/1/5 4402/1/5 4476/1/5 
f 4476/1/5 4402/1/5 4612/1/5 4473/1/5 
f 4473/1/5 4612/1/5 4403/1/5 4471/1/5 
f 4411/1/5 4479/1/5 4477/1/5 4408/1/5 
f 4408/1/5 4477/1/5 4466/1/5 4413/1/5 
f 4413/1/5 4466/1/5 4481/1/5 4407/1/5 
f 4407/1/5 4481/1/5 4467/1/5 4415/1/5 
f 4415/1/5 4467/1/5 4594/1/5 4406/1/5 
f 4406/1/5 4594/1/5 4613/1/5 4611/1/5 
f 4611/1/5 4613/1/5 4595/1/5 4614/1/5 
f 4614/1/5 4595/1/5 4596/1/5 4610/1/5 
f 4610/1/5 4596/1/5 4615/1/5 4449/1/5 
f 4449/1/5 4615/1/5 4597/1/5 4445/1/5 
f 4445/1/5 4597/1/5 4452/1/5 4446/1/5 
f 4446/1/5 4452/1/5 4455/1/5 4581/1/5 
f 4581/1/5 4455/1/5 4457/1/5 4579/1/5 
f 4579/1/5 4457/1/5 4598/1/5 4580/1/5 
f 4580/1/5 4598/1/5 4616/1/5 4577/1/5 
f 4577/1/5 4616/1/5 4599/1/5 4576/1/5 
f 4576/1/5 4599/1/5 4587/1/5 4578/1/5 
f 4578/1/5 4587/1/5 4588/1/5 4609/1/5 
f 4609/1/5 4588/1/5 4600/1/5 4617/1/5 
f 4617/1/5 4600/1/5 4601/1/5 4608/1/5 
f 4608/1/5 4601/1/5 4618/1/5 4572/1/5 
f 4572/1/5 4618/1/5 4602/1/5 4570/1/5 
f 4570/1/5 4602/1/5 4573/1/5 4571/1/5 
f 4571/1/5 4573/1/5 4575/1/5 4569/1/5 
f 4569/1/5 4575/1/5 4574/1/5 4567/1/5 
f 4567/1/5 4574/1/5 4603/1/5 4568/1/5 
f 4568/1/5 4603/1/5 4619/1/5 4565/1/5 
f 4565/1/5 4619/1/5 4604/1/5 4566/1/5 
f 4566/1/5 4604/1/5 4563/1/5 4564/1/5 
f 4564/1/5 4563/1/5 4562/1/5 4607/1/5 
f 4607/1/5 4562/1/5 4561/1/5 4620/1/5 
f 4620/1/5 4561/1/5 4582/1/5 4606/1/5 
f 4606/1/5 4582/1/5 4583/1/5 4556/1/5 
f 4556/1/5 4583/1/5 4605/1/5 4555/1/5 
f 4555/1/5 4605/1/5 4584/1/5 4560/1/5 
f 4560/1/5 4584/1/5 4586/1/5 4558/1/5 
f 4558/1/5 4586/1/5 4585/1/5 4557/1/5 
f 4557/1/5 4585/1/5 4434/1/5 4559/1/5 
f 4559/1/5 4434/1/5 4437/1/5 4553/1/5 
f 4553/1/5 4437/1/5 4441/1/5 4554/1/5 
f 4554/1/5 4441/1/5 4432/1/5 4552/1/5 
f 4443/1/5 4552/1/5 4432/1/5 
f 4591/1/5 4428/1/5 4438/1/5 4419/1/5 
f 4419/1/5 4438/1/5 4429/1/5 4422/1/5 
f 4591/1/5 4419/1/5 4482/1/5 
f 4525/1/68 4599/1/68 4616/1/68 4534/1/68 
f 4523/1/69 4600/1/69 4588/1/69 4536/1/69 
f 4521/1/70 4602/1/70 4618/1/70 4538/1/70 
f 4523/1/41 4524/1/41 4587/1/41 4600/1/41 
f 4521/1/41 4522/1/41 4601/1/41 4602/1/41 
f 4537/1/2 4617/1/2 4608/1/2 4496/1/2 
f 4617/1/71 4537/1/71 4495/1/71 4609/1/71 
f 4601/1/3 4522/1/3 4538/1/3 4618/1/3 
f 4517/1/41 4518/1/41 4603/1/41 4604/1/41 
f 4603/1/3 4518/1/3 4542/1/3 4619/1/3 
f 4495/1/1 4496/1/1 4608/1/1 4609/1/1 
f 4620/1/72 4545/1/72 4503/1/72 4607/1/72 
f 4503/1/1 4504/1/1 4606/1/1 4607/1/1 
f 4517/1/73 4604/1/73 4619/1/73 4542/1/73 
f 4513/1/74 4605/1/74 4583/1/74 4546/1/74 
f 4545/1/2 4620/1/2 4606/1/2 4504/1/2 
f 4513/1/41 4514/1/41 4582/1/41 4605/1/41 
f 4598/1/3 4526/1/3 4534/1/3 4616/1/3 
f 4614/1/44 4530/1/44 4489/1/44 4611/1/44 
f 4525/1/41 4526/1/41 4598/1/41 4599/1/41 
f 4530/1/2 4614/1/2 4610/1/2 4490/1/2 
f 4489/1/1 4490/1/1 4610/1/1 4611/1/1 
f 4621/1/1 4622/1/1 4623/1/1 4624/1/1 
f 4625/1/1 4626/1/1 4627/1/1 4628/1/1 
f 4629/1/46 4630/1/46 4631/1/46 4632/1/46 
f 4631/1/1 4633/1/1 4634/1/1 4632/1/1 
f 4635/1/2 4636/1/2 4627/1/2 4626/1/2 
f 4636/1/47 4635/1/47 4625/1/47 4628/1/47 
f 4637/1/3 4638/1/3 4639/1/3 4640/1/3 
f 4641/1/5 4642/1/5 4637/1/5 4640/1/5 
f 4642/1/48 4643/1/48 4638/1/48 4637/1/48 
f 4643/1/40 4644/1/40 4645/1/40 4638/1/40 
f 4638/1/40 4645/1/40 4639/1/40 
f 4646/1/49 4647/1/49 4648/1/49 4649/1/49 
f 4650/1/41 4651/1/41 4652/1/41 4653/1/41 
f 4654/1/3 4655/1/3 4656/1/3 4657/1/3 
f 4646/1/2 4649/1/2 4658/1/2 4659/1/2 
f 4647/1/1 4659/1/1 4658/1/1 4648/1/1 
f 4656/1/50 4660/1/50 4661/1/50 4657/1/50 
f 4662/1/51 4650/1/51 4653/1/51 4663/1/51 
f 4652/1/3 4651/1/3 4662/1/3 4663/1/3 
f 4660/1/41 4655/1/41 4654/1/41 4661/1/41 
f 4664/1/2 4665/1/2 4666/1/2 4667/1/2 
f 4668/1/1 4667/1/1 4666/1/1 4669/1/1 
f 4665/1/52 4664/1/52 4668/1/52 4669/1/52 
f 3287/1/1 4670/1/1 4671/1/1 3288/1/1 
f 4672/1/3 4673/1/3 4674/1/3 4675/1/3 
f 4676/1/53 4677/1/53 4675/1/53 4674/1/53 
f 4676/1/41 4673/1/41 4672/1/41 4677/1/41 
f 4678/1/43 4679/1/43 4680/1/43 4681/1/43 
f 4678/1/33 4682/1/33 4683/1/33 4679/1/33 
f 4683/1/3 4682/1/3 4681/1/3 4680/1/3 
f 4684/1/41 4685/1/41 4686/1/41 4687/1/41 
f 4688/1/3 4689/1/3 4690/1/3 4691/1/3 
f 4692/1/54 4693/1/54 4691/1/54 4690/1/54 
f 4692/1/41 4689/1/41 4688/1/41 4693/1/41 
f 4694/1/41 4695/1/41 4696/1/41 4697/1/41 
f 4696/1/3 4695/1/3 4698/1/3 4699/1/3 
f 4694/1/55 4697/1/55 4699/1/55 4698/1/55 
f 4686/1/3 4685/1/3 4700/1/3 4701/1/3 
f 4684/1/56 4687/1/56 4701/1/56 4700/1/56 
f 4702/1/3 4703/1/3 4670/1/3 4671/1/3 
f 3288/1/5 3236/1/5 4702/1/5 4671/1/5 
f 4684/1/40 4700/1/40 4625/1/40 4635/1/40 
f 4684/1/40 4635/1/40 4704/1/40 4645/1/40 
f 4685/1/40 4684/1/40 4645/1/40 4694/1/40 
f 4695/1/40 4694/1/40 4645/1/40 4692/1/40 
f 4689/1/40 4692/1/40 4645/1/40 4644/1/40 
f 4690/1/40 4689/1/40 4644/1/40 4705/1/40 
f 4690/1/40 4705/1/40 4706/1/40 4621/1/40 
f 4707/1/40 4621/1/40 4706/1/40 4708/1/40 
f 3237/1/40 4707/1/40 4708/1/40 4681/1/40 
f 3235/1/40 3237/1/40 4681/1/40 3234/1/40 
f 3234/1/40 4681/1/40 4682/1/40 4644/1/40 
f 4644/1/5 
f 4678/1/40 4681/1/40 4708/1/40 4705/1/40 
f 4644/1/40 4678/1/40 4705/1/40 
f 4622/1/40 4621/1/40 4707/1/40 4631/1/40 
f 4633/1/40 4631/1/40 4707/1/40 4625/1/40 
f 4626/1/40 4625/1/40 4707/1/40 4709/1/40 
f 4710/1/40 4709/1/40 4707/1/40 4668/1/40 
f 4667/1/40 4668/1/40 4707/1/40 4711/1/40 
f 4712/1/40 4711/1/40 4707/1/40 4713/1/40 
f 4714/1/40 4713/1/40 4707/1/40 4715/1/40 
f 4716/1/40 4715/1/40 4707/1/40 4717/1/40 
f 4718/1/40 4717/1/40 4707/1/40 4719/1/40 
f 4720/1/40 4719/1/40 4707/1/40 4721/1/40 
f 4722/1/40 4721/1/40 4707/1/40 4723/1/40 
f 4724/1/40 4723/1/40 4707/1/40 4725/1/40 
f 4726/1/40 4725/1/40 4707/1/40 4727/1/40 
f 4728/1/40 4727/1/40 4707/1/40 4729/1/40 
f 4730/1/40 4729/1/40 4707/1/40 4647/1/40 
f 4647/1/40 4707/1/40 4659/1/40 
f 4662/1/40 4730/1/40 4647/1/40 4650/1/40 
f 4650/1/40 4647/1/40 4646/1/40 4645/1/40 
f 4651/1/40 4650/1/40 4645/1/40 4660/1/40 
f 4655/1/40 4660/1/40 4645/1/40 4731/1/40 
f 4732/1/40 4731/1/40 4645/1/40 4733/1/40 
f 4734/1/40 4733/1/40 4645/1/40 4735/1/40 
f 4736/1/40 4735/1/40 4645/1/40 4737/1/40 
f 4738/1/40 4737/1/40 4645/1/40 4739/1/40 
f 4740/1/40 4739/1/40 4645/1/40 4741/1/40 
f 4742/1/40 4741/1/40 4645/1/40 4743/1/40 
f 4744/1/40 4743/1/40 4645/1/40 4745/1/40 
f 4746/1/40 4745/1/40 4645/1/40 4676/1/40 
f 4673/1/40 4676/1/40 4645/1/40 4747/1/40 
f 4748/1/40 4747/1/40 4645/1/40 4749/1/40 
f 4645/1/40 4704/1/40 4749/1/40 
f 4750/1/40 4748/1/40 4749/1/40 4709/1/40 
f 4709/1/40 4749/1/40 4751/1/40 4626/1/40 
f 4635/1/40 4626/1/40 4751/1/40 4704/1/40 
f 4752/1/40 4748/1/40 4750/1/40 4710/1/40 
f 4752/1/40 4710/1/40 4668/1/40 4747/1/40 
f 4747/1/40 4668/1/40 4664/1/40 4673/1/40 
f 4674/1/40 4673/1/40 4664/1/40 4667/1/40 
f 4674/1/40 4667/1/40 4711/1/40 4676/1/40 
f 4676/1/40 4711/1/40 4753/1/40 4746/1/40 
f 4754/1/40 4746/1/40 4753/1/40 4712/1/40 
f 4754/1/40 4712/1/40 4713/1/40 4745/1/40 
f 4745/1/40 4713/1/40 4755/1/40 4744/1/40 
f 4756/1/40 4744/1/40 4755/1/40 4714/1/40 
f 4756/1/40 4714/1/40 4715/1/40 4743/1/40 
f 4743/1/40 4715/1/40 4757/1/40 4742/1/40 
f 4758/1/40 4742/1/40 4757/1/40 4716/1/40 
f 4758/1/40 4716/1/40 4717/1/40 4741/1/40 
f 4741/1/40 4717/1/40 4759/1/40 4740/1/40 
f 4760/1/40 4740/1/40 4759/1/40 4718/1/40 
f 4760/1/40 4718/1/40 4719/1/40 4739/1/40 
f 4739/1/40 4719/1/40 4761/1/40 4738/1/40 
f 4762/1/40 4738/1/40 4761/1/40 4720/1/40 
f 4762/1/40 4720/1/40 4721/1/40 4737/1/40 
f 4737/1/40 4721/1/40 4763/1/40 4736/1/40 
f 4764/1/40 4736/1/40 4763/1/40 4722/1/40 
f 4764/1/40 4722/1/40 4723/1/40 4735/1/40 
f 4735/1/40 4723/1/40 4765/1/40 4734/1/40 
f 4766/1/40 4734/1/40 4765/1/40 4724/1/40 
f 4766/1/40 4724/1/40 4725/1/40 4733/1/40 
f 4733/1/40 4725/1/40 4767/1/40 4732/1/40 
f 4768/1/40 4732/1/40 4767/1/40 4726/1/40 
f 4768/1/40 4726/1/40 4727/1/40 4731/1/40 
f 4731/1/40 4727/1/40 4769/1/40 4655/1/40 
f 4656/1/40 4655/1/40 4769/1/40 4728/1/40 
f 4656/1/40 4728/1/40 4729/1/40 4660/1/40 
f 4660/1/40 4729/1/40 4770/1/40 4651/1/40 
f 4662/1/40 4651/1/40 4770/1/40 4730/1/40 
f 4633/1/40 4625/1/40 4700/1/40 4630/1/40 
f 4630/1/40 4700/1/40 4685/1/40 4694/1/40 
f 4631/1/40 4630/1/40 4694/1/40 4698/1/40 
f 4622/1/40 4631/1/40 4698/1/40 4771/1/40 
f 4771/1/40 4698/1/40 4695/1/40 4692/1/40 
f 4621/1/40 4771/1/40 4692/1/40 4690/1/40 
f 3233/1/5 3356/1/5 4642/1/5 4641/1/5 
f 3357/1/1 4643/1/1 4642/1/1 3356/1/1 
f 4642/1/3 4643/1/3 4644/1/3 4641/1/3 
f 3234/1/5 3357/1/5 4643/1/5 4644/1/5 
f 4729/1/1 4730/1/1 4772/1/1 4773/1/1 
f 4770/1/2 4774/1/2 4772/1/2 4730/1/2 
f 4770/1/57 4729/1/57 4773/1/57 4774/1/57 
f 4775/1/58 4767/1/58 4725/1/58 4776/1/58 
f 4777/1/59 4769/1/59 4727/1/59 4778/1/59 
f 4727/1/1 4728/1/1 4779/1/1 4778/1/1 
f 4769/1/2 4777/1/2 4779/1/2 4728/1/2 
f 4725/1/1 4726/1/1 4780/1/1 4776/1/1 
f 4767/1/2 4775/1/2 4780/1/2 4726/1/2 
f 4735/1/60 4781/1/60 4782/1/60 4764/1/60 
f 4735/1/41 4736/1/41 4783/1/41 4781/1/41 
f 4783/1/3 4736/1/3 4764/1/3 4782/1/3 
f 4721/1/1 4722/1/1 4784/1/1 4785/1/1 
f 4763/1/2 4786/1/2 4784/1/2 4722/1/2 
f 4786/1/61 4763/1/61 4721/1/61 4785/1/61 
f 4761/1/2 4787/1/2 4788/1/2 4720/1/2 
f 4787/1/62 4761/1/62 4719/1/62 4789/1/62 
f 4719/1/1 4720/1/1 4788/1/1 4789/1/1 
f 4759/1/2 4790/1/2 4791/1/2 4718/1/2 
f 4790/1/63 4759/1/63 4717/1/63 4792/1/63 
f 4717/1/1 4718/1/1 4791/1/1 4792/1/1 
f 4739/1/41 4740/1/41 4793/1/41 4794/1/41 
f 4793/1/3 4740/1/3 4760/1/3 4795/1/3 
f 4739/1/64 4794/1/64 4795/1/64 4760/1/64 
f 4796/1/65 4755/1/65 4713/1/65 4797/1/65 
f 4713/1/1 4714/1/1 4798/1/1 4797/1/1 
f 4755/1/2 4796/1/2 4798/1/2 4714/1/2 
f 4753/1/2 4799/1/2 4800/1/2 4712/1/2 
f 4799/1/66 4753/1/66 4711/1/66 4801/1/66 
f 4711/1/1 4712/1/1 4800/1/1 4801/1/1 
f 4645/1/48 4639/1/48 4640/1/48 4641/1/48 
f 4645/1/48 4641/1/48 4644/1/48 
f 4802/1/3 4734/1/3 4766/1/3 4803/1/3 
f 4731/1/41 4732/1/41 4804/1/41 4805/1/41 
f 4731/1/67 4805/1/67 4806/1/67 4768/1/67 
f 4804/1/3 4732/1/3 4768/1/3 4806/1/3 
f 4807/1/3 4744/1/3 4756/1/3 4808/1/3 
f 4683/1/5 3236/1/5 3233/1/5 4641/1/5 
f 4679/1/5 4683/1/5 4641/1/5 4809/1/5 
f 4810/1/5 4809/1/5 4641/1/5 4691/1/5 
f 4810/1/5 4691/1/5 4624/1/5 4702/1/5 
f 4811/1/5 4810/1/5 4702/1/5 3236/1/5 
f 4680/1/5 4811/1/5 3236/1/5 4683/1/5 
f 4811/1/5 4680/1/5 4679/1/5 4809/1/5 
f 4702/1/5 4624/1/5 4623/1/5 4632/1/5 
f 4699/1/5 4632/1/5 4623/1/5 4696/1/5 
f 4696/1/5 4623/1/5 4812/1/5 4693/1/5 
f 4640/1/5 4696/1/5 4693/1/5 4688/1/5 
f 4641/1/5 4640/1/5 4688/1/5 4691/1/5 
f 4697/1/5 4696/1/5 4640/1/5 4686/1/5 
f 4687/1/5 4686/1/5 4640/1/5 4813/1/5 
f 4814/1/5 4813/1/5 4640/1/5 4815/1/5 
f 4816/1/5 4815/1/5 4640/1/5 4672/1/5 
f 4677/1/5 4672/1/5 4640/1/5 4817/1/5 
f 4818/1/5 4817/1/5 4640/1/5 4807/1/5 
f 4819/1/5 4807/1/5 4640/1/5 4820/1/5 
f 4821/1/5 4820/1/5 4640/1/5 4793/1/5 
f 4794/1/5 4793/1/5 4640/1/5 4822/1/5 
f 4823/1/5 4822/1/5 4640/1/5 4783/1/5 
f 4781/1/5 4783/1/5 4640/1/5 4802/1/5 
f 4824/1/5 4802/1/5 4640/1/5 4804/1/5 
f 4805/1/5 4804/1/5 4640/1/5 4654/1/5 
f 4661/1/5 4654/1/5 4640/1/5 4652/1/5 
f 4653/1/5 4652/1/5 4640/1/5 4649/1/5 
f 4658/1/5 4649/1/5 4640/1/5 4702/1/5 
f 4648/1/5 4658/1/5 4702/1/5 4772/1/5 
f 4773/1/5 4772/1/5 4702/1/5 4779/1/5 
f 4778/1/5 4779/1/5 4702/1/5 4780/1/5 
f 4776/1/5 4780/1/5 4702/1/5 4825/1/5 
f 4826/1/5 4825/1/5 4702/1/5 4784/1/5 
f 4785/1/5 4784/1/5 4702/1/5 4788/1/5 
f 4789/1/5 4788/1/5 4702/1/5 4791/1/5 
f 4792/1/5 4791/1/5 4702/1/5 4827/1/5 
f 4828/1/5 4827/1/5 4702/1/5 4798/1/5 
f 4797/1/5 4798/1/5 4702/1/5 4800/1/5 
f 4801/1/5 4800/1/5 4702/1/5 4666/1/5 
f 4669/1/5 4666/1/5 4702/1/5 4829/1/5 
f 4830/1/5 4829/1/5 4702/1/5 4627/1/5 
f 4628/1/5 4627/1/5 4702/1/5 4634/1/5 
f 4702/1/5 4632/1/5 4634/1/5 
f 4701/1/5 4628/1/5 4634/1/5 4686/1/5 
f 4686/1/5 4634/1/5 4629/1/5 4697/1/5 
f 4697/1/5 4629/1/5 4632/1/5 4699/1/5 
f 4628/1/5 4701/1/5 4687/1/5 4636/1/5 
f 4636/1/5 4687/1/5 4813/1/5 4627/1/5 
f 4627/1/5 4813/1/5 4831/1/5 4830/1/5 
f 4830/1/5 4831/1/5 4814/1/5 4832/1/5 
f 4832/1/5 4814/1/5 4815/1/5 4829/1/5 
f 4829/1/5 4815/1/5 4833/1/5 4669/1/5 
f 4669/1/5 4833/1/5 4816/1/5 4665/1/5 
f 4665/1/5 4816/1/5 4672/1/5 4666/1/5 
f 4666/1/5 4672/1/5 4675/1/5 4801/1/5 
f 4801/1/5 4675/1/5 4677/1/5 4799/1/5 
f 4799/1/5 4677/1/5 4817/1/5 4800/1/5 
f 4800/1/5 4817/1/5 4834/1/5 4797/1/5 
f 4797/1/5 4834/1/5 4818/1/5 4796/1/5 
f 4796/1/5 4818/1/5 4807/1/5 4798/1/5 
f 4798/1/5 4807/1/5 4808/1/5 4828/1/5 
f 4828/1/5 4808/1/5 4819/1/5 4835/1/5 
f 4835/1/5 4819/1/5 4820/1/5 4827/1/5 
f 4827/1/5 4820/1/5 4836/1/5 4792/1/5 
f 4792/1/5 4836/1/5 4821/1/5 4790/1/5 
f 4790/1/5 4821/1/5 4793/1/5 4791/1/5 
f 4791/1/5 4793/1/5 4795/1/5 4789/1/5 
f 4789/1/5 4795/1/5 4794/1/5 4787/1/5 
f 4787/1/5 4794/1/5 4822/1/5 4788/1/5 
f 4788/1/5 4822/1/5 4837/1/5 4785/1/5 
f 4785/1/5 4837/1/5 4823/1/5 4786/1/5 
f 4786/1/5 4823/1/5 4783/1/5 4784/1/5 
f 4784/1/5 4783/1/5 4782/1/5 4826/1/5 
f 4826/1/5 4782/1/5 4781/1/5 4838/1/5 
f 4838/1/5 4781/1/5 4802/1/5 4825/1/5 
f 4825/1/5 4802/1/5 4803/1/5 4776/1/5 
f 4776/1/5 4803/1/5 4824/1/5 4775/1/5 
f 4775/1/5 4824/1/5 4804/1/5 4780/1/5 
f 4780/1/5 4804/1/5 4806/1/5 4778/1/5 
f 4778/1/5 4806/1/5 4805/1/5 4777/1/5 
f 4777/1/5 4805/1/5 4654/1/5 4779/1/5 
f 4779/1/5 4654/1/5 4657/1/5 4773/1/5 
f 4773/1/5 4657/1/5 4661/1/5 4774/1/5 
f 4774/1/5 4661/1/5 4652/1/5 4772/1/5 
f 4772/1/5 4652/1/5 4663/1/5 4648/1/5 
f 4648/1/5 4663/1/5 4653/1/5 4649/1/5 
f 4693/1/5 4812/1/5 4624/1/5 4691/1/5 
f 4745/1/68 4818/1/68 4834/1/68 4754/1/68 
f 4743/1/69 4819/1/69 4808/1/69 4756/1/69 
f 4741/1/70 4821/1/70 4836/1/70 4758/1/70 
f 4743/1/41 4744/1/41 4807/1/41 4819/1/41 
f 4741/1/41 4742/1/41 4820/1/41 4821/1/41 
f 4757/1/2 4835/1/2 4827/1/2 4716/1/2 
f 4835/1/71 4757/1/71 4715/1/71 4828/1/71 
f 4820/1/3 4742/1/3 4758/1/3 4836/1/3 
f 4737/1/41 4738/1/41 4822/1/41 4823/1/41 
f 4822/1/3 4738/1/3 4762/1/3 4837/1/3 
f 4715/1/1 4716/1/1 4827/1/1 4828/1/1 
f 4838/1/72 4765/1/72 4723/1/72 4826/1/72 
f 4723/1/1 4724/1/1 4825/1/1 4826/1/1 
f 4737/1/73 4823/1/73 4837/1/73 4762/1/73 
f 4733/1/74 4824/1/74 4803/1/74 4766/1/74 
f 4765/1/2 4838/1/2 4825/1/2 4724/1/2 
f 4733/1/41 4734/1/41 4802/1/41 4824/1/41 
f 4817/1/3 4746/1/3 4754/1/3 4834/1/3 
f 4832/1/44 4750/1/44 4709/1/44 4830/1/44 
f 4745/1/41 4746/1/41 4817/1/41 4818/1/41 
f 4750/1/2 4832/1/2 4829/1/2 4710/1/2 
f 4709/1/1 4710/1/1 4829/1/1 4830/1/1 
f 4596/1/3 4528/1/3 4532/1/3 4615/1/3 
f 4527/1/41 4528/1/41 4596/1/41 4597/1/41 
f 4527/1/42 4597/1/42 4615/1/42 4532/1/42 
f 3112/1/33 2694/1/33 4591/1/33 4482/1/33 
f 4487/1/33 3112/1/33 4482/1/33 4483/1/33 
f 3110/1/1 4424/1/1 4420/1/1 2774/1/1 
f 4419/1/3 4418/1/3 4483/1/3 4482/1/3 
f 4594/1/3 4484/1/3 4531/1/3 4613/1/3 
f 4488/1/1 4486/1/1 4592/1/1 4590/1/1 
f 4529/1/43 4595/1/43 4613/1/43 4531/1/43 
f 4529/1/41 4484/1/41 4594/1/41 4595/1/41 
f 4551/1/2 4612/1/2 4402/1/2 4401/1/2 
f 4485/1/2 4593/1/2 4592/1/2 4486/1/2 
f 4593/1/44 4485/1/44 4488/1/44 4590/1/44 
f 4409/1/2 4408/1/2 4413/1/2 4412/1/2 
f 4612/1/45 4551/1/45 4400/1/45 4403/1/45 
f 4815/1/3 4748/1/3 4752/1/3 4833/1/3 
f 4747/1/41 4748/1/41 4815/1/41 4816/1/41 
f 4747/1/42 4816/1/42 4833/1/42 4752/1/42 
f 4702/1/33 4703/1/33 4707/1/33 3237/1/33 
f 4702/1/33 3237/1/33 3236/1/33 
f 3234/1/1 4644/1/1 4641/1/1 3233/1/1 
f 4640/1/3 4639/1/3 4703/1/3 4702/1/3 
f 4813/1/3 4704/1/3 4751/1/3 4831/1/3 
f 4708/1/1 4706/1/1 4810/1/1 4811/1/1 
f 4749/1/43 4814/1/43 4831/1/43 4751/1/43 
f 4749/1/41 4704/1/41 4813/1/41 4814/1/41 
f 4771/1/2 4812/1/2 4623/1/2 4622/1/2 
f 4705/1/2 4809/1/2 4810/1/2 4706/1/2 
f 4809/1/44 4705/1/44 4708/1/44 4811/1/44 
f 4630/1/2 4629/1/2 4634/1/2 4633/1/2 
f 4812/1/45 4771/1/45 4621/1/45 4624/1/45 
f 3496/1/112 3494/1/111 3886/1/111 3889/1/112 
f 3502/1/115 3500/1/114 3895/1/114 3897/1/115 
f 3896/1/116 3501/1/116 3502/1/115 3897/1/115 
f 3494/1/111 3492/1/110 3883/1/110 3886/1/111 
f 3500/1/114 3498/1/113 3892/1/113 3895/1/114 
f 3490/1/109 3881/1/109 3883/1/110 3492/1/110 
f 3498/1/113 3496/1/112 3889/1/112 3892/1/113 
f 3560/1/33 4839/1/33 4840/1/33 3565/1/33 
f 3530/1/33 3565/1/33 4840/1/33 3264/1/33 
f 3530/1/33 3264/1/33 3267/1/33 3235/1/33 
f 3560/1/40 3522/1/40 4839/1/40 
f 4840/1/5 3229/1/5 3234/1/5 3264/1/5 
f 2933/1/40 2895/1/40 4841/1/40 
f 4842/1/5 3525/1/5 3444/1/5 3561/1/5 
f 2933/1/33 4841/1/33 4842/1/33 2938/1/33 
f 2905/1/33 2938/1/33 4842/1/33 3561/1/33 
f 2905/1/33 3561/1/33 3564/1/33 3529/1/33 
f 3895/1/84 4843/1/84 4844/1/85 3897/1/85 
f 4845/1/95 3902/1/95 3903/1/94 4846/1/94 
f 4847/1/81 4848/1/82 3889/1/82 3886/1/81 
f 4849/1/98 3900/1/98 3899/1/97 4850/1/97 
f 3897/1/85 4844/1/85 4851/1/86 3896/1/86 
f 4852/1/90 4853/1/91 3911/1/91 3914/1/90 
f 2592/1/2 3105/1/2 3107/1/2 2593/1/2 
f 2593/1/2 3107/1/2 4854/1/2 4855/1/2 
f 4856/1/100 3874/1/100 3901/1/99 4857/1/99 
f 4853/1/91 4858/1/92 3908/1/92 3911/1/91 
f 4859/1/104 4847/1/81 3886/1/81 3883/1/104 
f 4643/1/3 3440/1/3 3439/1/3 4644/1/3 
f 4644/1/3 3439/1/3 3976/1/3 4860/1/3 
f 3356/1/5 2642/1/5 2640/1/5 4642/1/5 
f 3438/1/40 3530/1/40 3846/1/40 3439/1/40 
f 4221/1/40 4218/1/40 4265/1/40 4269/1/40 
f 4221/1/40 4269/1/40 4213/1/40 4208/1/40 
f 4217/1/40 4221/1/40 4208/1/40 4329/1/40 
f 4330/1/40 4329/1/40 4208/1/40 4385/1/40 
f 4326/1/40 4385/1/40 4208/1/40 4283/1/40 
f 4287/1/40 4283/1/40 4208/1/40 4379/1/40 
f 4380/1/40 4379/1/40 4208/1/40 4307/1/40 
f 4308/1/40 4307/1/40 4208/1/40 4373/1/40 
f 4375/1/40 4373/1/40 4208/1/40 4372/1/40 
f 4336/1/40 4372/1/40 4208/1/40 4370/1/40 
f 4386/1/40 4370/1/40 4208/1/40 4237/1/40 
f 4234/1/40 4237/1/40 4208/1/40 4392/1/40 
f 4390/1/40 4392/1/40 4208/1/40 4397/1/40 
f 4393/1/40 4397/1/40 4208/1/40 4245/1/40 
f 4246/1/40 4245/1/40 4208/1/40 4255/1/40 
f 4256/1/40 4255/1/40 4208/1/40 4253/1/40 
f 4250/1/40 4253/1/40 4208/1/40 4207/1/40 
f 4251/1/40 4250/1/40 4207/1/40 4399/1/40 
f 4251/1/40 4399/1/40 4396/1/40 4185/1/40 
f 4264/1/40 4185/1/40 4396/1/40 4395/1/40 
f 2906/1/40 4264/1/40 4395/1/40 4242/1/40 
f 2904/1/40 2906/1/40 4242/1/40 2903/1/40 
f 2903/1/40 4242/1/40 4243/1/40 4207/1/40 
f 4207/1/5 
f 4239/1/40 4242/1/40 4395/1/40 4399/1/40 
f 4207/1/40 4239/1/40 4399/1/40 
f 4186/1/40 4185/1/40 4264/1/40 4195/1/40 
f 4197/1/40 4195/1/40 4264/1/40 4189/1/40 
f 4190/1/40 4189/1/40 4264/1/40 4388/1/40 
f 4389/1/40 4388/1/40 4264/1/40 4229/1/40 
f 4228/1/40 4229/1/40 4264/1/40 4323/1/40 
f 4322/1/40 4323/1/40 4264/1/40 4315/1/40 
f 4317/1/40 4315/1/40 4264/1/40 4378/1/40 
f 4377/1/40 4378/1/40 4264/1/40 4305/1/40 
f 4304/1/40 4305/1/40 4264/1/40 4299/1/40 
f 4298/1/40 4299/1/40 4264/1/40 4289/1/40 
f 4290/1/40 4289/1/40 4264/1/40 4383/1/40 
f 4384/1/40 4383/1/40 4264/1/40 4273/1/40 
f 4281/1/40 4273/1/40 4264/1/40 4277/1/40 
f 4279/1/40 4277/1/40 4264/1/40 4265/1/40 
f 4266/1/40 4265/1/40 4264/1/40 4210/1/40 
f 4210/1/40 4264/1/40 4220/1/40 
f 4223/1/40 4266/1/40 4210/1/40 4212/1/40 
f 4212/1/40 4210/1/40 4209/1/40 4208/1/40 
f 4208/1/40 4213/1/40 4212/1/40 
f 4269/1/40 4266/1/40 4223/1/40 4213/1/40 
f 4279/1/40 4265/1/40 4218/1/40 4276/1/40 
f 4276/1/40 4218/1/40 4217/1/40 4329/1/40 
f 4277/1/40 4276/1/40 4329/1/40 4334/1/40 
f 4281/1/40 4277/1/40 4334/1/40 4272/1/40 
f 4272/1/40 4334/1/40 4330/1/40 4385/1/40 
f 4273/1/40 4272/1/40 4385/1/40 4327/1/40 
f 4384/1/40 4273/1/40 4327/1/40 4382/1/40 
f 4382/1/40 4327/1/40 4326/1/40 4283/1/40 
f 4383/1/40 4382/1/40 4283/1/40 4286/1/40 
f 4290/1/40 4383/1/40 4286/1/40 4293/1/40 
f 4293/1/40 4286/1/40 4287/1/40 4379/1/40 
f 4289/1/40 4293/1/40 4379/1/40 4381/1/40 
f 4298/1/40 4289/1/40 4381/1/40 4295/1/40 
f 4295/1/40 4381/1/40 4380/1/40 4307/1/40 
f 4299/1/40 4295/1/40 4307/1/40 4311/1/40 
f 4304/1/40 4299/1/40 4311/1/40 4301/1/40 
f 4301/1/40 4311/1/40 4308/1/40 4373/1/40 
f 4305/1/40 4301/1/40 4373/1/40 4374/1/40 
f 4377/1/40 4305/1/40 4374/1/40 4376/1/40 
f 4376/1/40 4374/1/40 4375/1/40 4372/1/40 
f 4378/1/40 4376/1/40 4372/1/40 4337/1/40 
f 4317/1/40 4378/1/40 4337/1/40 4314/1/40 
f 4314/1/40 4337/1/40 4336/1/40 4370/1/40 
f 4315/1/40 4314/1/40 4370/1/40 4371/1/40 
f 4322/1/40 4315/1/40 4371/1/40 4319/1/40 
f 4319/1/40 4371/1/40 4386/1/40 4237/1/40 
f 4323/1/40 4319/1/40 4237/1/40 4235/1/40 
f 4228/1/40 4323/1/40 4235/1/40 4225/1/40 
f 4225/1/40 4235/1/40 4234/1/40 4392/1/40 
f 4229/1/40 4225/1/40 4392/1/40 4391/1/40 
f 4389/1/40 4229/1/40 4391/1/40 4387/1/40 
f 4387/1/40 4391/1/40 4390/1/40 4397/1/40 
f 4388/1/40 4387/1/40 4397/1/40 4394/1/40 
f 4190/1/40 4388/1/40 4394/1/40 4199/1/40 
f 4199/1/40 4394/1/40 4393/1/40 4245/1/40 
f 4189/1/40 4199/1/40 4245/1/40 4261/1/40 
f 4197/1/40 4189/1/40 4261/1/40 4194/1/40 
f 4194/1/40 4261/1/40 4246/1/40 4255/1/40 
f 4195/1/40 4194/1/40 4255/1/40 4259/1/40 
f 4186/1/40 4195/1/40 4259/1/40 4398/1/40 
f 4398/1/40 4259/1/40 4256/1/40 4253/1/40 
f 4185/1/40 4398/1/40 4253/1/40 4251/1/40 
f 4857/1/99 3901/1/99 3900/1/98 4849/1/98 
f 3892/1/83 4861/1/83 4843/1/84 3895/1/84 
f 3894/1/87 4862/1/87 4863/1/88 3893/1/88 
f 4858/1/92 4864/1/93 3905/1/93 3908/1/92 
f 3896/1/86 4851/1/86 4862/1/87 3894/1/87 
f 4863/1/88 4865/1/89 3916/1/89 3893/1/88 
f 4865/1/89 4852/1/90 3914/1/90 3916/1/89 
f 3889/1/82 4848/1/82 4861/1/83 3892/1/83 
f 4850/1/97 3899/1/97 3898/1/96 4866/1/96 
f 3235/1/5 3234/1/5 4644/1/5 4682/1/5 
f 4864/1/93 4846/1/94 3903/1/94 3905/1/93 
f 3846/1/33 3530/1/33 3235/1/33 3842/1/33 
f 3976/1/33 3842/1/33 3235/1/33 4682/1/33 
f 3976/1/33 4682/1/33 4678/1/33 4860/1/33 
f 4856/1/100 4867/1/101 3875/1/101 3874/1/100 
f 4244/1/33 2905/1/33 3529/1/33 4240/1/33 
f 4339/1/33 4240/1/33 3529/1/33 3845/1/33 
f 4339/1/33 3845/1/33 3841/1/33 4868/1/33 
f 4869/1/102 4870/1/103 3881/1/103 3878/1/102 
f 4870/1/103 4859/1/104 3883/1/104 3881/1/103 
f 3529/1/5 3444/1/5 3443/1/5 3845/1/5 
f 3845/1/40 3841/1/40 
f 4037/1/40 3443/1/40 3841/1/40 4033/1/40 
f 4033/1/40 3841/1/40 3844/1/40 3531/1/40 
f 3529/1/40 3531/1/40 3844/1/40 3444/1/40 
f 3444/1/40 3844/1/40 3845/1/40 3443/1/40 
f 4033/1/40 3531/1/40 2621/1/40 4034/1/40 
f 3791/1/40 4034/1/40 2621/1/40 3792/1/40 
f 3801/1/40 3792/1/40 2621/1/40 3803/1/40 
f 3795/1/40 3803/1/40 2621/1/40 3796/1/40 
f 4026/1/40 3796/1/40 2621/1/40 4027/1/40 
f 3831/1/40 4027/1/40 2621/1/40 3830/1/40 
f 3960/1/40 3830/1/40 2621/1/40 3959/1/40 
f 3952/1/40 3959/1/40 2621/1/40 3954/1/40 
f 4016/1/40 3954/1/40 2621/1/40 4015/1/40 
f 3942/1/40 4015/1/40 2621/1/40 3941/1/40 
f 3936/1/40 3941/1/40 2621/1/40 3935/1/40 
f 3469/1/40 3935/1/40 2621/1/40 3470/1/40 
f 4021/1/40 3470/1/40 2621/1/40 4022/1/40 
f 3453/1/40 4022/1/40 2621/1/40 3461/1/40 
f 3457/1/40 3461/1/40 2621/1/40 3459/1/40 
f 3445/1/40 3459/1/40 2621/1/40 3446/1/40 
f 3811/1/40 3446/1/40 2621/1/40 2620/1/40 
f 3825/1/40 3446/1/40 3811/1/40 3814/1/40 
f 3814/1/40 3811/1/40 2618/1/40 2617/1/40 
f 3815/1/40 3814/1/40 2617/1/40 3823/1/40 
f 3819/1/40 3823/1/40 2617/1/40 3966/1/40 
f 3967/1/40 3966/1/40 2617/1/40 4023/1/40 
f 3963/1/40 4023/1/40 2617/1/40 3463/1/40 
f 3467/1/40 3463/1/40 2617/1/40 4017/1/40 
f 4018/1/40 4017/1/40 2617/1/40 3944/1/40 
f 3945/1/40 3944/1/40 2617/1/40 4011/1/40 
f 4013/1/40 4011/1/40 2617/1/40 4010/1/40 
f 3973/1/40 4010/1/40 2617/1/40 4008/1/40 
f 4024/1/40 4008/1/40 2617/1/40 3839/1/40 
f 3836/1/40 3839/1/40 2617/1/40 4030/1/40 
f 4028/1/40 4030/1/40 2617/1/40 4035/1/40 
f 4031/1/40 4035/1/40 2617/1/40 3847/1/40 
f 3848/1/40 3847/1/40 2617/1/40 3857/1/40 
f 3858/1/40 3857/1/40 2617/1/40 3855/1/40 
f 3852/1/40 3855/1/40 2617/1/40 3443/1/40 
f 3853/1/40 3852/1/40 3443/1/40 4037/1/40 
f 3853/1/40 4037/1/40 4034/1/40 3791/1/40 
f 3855/1/40 3853/1/40 3791/1/40 4036/1/40 
f 3858/1/40 3855/1/40 4036/1/40 3861/1/40 
f 3861/1/40 4036/1/40 3792/1/40 3801/1/40 
f 3857/1/40 3861/1/40 3801/1/40 3800/1/40 
f 3848/1/40 3857/1/40 3800/1/40 3863/1/40 
f 3863/1/40 3800/1/40 3803/1/40 3795/1/40 
f 3847/1/40 3863/1/40 3795/1/40 3805/1/40 
f 4031/1/40 3847/1/40 3805/1/40 4032/1/40 
f 4032/1/40 3805/1/40 3796/1/40 4026/1/40 
f 4035/1/40 4032/1/40 4026/1/40 4025/1/40 
f 4028/1/40 4035/1/40 4025/1/40 4029/1/40 
f 4029/1/40 4025/1/40 4027/1/40 3831/1/40 
f 4030/1/40 4029/1/40 3831/1/40 3827/1/40 
f 3836/1/40 4030/1/40 3827/1/40 3837/1/40 
f 3837/1/40 3827/1/40 3830/1/40 3960/1/40 
f 3839/1/40 3837/1/40 3960/1/40 3956/1/40 
f 4024/1/40 3839/1/40 3956/1/40 4009/1/40 
f 4009/1/40 3956/1/40 3959/1/40 3952/1/40 
f 4008/1/40 4009/1/40 3952/1/40 3951/1/40 
f 3973/1/40 4008/1/40 3951/1/40 3974/1/40 
f 3974/1/40 3951/1/40 3954/1/40 4016/1/40 
f 4010/1/40 3974/1/40 4016/1/40 4014/1/40 
f 4013/1/40 4010/1/40 4014/1/40 4012/1/40 
f 4012/1/40 4014/1/40 4015/1/40 3942/1/40 
f 4011/1/40 4012/1/40 3942/1/40 3938/1/40 
f 3945/1/40 4011/1/40 3938/1/40 3948/1/40 
f 3948/1/40 3938/1/40 3941/1/40 3936/1/40 
f 3944/1/40 3948/1/40 3936/1/40 3932/1/40 
f 4018/1/40 3944/1/40 3932/1/40 4019/1/40 
f 4019/1/40 3932/1/40 3935/1/40 3469/1/40 
f 4017/1/40 4019/1/40 3469/1/40 3473/1/40 
f 3467/1/40 4017/1/40 3473/1/40 3466/1/40 
f 3466/1/40 3473/1/40 3470/1/40 4021/1/40 
f 3463/1/40 3466/1/40 4021/1/40 4020/1/40 
f 3963/1/40 3463/1/40 4020/1/40 3964/1/40 
f 3964/1/40 4020/1/40 4022/1/40 3453/1/40 
f 4023/1/40 3964/1/40 3453/1/40 3452/1/40 
f 3967/1/40 4023/1/40 3452/1/40 3971/1/40 
f 3971/1/40 3452/1/40 3461/1/40 3457/1/40 
f 3966/1/40 3971/1/40 3457/1/40 3456/1/40 
f 3819/1/40 3966/1/40 3456/1/40 3820/1/40 
f 3820/1/40 3456/1/40 3459/1/40 3445/1/40 
f 3823/1/40 3820/1/40 3445/1/40 3449/1/40 
f 3815/1/40 3823/1/40 3449/1/40 3825/1/40 
f 3446/1/40 3825/1/40 3449/1/40 
f 3841/1/5 3443/1/5 4868/1/5 
f 4867/1/101 4869/1/102 3878/1/102 3875/1/101 
f 2902/1/40 2905/1/40 4244/1/40 4204/1/40 
f 4866/1/96 3898/1/96 3902/1/95 4845/1/95 
f 2904/1/5 2903/1/5 4207/1/5 4243/1/5 
f 2774/1/40 2776/1/40 4463/1/40 4420/1/40 
f 4051/1/33 2875/1/33 3111/1/33 4047/1/33 
f 4164/1/33 4047/1/33 3111/1/33 4462/1/33 
f 4164/1/33 4462/1/33 4458/1/33 4871/1/33 
f 2772/1/33 4872/1/33 4873/1/33 2775/1/33 
f 2776/1/33 2775/1/33 4873/1/33 2934/1/33 
f 2776/1/33 2934/1/33 2937/1/33 2904/1/33 
f 4873/1/5 2898/1/5 2903/1/5 2934/1/5 
f 2772/1/40 2723/1/40 4872/1/40 
f 2594/1/40 2875/1/40 4051/1/40 3729/1/40 
f 3111/1/5 3110/1/5 4424/1/5 4462/1/5 
f 4463/1/33 2776/1/33 2904/1/33 4459/1/33 
f 4589/1/33 4459/1/33 2904/1/33 4243/1/33 
f 4589/1/33 4243/1/33 4239/1/33 4874/1/33 
f 2872/1/40 2593/1/40 4855/1/40 
f 4854/1/5 3107/1/5 3110/1/5 3128/1/5 
f 2872/1/33 4855/1/33 4854/1/33 2874/1/33 
f 2875/1/33 2874/1/33 4854/1/33 3128/1/33 
f 2875/1/33 3128/1/33 3130/1/33 3111/1/33 
f 4439/1/40 4487/1/40 4483/1/40 4426/1/40 
f 4425/1/40 4426/1/40 4483/1/40 4418/1/40 
f 3481/1/128 3900/1/128 3901/1/129 3482/1/129 
f 3484/1/130 3874/1/130 3875/1/131 3486/1/131 
f 3894/1/117 3499/1/117 3501/1/116 3896/1/116 
f 3480/1/127 3899/1/127 3900/1/128 3481/1/128 
f 4422/1/48 4419/1/48 4203/1/48 4208/1/48 
f 4659/1/40 4707/1/40 4703/1/40 4646/1/40 
f 4645/1/40 4646/1/40 4703/1/40 4639/1/40 
f 3916/1/119 3495/1/119 3497/1/118 3893/1/118 
f 3893/1/118 3497/1/118 3499/1/117 3894/1/117 
f 3898/1/126 3899/1/127 3480/1/127 3479/1/126 
f 3482/1/129 3901/1/129 3874/1/130 3484/1/130 
f 3911/1/121 3491/1/121 3493/1/120 3914/1/120 
f 4487/1/1 3725/1/1 3726/1/1 4483/1/1 
f 3779/1/40 3725/1/40 3726/1/40 3770/1/40 
f 3765/1/40 3770/1/40 3726/1/40 3730/1/40 
f 4875/1/2 4876/1/2 3429/1/2 3425/1/2 
f 4875/1/2 3425/1/2 3779/1/2 3770/1/2 
f 4877/1/2 4875/1/2 3770/1/2 3765/1/2 
f 4876/1/2 4877/1/2 3765/1/2 4425/1/2 
f 4876/1/2 4425/1/2 4426/1/2 3429/1/2 
f 3428/1/2 3429/1/2 4426/1/2 4439/1/2 
f 3425/1/2 3428/1/2 4439/1/2 3779/1/2 
f 3779/1/2 4439/1/2 4487/1/2 3725/1/2 
f 3902/1/125 3898/1/126 3479/1/126 3483/1/125 
f 3765/1/48 3730/1/48 4418/1/48 4425/1/48 
f 2646/1/3 2630/1/3 4878/1/3 4879/1/3 
f 2646/1/3 4879/1/3 4703/1/3 2633/1/3 
f 2633/1/3 4703/1/3 4639/1/3 2630/1/3 
f 2630/1/3 4639/1/3 3809/1/3 4878/1/3 
f 4878/1/3 3809/1/3 3865/1/3 4880/1/3 
f 4879/1/3 4880/1/3 3865/1/3 4703/1/3 
f 4264/1/1 4591/1/1 4482/1/1 4263/1/1 
f 3903/1/124 3902/1/125 3483/1/125 3485/1/124 
f 4438/1/40 4591/1/40 4482/1/40 4429/1/40 
f 4422/1/40 4429/1/40 4482/1/40 4419/1/40 
f 2644/1/3 2634/1/3 2600/1/3 2603/1/3 
f 2644/1/3 2603/1/3 4263/1/3 2637/1/3 
f 2637/1/3 4263/1/3 4203/1/3 2634/1/3 
f 2634/1/3 4203/1/3 4419/1/3 2600/1/3 
f 2600/1/3 4419/1/3 4482/1/3 2601/1/3 
f 2603/1/3 2601/1/3 4482/1/3 4263/1/3 
f 2636/1/2 4422/1/2 4208/1/2 4209/1/2 
f 2643/1/2 2636/1/2 4209/1/2 4220/1/2 
f 2602/1/2 2643/1/2 4220/1/2 2598/1/2 
f 2598/1/2 4220/1/2 4438/1/2 4429/1/2 
f 2599/1/2 2598/1/2 4429/1/2 2635/1/2 
f 2635/1/2 4429/1/2 4422/1/2 2636/1/2 
f 2599/1/2 2635/1/2 2643/1/2 2602/1/2 
f 4438/1/2 4220/1/2 4264/1/2 4591/1/2 
f 4881/1/108 4882/1/108 4883/1/108 4884/1/108 
f 4884/1/108 4883/1/108 4885/1/108 
f 4707/1/1 3978/1/1 3865/1/1 4703/1/1 
f 4885/1/2 4883/1/2 4886/1/2 4887/1/2 
f 4883/1/105 4882/1/105 4888/1/105 4889/1/105 
f 4886/1/5 4883/1/5 4889/1/5 4890/1/5 
f 4885/1/40 4887/1/40 4891/1/40 4892/1/40 
f 4866/1/1 4884/1/1 4893/1/1 4845/1/1 
f 4846/1/1 4845/1/1 4893/1/1 4864/1/1 
f 4858/1/1 4864/1/1 4893/1/1 4888/1/1 
f 4853/1/1 4858/1/1 4888/1/1 4852/1/1 
f 4865/1/1 4852/1/1 4888/1/1 4863/1/1 
f 4862/1/1 4863/1/1 4888/1/1 4851/1/1 
f 4844/1/1 4851/1/1 4888/1/1 4881/1/1 
f 4881/1/1 4888/1/1 4882/1/1 
f 4843/1/1 4844/1/1 4881/1/1 4861/1/1 
f 4848/1/1 4861/1/1 4881/1/1 4847/1/1 
f 4859/1/1 4847/1/1 4881/1/1 4870/1/1 
f 4869/1/1 4870/1/1 4881/1/1 4884/1/1 
f 4867/1/1 4869/1/1 4884/1/1 4856/1/1 
f 4857/1/1 4856/1/1 4884/1/1 4849/1/1 
f 4850/1/1 4849/1/1 4884/1/1 4866/1/1 
f 3865/1/40 3822/1/40 3978/1/40 
f 3813/1/40 3809/1/40 3810/1/40 
f 4889/1/3 4892/1/3 4891/1/3 4890/1/3 
f 4888/1/106 4893/1/106 4892/1/106 4889/1/106 
f 3810/1/48 3809/1/48 4639/1/48 4645/1/48 
f 3914/1/120 3493/1/120 3495/1/119 3916/1/119 
f 4893/1/107 4884/1/107 4885/1/107 4892/1/107 
f 2632/1/2 3810/1/2 4645/1/2 4646/1/2 
f 2645/1/2 2632/1/2 4646/1/2 4659/1/2 
f 4894/1/2 2645/1/2 4659/1/2 4895/1/2 
f 4895/1/2 4659/1/2 3822/1/2 3813/1/2 
f 4896/1/2 4895/1/2 3813/1/2 2631/1/2 
f 2631/1/2 3813/1/2 3810/1/2 2632/1/2 
f 4896/1/2 2631/1/2 2645/1/2 4894/1/2 
f 3822/1/2 4659/1/2 4707/1/2 3978/1/2 
f 2638/1/40 2596/1/40 2597/1/40 2639/1/40 
f 2639/1/40 2597/1/40 3766/1/40 
f 4891/1/33 4887/1/33 4886/1/33 4890/1/33 
f 2243/1/3 2241/1/3 2252/1/3 2256/1/3 
f 2068/1/1 2067/1/1 3287/1/1 3288/1/1 
f 4039/1/3 4038/1/3 4897/1/3 4450/1/3 
f 4451/1/3 4450/1/3 4897/1/3 4231/1/3 
f 4232/1/3 4231/1/3 4897/1/3 3833/1/3 
f 3834/1/3 3833/1/3 4897/1/3 4670/1/3 
f 4671/1/3 4670/1/3 4897/1/3 4898/1/3 
f 4898/1/3 4897/1/3 4899/1/3 4900/1/3 
f 1434/1/1 1433/1/1 2489/1/1 2487/1/1 
f 3905/1/123 3903/1/124 3485/1/124 3487/1/123 
f 3908/1/122 3905/1/123 3487/1/123 3489/1/122 
f 2242/1/5 2068/1/5 3288/1/5 2247/1/5 
f 4901/1/5 2247/1/5 3288/1/5 4671/1/5 
f 4901/1/5 4671/1/5 4898/1/5 
f 4902/1/33 2248/1/33 2247/1/33 4901/1/33 
f 2241/1/40 2252/1/40 4903/1/40 1433/1/40 
f 2489/1/40 1433/1/40 4903/1/40 4038/1/40 
f 4038/1/40 4903/1/40 4897/1/40 
f 3911/1/121 3908/1/122 3489/1/122 3491/1/121 
f 4904/1/33 4877/1/33 4876/1/33 4905/1/33 
f 4875/1/5 4877/1/5 4904/1/5 4906/1/5 
f 3287/1/5 3237/1/5 4707/1/5 4670/1/5 
f 4670/1/5 4707/1/5 4703/1/5 
f 3532/1/1 3978/1/1 4707/1/1 2672/1/1 
f 2673/1/1 2672/1/1 4707/1/1 3237/1/1 
f 3532/1/40 3553/1/40 3834/1/40 3978/1/40 
f 3978/1/40 3834/1/40 3865/1/40 
f 4703/1/3 3865/1/3 3834/1/3 4670/1/3 
f 4875/1/78 4906/1/78 4905/1/78 4876/1/78 
f 3552/1/5 3531/1/5 2621/1/5 3833/1/5 
f 3833/1/5 2621/1/5 2622/1/5 
f 2957/1/5 2906/1/5 4264/1/5 4231/1/5 
f 4231/1/5 4264/1/5 4263/1/5 
f 2907/1/1 2605/1/1 2621/1/1 2834/1/1 
f 3584/1/1 2834/1/1 2621/1/1 3531/1/1 
f 2626/1/77 2615/1/77 2614/1/77 2628/1/77 
f 2694/1/1 4591/1/1 4264/1/1 2717/1/1 
f 2959/1/1 2717/1/1 4264/1/1 2906/1/1 
f 2907/1/40 2958/1/40 4232/1/40 2605/1/40 
f 2605/1/40 4232/1/40 2606/1/40 
f 2622/1/3 2606/1/3 4232/1/3 3833/1/3 
f 3123/1/5 3112/1/5 4487/1/5 4450/1/5 
f 4450/1/5 4487/1/5 4483/1/5 
f 2694/1/40 3124/1/40 4451/1/40 4591/1/40 
f 4591/1/40 4451/1/40 4482/1/40 
f 4263/1/3 4482/1/3 4451/1/3 4231/1/3 
f 2614/1/40 2619/1/40 2627/1/40 2628/1/40 
f 2488/1/1 3725/1/1 4487/1/1 2486/1/1 
f 3140/1/1 2486/1/1 4487/1/1 3112/1/1 
f 2488/1/40 2487/1/40 4039/1/40 3725/1/40 
f 3725/1/40 4039/1/40 3726/1/40 
f 4483/1/3 3726/1/3 4039/1/3 4450/1/3 
f 2615/1/1 2626/1/1 2627/1/1 2619/1/1 
f 4895/1/5 4896/1/5 4878/1/5 4880/1/5 
f 4895/1/1 4880/1/1 4879/1/1 4894/1/1 
f 4878/1/76 4896/1/76 4894/1/76 4879/1/76 
f 2592/1/79 2596/1/79 2638/1/79 2641/1/79 
f 3105/1/79 2592/1/79 2641/1/79 3104/1/79 
f 2896/1/79 3104/1/79 2641/1/79 2894/1/79 
f 3523/1/79 2894/1/79 2641/1/79 3521/1/79 
f 3228/1/79 3521/1/79 2641/1/79 3226/1/79 
f 3356/1/5 3226/1/5 2641/1/5 2642/1/5 
f 2639/1/80 3766/1/80 3764/1/80 2640/1/80 
f 2640/1/80 3764/1/80 4423/1/80 4421/1/80 
f 2640/1/80 4421/1/80 4206/1/80 4205/1/80 
f 2640/1/80 4205/1/80 3442/1/80 3440/1/80 
f 2640/1/80 3440/1/80 4643/1/80 4642/1/80 
f 2256/1/5 2243/1/5 4899/1/5 4907/1/5 
f 4899/1/33 2243/1/33 2244/1/33 4900/1/33 
f 2244/1/40 2248/1/40 4902/1/40 4900/1/40 
f 4903/1/33 2252/1/33 2256/1/33 4907/1/33 
f 3868/1/3 3867/1/3 3922/1/3 3924/1/3 
f 3868/1/3 3924/1/3 2916/1/3 2900/1/3 
f 3871/1/3 3868/1/3 2900/1/3 2897/1/3 
f 3867/1/3 3871/1/3 2897/1/3 2722/1/3 
f 3867/1/3 2722/1/3 2721/1/3 3922/1/3 
f 3923/1/3 3922/1/3 2721/1/3 2718/1/3 
f 3924/1/3 3923/1/3 2718/1/3 2916/1/3 
f 2916/1/3 2718/1/3 2717/1/3 2959/1/3 
f 1819/1/4 2722/1/4 2897/1/4 1604/1/4 
f 3898/1/1 3900/1/1 3899/1/1 
f 3874/1/1 3872/1/1 3875/1/1 
f 3881/1/1 3882/1/1 3883/1/1 
f 1661/1/5 1604/1/5 2897/1/5 2959/1/5 
f 2017/1/1 2717/1/1 2959/1/1 1661/1/1 
f 1662/1/1 2834/1/1 3584/1/1 1296/1/1 
f 1402/1/5 1233/1/5 2610/1/5 2672/1/5 
f 2672/1/5 2610/1/5 2669/1/5 2671/1/5 
f 3475/1/3 3524/1/3 2833/1/3 2835/1/3 
f 3504/1/3 3475/1/3 2835/1/3 2836/1/3 
f 4908/1/3 3504/1/3 2836/1/3 4909/1/3 
f 4909/1/3 2836/1/3 3541/1/3 3527/1/3 
f 4910/1/3 4909/1/3 3527/1/3 3478/1/3 
f 3478/1/3 3527/1/3 3524/1/3 3475/1/3 
f 4910/1/3 3478/1/3 3504/1/3 4908/1/3 
f 3541/1/3 2836/1/3 2834/1/3 3584/1/3 
f 1599/1/4 2833/1/4 3524/1/4 1238/1/4 
f 1296/1/5 1238/1/5 3524/1/5 3584/1/5 
f 1153/1/4 2803/1/4 3106/1/4 1824/1/4 
f 2235/1/5 1824/1/5 3106/1/5 3140/1/5 
f 3931/1/3 3106/1/3 2803/1/3 2811/1/3 
f 3927/1/3 3931/1/3 2811/1/3 2812/1/3 
f 3435/1/3 3927/1/3 2812/1/3 3433/1/3 
f 3433/1/3 2812/1/3 3117/1/3 3109/1/3 
f 3434/1/3 3433/1/3 3109/1/3 3928/1/3 
f 3928/1/3 3109/1/3 3106/1/3 3931/1/3 
f 3434/1/3 3928/1/3 3927/1/3 3435/1/3 
f 3117/1/3 2812/1/3 2486/1/3 3140/1/3 
f 3488/1/132 3878/1/132 3881/1/109 3490/1/109 
f 1148/1/1 2486/1/1 3140/1/1 2235/1/1 
f 3926/1/2 3929/1/2 3431/1/2 3436/1/2 
f 3926/1/2 3436/1/2 1148/1/2 3930/1/2 
f 3930/1/2 1148/1/2 1153/1/2 3929/1/2 
f 3929/1/2 1153/1/2 1824/1/2 3431/1/2 
f 3431/1/2 1824/1/2 2235/1/2 3432/1/2 
f 3436/1/2 3432/1/2 2235/1/2 1148/1/2 
f 3486/1/131 3875/1/131 3878/1/132 3488/1/132 
f 2683/1/5 2684/1/5 2664/1/5 2670/1/5 
f 2683/1/1 2670/1/1 2665/1/1 2682/1/1 
f 2664/1/76 2684/1/76 2682/1/76 2665/1/76 
f 4908/1/77 4911/1/77 4912/1/77 4910/1/77 
f 4912/1/40 4913/1/40 4909/1/40 4910/1/40 
f 4911/1/1 4908/1/1 4909/1/1 4913/1/1 
f 2894/1/2 3523/1/2 3525/1/2 2895/1/2 
f 2895/1/2 3525/1/2 4842/1/2 4841/1/2 
f 4206/1/3 4421/1/3 4420/1/3 4207/1/3 
f 4207/1/3 4420/1/3 4589/1/3 4874/1/3 
f 3442/1/3 4205/1/3 4204/1/3 3443/1/3 
f 3443/1/3 4204/1/3 4339/1/3 4868/1/3 
f 3104/1/2 2896/1/2 2898/1/2 2723/1/2 
f 2723/1/2 2898/1/2 4873/1/2 4872/1/2 
f 3521/1/2 3228/1/2 3229/1/2 3522/1/2 
f 3522/1/2 3229/1/2 4840/1/2 4839/1/2 
f 4423/1/3 3764/1/3 3729/1/3 4424/1/3 
f 4424/1/3 3729/1/3 4164/1/3 4871/1/3 
f 4914/1/62 4915/1/62 4916/1/62 4917/1/62 
f 4916/1/1 4918/1/1 4919/1/1 4917/1/1 
f 4920/1/2 4921/1/2 4922/1/2 4923/1/2 
f 4921/1/63 4920/1/63 4924/1/63 4925/1/63 
f 4924/1/1 4923/1/1 4922/1/1 4925/1/1 
f 4926/1/41 4927/1/41 4928/1/41 4929/1/41 
f 4928/1/3 4927/1/3 4930/1/3 4931/1/3 
f 4926/1/64 4929/1/64 4931/1/64 4930/1/64 
f 4932/1/65 4933/1/65 4934/1/65 4935/1/65 
f 4934/1/1 4936/1/1 4937/1/1 4935/1/1 
f 4933/1/2 4932/1/2 4937/1/2 4936/1/2 
f 4938/1/2 4939/1/2 4940/1/2 4941/1/2 
f 4939/1/66 4938/1/66 4942/1/66 4943/1/66 
f 4942/1/1 4941/1/1 4940/1/1 4943/1/1 
f 4944/1/48 4945/1/48 4946/1/48 4947/1/48 
f 4947/1/48 4946/1/48 4948/1/48 
f 4949/1/3 4950/1/3 4951/1/3 4952/1/3 
f 4953/1/41 4954/1/41 4955/1/41 4956/1/41 
f 4953/1/67 4956/1/67 4957/1/67 4958/1/67 
f 4955/1/3 4954/1/3 4958/1/3 4957/1/3 
f 4959/1/3 4960/1/3 4961/1/3 4962/1/3 
f 4963/1/5 4964/1/5 4947/1/5 4965/1/5 
f 4965/1/40 4966/1/40 
f 4947/1/40 4966/1/40 4967/1/40 
f 4968/1/5 4963/1/5 4965/1/5 4969/1/5 
f 4968/1/5 4969/1/5 4970/1/5 4971/1/5 
f 4971/1/5 4970/1/5 4972/1/5 4973/1/5 
f 4974/1/5 4973/1/5 4972/1/5 4947/1/5 
f 4947/1/5 4972/1/5 4975/1/5 4966/1/5 
f 4966/1/5 4975/1/5 4970/1/5 4969/1/5 
f 4976/1/5 4974/1/5 4947/1/5 4948/1/5 
f 4977/1/5 4976/1/5 4948/1/5 4978/1/5 
f 4979/1/5 4978/1/5 4948/1/5 4980/1/5 
f 4981/1/5 4980/1/5 4948/1/5 4982/1/5 
f 4983/1/5 4982/1/5 4948/1/5 4984/1/5 
f 4985/1/5 4984/1/5 4948/1/5 4986/1/5 
f 4987/1/5 4986/1/5 4948/1/5 4988/1/5 
f 4989/1/5 4988/1/5 4948/1/5 4959/1/5 
f 4990/1/5 4959/1/5 4948/1/5 4991/1/5 
f 4992/1/5 4991/1/5 4948/1/5 4928/1/5 
f 4929/1/5 4928/1/5 4948/1/5 4993/1/5 
f 4994/1/5 4993/1/5 4948/1/5 4995/1/5 
f 4996/1/5 4995/1/5 4948/1/5 4949/1/5 
f 4997/1/5 4949/1/5 4948/1/5 4955/1/5 
f 4956/1/5 4955/1/5 4948/1/5 4998/1/5 
f 4999/1/5 4998/1/5 4948/1/5 5000/1/5 
f 5001/1/5 5000/1/5 4948/1/5 5002/1/5 
f 5001/1/5 5002/1/5 5003/1/5 5004/1/5 
f 5005/1/5 5004/1/5 5003/1/5 4971/1/5 
f 5006/1/5 5005/1/5 4971/1/5 5007/1/5 
f 5008/1/5 5007/1/5 4971/1/5 5009/1/5 
f 5010/1/5 5009/1/5 4971/1/5 5011/1/5 
f 5012/1/5 5011/1/5 4971/1/5 5013/1/5 
f 5014/1/5 5013/1/5 4971/1/5 4919/1/5 
f 4917/1/5 4919/1/5 4971/1/5 4922/1/5 
f 4925/1/5 4922/1/5 4971/1/5 5015/1/5 
f 5016/1/5 5015/1/5 4971/1/5 4937/1/5 
f 4935/1/5 4937/1/5 4971/1/5 4940/1/5 
f 4943/1/5 4940/1/5 4971/1/5 5017/1/5 
f 5018/1/5 5017/1/5 4971/1/5 5019/1/5 
f 5020/1/5 5019/1/5 4971/1/5 5021/1/5 
f 5022/1/5 5021/1/5 4971/1/5 5023/1/5 
f 5024/1/5 5023/1/5 4971/1/5 5025/1/5 
f 4971/1/5 4973/1/5 5025/1/5 
f 5026/1/5 5024/1/5 5025/1/5 4978/1/5 
f 4978/1/5 5025/1/5 5027/1/5 4977/1/5 
f 4977/1/5 5027/1/5 4973/1/5 4974/1/5 
f 5024/1/5 5026/1/5 4979/1/5 5028/1/5 
f 5028/1/5 4979/1/5 4980/1/5 5023/1/5 
f 5023/1/5 4980/1/5 5029/1/5 5022/1/5 
f 5022/1/5 5029/1/5 4981/1/5 5030/1/5 
f 5030/1/5 4981/1/5 4982/1/5 5021/1/5 
f 5021/1/5 4982/1/5 5031/1/5 5020/1/5 
f 5020/1/5 5031/1/5 4983/1/5 5032/1/5 
f 5032/1/5 4983/1/5 4984/1/5 5019/1/5 
f 5019/1/5 4984/1/5 5033/1/5 5018/1/5 
f 5018/1/5 5033/1/5 4985/1/5 5034/1/5 
f 5034/1/5 4985/1/5 4986/1/5 5017/1/5 
f 5017/1/5 4986/1/5 5035/1/5 4943/1/5 
f 4943/1/5 5035/1/5 4987/1/5 4939/1/5 
f 4939/1/5 4987/1/5 4988/1/5 4940/1/5 
f 4940/1/5 4988/1/5 5036/1/5 4935/1/5 
f 4935/1/5 5036/1/5 4989/1/5 4932/1/5 
f 4932/1/5 4989/1/5 4959/1/5 4937/1/5 
f 4937/1/5 4959/1/5 4962/1/5 5016/1/5 
f 5016/1/5 4962/1/5 4990/1/5 5037/1/5 
f 5037/1/5 4990/1/5 4991/1/5 5015/1/5 
f 5015/1/5 4991/1/5 5038/1/5 4925/1/5 
f 4925/1/5 5038/1/5 4992/1/5 4921/1/5 
f 4921/1/5 4992/1/5 4928/1/5 4922/1/5 
f 4922/1/5 4928/1/5 4931/1/5 4917/1/5 
f 4917/1/5 4931/1/5 4929/1/5 4914/1/5 
f 4914/1/5 4929/1/5 4993/1/5 4919/1/5 
f 4919/1/5 4993/1/5 5039/1/5 5014/1/5 
f 5014/1/5 5039/1/5 4994/1/5 5040/1/5 
f 5040/1/5 4994/1/5 4995/1/5 5013/1/5 
f 5013/1/5 4995/1/5 5041/1/5 5012/1/5 
f 5012/1/5 5041/1/5 4996/1/5 5042/1/5 
f 5042/1/5 4996/1/5 4949/1/5 5011/1/5 
f 5011/1/5 4949/1/5 4952/1/5 5010/1/5 
f 5010/1/5 4952/1/5 4997/1/5 5043/1/5 
f 5043/1/5 4997/1/5 4955/1/5 5009/1/5 
f 5009/1/5 4955/1/5 4957/1/5 5008/1/5 
f 5008/1/5 4957/1/5 4956/1/5 5044/1/5 
f 5044/1/5 4956/1/5 4998/1/5 5007/1/5 
f 5007/1/5 4998/1/5 5045/1/5 5006/1/5 
f 5006/1/5 5045/1/5 4999/1/5 5046/1/5 
f 5046/1/5 4999/1/5 5000/1/5 5005/1/5 
f 5004/1/5 5005/1/5 5000/1/5 
f 4971/1/5 5003/1/5 5047/1/5 4946/1/5 
f 4946/1/5 5047/1/5 5002/1/5 4948/1/5 
f 4971/1/5 4946/1/5 5048/1/5 
f 5049/1/68 4989/1/68 5036/1/68 5050/1/68 
f 5051/1/69 4990/1/69 4962/1/69 4961/1/69 
f 5052/1/70 4992/1/70 5038/1/70 5053/1/70 
f 5051/1/41 4960/1/41 4959/1/41 4990/1/41 
f 5052/1/41 5054/1/41 4991/1/41 4992/1/41 
f 5055/1/2 5037/1/2 5015/1/2 5056/1/2 
f 5037/1/71 5055/1/71 5057/1/71 5016/1/71 
f 4991/1/3 5054/1/3 5053/1/3 5038/1/3 
f 5058/1/41 5059/1/41 4993/1/41 4994/1/41 
f 4993/1/3 5059/1/3 5060/1/3 5039/1/3 
f 5057/1/1 5056/1/1 5015/1/1 5016/1/1 
f 5042/1/72 5061/1/72 5062/1/72 5012/1/72 
f 5062/1/1 5063/1/1 5011/1/1 5012/1/1 
f 5058/1/73 4994/1/73 5039/1/73 5060/1/73 
f 5064/1/74 4997/1/74 4952/1/74 4951/1/74 
f 5061/1/2 5042/1/2 5011/1/2 5063/1/2 
f 5064/1/41 4950/1/41 4949/1/41 4997/1/41 
f 4988/1/3 5065/1/3 5050/1/3 5036/1/3 
f 5032/1/44 5066/1/44 5067/1/44 5020/1/44 
f 5049/1/41 5065/1/41 4988/1/41 4989/1/41 
f 5066/1/2 5032/1/2 5019/1/2 5068/1/2 
f 5067/1/1 5068/1/1 5019/1/1 5020/1/1 
f 5069/1/1 5070/1/1 5071/1/1 5072/1/1 
f 5073/1/1 5074/1/1 5075/1/1 5076/1/1 
f 5077/1/46 5078/1/46 5079/1/46 5080/1/46 
f 5079/1/1 5081/1/1 5082/1/1 5080/1/1 
f 5083/1/2 5084/1/2 5075/1/2 5074/1/2 
f 5084/1/47 5083/1/47 5073/1/47 5076/1/47 
f 5085/1/3 5086/1/3 5087/1/3 5088/1/3 
f 5089/1/5 5090/1/5 5085/1/5 5091/1/5 
f 5091/1/5 5085/1/5 5088/1/5 
f 5090/1/48 5092/1/48 5086/1/48 5085/1/48 
f 5092/1/40 5093/1/40 5094/1/40 5086/1/40 
f 5086/1/40 5094/1/40 5087/1/40 
f 5095/1/49 5096/1/49 5097/1/49 5098/1/49 
f 5099/1/41 5100/1/41 5101/1/41 5102/1/41 
f 5103/1/3 5104/1/3 5105/1/3 5106/1/3 
f 5095/1/2 5098/1/2 5107/1/2 5108/1/2 
f 5096/1/1 5108/1/1 5107/1/1 5097/1/1 
f 5105/1/50 5109/1/50 5110/1/50 5106/1/50 
f 5111/1/51 5099/1/51 5102/1/51 5112/1/51 
f 5101/1/3 5100/1/3 5111/1/3 5112/1/3 
f 5109/1/41 5104/1/41 5103/1/41 5110/1/41 
f 5113/1/2 5114/1/2 5115/1/2 5116/1/2 
f 5117/1/1 5116/1/1 5115/1/1 5118/1/1 
f 5114/1/52 5113/1/52 5117/1/52 5118/1/52 
f 5119/1/1 5120/1/1 5121/1/1 5122/1/1 
f 5123/1/3 5124/1/3 5125/1/3 5126/1/3 
f 5127/1/53 5128/1/53 5126/1/53 5125/1/53 
f 5127/1/41 5124/1/41 5123/1/41 5128/1/41 
f 5129/1/43 5130/1/43 5131/1/43 5132/1/43 
f 5129/1/33 5133/1/33 5134/1/33 5130/1/33 
f 5134/1/3 5133/1/3 5132/1/3 5131/1/3 
f 5135/1/41 5136/1/41 5137/1/41 5138/1/41 
f 5139/1/3 5140/1/3 5141/1/3 5142/1/3 
f 5143/1/54 5144/1/54 5142/1/54 5141/1/54 
f 5143/1/41 5140/1/41 5139/1/41 5144/1/41 
f 5145/1/41 5146/1/41 5147/1/41 5148/1/41 
f 5147/1/3 5146/1/3 5149/1/3 5150/1/3 
f 5145/1/55 5148/1/55 5150/1/55 5149/1/55 
f 5137/1/3 5136/1/3 5151/1/3 5152/1/3 
f 5135/1/56 5138/1/56 5152/1/56 5151/1/56 
f 5153/1/3 5154/1/3 5120/1/3 5121/1/3 
f 5108/1/40 5155/1/40 5154/1/40 5095/1/40 
f 5094/1/40 5095/1/40 5154/1/40 5087/1/40 
f 5156/1/40 5157/1/40 5089/1/40 5090/1/40 
f 5158/1/1 5092/1/1 5090/1/1 5156/1/1 
f 5090/1/3 5092/1/3 5093/1/3 5089/1/3 
f 5159/1/5 5158/1/5 5092/1/5 5093/1/5 
f 5160/1/1 5161/1/1 5162/1/1 5163/1/1 
f 5164/1/2 5165/1/2 5162/1/2 5161/1/2 
f 5164/1/57 5160/1/57 5163/1/57 5165/1/57 
f 5166/1/58 5167/1/58 5168/1/58 5169/1/58 
f 5170/1/59 5171/1/59 5172/1/59 5173/1/59 
f 5172/1/1 5174/1/1 5175/1/1 5173/1/1 
f 5171/1/2 5170/1/2 5175/1/2 5174/1/2 
f 5168/1/1 5176/1/1 5177/1/1 5169/1/1 
f 5167/1/2 5166/1/2 5177/1/2 5176/1/2 
f 5178/1/60 5179/1/60 5180/1/60 5181/1/60 
f 5178/1/41 5182/1/41 5183/1/41 5179/1/41 
f 5183/1/3 5182/1/3 5181/1/3 5180/1/3 
f 5184/1/1 5185/1/1 5186/1/1 5187/1/1 
f 5188/1/2 5189/1/2 5186/1/2 5185/1/2 
f 5189/1/61 5188/1/61 5184/1/61 5187/1/61 
f 5190/1/2 5191/1/2 5192/1/2 5193/1/2 
f 5191/1/62 5190/1/62 5194/1/62 5195/1/62 
f 5194/1/1 5193/1/1 5192/1/1 5195/1/1 
f 5196/1/2 5197/1/2 5198/1/2 5199/1/2 
f 5197/1/63 5196/1/63 5200/1/63 5201/1/63 
f 5200/1/1 5199/1/1 5198/1/1 5201/1/1 
f 5202/1/41 5203/1/41 5204/1/41 5205/1/41 
f 5204/1/3 5203/1/3 5206/1/3 5207/1/3 
f 5202/1/64 5205/1/64 5207/1/64 5206/1/64 
f 5208/1/65 5209/1/65 5210/1/65 5211/1/65 
f 5210/1/1 5212/1/1 5213/1/1 5211/1/1 
f 5209/1/2 5208/1/2 5213/1/2 5212/1/2 
f 5214/1/2 5215/1/2 5216/1/2 5217/1/2 
f 5215/1/66 5214/1/66 5218/1/66 5219/1/66 
f 5218/1/1 5217/1/1 5216/1/1 5219/1/1 
f 5093/1/48 5094/1/48 5087/1/48 5088/1/48 
f 5093/1/48 5088/1/48 5091/1/48 5089/1/48 
f 5220/1/3 5221/1/3 5222/1/3 5223/1/3 
f 5224/1/41 5225/1/41 5226/1/41 5227/1/41 
f 5224/1/67 5227/1/67 5228/1/67 5229/1/67 
f 5226/1/3 5225/1/3 5229/1/3 5228/1/3 
f 5230/1/3 5231/1/3 5232/1/3 5233/1/3 
f 5234/1/5 5157/1/5 5089/1/5 5134/1/5 
f 5134/1/40 5130/1/40 
f 5089/1/40 5130/1/40 5235/1/40 
f 5236/1/5 5234/1/5 5134/1/5 5131/1/5 
f 5236/1/5 5131/1/5 5237/1/5 5238/1/5 
f 5238/1/5 5237/1/5 5239/1/5 5072/1/5 
f 5142/1/5 5072/1/5 5239/1/5 5089/1/5 
f 5089/1/5 5239/1/5 5240/1/5 5130/1/5 
f 5130/1/5 5240/1/5 5237/1/5 5131/1/5 
f 5139/1/5 5142/1/5 5089/1/5 5091/1/5 
f 5144/1/5 5139/1/5 5091/1/5 5147/1/5 
f 5148/1/5 5147/1/5 5091/1/5 5137/1/5 
f 5138/1/5 5137/1/5 5091/1/5 5241/1/5 
f 5242/1/5 5241/1/5 5091/1/5 5243/1/5 
f 5244/1/5 5243/1/5 5091/1/5 5123/1/5 
f 5128/1/5 5123/1/5 5091/1/5 5245/1/5 
f 5246/1/5 5245/1/5 5091/1/5 5230/1/5 
f 5247/1/5 5230/1/5 5091/1/5 5248/1/5 
f 5249/1/5 5248/1/5 5091/1/5 5204/1/5 
f 5205/1/5 5204/1/5 5091/1/5 5250/1/5 
f 5251/1/5 5250/1/5 5091/1/5 5183/1/5 
f 5179/1/5 5183/1/5 5091/1/5 5220/1/5 
f 5252/1/5 5220/1/5 5091/1/5 5226/1/5 
f 5227/1/5 5226/1/5 5091/1/5 5103/1/5 
f 5110/1/5 5103/1/5 5091/1/5 5101/1/5 
f 5102/1/5 5101/1/5 5091/1/5 5098/1/5 
f 5102/1/5 5098/1/5 5097/1/5 5112/1/5 
f 5162/1/5 5112/1/5 5097/1/5 5238/1/5 
f 5163/1/5 5162/1/5 5238/1/5 5175/1/5 
f 5173/1/5 5175/1/5 5238/1/5 5177/1/5 
f 5169/1/5 5177/1/5 5238/1/5 5253/1/5 
f 5254/1/5 5253/1/5 5238/1/5 5186/1/5 
f 5187/1/5 5186/1/5 5238/1/5 5192/1/5 
f 5195/1/5 5192/1/5 5238/1/5 5198/1/5 
f 5201/1/5 5198/1/5 5238/1/5 5255/1/5 
f 5256/1/5 5255/1/5 5238/1/5 5213/1/5 
f 5211/1/5 5213/1/5 5238/1/5 5216/1/5 
f 5219/1/5 5216/1/5 5238/1/5 5115/1/5 
f 5118/1/5 5115/1/5 5238/1/5 5257/1/5 
f 5258/1/5 5257/1/5 5238/1/5 5075/1/5 
f 5076/1/5 5075/1/5 5238/1/5 5082/1/5 
f 5080/1/5 5082/1/5 5238/1/5 5071/1/5 
f 5238/1/5 5072/1/5 5071/1/5 
f 5150/1/5 5080/1/5 5071/1/5 5147/1/5 
f 5147/1/5 5071/1/5 5259/1/5 5144/1/5 
f 5144/1/5 5259/1/5 5072/1/5 5142/1/5 
f 5080/1/5 5150/1/5 5148/1/5 5077/1/5 
f 5077/1/5 5148/1/5 5137/1/5 5082/1/5 
f 5082/1/5 5137/1/5 5152/1/5 5076/1/5 
f 5076/1/5 5152/1/5 5138/1/5 5084/1/5 
f 5084/1/5 5138/1/5 5241/1/5 5075/1/5 
f 5075/1/5 5241/1/5 5260/1/5 5258/1/5 
f 5258/1/5 5260/1/5 5242/1/5 5261/1/5 
f 5261/1/5 5242/1/5 5243/1/5 5257/1/5 
f 5257/1/5 5243/1/5 5262/1/5 5118/1/5 
f 5118/1/5 5262/1/5 5244/1/5 5114/1/5 
f 5114/1/5 5244/1/5 5123/1/5 5115/1/5 
f 5115/1/5 5123/1/5 5126/1/5 5219/1/5 
f 5219/1/5 5126/1/5 5128/1/5 5215/1/5 
f 5215/1/5 5128/1/5 5245/1/5 5216/1/5 
f 5216/1/5 5245/1/5 5263/1/5 5211/1/5 
f 5211/1/5 5263/1/5 5246/1/5 5208/1/5 
f 5208/1/5 5246/1/5 5230/1/5 5213/1/5 
f 5213/1/5 5230/1/5 5233/1/5 5256/1/5 
f 5256/1/5 5233/1/5 5247/1/5 5264/1/5 
f 5264/1/5 5247/1/5 5248/1/5 5255/1/5 
f 5255/1/5 5248/1/5 5265/1/5 5201/1/5 
f 5201/1/5 5265/1/5 5249/1/5 5197/1/5 
f 5197/1/5 5249/1/5 5204/1/5 5198/1/5 
f 5198/1/5 5204/1/5 5207/1/5 5195/1/5 
f 5195/1/5 5207/1/5 5205/1/5 5191/1/5 
f 5191/1/5 5205/1/5 5250/1/5 5192/1/5 
f 5192/1/5 5250/1/5 5266/1/5 5187/1/5 
f 5187/1/5 5266/1/5 5251/1/5 5189/1/5 
f 5189/1/5 5251/1/5 5183/1/5 5186/1/5 
f 5186/1/5 5183/1/5 5180/1/5 5254/1/5 
f 5254/1/5 5180/1/5 5179/1/5 5267/1/5 
f 5267/1/5 5179/1/5 5220/1/5 5253/1/5 
f 5253/1/5 5220/1/5 5223/1/5 5169/1/5 
f 5169/1/5 5223/1/5 5252/1/5 5166/1/5 
f 5166/1/5 5252/1/5 5226/1/5 5177/1/5 
f 5177/1/5 5226/1/5 5228/1/5 5173/1/5 
f 5173/1/5 5228/1/5 5227/1/5 5170/1/5 
f 5170/1/5 5227/1/5 5103/1/5 5175/1/5 
f 5175/1/5 5103/1/5 5106/1/5 5163/1/5 
f 5163/1/5 5106/1/5 5110/1/5 5165/1/5 
f 5165/1/5 5110/1/5 5101/1/5 5162/1/5 
f 5112/1/5 5162/1/5 5101/1/5 
f 5238/1/5 5097/1/5 5107/1/5 5088/1/5 
f 5088/1/5 5107/1/5 5098/1/5 5091/1/5 
f 5238/1/5 5088/1/5 5153/1/5 
f 5268/1/68 5246/1/68 5263/1/68 5269/1/68 
f 5270/1/69 5247/1/69 5233/1/69 5232/1/69 
f 5271/1/70 5249/1/70 5265/1/70 5272/1/70 
f 5270/1/41 5231/1/41 5230/1/41 5247/1/41 
f 5271/1/41 5273/1/41 5248/1/41 5249/1/41 
f 5274/1/2 5264/1/2 5255/1/2 5275/1/2 
f 5264/1/71 5274/1/71 5276/1/71 5256/1/71 
f 5248/1/3 5273/1/3 5272/1/3 5265/1/3 
f 5277/1/41 5278/1/41 5250/1/41 5251/1/41 
f 5250/1/3 5278/1/3 5279/1/3 5266/1/3 
f 5276/1/1 5275/1/1 5255/1/1 5256/1/1 
f 5267/1/72 5280/1/72 5281/1/72 5254/1/72 
f 5281/1/1 5282/1/1 5253/1/1 5254/1/1 
f 5277/1/73 5251/1/73 5266/1/73 5279/1/73 
f 5283/1/74 5252/1/74 5223/1/74 5222/1/74 
f 5280/1/2 5267/1/2 5253/1/2 5282/1/2 
f 5283/1/41 5221/1/41 5220/1/41 5252/1/41 
f 5245/1/3 5284/1/3 5269/1/3 5263/1/3 
f 5261/1/44 5285/1/44 5286/1/44 5258/1/44 
f 5268/1/41 5284/1/41 5245/1/41 5246/1/41 
f 5285/1/2 5261/1/2 5257/1/2 5287/1/2 
f 5286/1/1 5287/1/1 5257/1/1 5258/1/1 
f 5243/1/3 5288/1/3 5289/1/3 5262/1/3 
f 5290/1/41 5288/1/41 5243/1/41 5244/1/41 
f 5290/1/42 5244/1/42 5262/1/42 5289/1/42 
f 5291/1/33 5236/1/33 5238/1/33 5153/1/33 
f 5155/1/33 5291/1/33 5153/1/33 5154/1/33 
f 5159/1/1 5093/1/1 5089/1/1 5157/1/1 
f 5088/1/3 5087/1/3 5154/1/3 5153/1/3 
f 5241/1/3 5292/1/3 5293/1/3 5260/1/3 
f 5294/1/1 5295/1/1 5239/1/1 5237/1/1 
f 5296/1/43 5242/1/43 5260/1/43 5293/1/43 
f 5296/1/41 5292/1/41 5241/1/41 5242/1/41 
f 5297/1/2 5259/1/2 5071/1/2 5070/1/2 
f 5298/1/2 5240/1/2 5239/1/2 5295/1/2 
f 5240/1/44 5298/1/44 5294/1/44 5237/1/44 
f 5078/1/2 5077/1/2 5082/1/2 5081/1/2 
f 5259/1/45 5297/1/45 5069/1/45 5072/1/45 
f 5299/1/1 5300/1/1 5301/1/1 5302/1/1 
f 5303/1/1 5304/1/1 5305/1/1 5306/1/1 
f 5307/1/46 5308/1/46 5309/1/46 5310/1/46 
f 5309/1/1 5311/1/1 5312/1/1 5310/1/1 
f 5313/1/2 5314/1/2 5305/1/2 5304/1/2 
f 5314/1/47 5313/1/47 5303/1/47 5306/1/47 
f 5315/1/3 5316/1/3 5317/1/3 5318/1/3 
f 5319/1/5 5320/1/5 5315/1/5 5321/1/5 
f 5321/1/5 5315/1/5 5318/1/5 
f 5320/1/48 5322/1/48 5316/1/48 5315/1/48 
f 5322/1/40 5323/1/40 5324/1/40 5316/1/40 
f 5316/1/40 5324/1/40 5317/1/40 
f 5325/1/49 5326/1/49 5327/1/49 5328/1/49 
f 5329/1/41 5330/1/41 5331/1/41 5332/1/41 
f 5333/1/3 5334/1/3 5335/1/3 5336/1/3 
f 5325/1/2 5328/1/2 5337/1/2 5338/1/2 
f 5326/1/1 5338/1/1 5337/1/1 5327/1/1 
f 5335/1/50 5339/1/50 5340/1/50 5336/1/50 
f 5341/1/51 5329/1/51 5332/1/51 5342/1/51 
f 5331/1/3 5330/1/3 5341/1/3 5342/1/3 
f 5339/1/41 5334/1/41 5333/1/41 5340/1/41 
f 5343/1/2 5344/1/2 5345/1/2 5346/1/2 
f 5347/1/1 5346/1/1 5345/1/1 5348/1/1 
f 5344/1/52 5343/1/52 5347/1/52 5348/1/52 
f 5349/1/1 5350/1/1 5351/1/1 5352/1/1 
f 5353/1/3 5354/1/3 5355/1/3 5356/1/3 
f 5357/1/53 5358/1/53 5356/1/53 5355/1/53 
f 5357/1/41 5354/1/41 5353/1/41 5358/1/41 
f 5359/1/43 5360/1/43 5361/1/43 5362/1/43 
f 5359/1/33 5363/1/33 5364/1/33 5360/1/33 
f 5364/1/3 5363/1/3 5362/1/3 5361/1/3 
f 5365/1/41 5366/1/41 5367/1/41 5368/1/41 
f 5369/1/3 5370/1/3 5371/1/3 5372/1/3 
f 5373/1/54 5374/1/54 5372/1/54 5371/1/54 
f 5373/1/41 5370/1/41 5369/1/41 5374/1/41 
f 5375/1/41 5376/1/41 5377/1/41 5378/1/41 
f 5377/1/3 5376/1/3 5379/1/3 5380/1/3 
f 5375/1/55 5378/1/55 5380/1/55 5379/1/55 
f 5367/1/3 5366/1/3 5381/1/3 5382/1/3 
f 5365/1/56 5368/1/56 5382/1/56 5381/1/56 
f 5383/1/3 5384/1/3 5350/1/3 5351/1/3 
f 5365/1/40 5381/1/40 5303/1/40 5313/1/40 
f 5365/1/40 5313/1/40 5385/1/40 5324/1/40 
f 5366/1/40 5365/1/40 5324/1/40 5375/1/40 
f 5376/1/40 5375/1/40 5324/1/40 5373/1/40 
f 5370/1/40 5373/1/40 5324/1/40 5323/1/40 
f 5371/1/40 5370/1/40 5323/1/40 5386/1/40 
f 5371/1/40 5386/1/40 5387/1/40 5299/1/40 
f 5388/1/40 5299/1/40 5387/1/40 5389/1/40 
f 5390/1/40 5388/1/40 5389/1/40 5362/1/40 
f 5391/1/40 5390/1/40 5362/1/40 5392/1/40 
f 5392/1/40 5362/1/40 5363/1/40 5323/1/40 
f 5323/1/5 
f 5359/1/40 5362/1/40 5389/1/40 5386/1/40 
f 5323/1/40 5359/1/40 5386/1/40 
f 5300/1/40 5299/1/40 5388/1/40 5309/1/40 
f 5311/1/40 5309/1/40 5388/1/40 5303/1/40 
f 5304/1/40 5303/1/40 5388/1/40 5393/1/40 
f 5394/1/40 5393/1/40 5388/1/40 5347/1/40 
f 5346/1/40 5347/1/40 5388/1/40 5395/1/40 
f 5396/1/40 5395/1/40 5388/1/40 5397/1/40 
f 5398/1/40 5397/1/40 5388/1/40 5399/1/40 
f 5400/1/40 5399/1/40 5388/1/40 5401/1/40 
f 5402/1/40 5401/1/40 5388/1/40 5403/1/40 
f 5404/1/40 5403/1/40 5388/1/40 5405/1/40 
f 5406/1/40 5405/1/40 5388/1/40 5407/1/40 
f 5408/1/40 5407/1/40 5388/1/40 5409/1/40 
f 5410/1/40 5409/1/40 5388/1/40 5411/1/40 
f 5412/1/40 5411/1/40 5388/1/40 5413/1/40 
f 5414/1/40 5413/1/40 5388/1/40 5326/1/40 
f 5326/1/40 5388/1/40 5338/1/40 
f 5341/1/40 5414/1/40 5326/1/40 5329/1/40 
f 5329/1/40 5326/1/40 5325/1/40 5324/1/40 
f 5330/1/40 5329/1/40 5324/1/40 5339/1/40 
f 5334/1/40 5339/1/40 5324/1/40 5415/1/40 
f 5416/1/40 5415/1/40 5324/1/40 5417/1/40 
f 5418/1/40 5417/1/40 5324/1/40 5419/1/40 
f 5420/1/40 5419/1/40 5324/1/40 5421/1/40 
f 5422/1/40 5421/1/40 5324/1/40 5423/1/40 
f 5424/1/40 5423/1/40 5324/1/40 5425/1/40 
f 5426/1/40 5425/1/40 5324/1/40 5427/1/40 
f 5428/1/40 5427/1/40 5324/1/40 5429/1/40 
f 5430/1/40 5429/1/40 5324/1/40 5357/1/40 
f 5354/1/40 5357/1/40 5324/1/40 5431/1/40 
f 5432/1/40 5431/1/40 5324/1/40 5433/1/40 
f 5324/1/40 5385/1/40 5433/1/40 
f 5434/1/40 5432/1/40 5433/1/40 5393/1/40 
f 5393/1/40 5433/1/40 5435/1/40 5304/1/40 
f 5313/1/40 5304/1/40 5435/1/40 5385/1/40 
f 5436/1/40 5432/1/40 5434/1/40 5394/1/40 
f 5436/1/40 5394/1/40 5347/1/40 5431/1/40 
f 5431/1/40 5347/1/40 5343/1/40 5354/1/40 
f 5355/1/40 5354/1/40 5343/1/40 5346/1/40 
f 5355/1/40 5346/1/40 5395/1/40 5357/1/40 
f 5357/1/40 5395/1/40 5437/1/40 5430/1/40 
f 5438/1/40 5430/1/40 5437/1/40 5396/1/40 
f 5438/1/40 5396/1/40 5397/1/40 5429/1/40 
f 5429/1/40 5397/1/40 5439/1/40 5428/1/40 
f 5440/1/40 5428/1/40 5439/1/40 5398/1/40 
f 5440/1/40 5398/1/40 5399/1/40 5427/1/40 
f 5427/1/40 5399/1/40 5441/1/40 5426/1/40 
f 5442/1/40 5426/1/40 5441/1/40 5400/1/40 
f 5442/1/40 5400/1/40 5401/1/40 5425/1/40 
f 5425/1/40 5401/1/40 5443/1/40 5424/1/40 
f 5444/1/40 5424/1/40 5443/1/40 5402/1/40 
f 5444/1/40 5402/1/40 5403/1/40 5423/1/40 
f 5423/1/40 5403/1/40 5445/1/40 5422/1/40 
f 5446/1/40 5422/1/40 5445/1/40 5404/1/40 
f 5446/1/40 5404/1/40 5405/1/40 5421/1/40 
f 5421/1/40 5405/1/40 5447/1/40 5420/1/40 
f 5448/1/40 5420/1/40 5447/1/40 5406/1/40 
f 5448/1/40 5406/1/40 5407/1/40 5419/1/40 
f 5419/1/40 5407/1/40 5449/1/40 5418/1/40 
f 5450/1/40 5418/1/40 5449/1/40 5408/1/40 
f 5450/1/40 5408/1/40 5409/1/40 5417/1/40 
f 5417/1/40 5409/1/40 5451/1/40 5416/1/40 
f 5452/1/40 5416/1/40 5451/1/40 5410/1/40 
f 5452/1/40 5410/1/40 5411/1/40 5415/1/40 
f 5415/1/40 5411/1/40 5453/1/40 5334/1/40 
f 5335/1/40 5334/1/40 5453/1/40 5412/1/40 
f 5335/1/40 5412/1/40 5413/1/40 5339/1/40 
f 5339/1/40 5413/1/40 5454/1/40 5330/1/40 
f 5341/1/40 5330/1/40 5454/1/40 5414/1/40 
f 5311/1/40 5303/1/40 5381/1/40 5308/1/40 
f 5308/1/40 5381/1/40 5366/1/40 5375/1/40 
f 5309/1/40 5308/1/40 5375/1/40 5379/1/40 
f 5300/1/40 5309/1/40 5379/1/40 5455/1/40 
f 5455/1/40 5379/1/40 5376/1/40 5373/1/40 
f 5299/1/40 5455/1/40 5373/1/40 5371/1/40 
f 5456/1/40 5457/1/40 5319/1/40 5320/1/40 
f 5458/1/1 5322/1/1 5320/1/1 5456/1/1 
f 5320/1/3 5322/1/3 5323/1/3 5319/1/3 
f 5392/1/5 5458/1/5 5322/1/5 5323/1/5 
f 5413/1/1 5414/1/1 5459/1/1 5460/1/1 
f 5454/1/2 5461/1/2 5459/1/2 5414/1/2 
f 5454/1/57 5413/1/57 5460/1/57 5461/1/57 
f 5462/1/58 5451/1/58 5409/1/58 5463/1/58 
f 5464/1/59 5453/1/59 5411/1/59 5465/1/59 
f 5411/1/1 5412/1/1 5466/1/1 5465/1/1 
f 5453/1/2 5464/1/2 5466/1/2 5412/1/2 
f 5409/1/1 5410/1/1 5467/1/1 5463/1/1 
f 5451/1/2 5462/1/2 5467/1/2 5410/1/2 
f 5419/1/60 5468/1/60 5469/1/60 5448/1/60 
f 5419/1/41 5420/1/41 5470/1/41 5468/1/41 
f 5470/1/3 5420/1/3 5448/1/3 5469/1/3 
f 5405/1/1 5406/1/1 5471/1/1 5472/1/1 
f 5447/1/2 5473/1/2 5471/1/2 5406/1/2 
f 5473/1/61 5447/1/61 5405/1/61 5472/1/61 
f 5445/1/2 5474/1/2 5475/1/2 5404/1/2 
f 5474/1/62 5445/1/62 5403/1/62 5476/1/62 
f 5403/1/1 5404/1/1 5475/1/1 5476/1/1 
f 5443/1/2 5477/1/2 5478/1/2 5402/1/2 
f 5477/1/63 5443/1/63 5401/1/63 5479/1/63 
f 5401/1/1 5402/1/1 5478/1/1 5479/1/1 
f 5423/1/41 5424/1/41 5480/1/41 5481/1/41 
f 5480/1/3 5424/1/3 5444/1/3 5482/1/3 
f 5423/1/64 5481/1/64 5482/1/64 5444/1/64 
f 5483/1/65 5439/1/65 5397/1/65 5484/1/65 
f 5397/1/1 5398/1/1 5485/1/1 5484/1/1 
f 5439/1/2 5483/1/2 5485/1/2 5398/1/2 
f 5437/1/2 5486/1/2 5487/1/2 5396/1/2 
f 5486/1/66 5437/1/66 5395/1/66 5488/1/66 
f 5395/1/1 5396/1/1 5487/1/1 5488/1/1 
f 5324/1/48 5317/1/48 5318/1/48 5319/1/48 
f 5324/1/48 5319/1/48 5323/1/48 
f 5319/1/48 5318/1/48 5321/1/48 
f 5489/1/3 5418/1/3 5450/1/3 5490/1/3 
f 5415/1/41 5416/1/41 5491/1/41 5492/1/41 
f 5415/1/67 5492/1/67 5493/1/67 5452/1/67 
f 5491/1/3 5416/1/3 5452/1/3 5493/1/3 
f 5494/1/3 5428/1/3 5440/1/3 5495/1/3 
f 5496/1/5 5457/1/5 5319/1/5 5364/1/5 
f 5364/1/40 5360/1/40 
f 5319/1/40 5360/1/40 5497/1/40 
f 5498/1/5 5496/1/5 5364/1/5 5361/1/5 
f 5498/1/5 5361/1/5 5499/1/5 5500/1/5 
f 5500/1/5 5499/1/5 5501/1/5 5302/1/5 
f 5372/1/5 5302/1/5 5501/1/5 5319/1/5 
f 5319/1/5 5501/1/5 5502/1/5 5360/1/5 
f 5360/1/5 5502/1/5 5499/1/5 5361/1/5 
f 5369/1/5 5372/1/5 5319/1/5 5321/1/5 
f 5374/1/5 5369/1/5 5321/1/5 5377/1/5 
f 5378/1/5 5377/1/5 5321/1/5 5367/1/5 
f 5368/1/5 5367/1/5 5321/1/5 5503/1/5 
f 5504/1/5 5503/1/5 5321/1/5 5505/1/5 
f 5506/1/5 5505/1/5 5321/1/5 5353/1/5 
f 5358/1/5 5353/1/5 5321/1/5 5507/1/5 
f 5508/1/5 5507/1/5 5321/1/5 5494/1/5 
f 5509/1/5 5494/1/5 5321/1/5 5510/1/5 
f 5511/1/5 5510/1/5 5321/1/5 5480/1/5 
f 5481/1/5 5480/1/5 5321/1/5 5512/1/5 
f 5513/1/5 5512/1/5 5321/1/5 5470/1/5 
f 5468/1/5 5470/1/5 5321/1/5 5489/1/5 
f 5514/1/5 5489/1/5 5321/1/5 5491/1/5 
f 5492/1/5 5491/1/5 5321/1/5 5333/1/5 
f 5340/1/5 5333/1/5 5321/1/5 5331/1/5 
f 5332/1/5 5331/1/5 5321/1/5 5328/1/5 
f 5332/1/5 5328/1/5 5327/1/5 5342/1/5 
f 5459/1/5 5342/1/5 5327/1/5 5500/1/5 
f 5460/1/5 5459/1/5 5500/1/5 5466/1/5 
f 5465/1/5 5466/1/5 5500/1/5 5467/1/5 
f 5463/1/5 5467/1/5 5500/1/5 5515/1/5 
f 5516/1/5 5515/1/5 5500/1/5 5471/1/5 
f 5472/1/5 5471/1/5 5500/1/5 5475/1/5 
f 5476/1/5 5475/1/5 5500/1/5 5478/1/5 
f 5479/1/5 5478/1/5 5500/1/5 5517/1/5 
f 5518/1/5 5517/1/5 5500/1/5 5485/1/5 
f 5484/1/5 5485/1/5 5500/1/5 5487/1/5 
f 5488/1/5 5487/1/5 5500/1/5 5345/1/5 
f 5348/1/5 5345/1/5 5500/1/5 5519/1/5 
f 5520/1/5 5519/1/5 5500/1/5 5305/1/5 
f 5306/1/5 5305/1/5 5500/1/5 5312/1/5 
f 5310/1/5 5312/1/5 5500/1/5 5301/1/5 
f 5500/1/5 5302/1/5 5301/1/5 
f 5380/1/5 5310/1/5 5301/1/5 5377/1/5 
f 5377/1/5 5301/1/5 5521/1/5 5374/1/5 
f 5374/1/5 5521/1/5 5302/1/5 5372/1/5 
f 5310/1/5 5380/1/5 5378/1/5 5307/1/5 
f 5307/1/5 5378/1/5 5367/1/5 5312/1/5 
f 5312/1/5 5367/1/5 5382/1/5 5306/1/5 
f 5306/1/5 5382/1/5 5368/1/5 5314/1/5 
f 5314/1/5 5368/1/5 5503/1/5 5305/1/5 
f 5305/1/5 5503/1/5 5522/1/5 5520/1/5 
f 5520/1/5 5522/1/5 5504/1/5 5523/1/5 
f 5523/1/5 5504/1/5 5505/1/5 5519/1/5 
f 5519/1/5 5505/1/5 5524/1/5 5348/1/5 
f 5348/1/5 5524/1/5 5506/1/5 5344/1/5 
f 5344/1/5 5506/1/5 5353/1/5 5345/1/5 
f 5345/1/5 5353/1/5 5356/1/5 5488/1/5 
f 5488/1/5 5356/1/5 5358/1/5 5486/1/5 
f 5486/1/5 5358/1/5 5507/1/5 5487/1/5 
f 5487/1/5 5507/1/5 5525/1/5 5484/1/5 
f 5484/1/5 5525/1/5 5508/1/5 5483/1/5 
f 5483/1/5 5508/1/5 5494/1/5 5485/1/5 
f 5485/1/5 5494/1/5 5495/1/5 5518/1/5 
f 5518/1/5 5495/1/5 5509/1/5 5526/1/5 
f 5526/1/5 5509/1/5 5510/1/5 5517/1/5 
f 5517/1/5 5510/1/5 5527/1/5 5479/1/5 
f 5479/1/5 5527/1/5 5511/1/5 5477/1/5 
f 5477/1/5 5511/1/5 5480/1/5 5478/1/5 
f 5478/1/5 5480/1/5 5482/1/5 5476/1/5 
f 5476/1/5 5482/1/5 5481/1/5 5474/1/5 
f 5474/1/5 5481/1/5 5512/1/5 5475/1/5 
f 5475/1/5 5512/1/5 5528/1/5 5472/1/5 
f 5472/1/5 5528/1/5 5513/1/5 5473/1/5 
f 5473/1/5 5513/1/5 5470/1/5 5471/1/5 
f 5471/1/5 5470/1/5 5469/1/5 5516/1/5 
f 5516/1/5 5469/1/5 5468/1/5 5529/1/5 
f 5529/1/5 5468/1/5 5489/1/5 5515/1/5 
f 5515/1/5 5489/1/5 5490/1/5 5463/1/5 
f 5463/1/5 5490/1/5 5514/1/5 5462/1/5 
f 5462/1/5 5514/1/5 5491/1/5 5467/1/5 
f 5467/1/5 5491/1/5 5493/1/5 5465/1/5 
f 5465/1/5 5493/1/5 5492/1/5 5464/1/5 
f 5464/1/5 5492/1/5 5333/1/5 5466/1/5 
f 5466/1/5 5333/1/5 5336/1/5 5460/1/5 
f 5460/1/5 5336/1/5 5340/1/5 5461/1/5 
f 5461/1/5 5340/1/5 5331/1/5 5459/1/5 
f 5342/1/5 5459/1/5 5331/1/5 
f 5500/1/5 5327/1/5 5337/1/5 5318/1/5 
f 5318/1/5 5337/1/5 5328/1/5 5321/1/5 
f 5500/1/5 5318/1/5 5383/1/5 
f 5429/1/68 5508/1/68 5525/1/68 5438/1/68 
f 5427/1/69 5509/1/69 5495/1/69 5440/1/69 
f 5425/1/70 5511/1/70 5527/1/70 5442/1/70 
f 5427/1/41 5428/1/41 5494/1/41 5509/1/41 
f 5425/1/41 5426/1/41 5510/1/41 5511/1/41 
f 5441/1/2 5526/1/2 5517/1/2 5400/1/2 
f 5526/1/71 5441/1/71 5399/1/71 5518/1/71 
f 5510/1/3 5426/1/3 5442/1/3 5527/1/3 
f 5421/1/41 5422/1/41 5512/1/41 5513/1/41 
f 5512/1/3 5422/1/3 5446/1/3 5528/1/3 
f 5399/1/1 5400/1/1 5517/1/1 5518/1/1 
f 5529/1/72 5449/1/72 5407/1/72 5516/1/72 
f 5407/1/1 5408/1/1 5515/1/1 5516/1/1 
f 5421/1/73 5513/1/73 5528/1/73 5446/1/73 
f 5417/1/74 5514/1/74 5490/1/74 5450/1/74 
f 5449/1/2 5529/1/2 5515/1/2 5408/1/2 
f 5417/1/41 5418/1/41 5489/1/41 5514/1/41 
f 5507/1/3 5430/1/3 5438/1/3 5525/1/3 
f 5523/1/44 5434/1/44 5393/1/44 5520/1/44 
f 5429/1/41 5430/1/41 5507/1/41 5508/1/41 
f 5434/1/2 5523/1/2 5519/1/2 5394/1/2 
f 5393/1/1 5394/1/1 5519/1/1 5520/1/1 
f 5530/1/1 5531/1/1 5532/1/1 5533/1/1 
f 5534/1/1 5535/1/1 5536/1/1 5537/1/1 
f 5538/1/46 5539/1/46 5540/1/46 5541/1/46 
f 5540/1/1 5542/1/1 5543/1/1 5541/1/1 
f 5544/1/2 5545/1/2 5536/1/2 5535/1/2 
f 5545/1/47 5544/1/47 5534/1/47 5537/1/47 
f 5546/1/3 5547/1/3 5548/1/3 5549/1/3 
f 5550/1/5 5551/1/5 5546/1/5 5549/1/5 
f 5551/1/48 5552/1/48 5547/1/48 5546/1/48 
f 5552/1/40 5553/1/40 5554/1/40 5547/1/40 
f 5547/1/40 5554/1/40 5548/1/40 
f 5555/1/49 5556/1/49 5557/1/49 5558/1/49 
f 5559/1/41 5560/1/41 5561/1/41 5562/1/41 
f 5563/1/3 5564/1/3 5565/1/3 5566/1/3 
f 5555/1/2 5558/1/2 5567/1/2 5568/1/2 
f 5556/1/1 5568/1/1 5567/1/1 5557/1/1 
f 5565/1/50 5569/1/50 5570/1/50 5566/1/50 
f 5571/1/51 5559/1/51 5562/1/51 5572/1/51 
f 5561/1/3 5560/1/3 5571/1/3 5572/1/3 
f 5569/1/41 5564/1/41 5563/1/41 5570/1/41 
f 5573/1/2 5574/1/2 5575/1/2 5576/1/2 
f 5577/1/1 5576/1/1 5575/1/1 5578/1/1 
f 5574/1/52 5573/1/52 5577/1/52 5578/1/52 
f 5579/1/1 5580/1/1 5581/1/1 5582/1/1 
f 5583/1/3 5584/1/3 5585/1/3 5586/1/3 
f 5587/1/53 5588/1/53 5586/1/53 5585/1/53 
f 5587/1/41 5584/1/41 5583/1/41 5588/1/41 
f 5589/1/43 5590/1/43 5591/1/43 5592/1/43 
f 5589/1/33 5593/1/33 5594/1/33 5590/1/33 
f 5594/1/3 5593/1/3 5592/1/3 5591/1/3 
f 5595/1/41 5596/1/41 5597/1/41 5598/1/41 
f 5599/1/3 5600/1/3 5601/1/3 5602/1/3 
f 5603/1/54 5604/1/54 5602/1/54 5601/1/54 
f 5603/1/41 5600/1/41 5599/1/41 5604/1/41 
f 5605/1/41 5606/1/41 5607/1/41 5608/1/41 
f 5607/1/3 5606/1/3 5609/1/3 5610/1/3 
f 5605/1/55 5608/1/55 5610/1/55 5609/1/55 
f 5597/1/3 5596/1/3 5611/1/3 5612/1/3 
f 5595/1/56 5598/1/56 5612/1/56 5611/1/56 
f 5613/1/3 5614/1/3 5580/1/3 5581/1/3 
f 5582/1/5 5615/1/5 5613/1/5 5581/1/5 
f 5595/1/40 5611/1/40 5534/1/40 5544/1/40 
f 5595/1/40 5544/1/40 5616/1/40 5554/1/40 
f 5596/1/40 5595/1/40 5554/1/40 5605/1/40 
f 5606/1/40 5605/1/40 5554/1/40 5603/1/40 
f 5600/1/40 5603/1/40 5554/1/40 5553/1/40 
f 5601/1/40 5600/1/40 5553/1/40 5617/1/40 
f 5601/1/40 5617/1/40 5618/1/40 5530/1/40 
f 5619/1/40 5530/1/40 5618/1/40 5620/1/40 
f 5621/1/40 5619/1/40 5620/1/40 5592/1/40 
f 5622/1/40 5621/1/40 5592/1/40 5623/1/40 
f 5623/1/40 5592/1/40 5593/1/40 5553/1/40 
f 5553/1/5 
f 5589/1/40 5592/1/40 5620/1/40 5617/1/40 
f 5553/1/40 5589/1/40 5617/1/40 
f 5531/1/40 5530/1/40 5619/1/40 5540/1/40 
f 5542/1/40 5540/1/40 5619/1/40 5534/1/40 
f 5535/1/40 5534/1/40 5619/1/40 5624/1/40 
f 5625/1/40 5624/1/40 5619/1/40 5577/1/40 
f 5576/1/40 5577/1/40 5619/1/40 5626/1/40 
f 5627/1/40 5626/1/40 5619/1/40 5628/1/40 
f 5629/1/40 5628/1/40 5619/1/40 5630/1/40 
f 5631/1/40 5630/1/40 5619/1/40 5632/1/40 
f 5633/1/40 5632/1/40 5619/1/40 5634/1/40 
f 5635/1/40 5634/1/40 5619/1/40 5636/1/40 
f 5637/1/40 5636/1/40 5619/1/40 5638/1/40 
f 5639/1/40 5638/1/40 5619/1/40 5640/1/40 
f 5641/1/40 5640/1/40 5619/1/40 5642/1/40 
f 5643/1/40 5642/1/40 5619/1/40 5644/1/40 
f 5645/1/40 5644/1/40 5619/1/40 5556/1/40 
f 5556/1/40 5619/1/40 5568/1/40 
f 5571/1/40 5645/1/40 5556/1/40 5559/1/40 
f 5559/1/40 5556/1/40 5555/1/40 5554/1/40 
f 5560/1/40 5559/1/40 5554/1/40 5569/1/40 
f 5564/1/40 5569/1/40 5554/1/40 5646/1/40 
f 5647/1/40 5646/1/40 5554/1/40 5648/1/40 
f 5649/1/40 5648/1/40 5554/1/40 5650/1/40 
f 5651/1/40 5650/1/40 5554/1/40 5652/1/40 
f 5653/1/40 5652/1/40 5554/1/40 5654/1/40 
f 5655/1/40 5654/1/40 5554/1/40 5656/1/40 
f 5657/1/40 5656/1/40 5554/1/40 5658/1/40 
f 5659/1/40 5658/1/40 5554/1/40 5660/1/40 
f 5661/1/40 5660/1/40 5554/1/40 5587/1/40 
f 5584/1/40 5587/1/40 5554/1/40 5662/1/40 
f 5663/1/40 5662/1/40 5554/1/40 5664/1/40 
f 5554/1/40 5616/1/40 5664/1/40 
f 5665/1/40 5663/1/40 5664/1/40 5624/1/40 
f 5624/1/40 5664/1/40 5666/1/40 5535/1/40 
f 5544/1/40 5535/1/40 5666/1/40 5616/1/40 
f 5667/1/40 5663/1/40 5665/1/40 5625/1/40 
f 5667/1/40 5625/1/40 5577/1/40 5662/1/40 
f 5662/1/40 5577/1/40 5573/1/40 5584/1/40 
f 5585/1/40 5584/1/40 5573/1/40 5576/1/40 
f 5585/1/40 5576/1/40 5626/1/40 5587/1/40 
f 5587/1/40 5626/1/40 5668/1/40 5661/1/40 
f 5669/1/40 5661/1/40 5668/1/40 5627/1/40 
f 5669/1/40 5627/1/40 5628/1/40 5660/1/40 
f 5660/1/40 5628/1/40 5670/1/40 5659/1/40 
f 5671/1/40 5659/1/40 5670/1/40 5629/1/40 
f 5671/1/40 5629/1/40 5630/1/40 5658/1/40 
f 5658/1/40 5630/1/40 5672/1/40 5657/1/40 
f 5673/1/40 5657/1/40 5672/1/40 5631/1/40 
f 5673/1/40 5631/1/40 5632/1/40 5656/1/40 
f 5656/1/40 5632/1/40 5674/1/40 5655/1/40 
f 5675/1/40 5655/1/40 5674/1/40 5633/1/40 
f 5675/1/40 5633/1/40 5634/1/40 5654/1/40 
f 5654/1/40 5634/1/40 5676/1/40 5653/1/40 
f 5677/1/40 5653/1/40 5676/1/40 5635/1/40 
f 5677/1/40 5635/1/40 5636/1/40 5652/1/40 
f 5652/1/40 5636/1/40 5678/1/40 5651/1/40 
f 5679/1/40 5651/1/40 5678/1/40 5637/1/40 
f 5679/1/40 5637/1/40 5638/1/40 5650/1/40 
f 5650/1/40 5638/1/40 5680/1/40 5649/1/40 
f 5681/1/40 5649/1/40 5680/1/40 5639/1/40 
f 5681/1/40 5639/1/40 5640/1/40 5648/1/40 
f 5648/1/40 5640/1/40 5682/1/40 5647/1/40 
f 5683/1/40 5647/1/40 5682/1/40 5641/1/40 
f 5683/1/40 5641/1/40 5642/1/40 5646/1/40 
f 5646/1/40 5642/1/40 5684/1/40 5564/1/40 
f 5565/1/40 5564/1/40 5684/1/40 5643/1/40 
f 5565/1/40 5643/1/40 5644/1/40 5569/1/40 
f 5569/1/40 5644/1/40 5685/1/40 5560/1/40 
f 5571/1/40 5560/1/40 5685/1/40 5645/1/40 
f 5542/1/40 5534/1/40 5611/1/40 5539/1/40 
f 5539/1/40 5611/1/40 5596/1/40 5605/1/40 
f 5540/1/40 5539/1/40 5605/1/40 5609/1/40 
f 5531/1/40 5540/1/40 5609/1/40 5686/1/40 
f 5686/1/40 5609/1/40 5606/1/40 5603/1/40 
f 5530/1/40 5686/1/40 5603/1/40 5601/1/40 
f 5687/1/5 5688/1/5 5551/1/5 5550/1/5 
f 5689/1/1 5552/1/1 5551/1/1 5688/1/1 
f 5551/1/3 5552/1/3 5553/1/3 5550/1/3 
f 5623/1/5 5689/1/5 5552/1/5 5553/1/5 
f 5644/1/1 5645/1/1 5690/1/1 5691/1/1 
f 5685/1/2 5692/1/2 5690/1/2 5645/1/2 
f 5685/1/57 5644/1/57 5691/1/57 5692/1/57 
f 5693/1/58 5682/1/58 5640/1/58 5694/1/58 
f 5695/1/59 5684/1/59 5642/1/59 5696/1/59 
f 5642/1/1 5643/1/1 5697/1/1 5696/1/1 
f 5684/1/2 5695/1/2 5697/1/2 5643/1/2 
f 5640/1/1 5641/1/1 5698/1/1 5694/1/1 
f 5682/1/2 5693/1/2 5698/1/2 5641/1/2 
f 5650/1/60 5699/1/60 5700/1/60 5679/1/60 
f 5650/1/41 5651/1/41 5701/1/41 5699/1/41 
f 5701/1/3 5651/1/3 5679/1/3 5700/1/3 
f 5636/1/1 5637/1/1 5702/1/1 5703/1/1 
f 5678/1/2 5704/1/2 5702/1/2 5637/1/2 
f 5704/1/61 5678/1/61 5636/1/61 5703/1/61 
f 5676/1/2 5705/1/2 5706/1/2 5635/1/2 
f 5705/1/62 5676/1/62 5634/1/62 5707/1/62 
f 5634/1/1 5635/1/1 5706/1/1 5707/1/1 
f 5674/1/2 5708/1/2 5709/1/2 5633/1/2 
f 5708/1/63 5674/1/63 5632/1/63 5710/1/63 
f 5632/1/1 5633/1/1 5709/1/1 5710/1/1 
f 5654/1/41 5655/1/41 5711/1/41 5712/1/41 
f 5711/1/3 5655/1/3 5675/1/3 5713/1/3 
f 5654/1/64 5712/1/64 5713/1/64 5675/1/64 
f 5714/1/65 5670/1/65 5628/1/65 5715/1/65 
f 5628/1/1 5629/1/1 5716/1/1 5715/1/1 
f 5670/1/2 5714/1/2 5716/1/2 5629/1/2 
f 5668/1/2 5717/1/2 5718/1/2 5627/1/2 
f 5717/1/66 5668/1/66 5626/1/66 5719/1/66 
f 5626/1/1 5627/1/1 5718/1/1 5719/1/1 
f 5554/1/48 5548/1/48 5549/1/48 5550/1/48 
f 5554/1/48 5550/1/48 5553/1/48 
f 5720/1/3 5649/1/3 5681/1/3 5721/1/3 
f 5646/1/41 5647/1/41 5722/1/41 5723/1/41 
f 5646/1/67 5723/1/67 5724/1/67 5683/1/67 
f 5722/1/3 5647/1/3 5683/1/3 5724/1/3 
f 5725/1/3 5659/1/3 5671/1/3 5726/1/3 
f 5594/1/5 5615/1/5 5687/1/5 5550/1/5 
f 5590/1/5 5594/1/5 5550/1/5 5727/1/5 
f 5728/1/5 5727/1/5 5550/1/5 5602/1/5 
f 5728/1/5 5602/1/5 5533/1/5 5613/1/5 
f 5729/1/5 5728/1/5 5613/1/5 5615/1/5 
f 5591/1/5 5729/1/5 5615/1/5 5594/1/5 
f 5729/1/5 5591/1/5 5590/1/5 5727/1/5 
f 5613/1/5 5533/1/5 5532/1/5 5541/1/5 
f 5610/1/5 5541/1/5 5532/1/5 5607/1/5 
f 5607/1/5 5532/1/5 5730/1/5 5604/1/5 
f 5549/1/5 5607/1/5 5604/1/5 5599/1/5 
f 5550/1/5 5549/1/5 5599/1/5 5602/1/5 
f 5608/1/5 5607/1/5 5549/1/5 5597/1/5 
f 5598/1/5 5597/1/5 5549/1/5 5731/1/5 
f 5732/1/5 5731/1/5 5549/1/5 5733/1/5 
f 5734/1/5 5733/1/5 5549/1/5 5583/1/5 
f 5588/1/5 5583/1/5 5549/1/5 5735/1/5 
f 5736/1/5 5735/1/5 5549/1/5 5725/1/5 
f 5737/1/5 5725/1/5 5549/1/5 5738/1/5 
f 5739/1/5 5738/1/5 5549/1/5 5711/1/5 
f 5712/1/5 5711/1/5 5549/1/5 5740/1/5 
f 5741/1/5 5740/1/5 5549/1/5 5701/1/5 
f 5699/1/5 5701/1/5 5549/1/5 5720/1/5 
f 5742/1/5 5720/1/5 5549/1/5 5722/1/5 
f 5723/1/5 5722/1/5 5549/1/5 5563/1/5 
f 5570/1/5 5563/1/5 5549/1/5 5561/1/5 
f 5562/1/5 5561/1/5 5549/1/5 5558/1/5 
f 5567/1/5 5558/1/5 5549/1/5 5613/1/5 
f 5557/1/5 5567/1/5 5613/1/5 5690/1/5 
f 5691/1/5 5690/1/5 5613/1/5 5697/1/5 
f 5696/1/5 5697/1/5 5613/1/5 5698/1/5 
f 5694/1/5 5698/1/5 5613/1/5 5743/1/5 
f 5744/1/5 5743/1/5 5613/1/5 5702/1/5 
f 5703/1/5 5702/1/5 5613/1/5 5706/1/5 
f 5707/1/5 5706/1/5 5613/1/5 5709/1/5 
f 5710/1/5 5709/1/5 5613/1/5 5745/1/5 
f 5746/1/5 5745/1/5 5613/1/5 5716/1/5 
f 5715/1/5 5716/1/5 5613/1/5 5718/1/5 
f 5719/1/5 5718/1/5 5613/1/5 5575/1/5 
f 5578/1/5 5575/1/5 5613/1/5 5747/1/5 
f 5748/1/5 5747/1/5 5613/1/5 5536/1/5 
f 5537/1/5 5536/1/5 5613/1/5 5543/1/5 
f 5613/1/5 5541/1/5 5543/1/5 
f 5612/1/5 5537/1/5 5543/1/5 5597/1/5 
f 5597/1/5 5543/1/5 5538/1/5 5608/1/5 
f 5608/1/5 5538/1/5 5541/1/5 5610/1/5 
f 5537/1/5 5612/1/5 5598/1/5 5545/1/5 
f 5545/1/5 5598/1/5 5731/1/5 5536/1/5 
f 5536/1/5 5731/1/5 5749/1/5 5748/1/5 
f 5748/1/5 5749/1/5 5732/1/5 5750/1/5 
f 5750/1/5 5732/1/5 5733/1/5 5747/1/5 
f 5747/1/5 5733/1/5 5751/1/5 5578/1/5 
f 5578/1/5 5751/1/5 5734/1/5 5574/1/5 
f 5574/1/5 5734/1/5 5583/1/5 5575/1/5 
f 5575/1/5 5583/1/5 5586/1/5 5719/1/5 
f 5719/1/5 5586/1/5 5588/1/5 5717/1/5 
f 5717/1/5 5588/1/5 5735/1/5 5718/1/5 
f 5718/1/5 5735/1/5 5752/1/5 5715/1/5 
f 5715/1/5 5752/1/5 5736/1/5 5714/1/5 
f 5714/1/5 5736/1/5 5725/1/5 5716/1/5 
f 5716/1/5 5725/1/5 5726/1/5 5746/1/5 
f 5746/1/5 5726/1/5 5737/1/5 5753/1/5 
f 5753/1/5 5737/1/5 5738/1/5 5745/1/5 
f 5745/1/5 5738/1/5 5754/1/5 5710/1/5 
f 5710/1/5 5754/1/5 5739/1/5 5708/1/5 
f 5708/1/5 5739/1/5 5711/1/5 5709/1/5 
f 5709/1/5 5711/1/5 5713/1/5 5707/1/5 
f 5707/1/5 5713/1/5 5712/1/5 5705/1/5 
f 5705/1/5 5712/1/5 5740/1/5 5706/1/5 
f 5706/1/5 5740/1/5 5755/1/5 5703/1/5 
f 5703/1/5 5755/1/5 5741/1/5 5704/1/5 
f 5704/1/5 5741/1/5 5701/1/5 5702/1/5 
f 5702/1/5 5701/1/5 5700/1/5 5744/1/5 
f 5744/1/5 5700/1/5 5699/1/5 5756/1/5 
f 5756/1/5 5699/1/5 5720/1/5 5743/1/5 
f 5743/1/5 5720/1/5 5721/1/5 5694/1/5 
f 5694/1/5 5721/1/5 5742/1/5 5693/1/5 
f 5693/1/5 5742/1/5 5722/1/5 5698/1/5 
f 5698/1/5 5722/1/5 5724/1/5 5696/1/5 
f 5696/1/5 5724/1/5 5723/1/5 5695/1/5 
f 5695/1/5 5723/1/5 5563/1/5 5697/1/5 
f 5697/1/5 5563/1/5 5566/1/5 5691/1/5 
f 5691/1/5 5566/1/5 5570/1/5 5692/1/5 
f 5692/1/5 5570/1/5 5561/1/5 5690/1/5 
f 5690/1/5 5561/1/5 5572/1/5 5557/1/5 
f 5557/1/5 5572/1/5 5562/1/5 5558/1/5 
f 5604/1/5 5730/1/5 5533/1/5 5602/1/5 
f 5660/1/68 5736/1/68 5752/1/68 5669/1/68 
f 5658/1/69 5737/1/69 5726/1/69 5671/1/69 
f 5656/1/70 5739/1/70 5754/1/70 5673/1/70 
f 5658/1/41 5659/1/41 5725/1/41 5737/1/41 
f 5656/1/41 5657/1/41 5738/1/41 5739/1/41 
f 5672/1/2 5753/1/2 5745/1/2 5631/1/2 
f 5753/1/71 5672/1/71 5630/1/71 5746/1/71 
f 5738/1/3 5657/1/3 5673/1/3 5754/1/3 
f 5652/1/41 5653/1/41 5740/1/41 5741/1/41 
f 5740/1/3 5653/1/3 5677/1/3 5755/1/3 
f 5630/1/1 5631/1/1 5745/1/1 5746/1/1 
f 5756/1/72 5680/1/72 5638/1/72 5744/1/72 
f 5638/1/1 5639/1/1 5743/1/1 5744/1/1 
f 5652/1/73 5741/1/73 5755/1/73 5677/1/73 
f 5648/1/74 5742/1/74 5721/1/74 5681/1/74 
f 5680/1/2 5756/1/2 5743/1/2 5639/1/2 
f 5648/1/41 5649/1/41 5720/1/41 5742/1/41 
f 5735/1/3 5661/1/3 5669/1/3 5752/1/3 
f 5750/1/44 5665/1/44 5624/1/44 5748/1/44 
f 5660/1/41 5661/1/41 5735/1/41 5736/1/41 
f 5665/1/2 5750/1/2 5747/1/2 5625/1/2 
f 5624/1/1 5625/1/1 5747/1/1 5748/1/1 
f 5505/1/3 5432/1/3 5436/1/3 5524/1/3 
f 5431/1/41 5432/1/41 5505/1/41 5506/1/41 
f 5431/1/42 5506/1/42 5524/1/42 5436/1/42 
f 5390/1/33 5498/1/33 5500/1/33 5383/1/33 
f 5388/1/33 5390/1/33 5383/1/33 5384/1/33 
f 5392/1/1 5323/1/1 5319/1/1 5457/1/1 
f 5318/1/3 5317/1/3 5384/1/3 5383/1/3 
f 5503/1/3 5385/1/3 5435/1/3 5522/1/3 
f 5389/1/1 5387/1/1 5501/1/1 5499/1/1 
f 5433/1/43 5504/1/43 5522/1/43 5435/1/43 
f 5433/1/41 5385/1/41 5503/1/41 5504/1/41 
f 5455/1/2 5521/1/2 5301/1/2 5300/1/2 
f 5386/1/2 5502/1/2 5501/1/2 5387/1/2 
f 5502/1/44 5386/1/44 5389/1/44 5499/1/44 
f 5308/1/2 5307/1/2 5312/1/2 5311/1/2 
f 5521/1/45 5455/1/45 5299/1/45 5302/1/45 
f 5733/1/3 5663/1/3 5667/1/3 5751/1/3 
f 5662/1/41 5663/1/41 5733/1/41 5734/1/41 
f 5662/1/42 5734/1/42 5751/1/42 5667/1/42 
f 5613/1/33 5614/1/33 5619/1/33 5621/1/33 
f 5613/1/33 5621/1/33 5615/1/33 
f 5623/1/1 5553/1/1 5550/1/1 5687/1/1 
f 5549/1/3 5548/1/3 5614/1/3 5613/1/3 
f 5731/1/3 5616/1/3 5666/1/3 5749/1/3 
f 5620/1/1 5618/1/1 5728/1/1 5729/1/1 
f 5664/1/43 5732/1/43 5749/1/43 5666/1/43 
f 5664/1/41 5616/1/41 5731/1/41 5732/1/41 
f 5686/1/2 5730/1/2 5532/1/2 5531/1/2 
f 5617/1/2 5727/1/2 5728/1/2 5618/1/2 
f 5727/1/44 5617/1/44 5620/1/44 5729/1/44 
f 5539/1/2 5538/1/2 5543/1/2 5542/1/2 
f 5730/1/45 5686/1/45 5530/1/45 5533/1/45 
f 5757/1/112 5758/1/111 5759/1/111 5760/1/112 
f 5761/1/115 5762/1/114 5763/1/114 5764/1/115 
f 5765/1/116 5766/1/116 5761/1/115 5764/1/115 
f 5758/1/111 5767/1/110 5768/1/110 5759/1/111 
f 5762/1/114 5769/1/113 5770/1/113 5763/1/114 
f 5771/1/109 5772/1/109 5768/1/110 5767/1/110 
f 5769/1/113 5757/1/112 5760/1/112 5770/1/113 
f 5773/1/33 5774/1/33 5775/1/33 5776/1/33 
f 5777/1/33 5776/1/33 5775/1/33 5778/1/33 
f 5777/1/33 5778/1/33 5779/1/33 5622/1/33 
f 5780/1/40 5774/1/40 5773/1/40 5781/1/5 
f 5781/1/40 5780/1/40 5773/1/40 5776/1/5 
f 5781/1/40 5773/1/40 5776/1/40 5782/1/5 
f 5782/1/5 5781/1/5 5783/1/5 5784/1/5 
f 5785/1/5 5784/1/5 5783/1/5 5786/1/5 
f 5787/1/5 5786/1/5 5783/1/5 5788/1/5 
f 5789/1/5 5788/1/5 5783/1/5 5790/1/5 
f 5791/1/5 5790/1/5 5783/1/5 5792/1/5 
f 5793/1/5 5792/1/5 5783/1/5 5794/1/5 
f 5795/1/5 5794/1/5 5783/1/5 5796/1/5 
f 5797/1/5 5796/1/5 5783/1/5 5798/1/5 
f 5799/1/5 5798/1/5 5783/1/5 5800/1/5 
f 5801/1/5 5800/1/5 5783/1/5 5802/1/5 
f 5803/1/5 5802/1/5 5783/1/5 5804/1/5 
f 5805/1/5 5804/1/5 5783/1/5 5806/1/5 
f 5807/1/5 5806/1/5 5783/1/5 5808/1/5 
f 5809/1/5 5808/1/5 5783/1/5 5810/1/5 
f 5811/1/5 5810/1/5 5783/1/5 5812/1/5 
f 5813/1/5 5812/1/5 5783/1/5 5814/1/5 
f 5815/1/5 5814/1/5 5783/1/5 5816/1/5 
f 5816/1/5 5783/1/5 5817/1/5 5818/1/5 
f 5819/1/5 5815/1/5 5816/1/5 5820/1/5 
f 5820/1/5 5816/1/5 5821/1/5 5822/1/5 
f 5820/1/5 5822/1/5 5780/1/5 5823/1/5 
f 5824/1/5 5823/1/5 5780/1/5 5825/1/5 
f 5826/1/5 5825/1/5 5780/1/5 5827/1/5 
f 5828/1/5 5827/1/5 5780/1/5 5829/1/5 
f 5830/1/5 5829/1/5 5780/1/5 5831/1/5 
f 5832/1/5 5831/1/5 5780/1/5 5833/1/5 
f 5834/1/5 5833/1/5 5780/1/5 5835/1/5 
f 5836/1/5 5835/1/5 5780/1/5 5837/1/5 
f 5838/1/5 5837/1/5 5780/1/5 5839/1/5 
f 5840/1/5 5839/1/5 5780/1/5 5841/1/5 
f 5842/1/5 5841/1/5 5780/1/5 5843/1/5 
f 5844/1/5 5843/1/5 5780/1/5 5845/1/5 
f 5846/1/5 5845/1/5 5780/1/5 5847/1/5 
f 5848/1/5 5847/1/5 5780/1/5 5849/1/5 
f 5850/1/5 5849/1/5 5780/1/5 5851/1/5 
f 5852/1/5 5851/1/5 5780/1/5 5853/1/5 
f 5854/1/5 5853/1/5 5780/1/5 5785/1/5 
f 5854/1/5 5785/1/5 5786/1/5 5852/1/5 
f 5852/1/5 5786/1/5 5855/1/5 5851/1/5 
f 5856/1/5 5851/1/5 5855/1/5 5787/1/5 
f 5856/1/5 5787/1/5 5788/1/5 5850/1/5 
f 5850/1/5 5788/1/5 5857/1/5 5849/1/5 
f 5858/1/5 5849/1/5 5857/1/5 5789/1/5 
f 5858/1/5 5789/1/5 5790/1/5 5848/1/5 
f 5848/1/5 5790/1/5 5859/1/5 5847/1/5 
f 5860/1/5 5847/1/5 5859/1/5 5791/1/5 
f 5860/1/5 5791/1/5 5792/1/5 5846/1/5 
f 5846/1/5 5792/1/5 5861/1/5 5845/1/5 
f 5862/1/5 5845/1/5 5861/1/5 5793/1/5 
f 5862/1/5 5793/1/5 5794/1/5 5844/1/5 
f 5844/1/5 5794/1/5 5863/1/5 5843/1/5 
f 5864/1/5 5843/1/5 5863/1/5 5795/1/5 
f 5864/1/5 5795/1/5 5796/1/5 5842/1/5 
f 5842/1/5 5796/1/5 5865/1/5 5841/1/5 
f 5866/1/5 5841/1/5 5865/1/5 5797/1/5 
f 5866/1/5 5797/1/5 5798/1/5 5840/1/5 
f 5840/1/5 5798/1/5 5867/1/5 5839/1/5 
f 5868/1/5 5839/1/5 5867/1/5 5799/1/5 
f 5868/1/5 5799/1/5 5800/1/5 5838/1/5 
f 5838/1/5 5800/1/5 5869/1/5 5837/1/5 
f 5870/1/5 5837/1/5 5869/1/5 5801/1/5 
f 5870/1/5 5801/1/5 5802/1/5 5836/1/5 
f 5836/1/5 5802/1/5 5871/1/5 5835/1/5 
f 5872/1/5 5835/1/5 5871/1/5 5803/1/5 
f 5872/1/5 5803/1/5 5804/1/5 5834/1/5 
f 5834/1/5 5804/1/5 5873/1/5 5833/1/5 
f 5874/1/5 5833/1/5 5873/1/5 5805/1/5 
f 5874/1/5 5805/1/5 5806/1/5 5832/1/5 
f 5832/1/5 5806/1/5 5875/1/5 5831/1/5 
f 5876/1/5 5831/1/5 5875/1/5 5807/1/5 
f 5876/1/5 5807/1/5 5808/1/5 5830/1/5 
f 5830/1/5 5808/1/5 5877/1/5 5829/1/5 
f 5878/1/5 5829/1/5 5877/1/5 5809/1/5 
f 5878/1/5 5809/1/5 5810/1/5 5828/1/5 
f 5828/1/5 5810/1/5 5879/1/5 5827/1/5 
f 5880/1/5 5827/1/5 5879/1/5 5811/1/5 
f 5880/1/5 5811/1/5 5812/1/5 5826/1/5 
f 5826/1/5 5812/1/5 5881/1/5 5825/1/5 
f 5882/1/5 5825/1/5 5881/1/5 5813/1/5 
f 5882/1/5 5813/1/5 5814/1/5 5824/1/5 
f 5824/1/5 5814/1/5 5883/1/5 5823/1/5 
f 5819/1/5 5823/1/5 5883/1/5 5815/1/5 
f 5884/1/5 5785/1/5 5780/1/5 5773/1/5 
f 5784/1/5 5884/1/5 5773/1/5 5782/1/5 
f 5783/1/5 5781/1/5 5777/1/5 
f 5781/1/40 5776/1/40 5777/1/40 
f 5775/1/5 5885/1/5 5623/1/5 5778/1/5 
f 5778/1/40 5779/1/40 
f 5621/1/40 5623/1/40 5779/1/40 5886/1/40 
f 5621/1/40 5886/1/40 5887/1/40 5888/1/40 
f 5621/1/40 5888/1/40 5889/1/40 5890/1/40 
f 5621/1/40 5890/1/40 5891/1/40 5892/1/40 
f 5621/1/40 5892/1/40 5893/1/40 5894/1/40 
f 5621/1/40 5894/1/40 5895/1/40 5896/1/40 
f 5621/1/40 5896/1/40 5897/1/40 5898/1/40 
f 5621/1/40 5898/1/40 5899/1/40 5900/1/40 
f 5621/1/40 5900/1/40 5901/1/40 5902/1/40 
f 5621/1/40 5902/1/40 5903/1/40 5904/1/40 
f 5621/1/40 5904/1/40 5905/1/40 5906/1/40 
f 5621/1/40 5906/1/40 5907/1/40 5908/1/40 
f 5621/1/40 5908/1/40 5909/1/40 5910/1/40 
f 5621/1/40 5910/1/40 5911/1/40 5912/1/40 
f 5621/1/40 5912/1/40 5913/1/40 5914/1/40 
f 5621/1/40 5914/1/40 5915/1/40 5916/1/40 
f 5621/1/40 5916/1/40 5917/1/40 5918/1/40 
f 5621/1/40 5918/1/40 5919/1/40 5920/1/40 
f 5621/1/40 5920/1/40 5921/1/40 
f 5922/1/40 5919/1/40 5918/1/40 5923/1/40 
f 5923/1/40 5918/1/40 5924/1/40 5925/1/40 
f 5923/1/40 5925/1/40 5885/1/40 5926/1/40 
f 5926/1/40 5885/1/40 5927/1/40 5919/1/40 
f 5927/1/40 5928/1/40 5919/1/40 
f 5926/1/40 5919/1/40 5922/1/40 
f 5885/1/40 5925/1/40 5929/1/40 5930/1/40 
f 5931/1/40 5930/1/40 5929/1/40 5916/1/40 
f 5916/1/40 5929/1/40 5932/1/40 5917/1/40 
f 5917/1/40 5932/1/40 5925/1/40 5924/1/40 
f 5930/1/40 5931/1/40 5915/1/40 5933/1/40 
f 5933/1/40 5915/1/40 5914/1/40 5934/1/40 
f 5934/1/40 5914/1/40 5935/1/40 5936/1/40 
f 5934/1/40 5936/1/40 5885/1/40 5930/1/40 
f 5885/1/40 5936/1/40 5937/1/40 5938/1/40 
f 5939/1/40 5938/1/40 5937/1/40 5912/1/40 
f 5912/1/40 5937/1/40 5940/1/40 5913/1/40 
f 5913/1/40 5940/1/40 5936/1/40 5935/1/40 
f 5938/1/40 5939/1/40 5911/1/40 5941/1/40 
f 5941/1/40 5911/1/40 5910/1/40 5942/1/40 
f 5942/1/40 5910/1/40 5943/1/40 5944/1/40 
f 5942/1/40 5944/1/40 5885/1/40 5938/1/40 
f 5885/1/40 5944/1/40 5945/1/40 5946/1/40 
f 5947/1/40 5946/1/40 5945/1/40 5908/1/40 
f 5908/1/40 5945/1/40 5948/1/40 5909/1/40 
f 5909/1/40 5948/1/40 5944/1/40 5943/1/40 
f 5946/1/40 5947/1/40 5907/1/40 5949/1/40 
f 5949/1/40 5907/1/40 5906/1/40 5950/1/40 
f 5950/1/40 5906/1/40 5951/1/40 5952/1/40 
f 5950/1/40 5952/1/40 5885/1/40 5946/1/40 
f 5885/1/40 5952/1/40 5953/1/40 5954/1/40 
f 5955/1/40 5954/1/40 5953/1/40 5904/1/40 
f 5904/1/40 5953/1/40 5956/1/40 5905/1/40 
f 5905/1/40 5956/1/40 5952/1/40 5951/1/40 
f 5954/1/40 5955/1/40 5903/1/40 5957/1/40 
f 5957/1/40 5903/1/40 5902/1/40 5958/1/40 
f 5958/1/40 5902/1/40 5959/1/40 5960/1/40 
f 5958/1/40 5960/1/40 5885/1/40 5954/1/40 
f 5885/1/40 5960/1/40 5961/1/40 5962/1/40 
f 5963/1/40 5962/1/40 5961/1/40 5900/1/40 
f 5900/1/40 5961/1/40 5964/1/40 5901/1/40 
f 5901/1/40 5964/1/40 5960/1/40 5959/1/40 
f 5962/1/40 5963/1/40 5899/1/40 5965/1/40 
f 5965/1/40 5899/1/40 5898/1/40 5966/1/40 
f 5966/1/40 5898/1/40 5967/1/40 5968/1/40 
f 5966/1/40 5968/1/40 5885/1/40 5962/1/40 
f 5885/1/40 5968/1/40 5969/1/40 5970/1/40 
f 5971/1/40 5970/1/40 5969/1/40 5896/1/40 
f 5896/1/40 5969/1/40 5972/1/40 5897/1/40 
f 5897/1/40 5972/1/40 5968/1/40 5967/1/40 
f 5970/1/40 5971/1/40 5895/1/40 5973/1/40 
f 5973/1/40 5895/1/40 5894/1/40 5974/1/40 
f 5974/1/40 5894/1/40 5975/1/40 5976/1/40 
f 5974/1/40 5976/1/40 5885/1/40 5970/1/40 
f 5885/1/40 5976/1/40 5977/1/40 5978/1/40 
f 5979/1/40 5978/1/40 5977/1/40 5892/1/40 
f 5892/1/40 5977/1/40 5980/1/40 5893/1/40 
f 5893/1/40 5980/1/40 5976/1/40 5975/1/40 
f 5978/1/40 5979/1/40 5891/1/40 5981/1/40 
f 5981/1/40 5891/1/40 5890/1/40 5982/1/40 
f 5982/1/40 5890/1/40 5983/1/40 5984/1/40 
f 5982/1/40 5984/1/40 5885/1/40 5978/1/40 
f 5885/1/40 5984/1/40 5985/1/40 5888/1/40 
f 5888/1/40 5985/1/40 5986/1/40 5889/1/40 
f 5889/1/40 5986/1/40 5984/1/40 5983/1/40 
f 5885/1/40 5888/1/40 5987/1/40 5778/1/40 
f 5885/1/40 5778/1/40 5623/1/40 
f 5778/1/40 5987/1/40 5887/1/40 5886/1/40 
f 5623/1/40 5621/1/40 5622/1/40 
f 5779/1/5 5623/1/5 5622/1/5 
f 5988/1/40 5989/1/40 5990/1/40 5157/1/5 
f 5157/1/40 5988/1/40 5990/1/40 5991/1/5 
f 5157/1/40 5990/1/40 5991/1/40 5992/1/5 
f 5992/1/5 5157/1/5 5236/1/5 5993/1/5 
f 5994/1/5 5993/1/5 5236/1/5 5995/1/5 
f 5996/1/5 5995/1/5 5236/1/5 5997/1/5 
f 5998/1/5 5997/1/5 5236/1/5 5999/1/5 
f 6000/1/5 5999/1/5 5236/1/5 6001/1/5 
f 6002/1/5 6001/1/5 5236/1/5 6003/1/5 
f 6004/1/5 6003/1/5 5236/1/5 6005/1/5 
f 6006/1/5 6005/1/5 5236/1/5 6007/1/5 
f 6008/1/5 6007/1/5 5236/1/5 6009/1/5 
f 6010/1/5 6009/1/5 5236/1/5 6011/1/5 
f 6012/1/5 6011/1/5 5236/1/5 6013/1/5 
f 6014/1/5 6013/1/5 5236/1/5 6015/1/5 
f 6016/1/5 6015/1/5 5236/1/5 6017/1/5 
f 6018/1/5 6017/1/5 5236/1/5 6019/1/5 
f 6020/1/5 6019/1/5 5236/1/5 6021/1/5 
f 6022/1/5 6021/1/5 5236/1/5 6023/1/5 
f 6024/1/5 6023/1/5 5236/1/5 6025/1/5 
f 6025/1/5 5236/1/5 6026/1/5 6027/1/5 
f 6028/1/5 6024/1/5 6025/1/5 6029/1/5 
f 6029/1/5 6025/1/5 6030/1/5 6031/1/5 
f 6029/1/5 6031/1/5 5988/1/5 6032/1/5 
f 6033/1/5 6032/1/5 5988/1/5 6034/1/5 
f 6035/1/5 6034/1/5 5988/1/5 6036/1/5 
f 6037/1/5 6036/1/5 5988/1/5 6038/1/5 
f 6039/1/5 6038/1/5 5988/1/5 6040/1/5 
f 6041/1/5 6040/1/5 5988/1/5 6042/1/5 
f 6043/1/5 6042/1/5 5988/1/5 6044/1/5 
f 6045/1/5 6044/1/5 5988/1/5 6046/1/5 
f 6047/1/5 6046/1/5 5988/1/5 6048/1/5 
f 6049/1/5 6048/1/5 5988/1/5 6050/1/5 
f 6051/1/5 6050/1/5 5988/1/5 6052/1/5 
f 6053/1/5 6052/1/5 5988/1/5 6054/1/5 
f 6055/1/5 6054/1/5 5988/1/5 6056/1/5 
f 6057/1/5 6056/1/5 5988/1/5 6058/1/5 
f 6059/1/5 6058/1/5 5988/1/5 6060/1/5 
f 6061/1/5 6060/1/5 5988/1/5 6062/1/5 
f 6063/1/5 6062/1/5 5988/1/5 5994/1/5 
f 6063/1/5 5994/1/5 5995/1/5 6061/1/5 
f 6061/1/5 5995/1/5 6064/1/5 6060/1/5 
f 6065/1/5 6060/1/5 6064/1/5 5996/1/5 
f 6065/1/5 5996/1/5 5997/1/5 6059/1/5 
f 6059/1/5 5997/1/5 6066/1/5 6058/1/5 
f 6067/1/5 6058/1/5 6066/1/5 5998/1/5 
f 6067/1/5 5998/1/5 5999/1/5 6057/1/5 
f 6057/1/5 5999/1/5 6068/1/5 6056/1/5 
f 6069/1/5 6056/1/5 6068/1/5 6000/1/5 
f 6069/1/5 6000/1/5 6001/1/5 6055/1/5 
f 6055/1/5 6001/1/5 6070/1/5 6054/1/5 
f 6071/1/5 6054/1/5 6070/1/5 6002/1/5 
f 6071/1/5 6002/1/5 6003/1/5 6053/1/5 
f 6053/1/5 6003/1/5 6072/1/5 6052/1/5 
f 6073/1/5 6052/1/5 6072/1/5 6004/1/5 
f 6073/1/5 6004/1/5 6005/1/5 6051/1/5 
f 6051/1/5 6005/1/5 6074/1/5 6050/1/5 
f 6075/1/5 6050/1/5 6074/1/5 6006/1/5 
f 6075/1/5 6006/1/5 6007/1/5 6049/1/5 
f 6049/1/5 6007/1/5 6076/1/5 6048/1/5 
f 6077/1/5 6048/1/5 6076/1/5 6008/1/5 
f 6077/1/5 6008/1/5 6009/1/5 6047/1/5 
f 6047/1/5 6009/1/5 6078/1/5 6046/1/5 
f 6079/1/5 6046/1/5 6078/1/5 6010/1/5 
f 6079/1/5 6010/1/5 6011/1/5 6045/1/5 
f 6045/1/5 6011/1/5 6080/1/5 6044/1/5 
f 6081/1/5 6044/1/5 6080/1/5 6012/1/5 
f 6081/1/5 6012/1/5 6013/1/5 6043/1/5 
f 6043/1/5 6013/1/5 6082/1/5 6042/1/5 
f 6083/1/5 6042/1/5 6082/1/5 6014/1/5 
f 6083/1/5 6014/1/5 6015/1/5 6041/1/5 
f 6041/1/5 6015/1/5 6084/1/5 6040/1/5 
f 6085/1/5 6040/1/5 6084/1/5 6016/1/5 
f 6085/1/5 6016/1/5 6017/1/5 6039/1/5 
f 6039/1/5 6017/1/5 6086/1/5 6038/1/5 
f 6087/1/5 6038/1/5 6086/1/5 6018/1/5 
f 6087/1/5 6018/1/5 6019/1/5 6037/1/5 
f 6037/1/5 6019/1/5 6088/1/5 6036/1/5 
f 6089/1/5 6036/1/5 6088/1/5 6020/1/5 
f 6089/1/5 6020/1/5 6021/1/5 6035/1/5 
f 6035/1/5 6021/1/5 6090/1/5 6034/1/5 
f 6091/1/5 6034/1/5 6090/1/5 6022/1/5 
f 6091/1/5 6022/1/5 6023/1/5 6033/1/5 
f 6033/1/5 6023/1/5 6092/1/5 6032/1/5 
f 6028/1/5 6032/1/5 6092/1/5 6024/1/5 
f 6093/1/5 5994/1/5 5988/1/5 5990/1/5 
f 5993/1/5 6093/1/5 5990/1/5 5992/1/5 
f 5236/1/5 5157/1/5 5234/1/5 
f 5157/1/40 5991/1/40 5234/1/40 
f 6094/1/5 6095/1/5 6096/1/5 6097/1/5 
f 6097/1/40 6098/1/40 
f 6099/1/40 6096/1/40 6098/1/40 6100/1/40 
f 6099/1/40 6100/1/40 6101/1/40 6102/1/40 
f 6099/1/40 6102/1/40 6103/1/40 6104/1/40 
f 6099/1/40 6104/1/40 6105/1/40 6106/1/40 
f 6099/1/40 6106/1/40 6107/1/40 6108/1/40 
f 6099/1/40 6108/1/40 6109/1/40 6110/1/40 
f 6099/1/40 6110/1/40 6111/1/40 6112/1/40 
f 6099/1/40 6112/1/40 6113/1/40 6114/1/40 
f 6099/1/40 6114/1/40 6115/1/40 6116/1/40 
f 6099/1/40 6116/1/40 6117/1/40 6118/1/40 
f 6099/1/40 6118/1/40 6119/1/40 6120/1/40 
f 6099/1/40 6120/1/40 6121/1/40 6122/1/40 
f 6099/1/40 6122/1/40 6123/1/40 6124/1/40 
f 6099/1/40 6124/1/40 6125/1/40 6126/1/40 
f 6099/1/40 6126/1/40 6127/1/40 6128/1/40 
f 6099/1/40 6128/1/40 6129/1/40 6130/1/40 
f 6099/1/40 6130/1/40 6131/1/40 6132/1/40 
f 6099/1/40 6132/1/40 6133/1/40 6134/1/40 
f 6099/1/40 6134/1/40 6135/1/40 
f 6136/1/40 6133/1/40 6132/1/40 6137/1/40 
f 6137/1/40 6132/1/40 6138/1/40 6139/1/40 
f 6137/1/40 6139/1/40 6095/1/40 6140/1/40 
f 6140/1/40 6095/1/40 6141/1/40 6133/1/40 
f 6141/1/40 6142/1/40 6133/1/40 
f 6140/1/40 6133/1/40 6136/1/40 
f 6095/1/40 6139/1/40 6143/1/40 6144/1/40 
f 6145/1/40 6144/1/40 6143/1/40 6130/1/40 
f 6130/1/40 6143/1/40 6146/1/40 6131/1/40 
f 6131/1/40 6146/1/40 6139/1/40 6138/1/40 
f 6144/1/40 6145/1/40 6129/1/40 6147/1/40 
f 6147/1/40 6129/1/40 6128/1/40 6148/1/40 
f 6148/1/40 6128/1/40 6149/1/40 6150/1/40 
f 6148/1/40 6150/1/40 6095/1/40 6144/1/40 
f 6095/1/40 6150/1/40 6151/1/40 6152/1/40 
f 6153/1/40 6152/1/40 6151/1/40 6126/1/40 
f 6126/1/40 6151/1/40 6154/1/40 6127/1/40 
f 6127/1/40 6154/1/40 6150/1/40 6149/1/40 
f 6152/1/40 6153/1/40 6125/1/40 6155/1/40 
f 6155/1/40 6125/1/40 6124/1/40 6156/1/40 
f 6156/1/40 6124/1/40 6157/1/40 6158/1/40 
f 6156/1/40 6158/1/40 6095/1/40 6152/1/40 
f 6095/1/40 6158/1/40 6159/1/40 6160/1/40 
f 6161/1/40 6160/1/40 6159/1/40 6122/1/40 
f 6122/1/40 6159/1/40 6162/1/40 6123/1/40 
f 6123/1/40 6162/1/40 6158/1/40 6157/1/40 
f 6160/1/40 6161/1/40 6121/1/40 6163/1/40 
f 6163/1/40 6121/1/40 6120/1/40 6164/1/40 
f 6164/1/40 6120/1/40 6165/1/40 6166/1/40 
f 6164/1/40 6166/1/40 6095/1/40 6160/1/40 
f 6095/1/40 6166/1/40 6167/1/40 6168/1/40 
f 6169/1/40 6168/1/40 6167/1/40 6118/1/40 
f 6118/1/40 6167/1/40 6170/1/40 6119/1/40 
f 6119/1/40 6170/1/40 6166/1/40 6165/1/40 
f 6168/1/40 6169/1/40 6117/1/40 6171/1/40 
f 6171/1/40 6117/1/40 6116/1/40 6172/1/40 
f 6172/1/40 6116/1/40 6173/1/40 6174/1/40 
f 6172/1/40 6174/1/40 6095/1/40 6168/1/40 
f 6095/1/40 6174/1/40 6175/1/40 6176/1/40 
f 6177/1/40 6176/1/40 6175/1/40 6114/1/40 
f 6114/1/40 6175/1/40 6178/1/40 6115/1/40 
f 6115/1/40 6178/1/40 6174/1/40 6173/1/40 
f 6176/1/40 6177/1/40 6113/1/40 6179/1/40 
f 6179/1/40 6113/1/40 6112/1/40 6180/1/40 
f 6180/1/40 6112/1/40 6181/1/40 6182/1/40 
f 6180/1/40 6182/1/40 6095/1/40 6176/1/40 
f 6095/1/40 6182/1/40 6183/1/40 6184/1/40 
f 6185/1/40 6184/1/40 6183/1/40 6110/1/40 
f 6110/1/40 6183/1/40 6186/1/40 6111/1/40 
f 6111/1/40 6186/1/40 6182/1/40 6181/1/40 
f 6184/1/40 6185/1/40 6109/1/40 6187/1/40 
f 6187/1/40 6109/1/40 6108/1/40 6188/1/40 
f 6188/1/40 6108/1/40 6189/1/40 6190/1/40 
f 6188/1/40 6190/1/40 6095/1/40 6184/1/40 
f 6095/1/40 6190/1/40 6191/1/40 6192/1/40 
f 6193/1/40 6192/1/40 6191/1/40 6106/1/40 
f 6106/1/40 6191/1/40 6194/1/40 6107/1/40 
f 6107/1/40 6194/1/40 6190/1/40 6189/1/40 
f 6192/1/40 6193/1/40 6105/1/40 6195/1/40 
f 6195/1/40 6105/1/40 6104/1/40 6196/1/40 
f 6196/1/40 6104/1/40 6197/1/40 6198/1/40 
f 6196/1/40 6198/1/40 6095/1/40 6192/1/40 
f 6095/1/40 6198/1/40 6199/1/40 6102/1/40 
f 6102/1/40 6199/1/40 6200/1/40 6103/1/40 
f 6103/1/40 6200/1/40 6198/1/40 6197/1/40 
f 6095/1/40 6102/1/40 6201/1/40 6097/1/40 
f 6095/1/40 6097/1/40 6096/1/40 
f 6097/1/40 6201/1/40 6101/1/40 6100/1/40 
f 6096/1/40 6099/1/40 6202/1/40 
f 6098/1/5 6096/1/5 6202/1/5 
f 5990/1/33 5989/1/33 6094/1/33 5991/1/33 
f 5234/1/33 5991/1/33 6094/1/33 6097/1/33 
f 5234/1/33 6097/1/33 6098/1/33 6202/1/33 
f 5763/1/84 6203/1/84 6204/1/85 5764/1/85 
f 6205/1/95 6206/1/95 6207/1/94 6208/1/94 
f 6209/1/81 6210/1/82 5760/1/82 5759/1/81 
f 6211/1/98 6212/1/98 6213/1/97 6214/1/97 
f 5764/1/85 6204/1/85 6215/1/86 5765/1/86 
f 6216/1/90 6217/1/91 6218/1/91 6219/1/90 
f 6220/1/2 6221/1/2 6222/1/2 6223/1/2 
f 6223/1/2 6222/1/2 6224/1/2 6225/1/2 
f 6226/1/100 6227/1/100 6228/1/99 6229/1/99 
f 6217/1/91 6230/1/92 6231/1/92 6218/1/91 
f 6232/1/104 6209/1/81 5759/1/81 5768/1/104 
f 5552/1/3 6233/1/3 6234/1/3 5553/1/3 
f 5553/1/3 6234/1/3 6235/1/3 6236/1/3 
f 5688/1/5 6237/1/5 6238/1/5 5551/1/5 
f 5781/1/40 5777/1/40 6239/1/40 6234/1/40 
f 6234/1/5 
f 6240/1/5 6241/1/5 6234/1/5 6242/1/5 
f 6240/1/5 6242/1/5 6243/1/5 6244/1/5 
f 6245/1/5 6240/1/5 6244/1/5 5783/1/5 
f 6246/1/5 6245/1/5 5783/1/5 6239/1/5 
f 5777/1/5 6239/1/5 5783/1/5 
f 6245/1/5 6246/1/5 6247/1/5 6241/1/5 
f 6244/1/5 6243/1/5 6248/1/5 6249/1/5 
f 6250/1/5 6249/1/5 6248/1/5 6251/1/5 
f 6251/1/5 6248/1/5 6252/1/5 6253/1/5 
f 6254/1/5 6251/1/5 6253/1/5 6255/1/5 
f 6234/1/5 6254/1/5 6255/1/5 6242/1/5 
f 6256/1/5 6251/1/5 6254/1/5 6257/1/5 
f 6258/1/5 6257/1/5 6254/1/5 6259/1/5 
f 6260/1/5 6259/1/5 6254/1/5 6261/1/5 
f 6262/1/5 6261/1/5 6254/1/5 6263/1/5 
f 6264/1/5 6263/1/5 6254/1/5 6265/1/5 
f 6266/1/5 6265/1/5 6254/1/5 6267/1/5 
f 6268/1/5 6267/1/5 6254/1/5 6269/1/5 
f 6270/1/5 6269/1/5 6254/1/5 6271/1/5 
f 6272/1/5 6271/1/5 6254/1/5 6273/1/5 
f 6274/1/5 6273/1/5 6254/1/5 6275/1/5 
f 6276/1/5 6275/1/5 6254/1/5 6277/1/5 
f 6278/1/5 6277/1/5 6254/1/5 6279/1/5 
f 6280/1/5 6279/1/5 6254/1/5 6281/1/5 
f 6282/1/5 6281/1/5 6254/1/5 6283/1/5 
f 6284/1/5 6283/1/5 6254/1/5 6285/1/5 
f 6284/1/5 6285/1/5 6286/1/5 6287/1/5 
f 6288/1/5 6287/1/5 6286/1/5 6244/1/5 
f 6289/1/5 6288/1/5 6244/1/5 6290/1/5 
f 6291/1/5 6290/1/5 6244/1/5 6292/1/5 
f 6293/1/5 6292/1/5 6244/1/5 6294/1/5 
f 6295/1/5 6294/1/5 6244/1/5 6296/1/5 
f 6297/1/5 6296/1/5 6244/1/5 6298/1/5 
f 6299/1/5 6298/1/5 6244/1/5 6300/1/5 
f 6301/1/5 6300/1/5 6244/1/5 6302/1/5 
f 6303/1/5 6302/1/5 6244/1/5 6304/1/5 
f 6305/1/5 6304/1/5 6244/1/5 6306/1/5 
f 6307/1/5 6306/1/5 6244/1/5 6308/1/5 
f 6309/1/5 6308/1/5 6244/1/5 6310/1/5 
f 6311/1/5 6310/1/5 6244/1/5 6312/1/5 
f 6313/1/5 6312/1/5 6244/1/5 6314/1/5 
f 6244/1/5 6249/1/5 6314/1/5 
f 6315/1/5 6313/1/5 6314/1/5 6257/1/5 
f 6257/1/5 6314/1/5 6316/1/5 6256/1/5 
f 6256/1/5 6316/1/5 6249/1/5 6250/1/5 
f 6313/1/5 6315/1/5 6258/1/5 6317/1/5 
f 6317/1/5 6258/1/5 6259/1/5 6312/1/5 
f 6312/1/5 6259/1/5 6318/1/5 6311/1/5 
f 6311/1/5 6318/1/5 6260/1/5 6319/1/5 
f 6319/1/5 6260/1/5 6261/1/5 6310/1/5 
f 6310/1/5 6261/1/5 6320/1/5 6309/1/5 
f 6309/1/5 6320/1/5 6262/1/5 6321/1/5 
f 6321/1/5 6262/1/5 6263/1/5 6308/1/5 
f 6308/1/5 6263/1/5 6322/1/5 6307/1/5 
f 6307/1/5 6322/1/5 6264/1/5 6323/1/5 
f 6323/1/5 6264/1/5 6265/1/5 6306/1/5 
f 6306/1/5 6265/1/5 6324/1/5 6305/1/5 
f 6305/1/5 6324/1/5 6266/1/5 6325/1/5 
f 6325/1/5 6266/1/5 6267/1/5 6304/1/5 
f 6304/1/5 6267/1/5 6326/1/5 6303/1/5 
f 6303/1/5 6326/1/5 6268/1/5 6327/1/5 
f 6327/1/5 6268/1/5 6269/1/5 6302/1/5 
f 6302/1/5 6269/1/5 6328/1/5 6301/1/5 
f 6301/1/5 6328/1/5 6270/1/5 6329/1/5 
f 6329/1/5 6270/1/5 6271/1/5 6300/1/5 
f 6300/1/5 6271/1/5 6330/1/5 6299/1/5 
f 6299/1/5 6330/1/5 6272/1/5 6331/1/5 
f 6331/1/5 6272/1/5 6273/1/5 6298/1/5 
f 6298/1/5 6273/1/5 6332/1/5 6297/1/5 
f 6297/1/5 6332/1/5 6274/1/5 6333/1/5 
f 6333/1/5 6274/1/5 6275/1/5 6296/1/5 
f 6296/1/5 6275/1/5 6334/1/5 6295/1/5 
f 6295/1/5 6334/1/5 6276/1/5 6335/1/5 
f 6335/1/5 6276/1/5 6277/1/5 6294/1/5 
f 6294/1/5 6277/1/5 6336/1/5 6293/1/5 
f 6293/1/5 6336/1/5 6278/1/5 6337/1/5 
f 6337/1/5 6278/1/5 6279/1/5 6292/1/5 
f 6292/1/5 6279/1/5 6338/1/5 6291/1/5 
f 6291/1/5 6338/1/5 6280/1/5 6339/1/5 
f 6339/1/5 6280/1/5 6281/1/5 6290/1/5 
f 6290/1/5 6281/1/5 6340/1/5 6289/1/5 
f 6289/1/5 6340/1/5 6282/1/5 6341/1/5 
f 6341/1/5 6282/1/5 6283/1/5 6288/1/5 
f 6287/1/5 6288/1/5 6283/1/5 
f 6244/1/5 6286/1/5 6342/1/5 
f 6253/1/5 6252/1/5 6243/1/5 6242/1/5 
f 6234/1/40 6247/1/40 6235/1/40 
f 5109/1/40 5105/1/40 5160/1/40 5164/1/40 
f 5109/1/40 5164/1/40 5100/1/40 5094/1/40 
f 5104/1/40 5109/1/40 5094/1/40 5224/1/40 
f 5225/1/40 5224/1/40 5094/1/40 5283/1/40 
f 5221/1/40 5283/1/40 5094/1/40 5178/1/40 
f 5182/1/40 5178/1/40 5094/1/40 5277/1/40 
f 5278/1/40 5277/1/40 5094/1/40 5202/1/40 
f 5203/1/40 5202/1/40 5094/1/40 5271/1/40 
f 5273/1/40 5271/1/40 5094/1/40 5270/1/40 
f 5231/1/40 5270/1/40 5094/1/40 5268/1/40 
f 5284/1/40 5268/1/40 5094/1/40 5127/1/40 
f 5124/1/40 5127/1/40 5094/1/40 5290/1/40 
f 5288/1/40 5290/1/40 5094/1/40 5296/1/40 
f 5292/1/40 5296/1/40 5094/1/40 5135/1/40 
f 5136/1/40 5135/1/40 5094/1/40 5145/1/40 
f 5146/1/40 5145/1/40 5094/1/40 5143/1/40 
f 5140/1/40 5143/1/40 5094/1/40 5093/1/40 
f 5141/1/40 5140/1/40 5093/1/40 5298/1/40 
f 5141/1/40 5298/1/40 5295/1/40 5069/1/40 
f 5155/1/40 5069/1/40 5295/1/40 5294/1/40 
f 5291/1/40 5155/1/40 5294/1/40 5132/1/40 
f 6343/1/40 5291/1/40 5132/1/40 5159/1/40 
f 5159/1/40 5132/1/40 5133/1/40 5093/1/40 
f 5093/1/5 
f 5129/1/40 5132/1/40 5294/1/40 5298/1/40 
f 5093/1/40 5129/1/40 5298/1/40 
f 5070/1/40 5069/1/40 5155/1/40 5079/1/40 
f 5081/1/40 5079/1/40 5155/1/40 5073/1/40 
f 5074/1/40 5073/1/40 5155/1/40 5286/1/40 
f 5287/1/40 5286/1/40 5155/1/40 5117/1/40 
f 5116/1/40 5117/1/40 5155/1/40 5218/1/40 
f 5217/1/40 5218/1/40 5155/1/40 5210/1/40 
f 5212/1/40 5210/1/40 5155/1/40 5276/1/40 
f 5275/1/40 5276/1/40 5155/1/40 5200/1/40 
f 5199/1/40 5200/1/40 5155/1/40 5194/1/40 
f 5193/1/40 5194/1/40 5155/1/40 5184/1/40 
f 5185/1/40 5184/1/40 5155/1/40 5281/1/40 
f 5282/1/40 5281/1/40 5155/1/40 5168/1/40 
f 5176/1/40 5168/1/40 5155/1/40 5172/1/40 
f 5174/1/40 5172/1/40 5155/1/40 5160/1/40 
f 5161/1/40 5160/1/40 5155/1/40 5096/1/40 
f 5096/1/40 5155/1/40 5108/1/40 
f 5111/1/40 5161/1/40 5096/1/40 5099/1/40 
f 5099/1/40 5096/1/40 5095/1/40 5094/1/40 
f 5094/1/40 5100/1/40 5099/1/40 
f 5164/1/40 5161/1/40 5111/1/40 5100/1/40 
f 5174/1/40 5160/1/40 5105/1/40 5171/1/40 
f 5171/1/40 5105/1/40 5104/1/40 5224/1/40 
f 5172/1/40 5171/1/40 5224/1/40 5229/1/40 
f 5176/1/40 5172/1/40 5229/1/40 5167/1/40 
f 5167/1/40 5229/1/40 5225/1/40 5283/1/40 
f 5168/1/40 5167/1/40 5283/1/40 5222/1/40 
f 5282/1/40 5168/1/40 5222/1/40 5280/1/40 
f 5280/1/40 5222/1/40 5221/1/40 5178/1/40 
f 5281/1/40 5280/1/40 5178/1/40 5181/1/40 
f 5185/1/40 5281/1/40 5181/1/40 5188/1/40 
f 5188/1/40 5181/1/40 5182/1/40 5277/1/40 
f 5184/1/40 5188/1/40 5277/1/40 5279/1/40 
f 5193/1/40 5184/1/40 5279/1/40 5190/1/40 
f 5190/1/40 5279/1/40 5278/1/40 5202/1/40 
f 5194/1/40 5190/1/40 5202/1/40 5206/1/40 
f 5199/1/40 5194/1/40 5206/1/40 5196/1/40 
f 5196/1/40 5206/1/40 5203/1/40 5271/1/40 
f 5200/1/40 5196/1/40 5271/1/40 5272/1/40 
f 5275/1/40 5200/1/40 5272/1/40 5274/1/40 
f 5274/1/40 5272/1/40 5273/1/40 5270/1/40 
f 5276/1/40 5274/1/40 5270/1/40 5232/1/40 
f 5212/1/40 5276/1/40 5232/1/40 5209/1/40 
f 5209/1/40 5232/1/40 5231/1/40 5268/1/40 
f 5210/1/40 5209/1/40 5268/1/40 5269/1/40 
f 5217/1/40 5210/1/40 5269/1/40 5214/1/40 
f 5214/1/40 5269/1/40 5284/1/40 5127/1/40 
f 5218/1/40 5214/1/40 5127/1/40 5125/1/40 
f 5116/1/40 5218/1/40 5125/1/40 5113/1/40 
f 5113/1/40 5125/1/40 5124/1/40 5290/1/40 
f 5117/1/40 5113/1/40 5290/1/40 5289/1/40 
f 5287/1/40 5117/1/40 5289/1/40 5285/1/40 
f 5285/1/40 5289/1/40 5288/1/40 5296/1/40 
f 5286/1/40 5285/1/40 5296/1/40 5293/1/40 
f 5074/1/40 5286/1/40 5293/1/40 5083/1/40 
f 5083/1/40 5293/1/40 5292/1/40 5135/1/40 
f 5073/1/40 5083/1/40 5135/1/40 5151/1/40 
f 5081/1/40 5073/1/40 5151/1/40 5078/1/40 
f 5078/1/40 5151/1/40 5136/1/40 5145/1/40 
f 5079/1/40 5078/1/40 5145/1/40 5149/1/40 
f 5070/1/40 5079/1/40 5149/1/40 5297/1/40 
f 5297/1/40 5149/1/40 5146/1/40 5143/1/40 
f 5069/1/40 5297/1/40 5143/1/40 5141/1/40 
f 6229/1/99 6228/1/99 6212/1/98 6211/1/98 
f 5770/1/83 6344/1/83 6203/1/84 5763/1/84 
f 6345/1/87 6346/1/87 6347/1/88 6348/1/88 
f 6230/1/92 6349/1/93 6350/1/93 6231/1/92 
f 5765/1/86 6215/1/86 6346/1/87 6345/1/87 
f 6347/1/88 6351/1/89 6352/1/89 6348/1/88 
f 6351/1/89 6216/1/90 6219/1/90 6352/1/89 
f 5760/1/82 6210/1/82 6344/1/83 5770/1/83 
f 6214/1/97 6213/1/97 6353/1/96 6354/1/96 
f 5622/1/5 5623/1/5 5553/1/5 5593/1/5 
f 6349/1/93 6208/1/94 6207/1/94 6350/1/93 
f 6239/1/33 5777/1/33 5622/1/33 6247/1/33 
f 6235/1/33 6247/1/33 5622/1/33 5593/1/33 
f 6235/1/33 5593/1/33 5589/1/33 6236/1/33 
f 6226/1/100 6355/1/101 6356/1/101 6227/1/100 
f 5134/1/33 5234/1/33 6202/1/33 5130/1/33 
f 5235/1/33 5130/1/33 6202/1/33 6357/1/33 
f 5235/1/33 6357/1/33 6358/1/33 6359/1/33 
f 6360/1/102 6361/1/103 5772/1/103 6362/1/102 
f 6361/1/103 6232/1/104 5768/1/104 5772/1/103 
f 6202/1/5 6096/1/5 6363/1/5 6357/1/5 
f 6357/1/40 6358/1/40 
f 6364/1/40 6363/1/40 6358/1/40 6365/1/40 
f 6365/1/40 6358/1/40 6366/1/40 6099/1/40 
f 6202/1/40 6099/1/40 6366/1/40 6096/1/40 
f 6096/1/40 6366/1/40 6357/1/40 6363/1/40 
f 6365/1/40 6099/1/40 6367/1/40 6368/1/40 
f 6369/1/40 6368/1/40 6367/1/40 6370/1/40 
f 6371/1/40 6370/1/40 6367/1/40 6372/1/40 
f 6373/1/40 6372/1/40 6367/1/40 6374/1/40 
f 6375/1/40 6374/1/40 6367/1/40 6376/1/40 
f 6377/1/40 6376/1/40 6367/1/40 6378/1/40 
f 6379/1/40 6378/1/40 6367/1/40 6380/1/40 
f 6381/1/40 6380/1/40 6367/1/40 6382/1/40 
f 6383/1/40 6382/1/40 6367/1/40 6384/1/40 
f 6385/1/40 6384/1/40 6367/1/40 6386/1/40 
f 6387/1/40 6386/1/40 6367/1/40 6388/1/40 
f 6389/1/40 6388/1/40 6367/1/40 6390/1/40 
f 6391/1/40 6390/1/40 6367/1/40 6392/1/40 
f 6393/1/40 6392/1/40 6367/1/40 6394/1/40 
f 6395/1/40 6394/1/40 6367/1/40 6396/1/40 
f 6397/1/40 6396/1/40 6367/1/40 6398/1/40 
f 6399/1/40 6398/1/40 6367/1/40 6400/1/40 
f 6401/1/40 6398/1/40 6399/1/40 6402/1/40 
f 6402/1/40 6399/1/40 6403/1/40 6404/1/40 
f 6405/1/40 6402/1/40 6404/1/40 6406/1/40 
f 6407/1/40 6406/1/40 6404/1/40 6408/1/40 
f 6409/1/40 6408/1/40 6404/1/40 6410/1/40 
f 6411/1/40 6410/1/40 6404/1/40 6412/1/40 
f 6413/1/40 6412/1/40 6404/1/40 6414/1/40 
f 6415/1/40 6414/1/40 6404/1/40 6416/1/40 
f 6417/1/40 6416/1/40 6404/1/40 6418/1/40 
f 6419/1/40 6418/1/40 6404/1/40 6420/1/40 
f 6421/1/40 6420/1/40 6404/1/40 6422/1/40 
f 6423/1/40 6422/1/40 6404/1/40 6424/1/40 
f 6425/1/40 6424/1/40 6404/1/40 6426/1/40 
f 6427/1/40 6426/1/40 6404/1/40 6428/1/40 
f 6429/1/40 6428/1/40 6404/1/40 6430/1/40 
f 6431/1/40 6430/1/40 6404/1/40 6432/1/40 
f 6433/1/40 6432/1/40 6404/1/40 6434/1/40 
f 6435/1/40 6434/1/40 6404/1/40 6363/1/40 
f 6436/1/40 6435/1/40 6363/1/40 6364/1/40 
f 6436/1/40 6364/1/40 6368/1/40 6369/1/40 
f 6434/1/40 6436/1/40 6369/1/40 6437/1/40 
f 6433/1/40 6434/1/40 6437/1/40 6438/1/40 
f 6438/1/40 6437/1/40 6370/1/40 6371/1/40 
f 6432/1/40 6438/1/40 6371/1/40 6439/1/40 
f 6431/1/40 6432/1/40 6439/1/40 6440/1/40 
f 6440/1/40 6439/1/40 6372/1/40 6373/1/40 
f 6430/1/40 6440/1/40 6373/1/40 6441/1/40 
f 6429/1/40 6430/1/40 6441/1/40 6442/1/40 
f 6442/1/40 6441/1/40 6374/1/40 6375/1/40 
f 6428/1/40 6442/1/40 6375/1/40 6443/1/40 
f 6427/1/40 6428/1/40 6443/1/40 6444/1/40 
f 6444/1/40 6443/1/40 6376/1/40 6377/1/40 
f 6426/1/40 6444/1/40 6377/1/40 6445/1/40 
f 6425/1/40 6426/1/40 6445/1/40 6446/1/40 
f 6446/1/40 6445/1/40 6378/1/40 6379/1/40 
f 6424/1/40 6446/1/40 6379/1/40 6447/1/40 
f 6423/1/40 6424/1/40 6447/1/40 6448/1/40 
f 6448/1/40 6447/1/40 6380/1/40 6381/1/40 
f 6422/1/40 6448/1/40 6381/1/40 6449/1/40 
f 6421/1/40 6422/1/40 6449/1/40 6450/1/40 
f 6450/1/40 6449/1/40 6382/1/40 6383/1/40 
f 6420/1/40 6450/1/40 6383/1/40 6451/1/40 
f 6419/1/40 6420/1/40 6451/1/40 6452/1/40 
f 6452/1/40 6451/1/40 6384/1/40 6385/1/40 
f 6418/1/40 6452/1/40 6385/1/40 6453/1/40 
f 6417/1/40 6418/1/40 6453/1/40 6454/1/40 
f 6454/1/40 6453/1/40 6386/1/40 6387/1/40 
f 6416/1/40 6454/1/40 6387/1/40 6455/1/40 
f 6415/1/40 6416/1/40 6455/1/40 6456/1/40 
f 6456/1/40 6455/1/40 6388/1/40 6389/1/40 
f 6414/1/40 6456/1/40 6389/1/40 6457/1/40 
f 6413/1/40 6414/1/40 6457/1/40 6458/1/40 
f 6458/1/40 6457/1/40 6390/1/40 6391/1/40 
f 6412/1/40 6458/1/40 6391/1/40 6459/1/40 
f 6411/1/40 6412/1/40 6459/1/40 6460/1/40 
f 6460/1/40 6459/1/40 6392/1/40 6393/1/40 
f 6410/1/40 6460/1/40 6393/1/40 6461/1/40 
f 6409/1/40 6410/1/40 6461/1/40 6462/1/40 
f 6462/1/40 6461/1/40 6394/1/40 6395/1/40 
f 6408/1/40 6462/1/40 6395/1/40 6463/1/40 
f 6407/1/40 6408/1/40 6463/1/40 6464/1/40 
f 6464/1/40 6463/1/40 6396/1/40 6397/1/40 
f 6406/1/40 6464/1/40 6397/1/40 6465/1/40 
f 6405/1/40 6406/1/40 6465/1/40 6401/1/40 
f 6398/1/40 6401/1/40 6465/1/40 
f 6358/1/5 6363/1/5 6359/1/5 
f 6355/1/101 6360/1/102 6362/1/102 6356/1/101 
f 5157/1/40 5234/1/40 5134/1/40 5089/1/40 
f 6354/1/96 6353/1/96 6206/1/95 6205/1/95 
f 6343/1/5 5159/1/5 5093/1/5 5133/1/5 
f 5457/1/40 5496/1/40 5364/1/40 5319/1/40 
f 4965/1/33 4963/1/33 5391/1/33 4966/1/33 
f 4967/1/33 4966/1/33 5391/1/33 5363/1/33 
f 4967/1/33 5363/1/33 5359/1/33 6466/1/33 
f 6467/1/33 6468/1/33 6469/1/33 6470/1/33 
f 5496/1/33 6470/1/33 6469/1/33 6471/1/33 
f 5496/1/33 6471/1/33 6472/1/33 6343/1/33 
f 6469/1/5 6473/1/5 5159/1/5 6471/1/5 
f 6471/1/40 6472/1/40 
f 5291/1/40 5159/1/40 6472/1/40 6474/1/40 
f 5291/1/40 6474/1/40 6475/1/40 6476/1/40 
f 5291/1/40 6476/1/40 6477/1/40 6478/1/40 
f 5291/1/40 6478/1/40 6479/1/40 6480/1/40 
f 5291/1/40 6480/1/40 6481/1/40 6482/1/40 
f 5291/1/40 6482/1/40 6483/1/40 6484/1/40 
f 5291/1/40 6484/1/40 6485/1/40 6486/1/40 
f 5291/1/40 6486/1/40 6487/1/40 6488/1/40 
f 5291/1/40 6488/1/40 6489/1/40 6490/1/40 
f 5291/1/40 6490/1/40 6491/1/40 6492/1/40 
f 5291/1/40 6492/1/40 6493/1/40 6494/1/40 
f 5291/1/40 6494/1/40 6495/1/40 6496/1/40 
f 5291/1/40 6496/1/40 6497/1/40 6498/1/40 
f 5291/1/40 6498/1/40 6499/1/40 6500/1/40 
f 5291/1/40 6500/1/40 6501/1/40 6502/1/40 
f 5291/1/40 6502/1/40 6503/1/40 6504/1/40 
f 5291/1/40 6504/1/40 6505/1/40 6506/1/40 
f 5291/1/40 6506/1/40 6507/1/40 6508/1/40 
f 5291/1/40 6508/1/40 6509/1/40 
f 6510/1/40 6507/1/40 6506/1/40 6511/1/40 
f 6511/1/40 6506/1/40 6512/1/40 6513/1/40 
f 6511/1/40 6513/1/40 6473/1/40 6514/1/40 
f 6514/1/40 6473/1/40 6515/1/40 6507/1/40 
f 6515/1/40 6516/1/40 6507/1/40 
f 6514/1/40 6507/1/40 6510/1/40 
f 6473/1/40 6513/1/40 6517/1/40 6518/1/40 
f 6519/1/40 6518/1/40 6517/1/40 6504/1/40 
f 6504/1/40 6517/1/40 6520/1/40 6505/1/40 
f 6505/1/40 6520/1/40 6513/1/40 6512/1/40 
f 6518/1/40 6519/1/40 6503/1/40 6521/1/40 
f 6521/1/40 6503/1/40 6502/1/40 6522/1/40 
f 6522/1/40 6502/1/40 6523/1/40 6524/1/40 
f 6522/1/40 6524/1/40 6473/1/40 6518/1/40 
f 6473/1/40 6524/1/40 6525/1/40 6526/1/40 
f 6527/1/40 6526/1/40 6525/1/40 6500/1/40 
f 6500/1/40 6525/1/40 6528/1/40 6501/1/40 
f 6501/1/40 6528/1/40 6524/1/40 6523/1/40 
f 6526/1/40 6527/1/40 6499/1/40 6529/1/40 
f 6529/1/40 6499/1/40 6498/1/40 6530/1/40 
f 6530/1/40 6498/1/40 6531/1/40 6532/1/40 
f 6530/1/40 6532/1/40 6473/1/40 6526/1/40 
f 6473/1/40 6532/1/40 6533/1/40 6534/1/40 
f 6535/1/40 6534/1/40 6533/1/40 6496/1/40 
f 6496/1/40 6533/1/40 6536/1/40 6497/1/40 
f 6497/1/40 6536/1/40 6532/1/40 6531/1/40 
f 6534/1/40 6535/1/40 6495/1/40 6537/1/40 
f 6537/1/40 6495/1/40 6494/1/40 6538/1/40 
f 6538/1/40 6494/1/40 6539/1/40 6540/1/40 
f 6538/1/40 6540/1/40 6473/1/40 6534/1/40 
f 6473/1/40 6540/1/40 6541/1/40 6542/1/40 
f 6543/1/40 6542/1/40 6541/1/40 6492/1/40 
f 6492/1/40 6541/1/40 6544/1/40 6493/1/40 
f 6493/1/40 6544/1/40 6540/1/40 6539/1/40 
f 6542/1/40 6543/1/40 6491/1/40 6545/1/40 
f 6545/1/40 6491/1/40 6490/1/40 6546/1/40 
f 6546/1/40 6490/1/40 6547/1/40 6548/1/40 
f 6546/1/40 6548/1/40 6473/1/40 6542/1/40 
f 6473/1/40 6548/1/40 6549/1/40 6550/1/40 
f 6551/1/40 6550/1/40 6549/1/40 6488/1/40 
f 6488/1/40 6549/1/40 6552/1/40 6489/1/40 
f 6489/1/40 6552/1/40 6548/1/40 6547/1/40 
f 6550/1/40 6551/1/40 6487/1/40 6553/1/40 
f 6553/1/40 6487/1/40 6486/1/40 6554/1/40 
f 6554/1/40 6486/1/40 6555/1/40 6556/1/40 
f 6554/1/40 6556/1/40 6473/1/40 6550/1/40 
f 6473/1/40 6556/1/40 6557/1/40 6558/1/40 
f 6559/1/40 6558/1/40 6557/1/40 6484/1/40 
f 6484/1/40 6557/1/40 6560/1/40 6485/1/40 
f 6485/1/40 6560/1/40 6556/1/40 6555/1/40 
f 6558/1/40 6559/1/40 6483/1/40 6561/1/40 
f 6561/1/40 6483/1/40 6482/1/40 6562/1/40 
f 6562/1/40 6482/1/40 6563/1/40 6564/1/40 
f 6562/1/40 6564/1/40 6473/1/40 6558/1/40 
f 6473/1/40 6564/1/40 6565/1/40 6566/1/40 
f 6567/1/40 6566/1/40 6565/1/40 6480/1/40 
f 6480/1/40 6565/1/40 6568/1/40 6481/1/40 
f 6481/1/40 6568/1/40 6564/1/40 6563/1/40 
f 6566/1/40 6567/1/40 6479/1/40 6569/1/40 
f 6569/1/40 6479/1/40 6478/1/40 6570/1/40 
f 6570/1/40 6478/1/40 6571/1/40 6572/1/40 
f 6570/1/40 6572/1/40 6473/1/40 6566/1/40 
f 6473/1/40 6572/1/40 6573/1/40 6476/1/40 
f 6476/1/40 6573/1/40 6574/1/40 6477/1/40 
f 6477/1/40 6574/1/40 6572/1/40 6571/1/40 
f 6473/1/40 6476/1/40 6575/1/40 6471/1/40 
f 6473/1/40 6471/1/40 5159/1/40 
f 6471/1/40 6575/1/40 6475/1/40 6474/1/40 
f 5159/1/40 5291/1/40 6343/1/40 
f 6472/1/5 5159/1/5 6343/1/5 
f 6576/1/40 6468/1/40 6467/1/40 5457/1/5 
f 5457/1/40 6576/1/40 6467/1/40 6470/1/5 
f 5457/1/40 6467/1/40 6470/1/40 6577/1/5 
f 6577/1/5 5457/1/5 5498/1/5 6578/1/5 
f 6579/1/5 6578/1/5 5498/1/5 6580/1/5 
f 6581/1/5 6580/1/5 5498/1/5 6582/1/5 
f 6583/1/5 6582/1/5 5498/1/5 6584/1/5 
f 6585/1/5 6584/1/5 5498/1/5 6586/1/5 
f 6587/1/5 6586/1/5 5498/1/5 6588/1/5 
f 6589/1/5 6588/1/5 5498/1/5 6590/1/5 
f 6591/1/5 6590/1/5 5498/1/5 6592/1/5 
f 6593/1/5 6592/1/5 5498/1/5 6594/1/5 
f 6595/1/5 6594/1/5 5498/1/5 6596/1/5 
f 6597/1/5 6596/1/5 5498/1/5 6598/1/5 
f 6599/1/5 6598/1/5 5498/1/5 6600/1/5 
f 6601/1/5 6600/1/5 5498/1/5 6602/1/5 
f 6603/1/5 6602/1/5 5498/1/5 6604/1/5 
f 6605/1/5 6604/1/5 5498/1/5 6606/1/5 
f 6607/1/5 6606/1/5 5498/1/5 6608/1/5 
f 6609/1/5 6608/1/5 5498/1/5 6610/1/5 
f 6610/1/5 5498/1/5 6611/1/5 6612/1/5 
f 6613/1/5 6609/1/5 6610/1/5 6614/1/5 
f 6614/1/5 6610/1/5 6615/1/5 6616/1/5 
f 6614/1/5 6616/1/5 6576/1/5 6617/1/5 
f 6618/1/5 6617/1/5 6576/1/5 6619/1/5 
f 6620/1/5 6619/1/5 6576/1/5 6621/1/5 
f 6622/1/5 6621/1/5 6576/1/5 6623/1/5 
f 6624/1/5 6623/1/5 6576/1/5 6625/1/5 
f 6626/1/5 6625/1/5 6576/1/5 6627/1/5 
f 6628/1/5 6627/1/5 6576/1/5 6629/1/5 
f 6630/1/5 6629/1/5 6576/1/5 6631/1/5 
f 6632/1/5 6631/1/5 6576/1/5 6633/1/5 
f 6634/1/5 6633/1/5 6576/1/5 6635/1/5 
f 6636/1/5 6635/1/5 6576/1/5 6637/1/5 
f 6638/1/5 6637/1/5 6576/1/5 6639/1/5 
f 6640/1/5 6639/1/5 6576/1/5 6641/1/5 
f 6642/1/5 6641/1/5 6576/1/5 6643/1/5 
f 6644/1/5 6643/1/5 6576/1/5 6645/1/5 
f 6646/1/5 6645/1/5 6576/1/5 6647/1/5 
f 6648/1/5 6647/1/5 6576/1/5 6579/1/5 
f 6648/1/5 6579/1/5 6580/1/5 6646/1/5 
f 6646/1/5 6580/1/5 6649/1/5 6645/1/5 
f 6650/1/5 6645/1/5 6649/1/5 6581/1/5 
f 6650/1/5 6581/1/5 6582/1/5 6644/1/5 
f 6644/1/5 6582/1/5 6651/1/5 6643/1/5 
f 6652/1/5 6643/1/5 6651/1/5 6583/1/5 
f 6652/1/5 6583/1/5 6584/1/5 6642/1/5 
f 6642/1/5 6584/1/5 6653/1/5 6641/1/5 
f 6654/1/5 6641/1/5 6653/1/5 6585/1/5 
f 6654/1/5 6585/1/5 6586/1/5 6640/1/5 
f 6640/1/5 6586/1/5 6655/1/5 6639/1/5 
f 6656/1/5 6639/1/5 6655/1/5 6587/1/5 
f 6656/1/5 6587/1/5 6588/1/5 6638/1/5 
f 6638/1/5 6588/1/5 6657/1/5 6637/1/5 
f 6658/1/5 6637/1/5 6657/1/5 6589/1/5 
f 6658/1/5 6589/1/5 6590/1/5 6636/1/5 
f 6636/1/5 6590/1/5 6659/1/5 6635/1/5 
f 6660/1/5 6635/1/5 6659/1/5 6591/1/5 
f 6660/1/5 6591/1/5 6592/1/5 6634/1/5 
f 6634/1/5 6592/1/5 6661/1/5 6633/1/5 
f 6662/1/5 6633/1/5 6661/1/5 6593/1/5 
f 6662/1/5 6593/1/5 6594/1/5 6632/1/5 
f 6632/1/5 6594/1/5 6663/1/5 6631/1/5 
f 6664/1/5 6631/1/5 6663/1/5 6595/1/5 
f 6664/1/5 6595/1/5 6596/1/5 6630/1/5 
f 6630/1/5 6596/1/5 6665/1/5 6629/1/5 
f 6666/1/5 6629/1/5 6665/1/5 6597/1/5 
f 6666/1/5 6597/1/5 6598/1/5 6628/1/5 
f 6628/1/5 6598/1/5 6667/1/5 6627/1/5 
f 6668/1/5 6627/1/5 6667/1/5 6599/1/5 
f 6668/1/5 6599/1/5 6600/1/5 6626/1/5 
f 6626/1/5 6600/1/5 6669/1/5 6625/1/5 
f 6670/1/5 6625/1/5 6669/1/5 6601/1/5 
f 6670/1/5 6601/1/5 6602/1/5 6624/1/5 
f 6624/1/5 6602/1/5 6671/1/5 6623/1/5 
f 6672/1/5 6623/1/5 6671/1/5 6603/1/5 
f 6672/1/5 6603/1/5 6604/1/5 6622/1/5 
f 6622/1/5 6604/1/5 6673/1/5 6621/1/5 
f 6674/1/5 6621/1/5 6673/1/5 6605/1/5 
f 6674/1/5 6605/1/5 6606/1/5 6620/1/5 
f 6620/1/5 6606/1/5 6675/1/5 6619/1/5 
f 6676/1/5 6619/1/5 6675/1/5 6607/1/5 
f 6676/1/5 6607/1/5 6608/1/5 6618/1/5 
f 6618/1/5 6608/1/5 6677/1/5 6617/1/5 
f 6613/1/5 6617/1/5 6677/1/5 6609/1/5 
f 6678/1/5 6579/1/5 6576/1/5 6467/1/5 
f 6578/1/5 6678/1/5 6467/1/5 6577/1/5 
f 5498/1/5 5457/1/5 5496/1/5 
f 5457/1/40 6470/1/40 5496/1/40 
f 4964/1/40 4963/1/40 4965/1/40 4947/1/40 
f 5391/1/5 5392/1/5 5323/1/5 5363/1/5 
f 5364/1/33 5496/1/33 6343/1/33 5360/1/33 
f 5497/1/33 5360/1/33 6343/1/33 5133/1/33 
f 5497/1/33 5133/1/33 5129/1/33 6679/1/33 
f 6223/1/40 6225/1/40 6680/1/40 4964/1/5 
f 4964/1/40 6223/1/40 6680/1/40 6681/1/5 
f 4964/1/40 6680/1/40 6681/1/40 6682/1/5 
f 6682/1/5 4964/1/5 4968/1/5 6683/1/5 
f 6684/1/5 6683/1/5 4968/1/5 6685/1/5 
f 6686/1/5 6685/1/5 4968/1/5 6687/1/5 
f 6688/1/5 6687/1/5 4968/1/5 6689/1/5 
f 6690/1/5 6689/1/5 4968/1/5 6691/1/5 
f 6692/1/5 6691/1/5 4968/1/5 6693/1/5 
f 6694/1/5 6693/1/5 4968/1/5 6695/1/5 
f 6696/1/5 6695/1/5 4968/1/5 6697/1/5 
f 6698/1/5 6697/1/5 4968/1/5 6699/1/5 
f 6700/1/5 6699/1/5 4968/1/5 6701/1/5 
f 6702/1/5 6701/1/5 4968/1/5 6703/1/5 
f 6704/1/5 6703/1/5 4968/1/5 6705/1/5 
f 6706/1/5 6705/1/5 4968/1/5 6707/1/5 
f 6708/1/5 6707/1/5 4968/1/5 6709/1/5 
f 6710/1/5 6709/1/5 4968/1/5 6711/1/5 
f 6712/1/5 6711/1/5 4968/1/5 6713/1/5 
f 6714/1/5 6713/1/5 4968/1/5 6715/1/5 
f 6715/1/5 4968/1/5 6716/1/5 6717/1/5 
f 6718/1/5 6714/1/5 6715/1/5 6719/1/5 
f 6719/1/5 6715/1/5 6720/1/5 6721/1/5 
f 6719/1/5 6721/1/5 6223/1/5 6722/1/5 
f 6723/1/5 6722/1/5 6223/1/5 6724/1/5 
f 6725/1/5 6724/1/5 6223/1/5 6726/1/5 
f 6727/1/5 6726/1/5 6223/1/5 6728/1/5 
f 6729/1/5 6728/1/5 6223/1/5 6730/1/5 
f 6731/1/5 6730/1/5 6223/1/5 6732/1/5 
f 6733/1/5 6732/1/5 6223/1/5 6734/1/5 
f 6735/1/5 6734/1/5 6223/1/5 6736/1/5 
f 6737/1/5 6736/1/5 6223/1/5 6738/1/5 
f 6739/1/5 6738/1/5 6223/1/5 6740/1/5 
f 6741/1/5 6740/1/5 6223/1/5 6742/1/5 
f 6743/1/5 6742/1/5 6223/1/5 6744/1/5 
f 6745/1/5 6744/1/5 6223/1/5 6746/1/5 
f 6747/1/5 6746/1/5 6223/1/5 6748/1/5 
f 6749/1/5 6748/1/5 6223/1/5 6750/1/5 
f 6751/1/5 6750/1/5 6223/1/5 6752/1/5 
f 6753/1/5 6752/1/5 6223/1/5 6684/1/5 
f 6753/1/5 6684/1/5 6685/1/5 6751/1/5 
f 6751/1/5 6685/1/5 6754/1/5 6750/1/5 
f 6755/1/5 6750/1/5 6754/1/5 6686/1/5 
f 6755/1/5 6686/1/5 6687/1/5 6749/1/5 
f 6749/1/5 6687/1/5 6756/1/5 6748/1/5 
f 6757/1/5 6748/1/5 6756/1/5 6688/1/5 
f 6757/1/5 6688/1/5 6689/1/5 6747/1/5 
f 6747/1/5 6689/1/5 6758/1/5 6746/1/5 
f 6759/1/5 6746/1/5 6758/1/5 6690/1/5 
f 6759/1/5 6690/1/5 6691/1/5 6745/1/5 
f 6745/1/5 6691/1/5 6760/1/5 6744/1/5 
f 6761/1/5 6744/1/5 6760/1/5 6692/1/5 
f 6761/1/5 6692/1/5 6693/1/5 6743/1/5 
f 6743/1/5 6693/1/5 6762/1/5 6742/1/5 
f 6763/1/5 6742/1/5 6762/1/5 6694/1/5 
f 6763/1/5 6694/1/5 6695/1/5 6741/1/5 
f 6741/1/5 6695/1/5 6764/1/5 6740/1/5 
f 6765/1/5 6740/1/5 6764/1/5 6696/1/5 
f 6765/1/5 6696/1/5 6697/1/5 6739/1/5 
f 6739/1/5 6697/1/5 6766/1/5 6738/1/5 
f 6767/1/5 6738/1/5 6766/1/5 6698/1/5 
f 6767/1/5 6698/1/5 6699/1/5 6737/1/5 
f 6737/1/5 6699/1/5 6768/1/5 6736/1/5 
f 6769/1/5 6736/1/5 6768/1/5 6700/1/5 
f 6769/1/5 6700/1/5 6701/1/5 6735/1/5 
f 6735/1/5 6701/1/5 6770/1/5 6734/1/5 
f 6771/1/5 6734/1/5 6770/1/5 6702/1/5 
f 6771/1/5 6702/1/5 6703/1/5 6733/1/5 
f 6733/1/5 6703/1/5 6772/1/5 6732/1/5 
f 6773/1/5 6732/1/5 6772/1/5 6704/1/5 
f 6773/1/5 6704/1/5 6705/1/5 6731/1/5 
f 6731/1/5 6705/1/5 6774/1/5 6730/1/5 
f 6775/1/5 6730/1/5 6774/1/5 6706/1/5 
f 6775/1/5 6706/1/5 6707/1/5 6729/1/5 
f 6729/1/5 6707/1/5 6776/1/5 6728/1/5 
f 6777/1/5 6728/1/5 6776/1/5 6708/1/5 
f 6777/1/5 6708/1/5 6709/1/5 6727/1/5 
f 6727/1/5 6709/1/5 6778/1/5 6726/1/5 
f 6779/1/5 6726/1/5 6778/1/5 6710/1/5 
f 6779/1/5 6710/1/5 6711/1/5 6725/1/5 
f 6725/1/5 6711/1/5 6780/1/5 6724/1/5 
f 6781/1/5 6724/1/5 6780/1/5 6712/1/5 
f 6781/1/5 6712/1/5 6713/1/5 6723/1/5 
f 6723/1/5 6713/1/5 6782/1/5 6722/1/5 
f 6718/1/5 6722/1/5 6782/1/5 6714/1/5 
f 6783/1/5 6684/1/5 6223/1/5 6680/1/5 
f 6683/1/5 6783/1/5 6680/1/5 6682/1/5 
f 4968/1/5 4964/1/5 4963/1/5 
f 4964/1/40 6681/1/40 4963/1/40 
f 6224/1/5 6222/1/5 5392/1/5 6784/1/5 
f 6784/1/40 6785/1/40 
f 5390/1/40 5392/1/40 6785/1/40 6786/1/40 
f 5390/1/40 6786/1/40 6787/1/40 6788/1/40 
f 5390/1/40 6788/1/40 6789/1/40 6790/1/40 
f 5390/1/40 6790/1/40 6791/1/40 6792/1/40 
f 5390/1/40 6792/1/40 6793/1/40 6794/1/40 
f 5390/1/40 6794/1/40 6795/1/40 6796/1/40 
f 5390/1/40 6796/1/40 6797/1/40 6798/1/40 
f 5390/1/40 6798/1/40 6799/1/40 6800/1/40 
f 5390/1/40 6800/1/40 6801/1/40 6802/1/40 
f 5390/1/40 6802/1/40 6803/1/40 6804/1/40 
f 5390/1/40 6804/1/40 6805/1/40 6806/1/40 
f 5390/1/40 6806/1/40 6807/1/40 6808/1/40 
f 5390/1/40 6808/1/40 6809/1/40 6810/1/40 
f 5390/1/40 6810/1/40 6811/1/40 6812/1/40 
f 5390/1/40 6812/1/40 6813/1/40 6814/1/40 
f 5390/1/40 6814/1/40 6815/1/40 6816/1/40 
f 5390/1/40 6816/1/40 6817/1/40 6818/1/40 
f 5390/1/40 6818/1/40 6819/1/40 6820/1/40 
f 5390/1/40 6820/1/40 6821/1/40 
f 6822/1/40 6819/1/40 6818/1/40 6823/1/40 
f 6823/1/40 6818/1/40 6824/1/40 6825/1/40 
f 6823/1/40 6825/1/40 6222/1/40 6826/1/40 
f 6826/1/40 6222/1/40 6827/1/40 6819/1/40 
f 6827/1/40 6828/1/40 6819/1/40 
f 6826/1/40 6819/1/40 6822/1/40 
f 6222/1/40 6825/1/40 6829/1/40 6830/1/40 
f 6831/1/40 6830/1/40 6829/1/40 6816/1/40 
f 6816/1/40 6829/1/40 6832/1/40 6817/1/40 
f 6817/1/40 6832/1/40 6825/1/40 6824/1/40 
f 6830/1/40 6831/1/40 6815/1/40 6833/1/40 
f 6833/1/40 6815/1/40 6814/1/40 6834/1/40 
f 6834/1/40 6814/1/40 6835/1/40 6836/1/40 
f 6834/1/40 6836/1/40 6222/1/40 6830/1/40 
f 6222/1/40 6836/1/40 6837/1/40 6838/1/40 
f 6839/1/40 6838/1/40 6837/1/40 6812/1/40 
f 6812/1/40 6837/1/40 6840/1/40 6813/1/40 
f 6813/1/40 6840/1/40 6836/1/40 6835/1/40 
f 6838/1/40 6839/1/40 6811/1/40 6841/1/40 
f 6841/1/40 6811/1/40 6810/1/40 6842/1/40 
f 6842/1/40 6810/1/40 6843/1/40 6844/1/40 
f 6842/1/40 6844/1/40 6222/1/40 6838/1/40 
f 6222/1/40 6844/1/40 6845/1/40 6846/1/40 
f 6847/1/40 6846/1/40 6845/1/40 6808/1/40 
f 6808/1/40 6845/1/40 6848/1/40 6809/1/40 
f 6809/1/40 6848/1/40 6844/1/40 6843/1/40 
f 6846/1/40 6847/1/40 6807/1/40 6849/1/40 
f 6849/1/40 6807/1/40 6806/1/40 6850/1/40 
f 6850/1/40 6806/1/40 6851/1/40 6852/1/40 
f 6850/1/40 6852/1/40 6222/1/40 6846/1/40 
f 6222/1/40 6852/1/40 6853/1/40 6854/1/40 
f 6855/1/40 6854/1/40 6853/1/40 6804/1/40 
f 6804/1/40 6853/1/40 6856/1/40 6805/1/40 
f 6805/1/40 6856/1/40 6852/1/40 6851/1/40 
f 6854/1/40 6855/1/40 6803/1/40 6857/1/40 
f 6857/1/40 6803/1/40 6802/1/40 6858/1/40 
f 6858/1/40 6802/1/40 6859/1/40 6860/1/40 
f 6858/1/40 6860/1/40 6222/1/40 6854/1/40 
f 6222/1/40 6860/1/40 6861/1/40 6862/1/40 
f 6863/1/40 6862/1/40 6861/1/40 6800/1/40 
f 6800/1/40 6861/1/40 6864/1/40 6801/1/40 
f 6801/1/40 6864/1/40 6860/1/40 6859/1/40 
f 6862/1/40 6863/1/40 6799/1/40 6865/1/40 
f 6865/1/40 6799/1/40 6798/1/40 6866/1/40 
f 6866/1/40 6798/1/40 6867/1/40 6868/1/40 
f 6866/1/40 6868/1/40 6222/1/40 6862/1/40 
f 6222/1/40 6868/1/40 6869/1/40 6870/1/40 
f 6871/1/40 6870/1/40 6869/1/40 6796/1/40 
f 6796/1/40 6869/1/40 6872/1/40 6797/1/40 
f 6797/1/40 6872/1/40 6868/1/40 6867/1/40 
f 6870/1/40 6871/1/40 6795/1/40 6873/1/40 
f 6873/1/40 6795/1/40 6794/1/40 6874/1/40 
f 6874/1/40 6794/1/40 6875/1/40 6876/1/40 
f 6874/1/40 6876/1/40 6222/1/40 6870/1/40 
f 6222/1/40 6876/1/40 6877/1/40 6878/1/40 
f 6879/1/40 6878/1/40 6877/1/40 6792/1/40 
f 6792/1/40 6877/1/40 6880/1/40 6793/1/40 
f 6793/1/40 6880/1/40 6876/1/40 6875/1/40 
f 6878/1/40 6879/1/40 6791/1/40 6881/1/40 
f 6881/1/40 6791/1/40 6790/1/40 6882/1/40 
f 6882/1/40 6790/1/40 6883/1/40 6884/1/40 
f 6882/1/40 6884/1/40 6222/1/40 6878/1/40 
f 6222/1/40 6884/1/40 6885/1/40 6788/1/40 
f 6788/1/40 6885/1/40 6886/1/40 6789/1/40 
f 6789/1/40 6886/1/40 6884/1/40 6883/1/40 
f 6222/1/40 6788/1/40 6887/1/40 6784/1/40 
f 6222/1/40 6784/1/40 5392/1/40 
f 6784/1/40 6887/1/40 6787/1/40 6786/1/40 
f 5392/1/40 5390/1/40 5391/1/40 
f 6785/1/5 5392/1/5 5391/1/5 
f 6680/1/33 6225/1/33 6224/1/33 6681/1/33 
f 4963/1/33 6681/1/33 6224/1/33 6784/1/33 
f 4963/1/33 6784/1/33 6785/1/33 5391/1/33 
f 5338/1/40 5388/1/40 5384/1/40 5325/1/40 
f 5324/1/40 5325/1/40 5384/1/40 5317/1/40 
f 6888/1/128 6212/1/128 6228/1/129 6889/1/129 
f 6890/1/130 6227/1/130 6356/1/131 6891/1/131 
f 6892/1/3 5317/1/3 4946/1/3 5048/1/3 
f 6893/1/3 6892/1/3 5048/1/3 6894/1/3 
f 6895/1/3 6894/1/3 5048/1/3 5384/1/3 
f 6896/1/3 6895/1/3 5384/1/3 5317/1/3 
f 6897/1/3 6896/1/3 5317/1/3 6892/1/3 
f 6896/1/3 6897/1/3 6893/1/3 6894/1/3 
f 6345/1/117 6898/1/117 5766/1/116 5765/1/116 
f 6899/1/127 6213/1/127 6212/1/128 6888/1/128 
f 5321/1/48 5318/1/48 5087/1/48 5094/1/48 
f 5568/1/40 5619/1/40 5614/1/40 5555/1/40 
f 5554/1/40 5555/1/40 5614/1/40 5548/1/40 
f 6352/1/119 6900/1/119 6901/1/118 6348/1/118 
f 6348/1/118 6901/1/118 6898/1/117 6345/1/117 
f 6353/1/126 6213/1/127 6899/1/127 6902/1/126 
f 6889/1/129 6228/1/129 6227/1/130 6890/1/130 
f 6218/1/121 6903/1/121 6904/1/120 6219/1/120 
f 5388/1/1 4971/1/1 5048/1/1 5384/1/1 
f 5047/1/40 4971/1/40 5048/1/40 5002/1/40 
f 4948/1/40 5002/1/40 5048/1/40 4946/1/40 
f 6905/1/2 6906/1/2 6907/1/2 6908/1/2 
f 6905/1/2 6908/1/2 5047/1/2 5002/1/2 
f 6909/1/2 6905/1/2 5002/1/2 4948/1/2 
f 6906/1/2 6909/1/2 4948/1/2 5324/1/2 
f 6906/1/2 5324/1/2 5325/1/2 6907/1/2 
f 6910/1/2 6907/1/2 5325/1/2 5338/1/2 
f 6908/1/2 6910/1/2 5338/1/2 5047/1/2 
f 5047/1/2 5338/1/2 5388/1/2 4971/1/2 
f 6206/1/125 6353/1/126 6902/1/126 6911/1/125 
f 4948/1/48 4946/1/48 5317/1/48 5324/1/48 
f 6912/1/3 6913/1/3 6914/1/3 6915/1/3 
f 6912/1/3 6915/1/3 5614/1/3 6916/1/3 
f 6916/1/3 5614/1/3 5548/1/3 6913/1/3 
f 6913/1/3 5548/1/3 6917/1/3 6914/1/3 
f 6914/1/3 6917/1/3 6918/1/3 6919/1/3 
f 6915/1/3 6919/1/3 6918/1/3 5614/1/3 
f 5155/1/1 5500/1/1 5383/1/1 5154/1/1 
f 6207/1/124 6206/1/125 6911/1/125 6920/1/124 
f 5337/1/40 5500/1/40 5383/1/40 5328/1/40 
f 5321/1/40 5328/1/40 5383/1/40 5318/1/40 
f 6921/1/3 6922/1/3 6923/1/3 6924/1/3 
f 6921/1/3 6924/1/3 5154/1/3 6925/1/3 
f 6925/1/3 5154/1/3 5087/1/3 6922/1/3 
f 6922/1/3 5087/1/3 5318/1/3 6923/1/3 
f 6923/1/3 5318/1/3 5383/1/3 6926/1/3 
f 6924/1/3 6926/1/3 5383/1/3 5154/1/3 
f 6927/1/2 5321/1/2 5094/1/2 5095/1/2 
f 6928/1/2 6927/1/2 5095/1/2 5108/1/2 
f 6929/1/2 6928/1/2 5108/1/2 6930/1/2 
f 6930/1/2 5108/1/2 5337/1/2 5328/1/2 
f 6931/1/2 6930/1/2 5328/1/2 6932/1/2 
f 6932/1/2 5328/1/2 5321/1/2 6927/1/2 
f 6931/1/2 6932/1/2 6928/1/2 6929/1/2 
f 5337/1/2 5108/1/2 5155/1/2 5500/1/2 
f 6933/1/108 6934/1/108 6935/1/108 6936/1/108 
f 6936/1/108 6935/1/108 6937/1/108 
f 5619/1/1 6244/1/1 6918/1/1 5614/1/1 
f 6937/1/2 6935/1/2 6938/1/2 6939/1/2 
f 6935/1/105 6934/1/105 6940/1/105 6941/1/105 
f 6938/1/5 6935/1/5 6941/1/5 6942/1/5 
f 6937/1/40 6939/1/40 6943/1/40 6944/1/40 
f 6354/1/1 6936/1/1 6945/1/1 6205/1/1 
f 6208/1/1 6205/1/1 6945/1/1 6349/1/1 
f 6230/1/1 6349/1/1 6945/1/1 6940/1/1 
f 6217/1/1 6230/1/1 6940/1/1 6216/1/1 
f 6351/1/1 6216/1/1 6940/1/1 6347/1/1 
f 6346/1/1 6347/1/1 6940/1/1 6215/1/1 
f 6204/1/1 6215/1/1 6940/1/1 6933/1/1 
f 6933/1/1 6940/1/1 6934/1/1 
f 6203/1/1 6204/1/1 6933/1/1 6344/1/1 
f 6210/1/1 6344/1/1 6933/1/1 6209/1/1 
f 6232/1/1 6209/1/1 6933/1/1 6361/1/1 
f 6360/1/1 6361/1/1 6933/1/1 6936/1/1 
f 6355/1/1 6360/1/1 6936/1/1 6226/1/1 
f 6229/1/1 6226/1/1 6936/1/1 6211/1/1 
f 6214/1/1 6211/1/1 6936/1/1 6354/1/1 
f 6342/1/40 6244/1/40 6918/1/40 6285/1/40 
f 6254/1/40 6285/1/40 6918/1/40 6917/1/40 
f 6941/1/3 6944/1/3 6943/1/3 6942/1/3 
f 6940/1/106 6945/1/106 6944/1/106 6941/1/106 
f 6254/1/48 6917/1/48 5548/1/48 5554/1/48 
f 6219/1/120 6904/1/120 6900/1/119 6352/1/119 
f 6945/1/107 6936/1/107 6937/1/107 6944/1/107 
f 6946/1/2 6254/1/2 5554/1/2 5555/1/2 
f 6947/1/2 6946/1/2 5555/1/2 5568/1/2 
f 6948/1/2 6947/1/2 5568/1/2 6949/1/2 
f 6949/1/2 5568/1/2 6342/1/2 6285/1/2 
f 6950/1/2 6949/1/2 6285/1/2 6951/1/2 
f 6951/1/2 6285/1/2 6254/1/2 6946/1/2 
f 6950/1/2 6951/1/2 6947/1/2 6948/1/2 
f 6342/1/2 5568/1/2 5619/1/2 6244/1/2 
f 6952/1/40 6953/1/40 6954/1/40 6955/1/40 
f 6955/1/40 6954/1/40 6956/1/40 
f 6943/1/33 6939/1/33 6938/1/33 6942/1/33 
f 4899/1/3 4897/1/3 4903/1/3 4907/1/3 
f 4671/1/1 4670/1/1 5579/1/1 5582/1/1 
f 6957/1/3 6958/1/3 6959/1/3 5350/1/3 
f 5351/1/3 5350/1/3 6959/1/3 5120/1/3 
f 5121/1/3 5120/1/3 6959/1/3 6960/1/3 
f 6961/1/3 6960/1/3 6959/1/3 5580/1/3 
f 5581/1/3 5580/1/3 6959/1/3 6962/1/3 
f 6962/1/3 6959/1/3 6963/1/3 6964/1/3 
f 4039/1/1 4038/1/1 6965/1/1 6966/1/1 
f 6350/1/123 6207/1/124 6920/1/124 6967/1/123 
f 6231/1/122 6350/1/123 6967/1/123 6968/1/122 
f 4898/1/5 4671/1/5 5582/1/5 4901/1/5 
f 6969/1/5 4901/1/5 5582/1/5 5581/1/5 
f 6969/1/5 5581/1/5 6962/1/5 
f 6970/1/33 4902/1/33 4901/1/33 6969/1/33 
f 4897/1/40 4903/1/40 6971/1/40 4038/1/40 
f 6965/1/40 4038/1/40 6971/1/40 6958/1/40 
f 6958/1/40 6971/1/40 6959/1/40 
f 6218/1/121 6231/1/122 6968/1/122 6903/1/121 
f 6892/1/33 6909/1/33 6906/1/33 6897/1/33 
f 6905/1/5 6909/1/5 6892/1/5 6893/1/5 
f 5579/1/5 5621/1/5 5619/1/5 5580/1/5 
f 5580/1/5 5619/1/5 5614/1/5 
f 5783/1/1 6244/1/1 5619/1/1 5817/1/1 
f 5921/1/1 5817/1/1 5619/1/1 5621/1/1 
f 5783/1/40 6972/1/40 6961/1/40 6244/1/40 
f 6244/1/40 6961/1/40 6918/1/40 
f 5614/1/3 6918/1/3 6961/1/3 5580/1/3 
f 6905/1/78 6893/1/78 6897/1/78 6906/1/78 
f 6973/1/5 6099/1/5 6367/1/5 6960/1/5 
f 6960/1/5 6367/1/5 6974/1/5 
f 5119/1/5 5291/1/5 5155/1/5 5120/1/5 
f 5120/1/5 5155/1/5 5154/1/5 
f 5236/1/1 5238/1/1 6367/1/1 6026/1/1 
f 6135/1/1 6026/1/1 6367/1/1 6099/1/1 
f 6975/1/77 6976/1/77 6977/1/77 6978/1/77 
f 5498/1/1 5500/1/1 5155/1/1 6611/1/1 
f 6509/1/1 6611/1/1 5155/1/1 5291/1/1 
f 5236/1/40 5122/1/40 5121/1/40 5238/1/40 
f 5238/1/40 5121/1/40 5153/1/40 
f 6974/1/3 5153/1/3 5121/1/3 6960/1/3 
f 5349/1/5 5390/1/5 5388/1/5 5350/1/5 
f 5350/1/5 5388/1/5 5384/1/5 
f 5498/1/40 5352/1/40 5351/1/40 5500/1/40 
f 5500/1/40 5351/1/40 5383/1/40 
f 5154/1/3 5383/1/3 5351/1/3 5120/1/3 
f 6977/1/40 6979/1/40 6980/1/40 6978/1/40 
f 4968/1/1 4971/1/1 5388/1/1 6716/1/1 
f 6821/1/1 6716/1/1 5388/1/1 5390/1/1 
f 4968/1/40 6966/1/40 6957/1/40 4971/1/40 
f 4971/1/40 6957/1/40 5048/1/40 
f 5384/1/3 5048/1/3 6957/1/3 5350/1/3 
f 6976/1/1 6975/1/1 6980/1/1 6979/1/1 
f 6949/1/5 6950/1/5 6914/1/5 6919/1/5 
f 6949/1/1 6919/1/1 6915/1/1 6948/1/1 
f 6914/1/76 6950/1/76 6948/1/76 6915/1/76 
f 6220/1/79 6953/1/79 6952/1/79 6981/1/79 
f 6221/1/79 6220/1/79 6981/1/79 6982/1/79 
f 6983/1/79 6982/1/79 6981/1/79 6984/1/79 
f 6985/1/79 6984/1/79 6981/1/79 6986/1/79 
f 6987/1/79 6986/1/79 6981/1/79 6988/1/79 
f 5688/1/5 6988/1/5 6981/1/5 6237/1/5 
f 6955/1/80 6956/1/80 6989/1/80 6238/1/80 
f 6238/1/80 6989/1/80 5322/1/80 5320/1/80 
f 6238/1/80 5320/1/80 5092/1/80 5090/1/80 
f 6238/1/80 5090/1/80 6990/1/80 6233/1/80 
f 6238/1/80 6233/1/80 5552/1/80 5551/1/80 
f 4907/1/5 4899/1/5 6963/1/5 6991/1/5 
f 6963/1/33 4899/1/33 4900/1/33 6964/1/33 
f 4900/1/40 4902/1/40 6970/1/40 6964/1/40 
f 6971/1/33 4903/1/33 4907/1/33 6991/1/33 
f 6992/1/3 6993/1/3 6994/1/3 6995/1/3 
f 6992/1/3 6995/1/3 6508/1/3 6516/1/3 
f 6996/1/3 6992/1/3 6516/1/3 6515/1/3 
f 6993/1/3 6996/1/3 6515/1/3 6616/1/3 
f 6993/1/3 6616/1/3 6615/1/3 6994/1/3 
f 6997/1/3 6994/1/3 6615/1/3 6612/1/3 
f 6995/1/3 6997/1/3 6612/1/3 6508/1/3 
f 6508/1/3 6612/1/3 6611/1/3 6509/1/3 
f 4419/1/4 6616/1/4 6515/1/4 4203/1/4 
f 6212/1/1 6213/1/1 6353/1/1 6228/1/33 
f 6228/1/1 6212/1/1 6353/1/1 6206/1/33 
f 6228/1/1 6353/1/1 6206/1/1 6227/1/33 
f 6227/1/1 6228/1/1 6206/1/1 6207/1/33 
f 6227/1/1 6206/1/1 6207/1/1 6998/1/33 
f 6998/1/1 6227/1/1 6207/1/1 6999/1/33 
f 6999/1/1 6998/1/1 6207/1/1 6350/1/33 
f 6999/1/1 6207/1/1 6350/1/1 7000/1/33 
f 7000/1/1 6999/1/1 6350/1/1 7001/1/33 
f 7001/1/1 7000/1/1 6350/1/1 6231/1/33 
f 7001/1/1 6350/1/1 6231/1/1 7002/1/33 
f 7002/1/1 7001/1/1 6231/1/1 7003/1/33 
f 7003/1/1 7002/1/1 6231/1/1 6218/1/33 
f 7003/1/1 6231/1/1 6218/1/1 7004/1/33 
f 7004/1/1 7003/1/1 6218/1/1 7005/1/33 
f 7005/1/1 7004/1/1 6218/1/1 6219/1/33 
f 7005/1/1 6218/1/1 6219/1/1 7006/1/33 
f 7006/1/1 7005/1/1 6219/1/1 6352/1/33 
f 7006/1/1 6219/1/1 6352/1/1 7007/1/33 
f 7007/1/1 7006/1/1 6352/1/1 7008/1/33 
f 7008/1/1 7007/1/1 6352/1/1 6348/1/33 
f 7008/1/1 6352/1/1 6348/1/1 7009/1/33 
f 7009/1/1 7008/1/1 6348/1/1 7010/1/33 
f 7009/1/1 6348/1/1 7010/1/1 
f 7011/1/1 
f 6356/1/1 7011/1/1 7012/1/1 7013/1/33 
f 6356/1/1 7012/1/1 7013/1/1 6362/1/33 
f 6362/1/1 6356/1/1 7013/1/1 7014/1/33 
f 6362/1/1 7013/1/1 7014/1/1 7015/1/33 
f 6362/1/1 7014/1/1 7015/1/1 5772/1/33 
f 5772/1/1 6362/1/1 7015/1/1 7016/1/33 
f 7011/1/1 6227/1/1 6998/1/1 
f 5772/1/1 7015/1/1 7016/1/1 
f 5768/1/1 5772/1/1 7016/1/1 7017/1/33 
f 5768/1/1 7016/1/1 7017/1/1 7018/1/33 
f 5768/1/1 7017/1/1 7018/1/1 5759/1/33 
f 5759/1/1 5768/1/1 7018/1/1 7019/1/33 
f 5759/1/1 7018/1/1 7019/1/1 7020/1/33 
f 5759/1/1 7019/1/1 7020/1/1 5760/1/33 
f 5760/1/1 5759/1/1 7020/1/1 7021/1/33 
f 5760/1/1 7020/1/1 7021/1/1 7010/1/33 
f 5760/1/1 7021/1/1 7010/1/1 5770/1/33 
f 5770/1/1 5760/1/1 7010/1/1 6348/1/33 
f 5770/1/1 7010/1/1 6348/1/1 6345/1/33 
f 5770/1/1 6348/1/1 6345/1/1 5763/1/33 
f 5763/1/1 5770/1/1 6345/1/1 5765/1/33 
f 5763/1/1 6345/1/1 5765/1/1 5764/1/33 
f 5763/1/1 5765/1/1 5764/1/1 
f 4263/1/5 4203/1/5 6515/1/5 6509/1/5 
f 6515/1/40 6509/1/40 6508/1/40 6516/1/40 
f 6509/1/5 6515/1/5 6516/1/5 6508/1/5 
f 4482/1/1 6611/1/1 6509/1/1 4263/1/1 
f 2606/1/1 6026/1/1 6135/1/1 2622/1/1 
f 3865/1/5 3809/1/5 5822/1/5 5817/1/5 
f 5817/1/5 5822/1/5 5821/1/5 5818/1/5 
f 7022/1/3 6141/1/3 6031/1/3 6030/1/3 
f 7023/1/3 7022/1/3 6030/1/3 6027/1/3 
f 7024/1/3 7023/1/3 6027/1/3 7025/1/3 
f 7025/1/3 6027/1/3 6134/1/3 6142/1/3 
f 7026/1/3 7025/1/3 6142/1/3 7027/1/3 
f 7027/1/3 6142/1/3 6141/1/3 7022/1/3 
f 7026/1/3 7027/1/3 7023/1/3 7024/1/3 
f 6134/1/3 6027/1/3 6026/1/3 6135/1/3 
f 2607/1/4 6031/1/4 6141/1/4 2624/1/4 
f 2622/1/5 2624/1/5 6141/1/5 6135/1/5 
f 6141/1/40 6135/1/40 6134/1/40 6142/1/40 
f 6135/1/5 6141/1/5 6142/1/5 6134/1/5 
f 3730/1/4 6721/1/4 6827/1/4 4418/1/4 
f 4483/1/5 4418/1/5 6827/1/5 6821/1/5 
f 6827/1/40 6821/1/40 6820/1/40 6828/1/40 
f 6821/1/5 6827/1/5 6828/1/5 6820/1/5 
f 7028/1/3 6827/1/3 6721/1/3 6720/1/3 
f 7029/1/3 7028/1/3 6720/1/3 6717/1/3 
f 7030/1/3 7029/1/3 6717/1/3 7031/1/3 
f 7031/1/3 6717/1/3 6820/1/3 6828/1/3 
f 7032/1/3 7031/1/3 6828/1/3 7033/1/3 
f 7033/1/3 6828/1/3 6827/1/3 7028/1/3 
f 7032/1/3 7033/1/3 7029/1/3 7030/1/3 
f 6820/1/3 6717/1/3 6716/1/3 6821/1/3 
f 7034/1/132 6362/1/132 5772/1/109 5771/1/109 
f 3726/1/1 6716/1/1 6821/1/1 4483/1/1 
f 7035/1/2 7036/1/2 7037/1/2 7038/1/2 
f 7035/1/2 7038/1/2 3726/1/2 7039/1/2 
f 7039/1/2 3726/1/2 3730/1/2 7036/1/2 
f 7036/1/2 3730/1/2 4418/1/2 7037/1/2 
f 7037/1/2 4418/1/2 4483/1/2 7040/1/2 
f 7038/1/2 7040/1/2 4483/1/2 3726/1/2 
f 6891/1/131 6356/1/131 6362/1/132 7034/1/132 
f 7041/1/5 7042/1/5 7043/1/5 7044/1/5 
f 7041/1/1 7044/1/1 7045/1/1 7046/1/1 
f 7043/1/76 7042/1/76 7046/1/76 7045/1/76 
f 7024/1/77 7047/1/77 7048/1/77 7026/1/77 
f 7048/1/40 7049/1/40 7025/1/40 7026/1/40 
f 7047/1/1 7024/1/1 7025/1/1 7049/1/1 
f 7050/1/2 6748/1/2 6757/1/2 7051/1/2 
f 6747/1/38 7052/1/38 7051/1/38 6757/1/38 
f 4039/1/5 3726/1/5 6716/1/5 6966/1/5 
f 6966/1/5 6716/1/5 4968/1/5 
f 3727/1/40 4038/1/40 6965/1/40 7053/1/40 
f 7054/1/40 7053/1/40 6965/1/40 7055/1/40 
f 7056/1/40 7055/1/40 6965/1/40 7057/1/40 
f 7058/1/40 7057/1/40 6965/1/40 7059/1/40 
f 7060/1/40 7059/1/40 6965/1/40 7061/1/40 
f 7062/1/40 7061/1/40 6965/1/40 7063/1/40 
f 7064/1/40 7063/1/40 6965/1/40 7065/1/40 
f 7066/1/40 7065/1/40 6965/1/40 7067/1/40 
f 7068/1/40 7067/1/40 6965/1/40 7069/1/40 
f 7070/1/40 7069/1/40 6965/1/40 7071/1/40 
f 7072/1/40 7071/1/40 6965/1/40 7073/1/40 
f 7074/1/40 7073/1/40 6965/1/40 7075/1/40 
f 7076/1/40 7075/1/40 6965/1/40 7077/1/40 
f 7078/1/40 7077/1/40 6965/1/40 7079/1/40 
f 7080/1/40 7079/1/40 6965/1/40 7081/1/40 
f 7082/1/40 7081/1/40 6965/1/40 7083/1/40 
f 7084/1/40 7083/1/40 6965/1/40 7085/1/40 
f 7086/1/40 7085/1/40 6965/1/40 7087/1/40 
f 7088/1/40 7087/1/40 6965/1/40 7089/1/40 
f 7090/1/40 7088/1/40 7089/1/40 7091/1/40 
f 7092/1/40 7090/1/40 7091/1/40 7085/1/40 
f 7085/1/40 7091/1/40 7093/1/40 7094/1/40 
f 7084/1/40 7085/1/40 7094/1/40 7095/1/40 
f 7096/1/40 7084/1/40 7095/1/40 7097/1/40 
f 7097/1/40 7095/1/40 7091/1/40 7098/1/40 
f 7050/1/40 7098/1/40 7091/1/40 7052/1/40 
f 7099/1/40 7052/1/40 7091/1/40 7100/1/40 
f 7101/1/40 7100/1/40 7091/1/40 7102/1/40 
f 7103/1/40 7102/1/40 7091/1/40 7104/1/40 
f 7105/1/40 7104/1/40 7091/1/40 7106/1/40 
f 7107/1/40 7106/1/40 7091/1/40 7108/1/40 
f 7109/1/40 7108/1/40 7091/1/40 7110/1/40 
f 7111/1/40 7110/1/40 7091/1/40 7112/1/40 
f 7113/1/40 7112/1/40 7091/1/40 7114/1/40 
f 7115/1/40 7114/1/40 7091/1/40 7116/1/40 
f 7117/1/40 7116/1/40 7091/1/40 7118/1/40 
f 7119/1/40 7118/1/40 7091/1/40 7120/1/40 
f 7121/1/40 7120/1/40 7091/1/40 7122/1/40 
f 7123/1/40 7122/1/40 7091/1/40 7124/1/40 
f 7124/1/40 7091/1/40 3731/1/40 7125/1/40 
f 7053/1/40 7125/1/40 3731/1/40 3727/1/40 
f 7124/1/40 7125/1/40 7054/1/40 7126/1/40 
f 7126/1/40 7054/1/40 7055/1/40 7123/1/40 
f 7123/1/40 7055/1/40 7127/1/40 7122/1/40 
f 7122/1/40 7127/1/40 7056/1/40 7128/1/40 
f 7128/1/40 7056/1/40 7057/1/40 7121/1/40 
f 7121/1/40 7057/1/40 7129/1/40 7120/1/40 
f 7120/1/40 7129/1/40 7058/1/40 7130/1/40 
f 7130/1/40 7058/1/40 7059/1/40 7119/1/40 
f 7119/1/40 7059/1/40 7131/1/40 7118/1/40 
f 7118/1/40 7131/1/40 7060/1/40 7132/1/40 
f 7132/1/40 7060/1/40 7061/1/40 7117/1/40 
f 7117/1/40 7061/1/40 7133/1/40 7116/1/40 
f 7116/1/40 7133/1/40 7062/1/40 7134/1/40 
f 7134/1/40 7062/1/40 7063/1/40 7115/1/40 
f 7115/1/40 7063/1/40 7135/1/40 7114/1/40 
f 7114/1/40 7135/1/40 7064/1/40 7136/1/40 
f 7136/1/40 7064/1/40 7065/1/40 7113/1/40 
f 7113/1/40 7065/1/40 7137/1/40 7112/1/40 
f 7112/1/40 7137/1/40 7066/1/40 7138/1/40 
f 7138/1/40 7066/1/40 7067/1/40 7111/1/40 
f 7111/1/40 7067/1/40 7139/1/40 7110/1/40 
f 7110/1/40 7139/1/40 7068/1/40 7140/1/40 
f 7140/1/40 7068/1/40 7069/1/40 7109/1/40 
f 7109/1/40 7069/1/40 7141/1/40 7108/1/40 
f 7108/1/40 7141/1/40 7070/1/40 7142/1/40 
f 7142/1/40 7070/1/40 7071/1/40 7107/1/40 
f 7107/1/40 7071/1/40 7143/1/40 7106/1/40 
f 7106/1/40 7143/1/40 7072/1/40 7144/1/40 
f 7144/1/40 7072/1/40 7073/1/40 7105/1/40 
f 7105/1/40 7073/1/40 7145/1/40 7104/1/40 
f 7104/1/40 7145/1/40 7074/1/40 7146/1/40 
f 7146/1/40 7074/1/40 7075/1/40 7103/1/40 
f 7103/1/40 7075/1/40 7147/1/40 7102/1/40 
f 7102/1/40 7147/1/40 7076/1/40 7148/1/40 
f 7148/1/40 7076/1/40 7077/1/40 7101/1/40 
f 7101/1/40 7077/1/40 7149/1/40 7100/1/40 
f 7100/1/40 7149/1/40 7078/1/40 7150/1/40 
f 7150/1/40 7078/1/40 7079/1/40 7099/1/40 
f 7099/1/40 7079/1/40 7151/1/40 7052/1/40 
f 7052/1/40 7151/1/40 7080/1/40 7051/1/40 
f 7051/1/40 7080/1/40 7081/1/40 7050/1/40 
f 7050/1/40 7081/1/40 7152/1/40 7098/1/40 
f 7098/1/40 7152/1/40 7082/1/40 7153/1/40 
f 7153/1/40 7082/1/40 7083/1/40 7097/1/40 
f 7096/1/40 7097/1/40 7083/1/40 
f 7091/1/40 7095/1/40 7093/1/40 
f 7090/1/40 7092/1/40 7086/1/40 7087/1/40 
f 7089/1/40 6965/1/40 7154/1/40 
f 6220/1/40 6223/1/40 4964/1/40 7155/1/40 
f 6220/1/1 6953/1/1 6954/1/1 7155/1/1 
f 6953/1/2 6220/1/2 6223/1/2 7091/1/2 
f 6953/1/40 7091/1/40 7089/1/40 6954/1/40 
f 6930/1/5 6931/1/5 6923/1/5 6926/1/5 
f 6923/1/76 6931/1/76 6929/1/76 6924/1/76 
f 6930/1/1 6926/1/1 6924/1/1 6929/1/1 
f 5107/1/40 5238/1/40 5153/1/40 5098/1/40 
f 5091/1/40 5098/1/40 5153/1/40 5088/1/40 
f 3809/1/4 5822/1/4 5927/1/4 4639/1/4 
f 7156/1/2 7157/1/2 6977/1/2 6976/1/2 
f 7156/1/2 6976/1/2 5107/1/2 5098/1/2 
f 7158/1/2 7156/1/2 5098/1/2 5091/1/2 
f 7157/1/2 7158/1/2 5091/1/2 6404/1/2 
f 7157/1/2 6404/1/2 6403/1/2 6977/1/2 
f 6979/1/2 6977/1/2 6403/1/2 6400/1/2 
f 6976/1/2 6979/1/2 6400/1/2 5107/1/2 
f 5107/1/2 6400/1/2 6367/1/2 5238/1/2 
f 6367/1/1 5238/1/1 5153/1/1 6974/1/1 
f 7159/1/3 7160/1/3 5088/1/3 5153/1/3 
f 7161/1/3 7159/1/3 5153/1/3 6975/1/3 
f 6980/1/3 6975/1/3 5153/1/3 6974/1/3 
f 6978/1/3 6980/1/3 6974/1/3 7160/1/3 
f 7162/1/3 6978/1/3 7160/1/3 7159/1/3 
f 6978/1/3 7162/1/3 7161/1/3 6975/1/3 
f 6404/1/48 5091/1/48 5088/1/48 7160/1/48 
f 6913/1/33 6951/1/33 6946/1/33 6916/1/33 
f 6922/1/33 6932/1/33 6927/1/33 6925/1/33 
f 7156/1/78 7161/1/78 7162/1/78 7157/1/78 
f 6952/1/1 6955/1/1 6238/1/1 6981/1/1 
f 6981/1/1 6238/1/1 6237/1/1 
f 6927/1/40 6928/1/40 6921/1/40 6925/1/40 
f 7159/1/33 7158/1/33 7157/1/33 7162/1/33 
f 6946/1/40 6947/1/40 6912/1/40 6916/1/40 
f 6951/1/75 6913/1/75 6912/1/75 6947/1/75 
f 7156/1/5 7158/1/5 7159/1/5 7161/1/5 
f 7055/1/1 7056/1/1 6713/1/1 6714/1/1 
f 6782/1/3 7127/1/3 7055/1/3 6714/1/3 
f 7056/1/9 7127/1/9 6782/1/9 6713/1/9 
f 7131/1/13 6778/1/13 6709/1/13 7060/1/13 
f 6932/1/75 6922/1/75 6921/1/75 6928/1/75 
f 7129/1/11 6780/1/11 6711/1/11 7058/1/11 
f 7057/1/1 7058/1/1 6711/1/1 6712/1/1 
f 6780/1/3 7129/1/3 7057/1/3 6712/1/3 
f 7059/1/1 7060/1/1 6709/1/1 6710/1/1 
f 6778/1/3 7131/1/3 7059/1/3 6710/1/3 
f 6729/1/15 7116/1/15 7134/1/15 6775/1/15 
f 7115/1/8 7116/1/8 6729/1/8 6730/1/8 
f 7115/1/2 6730/1/2 6775/1/2 7134/1/2 
f 4898/1/3 4900/1/3 4902/1/3 4901/1/3 
f 7063/1/1 7064/1/1 6705/1/1 6706/1/1 
f 6774/1/3 7135/1/3 7063/1/3 6706/1/3 
f 7135/1/17 6774/1/17 6705/1/17 7064/1/17 
f 7163/1/3 7164/1/3 7043/1/3 7045/1/3 
f 7163/1/3 7045/1/3 5920/1/3 5928/1/3 
f 7165/1/3 7163/1/3 5928/1/3 5927/1/3 
f 7164/1/3 7165/1/3 5927/1/3 5822/1/3 
f 7164/1/3 5822/1/3 5821/1/3 7043/1/3 
f 7044/1/3 7043/1/3 5821/1/3 5818/1/3 
f 7045/1/3 7044/1/3 5818/1/3 5920/1/3 
f 5920/1/3 5818/1/3 5817/1/3 5921/1/3 
f 6772/1/3 7137/1/3 7065/1/3 6704/1/3 
f 7137/1/19 6772/1/19 6703/1/19 7066/1/19 
f 7065/1/1 7066/1/1 6703/1/1 6704/1/1 
f 3865/1/1 5817/1/1 5921/1/1 4703/1/1 
f 6770/1/3 7139/1/3 7067/1/3 6702/1/3 
f 7139/1/21 6770/1/21 6701/1/21 7068/1/21 
f 7067/1/1 7068/1/1 6701/1/1 6702/1/1 
f 7111/1/8 7112/1/8 6733/1/8 6734/1/8 
f 7111/1/2 6734/1/2 6771/1/2 7138/1/2 
f 6733/1/23 7112/1/23 7138/1/23 6771/1/23 
f 4703/1/5 4639/1/5 5927/1/5 5921/1/5 
f 5927/1/40 5921/1/40 5920/1/40 5928/1/40 
f 5921/1/5 5927/1/5 5928/1/5 5920/1/5 
f 7143/1/25 6766/1/25 6697/1/25 7072/1/25 
f 7071/1/1 7072/1/1 6697/1/1 6698/1/1 
f 6766/1/3 7143/1/3 7071/1/3 6698/1/3 
f 6764/1/3 7145/1/3 7073/1/3 6696/1/3 
f 7145/1/27 6764/1/27 6695/1/27 7074/1/27 
f 7073/1/1 7074/1/1 6695/1/1 6696/1/1 
f 3731/1/4 7091/1/4 6223/1/4 3730/1/4 
f 3730/1/4 6223/1/4 6721/1/4 
f 7117/1/2 6728/1/2 6777/1/2 7132/1/2 
f 7119/1/8 7120/1/8 6725/1/8 6726/1/8 
f 6725/1/12 7120/1/12 7130/1/12 6779/1/12 
f 7119/1/2 6726/1/2 6779/1/2 7130/1/2 
f 7107/1/2 6738/1/2 6767/1/2 7142/1/2 
f 3726/1/5 3730/1/5 6721/1/5 6716/1/5 
f 6716/1/5 6721/1/5 6720/1/5 6717/1/5 
f 6739/1/26 7106/1/26 7144/1/26 6765/1/26 
f 6737/1/24 7108/1/24 7142/1/24 6767/1/24 
f 6735/1/22 7110/1/22 7140/1/22 6769/1/22 
f 7107/1/8 7108/1/8 6737/1/8 6738/1/8 
f 7109/1/8 7110/1/8 6735/1/8 6736/1/8 
f 6768/1/3 7141/1/3 7069/1/3 6700/1/3 
f 7141/1/20 6768/1/20 6699/1/20 7070/1/20 
f 7109/1/2 6736/1/2 6769/1/2 7140/1/2 
f 7113/1/8 7114/1/8 6731/1/8 6732/1/8 
f 7113/1/2 6732/1/2 6773/1/2 7136/1/2 
f 7069/1/1 7070/1/1 6699/1/1 6700/1/1 
f 7133/1/16 6776/1/16 6707/1/16 7062/1/16 
f 7061/1/1 7062/1/1 6707/1/1 6708/1/1 
f 6731/1/18 7114/1/18 7136/1/18 6773/1/18 
f 6727/1/14 7118/1/14 7132/1/14 6777/1/14 
f 6776/1/3 7133/1/3 7061/1/3 6708/1/3 
f 7117/1/8 7118/1/8 6727/1/8 6728/1/8 
f 7105/1/2 6740/1/2 6765/1/2 7144/1/2 
f 7149/1/28 6760/1/28 6691/1/28 7078/1/28 
f 7105/1/8 7106/1/8 6739/1/8 6740/1/8 
f 6760/1/3 7149/1/3 7077/1/3 6692/1/3 
f 7077/1/1 7078/1/1 6691/1/1 6692/1/1 
f 2606/1/5 2607/1/5 6031/1/5 6026/1/5 
f 6026/1/5 6031/1/5 6030/1/5 6027/1/5 
f 6478/1/1 6477/1/1 5995/1/1 5996/1/1 
f 6482/1/1 6481/1/1 5999/1/1 6000/1/1 
f 6567/1/37 6066/1/37 5997/1/37 6479/1/37 
f 6480/1/1 6479/1/1 5997/1/1 5998/1/1 
f 6068/1/3 6563/1/3 6482/1/3 6000/1/3 
f 6563/1/39 6068/1/39 5999/1/39 6481/1/39 
f 2607/1/5 4201/1/5 6984/1/5 6031/1/5 
f 6031/1/5 6984/1/5 5988/1/5 
f 4202/1/4 6983/1/4 6984/1/4 4201/1/4 
f 4202/1/40 4203/1/40 6515/1/40 6983/1/40 
f 6983/1/40 6515/1/40 6473/1/40 
f 6507/1/6 6516/1/6 6030/1/6 6025/1/6 
f 5157/1/3 5159/1/3 6343/1/3 5234/1/3 
f 5234/1/3 6343/1/3 5291/1/3 5236/1/3 
f 6511/1/8 6514/1/8 6029/1/8 6032/1/8 
f 6517/1/2 6034/1/2 6091/1/2 6520/1/2 
f 6030/1/3 6516/1/3 6508/1/3 6027/1/3 
f 6508/1/1 6507/1/1 6025/1/1 6027/1/1 
f 6513/1/10 6520/1/10 6091/1/10 6033/1/10 
f 6514/1/7 6510/1/7 6028/1/7 6029/1/7 
f 6511/1/2 6032/1/2 6028/1/2 6510/1/2 
f 6517/1/8 6513/1/8 6033/1/8 6034/1/8 
f 6072/1/3 6555/1/3 6486/1/3 6004/1/3 
f 6486/1/1 6485/1/1 6003/1/1 6004/1/1 
f 6555/1/30 6072/1/30 6003/1/30 6485/1/30 
f 6554/1/2 6052/1/2 6073/1/2 6553/1/2 
f 6051/1/31 6550/1/31 6553/1/31 6073/1/31 
f 6554/1/8 6550/1/8 6051/1/8 6052/1/8 
f 5990/1/32 6471/1/32 6474/1/32 5992/1/32 
f 6472/1/33 6471/1/33 5990/1/33 5991/1/33 
f 6472/1/2 5991/1/2 5992/1/2 6474/1/2 
f 6565/1/8 6564/1/8 6057/1/8 6058/1/8 
f 6573/1/2 6062/1/2 6063/1/2 6574/1/2 
f 6061/1/34 6572/1/34 6574/1/34 6063/1/34 
f 6573/1/8 6572/1/8 6061/1/8 6062/1/8 
f 6570/1/8 6566/1/8 6059/1/8 6060/1/8 
f 6570/1/2 6060/1/2 6065/1/2 6569/1/2 
f 6059/1/36 6566/1/36 6569/1/36 6065/1/36 
f 6565/1/2 6058/1/2 6067/1/2 6568/1/2 
f 6057/1/38 6564/1/38 6568/1/38 6067/1/38 
f 5236/1/3 5291/1/3 5119/1/3 5122/1/3 
f 4203/1/40 4263/1/40 6509/1/40 6515/1/40 
f 6984/1/40 5988/1/40 5157/1/40 5156/1/40 
f 6984/1/1 6983/1/1 5158/1/1 5156/1/1 
f 6983/1/2 6984/1/2 5988/1/2 6473/1/2 
f 6473/1/5 6983/1/5 5158/1/5 5159/1/5 
f 5156/1/3 5158/1/3 5159/1/3 5157/1/3 
f 6506/1/1 6505/1/1 6023/1/1 6024/1/1 
f 6092/1/3 6512/1/3 6506/1/3 6024/1/3 
f 6505/1/9 6512/1/9 6092/1/9 6023/1/9 
f 6523/1/13 6088/1/13 6019/1/13 6501/1/13 
f 6519/1/11 6090/1/11 6021/1/11 6503/1/11 
f 6504/1/1 6503/1/1 6021/1/1 6022/1/1 
f 6090/1/3 6519/1/3 6504/1/3 6022/1/3 
f 6502/1/1 6501/1/1 6019/1/1 6020/1/1 
f 6088/1/3 6523/1/3 6502/1/3 6020/1/3 
f 6039/1/15 6526/1/15 6529/1/15 6085/1/15 
f 6530/1/8 6526/1/8 6039/1/8 6040/1/8 
f 6530/1/2 6040/1/2 6085/1/2 6529/1/2 
f 6498/1/1 6497/1/1 6015/1/1 6016/1/1 
f 6084/1/3 6531/1/3 6498/1/3 6016/1/3 
f 6531/1/17 6084/1/17 6015/1/17 6497/1/17 
f 6082/1/3 6535/1/3 6496/1/3 6014/1/3 
f 6535/1/19 6082/1/19 6013/1/19 6495/1/19 
f 6496/1/1 6495/1/1 6013/1/1 6014/1/1 
f 6080/1/3 6539/1/3 6494/1/3 6012/1/3 
f 6539/1/21 6080/1/21 6011/1/21 6493/1/21 
f 6494/1/1 6493/1/1 6011/1/1 6012/1/1 
f 6538/1/8 6534/1/8 6043/1/8 6044/1/8 
f 6538/1/2 6044/1/2 6081/1/2 6537/1/2 
f 6043/1/23 6534/1/23 6537/1/23 6081/1/23 
f 6547/1/25 6076/1/25 6007/1/25 6489/1/25 
f 6490/1/1 6489/1/1 6007/1/1 6008/1/1 
f 6076/1/3 6547/1/3 6490/1/3 6008/1/3 
f 6074/1/3 6551/1/3 6488/1/3 6006/1/3 
f 6551/1/27 6074/1/27 6005/1/27 6487/1/27 
f 6488/1/1 6487/1/1 6005/1/1 6006/1/1 
f 6515/1/4 6473/1/4 5988/1/4 2607/1/4 
f 6515/1/4 2607/1/4 4203/1/4 
f 2607/1/4 5988/1/4 6031/1/4 
f 6525/1/2 6038/1/2 6087/1/2 6528/1/2 
f 6522/1/8 6518/1/8 6035/1/8 6036/1/8 
f 6035/1/12 6518/1/12 6521/1/12 6089/1/12 
f 6522/1/2 6036/1/2 6089/1/2 6521/1/2 
f 6546/1/2 6048/1/2 6077/1/2 6545/1/2 
f 6049/1/26 6548/1/26 6552/1/26 6075/1/26 
f 6047/1/24 6542/1/24 6545/1/24 6077/1/24 
f 6045/1/22 6540/1/22 6544/1/22 6079/1/22 
f 6546/1/8 6542/1/8 6047/1/8 6048/1/8 
f 6541/1/8 6540/1/8 6045/1/8 6046/1/8 
f 6078/1/3 6543/1/3 6492/1/3 6010/1/3 
f 6543/1/20 6078/1/20 6009/1/20 6491/1/20 
f 6541/1/2 6046/1/2 6079/1/2 6544/1/2 
f 6533/1/8 6532/1/8 6041/1/8 6042/1/8 
f 6533/1/2 6042/1/2 6083/1/2 6536/1/2 
f 6492/1/1 6491/1/1 6009/1/1 6010/1/1 
f 6527/1/16 6086/1/16 6017/1/16 6499/1/16 
f 6500/1/1 6499/1/1 6017/1/1 6018/1/1 
f 6041/1/18 6532/1/18 6536/1/18 6083/1/18 
f 6037/1/14 6524/1/14 6528/1/14 6087/1/14 
f 6086/1/3 6527/1/3 6500/1/3 6018/1/3 
f 6525/1/8 6524/1/8 6037/1/8 6038/1/8 
f 6549/1/2 6050/1/2 6075/1/2 6552/1/2 
f 6559/1/28 6070/1/28 6001/1/28 6483/1/28 
f 6549/1/8 6548/1/8 6049/1/8 6050/1/8 
f 6070/1/3 6559/1/3 6484/1/3 6002/1/3 
f 6484/1/1 6483/1/1 6001/1/1 6002/1/1 
f 6557/1/2 6054/1/2 6071/1/2 6560/1/2 
f 6557/1/8 6556/1/8 6053/1/8 6054/1/8 
f 6053/1/29 6556/1/29 6560/1/29 6071/1/29 
f 5988/1/1 6473/1/1 5159/1/1 5157/1/1 
f 6562/1/2 6056/1/2 6069/1/2 6561/1/2 
f 6476/1/1 6475/1/1 5993/1/1 5994/1/1 
f 6055/1/32 6558/1/32 6561/1/32 6069/1/32 
f 6562/1/8 6558/1/8 6055/1/8 6056/1/8 
f 6064/1/3 6571/1/3 6478/1/3 5996/1/3 
f 6093/1/3 6575/1/3 6476/1/3 5994/1/3 
f 6575/1/28 6093/1/28 5993/1/28 6475/1/28 
f 6066/1/3 6567/1/3 6480/1/3 5998/1/3 
f 6571/1/35 6064/1/35 5995/1/35 6477/1/35 
f 6790/1/1 6789/1/1 6580/1/1 6581/1/1 
f 6794/1/1 6793/1/1 6584/1/1 6585/1/1 
f 6879/1/37 6651/1/37 6582/1/37 6791/1/37 
f 6792/1/1 6791/1/1 6582/1/1 6583/1/1 
f 6653/1/3 6875/1/3 6794/1/3 6585/1/3 
f 6875/1/39 6653/1/39 6584/1/39 6793/1/39 
f 4419/1/5 4416/1/5 6982/1/5 6616/1/5 
f 6616/1/5 6982/1/5 6576/1/5 
f 4417/1/4 6221/1/4 6982/1/4 4416/1/4 
f 4417/1/40 4418/1/40 6827/1/40 6221/1/40 
f 6221/1/40 6827/1/40 6222/1/40 
f 6819/1/6 6828/1/6 6615/1/6 6610/1/6 
f 5457/1/3 5392/1/3 5391/1/3 5496/1/3 
f 5496/1/3 5391/1/3 5390/1/3 5498/1/3 
f 6823/1/8 6826/1/8 6614/1/8 6617/1/8 
f 6829/1/2 6619/1/2 6676/1/2 6832/1/2 
f 6615/1/3 6828/1/3 6820/1/3 6612/1/3 
f 6820/1/1 6819/1/1 6610/1/1 6612/1/1 
f 6825/1/10 6832/1/10 6676/1/10 6618/1/10 
f 6826/1/7 6822/1/7 6613/1/7 6614/1/7 
f 6823/1/2 6617/1/2 6613/1/2 6822/1/2 
f 6829/1/8 6825/1/8 6618/1/8 6619/1/8 
f 6657/1/3 6867/1/3 6798/1/3 6589/1/3 
f 6798/1/1 6797/1/1 6588/1/1 6589/1/1 
f 6867/1/30 6657/1/30 6588/1/30 6797/1/30 
f 5349/1/33 4450/1/33 4451/1/33 5352/1/33 
f 6866/1/2 6637/1/2 6658/1/2 6865/1/2 
f 6636/1/31 6862/1/31 6865/1/31 6658/1/31 
f 6866/1/8 6862/1/8 6636/1/8 6637/1/8 
f 6467/1/32 6784/1/32 6786/1/32 6577/1/32 
f 6785/1/33 6784/1/33 6467/1/33 6470/1/33 
f 6785/1/2 6470/1/2 6577/1/2 6786/1/2 
f 6877/1/8 6876/1/8 6642/1/8 6643/1/8 
f 6885/1/2 6647/1/2 6648/1/2 6886/1/2 
f 6646/1/34 6884/1/34 6886/1/34 6648/1/34 
f 6885/1/8 6884/1/8 6646/1/8 6647/1/8 
f 6882/1/8 6878/1/8 6644/1/8 6645/1/8 
f 6882/1/2 6645/1/2 6650/1/2 6881/1/2 
f 6644/1/36 6878/1/36 6881/1/36 6650/1/36 
f 6877/1/2 6643/1/2 6652/1/2 6880/1/2 
f 6642/1/38 6876/1/38 6880/1/38 6652/1/38 
f 5498/1/3 5390/1/3 5349/1/3 5352/1/3 
f 4483/1/40 4450/1/40 5349/1/40 6821/1/40 
f 6821/1/40 5349/1/40 5390/1/40 
f 4451/1/5 4482/1/5 6611/1/5 5352/1/5 
f 5352/1/5 6611/1/5 5498/1/5 
f 4418/1/40 4483/1/40 6821/1/40 6827/1/40 
f 6982/1/40 6576/1/40 5457/1/40 5456/1/40 
f 6982/1/1 6221/1/1 5458/1/1 5456/1/1 
f 6221/1/2 6982/1/2 6576/1/2 6222/1/2 
f 6222/1/5 6221/1/5 5458/1/5 5392/1/5 
f 5456/1/3 5458/1/3 5392/1/3 5457/1/3 
f 6818/1/1 6817/1/1 6608/1/1 6609/1/1 
f 6677/1/3 6824/1/3 6818/1/3 6609/1/3 
f 6817/1/9 6824/1/9 6677/1/9 6608/1/9 
f 6835/1/13 6673/1/13 6604/1/13 6813/1/13 
f 6831/1/11 6675/1/11 6606/1/11 6815/1/11 
f 6816/1/1 6815/1/1 6606/1/1 6607/1/1 
f 6675/1/3 6831/1/3 6816/1/3 6607/1/3 
f 6814/1/1 6813/1/1 6604/1/1 6605/1/1 
f 6673/1/3 6835/1/3 6814/1/3 6605/1/3 
f 6624/1/15 6838/1/15 6841/1/15 6670/1/15 
f 6842/1/8 6838/1/8 6624/1/8 6625/1/8 
f 6842/1/2 6625/1/2 6670/1/2 6841/1/2 
f 6810/1/1 6809/1/1 6600/1/1 6601/1/1 
f 6669/1/3 6843/1/3 6810/1/3 6601/1/3 
f 6843/1/17 6669/1/17 6600/1/17 6809/1/17 
f 6667/1/3 6847/1/3 6808/1/3 6599/1/3 
f 6847/1/19 6667/1/19 6598/1/19 6807/1/19 
f 6808/1/1 6807/1/1 6598/1/1 6599/1/1 
f 6665/1/3 6851/1/3 6806/1/3 6597/1/3 
f 6851/1/21 6665/1/21 6596/1/21 6805/1/21 
f 6806/1/1 6805/1/1 6596/1/1 6597/1/1 
f 6850/1/8 6846/1/8 6628/1/8 6629/1/8 
f 6850/1/2 6629/1/2 6666/1/2 6849/1/2 
f 6628/1/23 6846/1/23 6849/1/23 6666/1/23 
f 6859/1/25 6661/1/25 6592/1/25 6801/1/25 
f 6802/1/1 6801/1/1 6592/1/1 6593/1/1 
f 6661/1/3 6859/1/3 6802/1/3 6593/1/3 
f 6659/1/3 6863/1/3 6800/1/3 6591/1/3 
f 6863/1/27 6659/1/27 6590/1/27 6799/1/27 
f 6800/1/1 6799/1/1 6590/1/1 6591/1/1 
f 6827/1/4 6222/1/4 6576/1/4 4419/1/4 
f 6827/1/4 4419/1/4 4418/1/4 
f 4419/1/4 6576/1/4 6616/1/4 
f 6837/1/2 6623/1/2 6672/1/2 6840/1/2 
f 6834/1/8 6830/1/8 6620/1/8 6621/1/8 
f 6620/1/12 6830/1/12 6833/1/12 6674/1/12 
f 6834/1/2 6621/1/2 6674/1/2 6833/1/2 
f 6858/1/2 6633/1/2 6662/1/2 6857/1/2 
f 4482/1/5 4419/1/5 6616/1/5 6611/1/5 
f 6611/1/5 6616/1/5 6615/1/5 6612/1/5 
f 6634/1/26 6860/1/26 6864/1/26 6660/1/26 
f 6632/1/24 6854/1/24 6857/1/24 6662/1/24 
f 6630/1/22 6852/1/22 6856/1/22 6664/1/22 
f 6858/1/8 6854/1/8 6632/1/8 6633/1/8 
f 6853/1/8 6852/1/8 6630/1/8 6631/1/8 
f 6663/1/3 6855/1/3 6804/1/3 6595/1/3 
f 6855/1/20 6663/1/20 6594/1/20 6803/1/20 
f 6853/1/2 6631/1/2 6664/1/2 6856/1/2 
f 6845/1/8 6844/1/8 6626/1/8 6627/1/8 
f 6845/1/2 6627/1/2 6668/1/2 6848/1/2 
f 6804/1/1 6803/1/1 6594/1/1 6595/1/1 
f 6839/1/16 6671/1/16 6602/1/16 6811/1/16 
f 6812/1/1 6811/1/1 6602/1/1 6603/1/1 
f 6626/1/18 6844/1/18 6848/1/18 6668/1/18 
f 6622/1/14 6836/1/14 6840/1/14 6672/1/14 
f 6671/1/3 6839/1/3 6812/1/3 6603/1/3 
f 6837/1/8 6836/1/8 6622/1/8 6623/1/8 
f 6861/1/2 6635/1/2 6660/1/2 6864/1/2 
f 6871/1/28 6655/1/28 6586/1/28 6795/1/28 
f 6861/1/8 6860/1/8 6634/1/8 6635/1/8 
f 6655/1/3 6871/1/3 6796/1/3 6587/1/3 
f 6796/1/1 6795/1/1 6586/1/1 6587/1/1 
f 5890/1/1 5889/1/1 7166/1/1 7167/1/1 
f 5894/1/1 5893/1/1 7168/1/1 7169/1/1 
f 5979/1/37 7170/1/37 7171/1/37 5891/1/37 
f 5892/1/1 5891/1/1 7171/1/1 7172/1/1 
f 7173/1/3 5975/1/3 5894/1/3 7169/1/3 
f 5975/1/39 7173/1/39 7168/1/39 5893/1/39 
f 4640/1/5 4637/1/5 6988/1/5 7174/1/5 
f 4638/1/4 6987/1/4 6988/1/4 4637/1/4 
f 4638/1/40 4639/1/40 5927/1/40 6987/1/40 
f 6987/1/40 5927/1/40 5885/1/40 
f 5919/1/6 5928/1/6 7175/1/6 7176/1/6 
f 5687/1/3 5623/1/3 5622/1/3 5615/1/3 
f 5615/1/3 5622/1/3 5621/1/3 
f 5923/1/8 5926/1/8 7177/1/8 7178/1/8 
f 5929/1/2 7179/1/2 7180/1/2 5932/1/2 
f 7175/1/3 5928/1/3 5920/1/3 7181/1/3 
f 5920/1/1 5919/1/1 7176/1/1 7181/1/1 
f 5925/1/10 5932/1/10 7180/1/10 7182/1/10 
f 5926/1/7 5922/1/7 7183/1/7 7177/1/7 
f 5923/1/2 7178/1/2 7183/1/2 5922/1/2 
f 5929/1/8 5925/1/8 7182/1/8 7179/1/8 
f 7184/1/3 5967/1/3 5898/1/3 7185/1/3 
f 5898/1/1 5897/1/1 7186/1/1 7185/1/1 
f 5967/1/30 7184/1/30 7186/1/30 5897/1/30 
f 5966/1/2 7187/1/2 7188/1/2 5965/1/2 
f 7189/1/31 5962/1/31 5965/1/31 7188/1/31 
f 5966/1/8 5962/1/8 7189/1/8 7187/1/8 
f 7190/1/32 5778/1/32 5886/1/32 7191/1/32 
f 5779/1/33 5778/1/33 7190/1/33 7192/1/33 
f 5779/1/2 7192/1/2 7191/1/2 5886/1/2 
f 5977/1/8 5976/1/8 7193/1/8 7194/1/8 
f 5985/1/2 7195/1/2 7196/1/2 5986/1/2 
f 7197/1/34 5984/1/34 5986/1/34 7196/1/34 
f 5985/1/8 5984/1/8 7197/1/8 7195/1/8 
f 5982/1/8 5978/1/8 7198/1/8 7199/1/8 
f 5982/1/2 7199/1/2 7200/1/2 5981/1/2 
f 7198/1/36 5978/1/36 5981/1/36 7200/1/36 
f 5977/1/2 7194/1/2 7201/1/2 5980/1/2 
f 7193/1/38 5976/1/38 5980/1/38 7201/1/38 
f 5615/1/3 5621/1/3 5579/1/3 5582/1/3 
f 4703/1/40 4670/1/40 5579/1/40 5921/1/40 
f 5921/1/40 5579/1/40 5621/1/40 
f 4671/1/5 4702/1/5 5615/1/5 5582/1/5 
f 4639/1/40 4703/1/40 5921/1/40 5927/1/40 
f 7174/1/5 6988/1/5 5688/1/5 5687/1/5 
f 6987/1/1 5689/1/1 5688/1/1 6988/1/1 
f 6987/1/2 6988/1/2 7174/1/2 5885/1/2 
f 5885/1/5 6987/1/5 5689/1/5 5623/1/5 
f 5688/1/3 5689/1/3 5623/1/3 5687/1/3 
f 5918/1/1 5917/1/1 7202/1/1 7203/1/1 
f 7204/1/3 5924/1/3 5918/1/3 7203/1/3 
f 5917/1/9 5924/1/9 7204/1/9 7202/1/9 
f 5935/1/13 7205/1/13 7206/1/13 5913/1/13 
f 5931/1/11 7207/1/11 7208/1/11 5915/1/11 
f 5916/1/1 5915/1/1 7208/1/1 7209/1/1 
f 7207/1/3 5931/1/3 5916/1/3 7209/1/3 
f 5914/1/1 5913/1/1 7206/1/1 7210/1/1 
f 7205/1/3 5935/1/3 5914/1/3 7210/1/3 
f 7211/1/15 5938/1/15 5941/1/15 7212/1/15 
f 5942/1/8 5938/1/8 7211/1/8 7213/1/8 
f 5942/1/2 7213/1/2 7212/1/2 5941/1/2 
f 5910/1/1 5909/1/1 7214/1/1 7215/1/1 
f 7216/1/3 5943/1/3 5910/1/3 7215/1/3 
f 5943/1/17 7216/1/17 7214/1/17 5909/1/17 
f 7217/1/3 5947/1/3 5908/1/3 7218/1/3 
f 5947/1/19 7217/1/19 7219/1/19 5907/1/19 
f 5908/1/1 5907/1/1 7219/1/1 7218/1/1 
f 7220/1/3 5951/1/3 5906/1/3 7221/1/3 
f 5951/1/21 7220/1/21 7222/1/21 5905/1/21 
f 5906/1/1 5905/1/1 7222/1/1 7221/1/1 
f 5950/1/8 5946/1/8 7223/1/8 7224/1/8 
f 5950/1/2 7224/1/2 7225/1/2 5949/1/2 
f 7223/1/23 5946/1/23 5949/1/23 7225/1/23 
f 5959/1/25 7226/1/25 7227/1/25 5901/1/25 
f 5902/1/1 5901/1/1 7227/1/1 7228/1/1 
f 7226/1/3 5959/1/3 5902/1/3 7228/1/3 
f 7229/1/3 5963/1/3 5900/1/3 7230/1/3 
f 5963/1/27 7229/1/27 7231/1/27 5899/1/27 
f 5900/1/1 5899/1/1 7231/1/1 7230/1/1 
f 5927/1/4 5885/1/4 7174/1/4 4640/1/4 
f 5927/1/4 4640/1/4 4639/1/4 
f 5937/1/2 7232/1/2 7233/1/2 5940/1/2 
f 5934/1/8 5930/1/8 7234/1/8 7235/1/8 
f 7234/1/12 5930/1/12 5933/1/12 7236/1/12 
f 5934/1/2 7235/1/2 7236/1/2 5933/1/2 
f 5958/1/2 7237/1/2 7238/1/2 5957/1/2 
f 7239/1/5 7240/1/5 7190/1/5 7191/1/5 
f 7239/1/5 7191/1/5 5615/1/5 7241/1/5 
f 7166/1/5 7241/1/5 5615/1/5 7167/1/5 
f 7171/1/5 7167/1/5 5615/1/5 7172/1/5 
f 7168/1/5 7172/1/5 5615/1/5 7169/1/5 
f 7242/1/5 7169/1/5 5615/1/5 7243/1/5 
f 7186/1/5 7243/1/5 5615/1/5 7185/1/5 
f 7231/1/5 7185/1/5 5615/1/5 7230/1/5 
f 7227/1/5 7230/1/5 5615/1/5 7228/1/5 
f 7244/1/5 7228/1/5 5615/1/5 7245/1/5 
f 7222/1/5 7245/1/5 5615/1/5 7221/1/5 
f 7219/1/5 7221/1/5 5615/1/5 7218/1/5 
f 7214/1/5 7218/1/5 5615/1/5 7215/1/5 
f 7246/1/5 7215/1/5 5615/1/5 7247/1/5 
f 7206/1/5 7247/1/5 5615/1/5 7210/1/5 
f 7208/1/5 7210/1/5 5615/1/5 7209/1/5 
f 7202/1/5 7209/1/5 5615/1/5 7203/1/5 
f 7176/1/5 7203/1/5 5615/1/5 7181/1/5 
f 7181/1/5 5615/1/5 4702/1/5 7175/1/5 
f 7175/1/5 4702/1/5 4640/1/5 7177/1/5 
f 7177/1/5 4640/1/5 7174/1/5 7178/1/5 
f 7182/1/5 7178/1/5 7174/1/5 7179/1/5 
f 7234/1/5 7179/1/5 7174/1/5 7235/1/5 
f 7248/1/5 7235/1/5 7174/1/5 7232/1/5 
f 7211/1/5 7232/1/5 7174/1/5 7213/1/5 
f 7249/1/5 7213/1/5 7174/1/5 7250/1/5 
f 7223/1/5 7250/1/5 7174/1/5 7224/1/5 
f 7251/1/5 7224/1/5 7174/1/5 7252/1/5 
f 7253/1/5 7252/1/5 7174/1/5 7237/1/5 
f 7254/1/5 7237/1/5 7174/1/5 7255/1/5 
f 7189/1/5 7255/1/5 7174/1/5 7187/1/5 
f 7256/1/5 7187/1/5 7174/1/5 7257/1/5 
f 7258/1/5 7257/1/5 7174/1/5 7259/1/5 
f 7193/1/5 7259/1/5 7174/1/5 7194/1/5 
f 7198/1/5 7194/1/5 7174/1/5 7199/1/5 
f 7197/1/5 7199/1/5 7174/1/5 7195/1/5 
f 7196/1/5 7195/1/5 7174/1/5 7241/1/5 
f 7196/1/5 7241/1/5 7166/1/5 7197/1/5 
f 7197/1/5 7166/1/5 7260/1/5 7199/1/5 
f 7200/1/5 7199/1/5 7260/1/5 7167/1/5 
f 7200/1/5 7167/1/5 7171/1/5 7198/1/5 
f 7198/1/5 7171/1/5 7170/1/5 7194/1/5 
f 7201/1/5 7194/1/5 7170/1/5 7172/1/5 
f 7201/1/5 7172/1/5 7168/1/5 7193/1/5 
f 7193/1/5 7168/1/5 7173/1/5 7259/1/5 
f 7261/1/5 7259/1/5 7173/1/5 7169/1/5 
f 7261/1/5 7169/1/5 7242/1/5 7258/1/5 
f 7258/1/5 7242/1/5 7262/1/5 7257/1/5 
f 7263/1/5 7257/1/5 7262/1/5 7243/1/5 
f 7263/1/5 7243/1/5 7186/1/5 7256/1/5 
f 7256/1/5 7186/1/5 7184/1/5 7187/1/5 
f 7188/1/5 7187/1/5 7184/1/5 7185/1/5 
f 7188/1/5 7185/1/5 7231/1/5 7189/1/5 
f 7189/1/5 7231/1/5 7229/1/5 7255/1/5 
f 7264/1/5 7255/1/5 7229/1/5 7230/1/5 
f 7264/1/5 7230/1/5 7227/1/5 7254/1/5 
f 7254/1/5 7227/1/5 7226/1/5 7237/1/5 
f 7238/1/5 7237/1/5 7226/1/5 7228/1/5 
f 7238/1/5 7228/1/5 7244/1/5 7253/1/5 
f 7253/1/5 7244/1/5 7265/1/5 7252/1/5 
f 7266/1/5 7252/1/5 7265/1/5 7245/1/5 
f 7266/1/5 7245/1/5 7222/1/5 7251/1/5 
f 7251/1/5 7222/1/5 7220/1/5 7224/1/5 
f 7225/1/5 7224/1/5 7220/1/5 7221/1/5 
f 7225/1/5 7221/1/5 7219/1/5 7223/1/5 
f 7223/1/5 7219/1/5 7217/1/5 7250/1/5 
f 7267/1/5 7250/1/5 7217/1/5 7218/1/5 
f 7267/1/5 7218/1/5 7214/1/5 7249/1/5 
f 7249/1/5 7214/1/5 7216/1/5 7213/1/5 
f 7212/1/5 7213/1/5 7216/1/5 7215/1/5 
f 7212/1/5 7215/1/5 7246/1/5 7211/1/5 
f 7211/1/5 7246/1/5 7268/1/5 7232/1/5 
f 7233/1/5 7232/1/5 7268/1/5 7247/1/5 
f 7233/1/5 7247/1/5 7206/1/5 7248/1/5 
f 7248/1/5 7206/1/5 7205/1/5 7235/1/5 
f 7236/1/5 7235/1/5 7205/1/5 7210/1/5 
f 7236/1/5 7210/1/5 7208/1/5 7234/1/5 
f 7234/1/5 7208/1/5 7207/1/5 7179/1/5 
f 7180/1/5 7179/1/5 7207/1/5 7209/1/5 
f 7180/1/5 7209/1/5 7202/1/5 7182/1/5 
f 7182/1/5 7202/1/5 7204/1/5 7178/1/5 
f 7183/1/5 7178/1/5 7204/1/5 7203/1/5 
f 7183/1/5 7203/1/5 7176/1/5 7177/1/5 
f 7177/1/5 7176/1/5 7175/1/5 
f 7240/1/5 7241/1/5 7174/1/5 7190/1/5 
f 7190/1/5 7174/1/5 5687/1/5 7192/1/5 
f 7191/1/5 7192/1/5 5687/1/5 5615/1/5 
f 7254/1/26 5960/1/26 5964/1/26 7264/1/26 
f 7253/1/24 5954/1/24 5957/1/24 7238/1/24 
f 7251/1/22 5952/1/22 5956/1/22 7266/1/22 
f 5958/1/8 5954/1/8 7253/1/8 7237/1/8 
f 5953/1/8 5952/1/8 7251/1/8 7252/1/8 
f 7265/1/3 5955/1/3 5904/1/3 7245/1/3 
f 5955/1/20 7265/1/20 7244/1/20 5903/1/20 
f 5953/1/2 7252/1/2 7266/1/2 5956/1/2 
f 5945/1/8 5944/1/8 7249/1/8 7250/1/8 
f 5945/1/2 7250/1/2 7267/1/2 5948/1/2 
f 5904/1/1 5903/1/1 7244/1/1 7245/1/1 
f 5939/1/16 7268/1/16 7246/1/16 5911/1/16 
f 5912/1/1 5911/1/1 7246/1/1 7247/1/1 
f 7249/1/18 5944/1/18 5948/1/18 7267/1/18 
f 7248/1/14 5936/1/14 5940/1/14 7233/1/14 
f 7268/1/3 5939/1/3 5912/1/3 7247/1/3 
f 5937/1/8 5936/1/8 7248/1/8 7232/1/8 
f 5961/1/2 7255/1/2 7264/1/2 5964/1/2 
f 5971/1/28 7262/1/28 7242/1/28 5895/1/28 
f 5961/1/8 5960/1/8 7254/1/8 7255/1/8 
f 7262/1/3 5971/1/3 5896/1/3 7243/1/3 
f 5896/1/1 5895/1/1 7242/1/1 7243/1/1 
f 6908/1/1 6894/1/1 6895/1/1 6910/1/1 
f 6894/1/77 6908/1/77 6907/1/77 6896/1/77 
f 6907/1/40 6910/1/40 6895/1/40 6896/1/40 
f 6869/1/2 6639/1/2 6656/1/2 6872/1/2 
f 6869/1/8 6868/1/8 6638/1/8 6639/1/8 
f 6638/1/29 6868/1/29 6872/1/29 6656/1/29 
f 6576/1/1 6222/1/1 5392/1/1 5457/1/1 
f 6874/1/2 6641/1/2 6654/1/2 6873/1/2 
f 6788/1/1 6787/1/1 6578/1/1 6579/1/1 
f 6640/1/32 6870/1/32 6873/1/32 6654/1/32 
f 6874/1/8 6870/1/8 6640/1/8 6641/1/8 
f 6649/1/3 6883/1/3 6790/1/3 6581/1/3 
f 6678/1/3 6887/1/3 6788/1/3 6579/1/3 
f 6887/1/28 6678/1/28 6578/1/28 6787/1/28 
f 6651/1/3 6879/1/3 6792/1/3 6583/1/3 
f 6883/1/35 6649/1/35 6580/1/35 6789/1/35 
f 5969/1/2 7257/1/2 7263/1/2 5972/1/2 
f 5969/1/8 5968/1/8 7256/1/8 7257/1/8 
f 7256/1/29 5968/1/29 5972/1/29 7263/1/29 
f 5885/1/1 5623/1/1 5687/1/1 7174/1/1 
f 5974/1/2 7259/1/2 7261/1/2 5973/1/2 
f 5888/1/1 5887/1/1 7239/1/1 7241/1/1 
f 7258/1/32 5970/1/32 5973/1/32 7261/1/32 
f 5974/1/8 5970/1/8 7258/1/8 7259/1/8 
f 7260/1/3 5983/1/3 5890/1/3 7167/1/3 
f 7240/1/3 5987/1/3 5888/1/3 7241/1/3 
f 5987/1/28 7240/1/28 7239/1/28 5887/1/28 
f 7170/1/3 5979/1/3 5892/1/3 7172/1/3 
f 5983/1/35 7260/1/35 7166/1/35 5889/1/35 
f 7037/1/40 7040/1/40 7031/1/40 7032/1/40 
f 7030/1/77 7038/1/77 7037/1/77 7032/1/77 
f 7038/1/1 7030/1/1 7031/1/1 7040/1/1 
f 6400/1/40 6367/1/40 6974/1/40 6403/1/40 
f 6404/1/40 6403/1/40 6974/1/40 7160/1/40 
f 7269/1/40 5781/1/40 6234/1/40 6233/1/40 
f 7270/1/1 6990/1/1 6233/1/1 7269/1/1 
f 6233/1/3 6990/1/3 6363/1/3 6234/1/3 
f 6096/1/5 7270/1/5 6990/1/5 6363/1/5 
f 6397/1/1 6398/1/1 6288/1/1 6289/1/1 
f 6465/1/2 6341/1/2 6288/1/2 6398/1/2 
f 6465/1/57 6397/1/57 6289/1/57 6341/1/57 
f 6337/1/58 6461/1/58 6393/1/58 6293/1/58 
f 6339/1/59 6463/1/59 6395/1/59 6291/1/59 
f 6395/1/1 6396/1/1 6290/1/1 6291/1/1 
f 6463/1/2 6339/1/2 6290/1/2 6396/1/2 
f 6393/1/1 6394/1/1 6292/1/1 6293/1/1 
f 6461/1/2 6337/1/2 6292/1/2 6394/1/2 
f 6412/1/60 6276/1/60 6334/1/60 6458/1/60 
f 6412/1/41 6413/1/41 6275/1/41 6276/1/41 
f 6275/1/3 6413/1/3 6458/1/3 6334/1/3 
f 6389/1/1 6390/1/1 6296/1/1 6297/1/1 
f 6457/1/2 6333/1/2 6296/1/2 6390/1/2 
f 6333/1/61 6457/1/61 6389/1/61 6297/1/61 
f 7101/1/2 6744/1/2 6761/1/2 7148/1/2 
f 7101/1/8 7102/1/8 6743/1/8 6744/1/8 
f 6743/1/29 7102/1/29 7148/1/29 6761/1/29 
f 6223/1/1 7091/1/1 7089/1/1 4964/1/1 
f 7099/1/2 6746/1/2 6759/1/2 7150/1/2 
f 7085/1/1 7086/1/1 6683/1/1 6684/1/1 
f 6745/1/32 7100/1/32 7150/1/32 6759/1/32 
f 7099/1/8 7100/1/8 6745/1/8 6746/1/8 
f 6754/1/3 7096/1/3 7083/1/3 6686/1/3 
f 6783/1/3 7092/1/3 7085/1/3 6684/1/3 
f 7092/1/28 6783/1/28 6683/1/28 7086/1/28 
f 6756/1/3 7152/1/3 7081/1/3 6688/1/3 
f 7096/1/35 6754/1/35 6685/1/35 7084/1/35 
f 7083/1/1 7084/1/1 6685/1/1 6686/1/1 
f 7271/1/75 7164/1/75 7163/1/75 7272/1/75 
f 7022/1/33 7273/1/33 7274/1/33 7027/1/33 
f 7079/1/1 7080/1/1 6689/1/1 6690/1/1 
f 7152/1/37 6756/1/37 6687/1/37 7082/1/37 
f 7081/1/1 7082/1/1 6687/1/1 6688/1/1 
f 6902/1/33 6899/1/33 6888/1/33 6889/1/33 
f 6911/1/33 6902/1/33 6889/1/33 6890/1/33 
f 6920/1/33 6911/1/33 6890/1/33 6891/1/33 
f 6967/1/33 6920/1/33 6891/1/33 7034/1/33 
f 6968/1/33 6967/1/33 7034/1/33 5771/1/33 
f 6903/1/33 6968/1/33 5771/1/33 5767/1/33 
f 6904/1/33 6903/1/33 5767/1/33 5758/1/33 
f 6900/1/33 6904/1/33 5758/1/33 5757/1/33 
f 6901/1/33 6900/1/33 5757/1/33 5769/1/33 
f 6898/1/33 6901/1/33 5769/1/33 5762/1/33 
f 5766/1/33 6898/1/33 5762/1/33 5761/1/33 
f 6758/1/3 7151/1/3 7079/1/3 6690/1/3 
f 7151/1/39 6758/1/39 6689/1/39 7080/1/39 
f 7164/1/33 7271/1/33 7275/1/33 7165/1/33 
f 7275/1/40 7272/1/40 7163/1/40 7165/1/40 
f 7276/1/78 7023/1/78 7027/1/78 7274/1/78 
f 3730/1/5 3762/1/5 6220/1/5 6721/1/5 
f 6721/1/5 6220/1/5 6223/1/5 
f 7276/1/5 7273/1/5 7022/1/5 7023/1/5 
f 3763/1/4 6953/1/4 6220/1/4 3762/1/4 
f 3763/1/40 3731/1/40 7091/1/40 6953/1/40 
f 7054/1/6 7125/1/6 6720/1/6 6715/1/6 
f 4964/1/3 7089/1/3 7154/1/3 4963/1/3 
f 4963/1/3 7154/1/3 4968/1/3 
f 7123/1/8 7124/1/8 6719/1/8 6722/1/8 
f 7121/1/2 6724/1/2 6781/1/2 7128/1/2 
f 6720/1/3 7125/1/3 7053/1/3 6717/1/3 
f 7053/1/1 7054/1/1 6715/1/1 6717/1/1 
f 7122/1/10 7128/1/10 6781/1/10 6723/1/10 
f 7124/1/7 7126/1/7 6718/1/7 6719/1/7 
f 7123/1/2 6722/1/2 6718/1/2 7126/1/2 
f 7121/1/8 7122/1/8 6723/1/8 6724/1/8 
f 6762/1/3 7147/1/3 7075/1/3 6694/1/3 
f 7075/1/1 7076/1/1 6693/1/1 6694/1/1 
f 6104/1/1 6103/1/1 5786/1/1 5787/1/1 
f 6108/1/1 6107/1/1 5790/1/1 5791/1/1 
f 6193/1/37 5857/1/37 5788/1/37 6105/1/37 
f 6106/1/1 6105/1/1 5788/1/1 5789/1/1 
f 5859/1/3 6189/1/3 6108/1/3 5791/1/3 
f 6189/1/39 5859/1/39 5790/1/39 6107/1/39 
f 3809/1/5 3807/1/5 6986/1/5 5822/1/5 
f 5822/1/5 6986/1/5 5780/1/5 
f 3808/1/4 6985/1/4 6986/1/4 3807/1/4 
f 3808/1/40 2624/1/40 6141/1/40 6985/1/40 
f 6985/1/40 6141/1/40 6095/1/40 
f 6133/1/6 6142/1/6 5821/1/6 5816/1/6 
f 5781/1/3 6096/1/3 6202/1/3 5777/1/3 
f 5777/1/3 6202/1/3 6099/1/3 5783/1/3 
f 6137/1/8 6140/1/8 5820/1/8 5823/1/8 
f 6143/1/2 5825/1/2 5882/1/2 6146/1/2 
f 5821/1/3 6142/1/3 6134/1/3 5818/1/3 
f 6134/1/1 6133/1/1 5816/1/1 5818/1/1 
f 6139/1/10 6146/1/10 5882/1/10 5824/1/10 
f 6140/1/7 6136/1/7 5819/1/7 5820/1/7 
f 6137/1/2 5823/1/2 5819/1/2 6136/1/2 
f 6143/1/8 6139/1/8 5824/1/8 5825/1/8 
f 5863/1/3 6181/1/3 6112/1/3 5795/1/3 
f 6112/1/1 6111/1/1 5794/1/1 5795/1/1 
f 6181/1/30 5863/1/30 5794/1/30 6111/1/30 
f 6973/1/33 3833/1/33 3834/1/33 6972/1/33 
f 6180/1/2 5843/1/2 5864/1/2 6179/1/2 
f 5842/1/31 6176/1/31 6179/1/31 5864/1/31 
f 6180/1/8 6176/1/8 5842/1/8 5843/1/8 
f 5773/1/32 6097/1/32 6100/1/32 5782/1/32 
f 6098/1/33 6097/1/33 5773/1/33 5776/1/33 
f 6098/1/2 5776/1/2 5782/1/2 6100/1/2 
f 6191/1/8 6190/1/8 5848/1/8 5849/1/8 
f 6199/1/2 5853/1/2 5854/1/2 6200/1/2 
f 5852/1/34 6198/1/34 6200/1/34 5854/1/34 
f 6199/1/8 6198/1/8 5852/1/8 5853/1/8 
f 6196/1/8 6192/1/8 5850/1/8 5851/1/8 
f 6196/1/2 5851/1/2 5856/1/2 6195/1/2 
f 5850/1/36 6192/1/36 6195/1/36 5856/1/36 
f 6191/1/2 5849/1/2 5858/1/2 6194/1/2 
f 5848/1/38 6190/1/38 6194/1/38 5858/1/38 
f 5783/1/3 6099/1/3 6973/1/3 6972/1/3 
f 2622/1/40 3833/1/40 6973/1/40 6135/1/40 
f 6135/1/40 6973/1/40 6099/1/40 
f 3834/1/5 3865/1/5 5817/1/5 6972/1/5 
f 6972/1/5 5817/1/5 5783/1/5 
f 2624/1/40 2622/1/40 6135/1/40 6141/1/40 
f 6986/1/40 5780/1/40 5781/1/40 7269/1/40 
f 6985/1/1 7270/1/1 7269/1/1 6986/1/1 
f 6985/1/2 6986/1/2 5780/1/2 6095/1/2 
f 6095/1/5 6985/1/5 7270/1/5 6096/1/5 
f 7269/1/3 7270/1/3 6096/1/3 5781/1/3 
f 6132/1/1 6131/1/1 5814/1/1 5815/1/1 
f 5883/1/3 6138/1/3 6132/1/3 5815/1/3 
f 6131/1/9 6138/1/9 5883/1/9 5814/1/9 
f 6149/1/13 5879/1/13 5810/1/13 6127/1/13 
f 6145/1/11 5881/1/11 5812/1/11 6129/1/11 
f 6130/1/1 6129/1/1 5812/1/1 5813/1/1 
f 5881/1/3 6145/1/3 6130/1/3 5813/1/3 
f 6128/1/1 6127/1/1 5810/1/1 5811/1/1 
f 5879/1/3 6149/1/3 6128/1/3 5811/1/3 
f 5830/1/15 6152/1/15 6155/1/15 5876/1/15 
f 6156/1/8 6152/1/8 5830/1/8 5831/1/8 
f 6156/1/2 5831/1/2 5876/1/2 6155/1/2 
f 6124/1/1 6123/1/1 5806/1/1 5807/1/1 
f 5875/1/3 6157/1/3 6124/1/3 5807/1/3 
f 6157/1/17 5875/1/17 5806/1/17 6123/1/17 
f 5873/1/3 6161/1/3 6122/1/3 5805/1/3 
f 6161/1/19 5873/1/19 5804/1/19 6121/1/19 
f 6122/1/1 6121/1/1 5804/1/1 5805/1/1 
f 5871/1/3 6165/1/3 6120/1/3 5803/1/3 
f 6165/1/21 5871/1/21 5802/1/21 6119/1/21 
f 6120/1/1 6119/1/1 5802/1/1 5803/1/1 
f 6164/1/8 6160/1/8 5834/1/8 5835/1/8 
f 6164/1/2 5835/1/2 5872/1/2 6163/1/2 
f 5834/1/23 6160/1/23 6163/1/23 5872/1/23 
f 6173/1/25 5867/1/25 5798/1/25 6115/1/25 
f 6116/1/1 6115/1/1 5798/1/1 5799/1/1 
f 5867/1/3 6173/1/3 6116/1/3 5799/1/3 
f 5865/1/3 6177/1/3 6114/1/3 5797/1/3 
f 6177/1/27 5865/1/27 5796/1/27 6113/1/27 
f 6114/1/1 6113/1/1 5796/1/1 5797/1/1 
f 2624/1/4 6141/1/4 6095/1/4 5780/1/4 
f 3809/1/4 2624/1/4 5780/1/4 5822/1/4 
f 6151/1/2 5829/1/2 5878/1/2 6154/1/2 
f 6148/1/8 6144/1/8 5826/1/8 5827/1/8 
f 5826/1/12 6144/1/12 6147/1/12 5880/1/12 
f 6148/1/2 5827/1/2 5880/1/2 6147/1/2 
f 6172/1/2 5839/1/2 5868/1/2 6171/1/2 
f 5840/1/26 6174/1/26 6178/1/26 5866/1/26 
f 5838/1/24 6168/1/24 6171/1/24 5868/1/24 
f 5836/1/22 6166/1/22 6170/1/22 5870/1/22 
f 6172/1/8 6168/1/8 5838/1/8 5839/1/8 
f 6167/1/8 6166/1/8 5836/1/8 5837/1/8 
f 5869/1/3 6169/1/3 6118/1/3 5801/1/3 
f 6169/1/20 5869/1/20 5800/1/20 6117/1/20 
f 6167/1/2 5837/1/2 5870/1/2 6170/1/2 
f 6159/1/8 6158/1/8 5832/1/8 5833/1/8 
f 6159/1/2 5833/1/2 5874/1/2 6162/1/2 
f 6118/1/1 6117/1/1 5800/1/1 5801/1/1 
f 6153/1/16 5877/1/16 5808/1/16 6125/1/16 
f 6126/1/1 6125/1/1 5808/1/1 5809/1/1 
f 5832/1/18 6158/1/18 6162/1/18 5874/1/18 
f 5828/1/14 6150/1/14 6154/1/14 5878/1/14 
f 5877/1/3 6153/1/3 6126/1/3 5809/1/3 
f 6151/1/8 6150/1/8 5828/1/8 5829/1/8 
f 6175/1/2 5841/1/2 5866/1/2 6178/1/2 
f 6185/1/28 5861/1/28 5792/1/28 6109/1/28 
f 6175/1/8 6174/1/8 5840/1/8 5841/1/8 
f 5861/1/3 6185/1/3 6110/1/3 5793/1/3 
f 6110/1/1 6109/1/1 5792/1/1 5793/1/1 
f 6183/1/2 5845/1/2 5862/1/2 6186/1/2 
f 6183/1/8 6182/1/8 5844/1/8 5845/1/8 
f 5844/1/29 6182/1/29 6186/1/29 5862/1/29 
f 6095/1/1 6096/1/1 5781/1/1 5780/1/1 
f 6188/1/2 5847/1/2 5860/1/2 6187/1/2 
f 6102/1/1 6101/1/1 5784/1/1 5785/1/1 
f 5846/1/32 6184/1/32 6187/1/32 5860/1/32 
f 6188/1/8 6184/1/8 5846/1/8 5847/1/8 
f 5855/1/3 6197/1/3 6104/1/3 5787/1/3 
f 5884/1/3 6201/1/3 6102/1/3 5785/1/3 
f 6201/1/28 5884/1/28 5784/1/28 6101/1/28 
f 5857/1/3 6193/1/3 6106/1/3 5789/1/3 
f 6197/1/35 5855/1/35 5786/1/35 6103/1/35 
f 7147/1/30 6762/1/30 6693/1/30 7076/1/30 
f 4984/1/3 7277/1/3 7278/1/3 5033/1/3 
f 7279/1/41 7277/1/41 4984/1/41 4985/1/41 
f 7279/1/42 4985/1/42 5033/1/42 7278/1/42 
f 7154/1/33 4968/1/33 4971/1/33 5048/1/33 
f 7154/1/33 5048/1/33 7280/1/33 
f 7089/1/1 4944/1/1 4947/1/1 4964/1/1 
f 4946/1/3 4945/1/3 7280/1/3 5048/1/3 
f 4982/1/3 7281/1/3 7282/1/3 5031/1/3 
f 7283/1/1 7284/1/1 4972/1/1 4970/1/1 
f 7285/1/43 4983/1/43 5031/1/43 7282/1/43 
f 7285/1/41 7281/1/41 4982/1/41 4983/1/41 
f 7286/1/2 5027/1/2 5025/1/2 7287/1/2 
f 7288/1/2 4975/1/2 4972/1/2 7284/1/2 
f 4975/1/44 7288/1/44 7283/1/44 4970/1/44 
f 7289/1/2 5028/1/2 5023/1/2 7290/1/2 
f 5027/1/45 7286/1/45 7291/1/45 4973/1/45 
f 7291/1/1 7287/1/1 5025/1/1 4973/1/1 
f 7292/1/1 7293/1/1 5021/1/1 5022/1/1 
f 5028/1/46 7289/1/46 7294/1/46 5024/1/46 
f 7294/1/1 7290/1/1 5023/1/1 5024/1/1 
f 7295/1/2 5030/1/2 5021/1/2 7293/1/2 
f 5030/1/47 7295/1/47 7292/1/47 5022/1/47 
f 7296/1/3 7297/1/3 4945/1/3 4946/1/3 
f 4947/1/5 6989/1/5 7296/1/5 4948/1/5 
f 4948/1/5 7296/1/5 4946/1/5 
f 6989/1/48 6956/1/48 7297/1/48 7296/1/48 
f 6956/1/40 4944/1/40 4945/1/40 7297/1/40 
f 7298/1/49 7299/1/49 5003/1/49 5002/1/49 
f 7300/1/41 7301/1/41 5000/1/41 5001/1/41 
f 4998/1/3 7302/1/3 7303/1/3 5045/1/3 
f 7298/1/2 5002/1/2 5047/1/2 7304/1/2 
f 7299/1/1 7304/1/1 5047/1/1 5003/1/1 
f 7303/1/50 7305/1/50 4999/1/50 5045/1/50 
f 7306/1/51 7300/1/51 5001/1/51 5004/1/51 
f 5000/1/3 7301/1/3 7306/1/3 5004/1/3 
f 7305/1/41 7302/1/41 4998/1/41 4999/1/41 
f 7307/1/2 5034/1/2 5017/1/2 7308/1/2 
f 7309/1/1 7308/1/1 5017/1/1 5018/1/1 
f 6369/1/1 6370/1/1 6248/1/1 6243/1/1 
f 6373/1/1 6374/1/1 6312/1/1 6313/1/1 
f 6316/1/46 6439/1/46 6371/1/46 6249/1/46 
f 6371/1/1 6372/1/1 6314/1/1 6249/1/1 
f 6441/1/2 6317/1/2 6312/1/2 6374/1/2 
f 6317/1/47 6441/1/47 6373/1/47 6313/1/47 
f 7310/1/3 7311/1/3 7160/1/3 6917/1/3 
f 6234/1/5 6233/1/5 7310/1/5 6254/1/5 
f 6254/1/5 7310/1/5 6917/1/5 
f 6233/1/48 6990/1/48 7311/1/48 7310/1/48 
f 6990/1/40 6363/1/40 6404/1/40 7311/1/40 
f 7311/1/40 6404/1/40 7160/1/40 
f 6403/1/49 6399/1/49 6286/1/49 6285/1/49 
f 6402/1/41 6405/1/41 6283/1/41 6284/1/41 
f 6281/1/3 6407/1/3 6464/1/3 6340/1/3 
f 6403/1/2 6285/1/2 6342/1/2 6400/1/2 
f 6399/1/1 6400/1/1 6342/1/1 6286/1/1 
f 6464/1/50 6406/1/50 6282/1/50 6340/1/50 
f 6401/1/51 6402/1/51 6284/1/51 6287/1/51 
f 6283/1/3 6405/1/3 6401/1/3 6287/1/3 
f 6406/1/41 6407/1/41 6281/1/41 6282/1/41 
f 6445/1/2 6321/1/2 6308/1/2 6378/1/2 
f 6377/1/1 6378/1/1 6308/1/1 6309/1/1 
f 6321/1/52 6445/1/52 6377/1/52 6309/1/52 
f 6973/1/1 6960/1/1 6961/1/1 6972/1/1 
f 6263/1/3 6425/1/3 6446/1/3 6322/1/3 
f 6424/1/53 6264/1/53 6322/1/53 6446/1/53 
f 6424/1/41 6425/1/41 6263/1/41 6264/1/41 
f 6358/1/43 6247/1/43 6246/1/43 6366/1/43 
f 6358/1/33 6357/1/33 6239/1/33 6247/1/33 
f 6239/1/3 6357/1/3 6366/1/3 6246/1/3 
f 6430/1/41 6431/1/41 6257/1/41 6258/1/41 
f 6255/1/3 6435/1/3 6436/1/3 6242/1/3 
f 6434/1/54 6253/1/54 6242/1/54 6436/1/54 
f 6434/1/41 6435/1/41 6255/1/41 6253/1/41 
f 6432/1/41 6433/1/41 6251/1/41 6256/1/41 
f 6251/1/3 6433/1/3 6438/1/3 6250/1/3 
f 6432/1/55 6256/1/55 6250/1/55 6438/1/55 
f 6257/1/3 6431/1/3 6440/1/3 6315/1/3 
f 6430/1/56 6258/1/56 6315/1/56 6440/1/56 
f 6918/1/3 6974/1/3 6960/1/3 6961/1/3 
f 7312/1/75 6993/1/75 6992/1/75 7313/1/75 
f 7314/1/40 7313/1/40 6992/1/40 6996/1/40 
f 6993/1/33 7312/1/33 7314/1/33 6996/1/33 
f 6227/1/33 7011/1/33 6998/1/33 
f 5768/1/33 7016/1/33 5772/1/33 
f 6212/1/33 6353/1/33 6213/1/33 
f 7315/1/5 7316/1/5 6994/1/5 6997/1/5 
f 7315/1/1 6997/1/1 6995/1/1 7317/1/1 
f 6994/1/76 7316/1/76 7317/1/76 6995/1/76 
f 7035/1/78 7029/1/78 7033/1/78 7036/1/78 
f 7035/1/5 7039/1/5 7028/1/5 7029/1/5 
f 7028/1/33 7039/1/33 7036/1/33 7033/1/33 
f 7103/1/2 6742/1/2 6763/1/2 7146/1/2 
f 6741/1/31 7104/1/31 7146/1/31 6763/1/31 
f 7103/1/8 7104/1/8 6741/1/8 6742/1/8 
f 6680/1/32 7090/1/32 7087/1/32 6682/1/32 
f 7088/1/33 7090/1/33 6680/1/33 6681/1/33 
f 7088/1/2 6681/1/2 6682/1/2 7087/1/2 
f 7050/1/8 7052/1/8 6747/1/8 6748/1/8 
f 7093/1/2 6752/1/2 6753/1/2 7094/1/2 
f 6751/1/34 7095/1/34 7094/1/34 6753/1/34 
f 7093/1/8 7095/1/8 6751/1/8 6752/1/8 
f 7097/1/8 7098/1/8 6749/1/8 6750/1/8 
f 7097/1/2 6750/1/2 6755/1/2 7153/1/2 
f 6749/1/36 7098/1/36 7153/1/36 6755/1/36 
f 6455/1/2 6331/1/2 6298/1/2 6388/1/2 
f 6331/1/62 6455/1/62 6387/1/62 6299/1/62 
f 6387/1/1 6388/1/1 6298/1/1 6299/1/1 
f 6453/1/2 6329/1/2 6300/1/2 6386/1/2 
f 6329/1/63 6453/1/63 6385/1/63 6301/1/63 
f 6385/1/1 6386/1/1 6300/1/1 6301/1/1 
f 6416/1/41 6417/1/41 6271/1/41 6272/1/41 
f 6271/1/3 6417/1/3 6454/1/3 6330/1/3 
f 6416/1/64 6272/1/64 6330/1/64 6454/1/64 
f 6325/1/65 6449/1/65 6381/1/65 6305/1/65 
f 6381/1/1 6382/1/1 6304/1/1 6305/1/1 
f 6449/1/2 6325/1/2 6304/1/2 6382/1/2 
f 6447/1/2 6323/1/2 6306/1/2 6380/1/2 
f 6323/1/66 6447/1/66 6379/1/66 6307/1/66 
f 6379/1/1 6380/1/1 6306/1/1 6307/1/1 
f 6363/1/48 6404/1/48 7160/1/48 6917/1/48 
f 6234/1/48 6363/1/48 6917/1/48 6254/1/48 
f 6277/1/3 6411/1/3 6460/1/3 6336/1/3 
f 6408/1/41 6409/1/41 6279/1/41 6280/1/41 
f 6408/1/67 6280/1/67 6338/1/67 6462/1/67 
f 6279/1/3 6409/1/3 6462/1/3 6338/1/3 
f 6267/1/3 6421/1/3 6450/1/3 6326/1/3 
f 5777/1/5 5781/1/5 6234/1/5 6239/1/5 
f 6285/1/5 6254/1/5 6917/1/5 6342/1/5 
f 6244/1/5 6342/1/5 6917/1/5 6918/1/5 
f 6422/1/68 6266/1/68 6324/1/68 6448/1/68 
f 6420/1/69 6268/1/69 6326/1/69 6450/1/69 
f 6418/1/70 6270/1/70 6328/1/70 6452/1/70 
f 6420/1/41 6421/1/41 6267/1/41 6268/1/41 
f 6418/1/41 6419/1/41 6269/1/41 6270/1/41 
f 6451/1/2 6327/1/2 6302/1/2 6384/1/2 
f 6327/1/71 6451/1/71 6383/1/71 6303/1/71 
f 6269/1/3 6419/1/3 6452/1/3 6328/1/3 
f 6414/1/41 6415/1/41 6273/1/41 6274/1/41 
f 6273/1/3 6415/1/3 6456/1/3 6332/1/3 
f 6383/1/1 6384/1/1 6302/1/1 6303/1/1 
f 6335/1/72 6459/1/72 6391/1/72 6295/1/72 
f 6391/1/1 6392/1/1 6294/1/1 6295/1/1 
f 6414/1/73 6274/1/73 6332/1/73 6456/1/73 
f 6410/1/74 6278/1/74 6336/1/74 6460/1/74 
f 6459/1/2 6335/1/2 6294/1/2 6392/1/2 
f 6410/1/41 6411/1/41 6277/1/41 6278/1/41 
f 6265/1/3 6423/1/3 6448/1/3 6324/1/3 
f 6319/1/44 6443/1/44 6375/1/44 6311/1/44 
f 6422/1/41 6423/1/41 6265/1/41 6266/1/41 
f 6443/1/2 6319/1/2 6310/1/2 6376/1/2 
f 6375/1/1 6376/1/1 6310/1/1 6311/1/1 
f 6261/1/3 6427/1/3 6444/1/3 6320/1/3 
f 6426/1/41 6427/1/41 6261/1/41 6262/1/41 
f 6426/1/42 6262/1/42 6320/1/42 6444/1/42 
f 6099/1/33 5783/1/33 6244/1/33 6918/1/33 
f 6367/1/33 6099/1/33 6918/1/33 6974/1/33 
f 6096/1/1 6363/1/1 6234/1/1 5781/1/1 
f 6917/1/3 7160/1/3 6974/1/3 6918/1/3 
f 6259/1/3 6429/1/3 6442/1/3 6318/1/3 
f 6365/1/1 6368/1/1 6240/1/1 6245/1/1 
f 6428/1/43 6260/1/43 6318/1/43 6442/1/43 
f 6428/1/41 6429/1/41 6259/1/41 6260/1/41 
f 6437/1/2 6252/1/2 6248/1/2 6370/1/2 
f 6364/1/2 6241/1/2 6240/1/2 6368/1/2 
f 6241/1/44 6364/1/44 6365/1/44 6245/1/44 
f 6439/1/2 6316/1/2 6314/1/2 6372/1/2 
f 6252/1/45 6437/1/45 6369/1/45 6243/1/45 
f 5034/1/52 7307/1/52 7309/1/52 5018/1/52 
f 6965/1/1 6958/1/1 6957/1/1 6966/1/1 
f 4986/1/3 7318/1/3 7319/1/3 5035/1/3 
f 7320/1/53 4987/1/53 5035/1/53 7319/1/53 
f 7320/1/41 7318/1/41 4986/1/41 4987/1/41 
f 7321/1/43 4966/1/43 4969/1/43 7322/1/43 
f 7321/1/33 7323/1/33 4965/1/33 4966/1/33 
f 4965/1/3 7323/1/3 7322/1/3 4969/1/3 
f 7324/1/41 7325/1/41 4980/1/41 4981/1/41 
f 4976/1/3 7326/1/3 7327/1/3 4974/1/3 
f 7328/1/54 4977/1/54 4974/1/54 7327/1/54 
f 7328/1/41 7326/1/41 4976/1/41 4977/1/41 
f 7329/1/41 7330/1/41 4978/1/41 4979/1/41 
f 4978/1/3 7330/1/3 7331/1/3 5026/1/3 
f 7329/1/55 4979/1/55 5026/1/55 7331/1/55 
f 4980/1/3 7325/1/3 7332/1/3 5029/1/3 
f 7324/1/56 4981/1/56 5029/1/56 7332/1/56 
f 7154/1/2 4968/1/2 6966/1/2 6965/1/2 
f 7154/1/40 6965/1/40 6958/1/40 7280/1/40 
f 5048/1/3 7280/1/3 6958/1/3 6957/1/3 
f 7324/1/40 7332/1/40 7292/1/40 7295/1/40 
f 7324/1/40 7295/1/40 7281/1/40 4945/1/40 
f 7325/1/40 7324/1/40 4945/1/40 7329/1/40 
f 7330/1/40 7329/1/40 4945/1/40 7328/1/40 
f 7326/1/40 7328/1/40 4945/1/40 4944/1/40 
f 7327/1/40 7326/1/40 4944/1/40 7288/1/40 
f 7327/1/40 7288/1/40 7284/1/40 7291/1/40 
f 7280/1/40 7291/1/40 7284/1/40 7283/1/40 
f 7154/1/40 7280/1/40 7283/1/40 7322/1/40 
f 7089/1/40 7154/1/40 7322/1/40 7323/1/40 
f 4944/1/40 7089/1/40 7323/1/40 7321/1/40 
f 7288/1/40 4944/1/40 7321/1/40 7283/1/40 
f 7283/1/40 7321/1/40 7322/1/40 
f 7287/1/40 7291/1/40 7280/1/40 7294/1/40 
f 7290/1/40 7294/1/40 7280/1/40 7292/1/40 
f 7293/1/40 7292/1/40 7280/1/40 5067/1/40 
f 5068/1/40 5067/1/40 7280/1/40 7309/1/40 
f 7308/1/40 7309/1/40 7280/1/40 4942/1/40 
f 4941/1/40 4942/1/40 7280/1/40 4934/1/40 
f 4936/1/40 4934/1/40 7280/1/40 5057/1/40 
f 5056/1/40 5057/1/40 7280/1/40 4924/1/40 
f 4923/1/40 4924/1/40 7280/1/40 4916/1/40 
f 4918/1/40 4916/1/40 7280/1/40 7333/1/40 
f 7334/1/40 7333/1/40 7280/1/40 5062/1/40 
f 5063/1/40 5062/1/40 7280/1/40 7335/1/40 
f 7336/1/40 7335/1/40 7280/1/40 7337/1/40 
f 7338/1/40 7337/1/40 7280/1/40 7339/1/40 
f 7340/1/40 7339/1/40 7280/1/40 7299/1/40 
f 7304/1/40 7299/1/40 7280/1/40 7298/1/40 
f 7298/1/40 7280/1/40 4945/1/40 7300/1/40 
f 7301/1/40 7300/1/40 4945/1/40 7305/1/40 
f 7302/1/40 7305/1/40 4945/1/40 4953/1/40 
f 4954/1/40 4953/1/40 4945/1/40 5064/1/40 
f 4950/1/40 5064/1/40 4945/1/40 7341/1/40 
f 7342/1/40 7341/1/40 4945/1/40 5058/1/40 
f 5059/1/40 5058/1/40 4945/1/40 4926/1/40 
f 4927/1/40 4926/1/40 4945/1/40 5052/1/40 
f 5054/1/40 5052/1/40 4945/1/40 5051/1/40 
f 4960/1/40 5051/1/40 4945/1/40 5049/1/40 
f 5065/1/40 5049/1/40 4945/1/40 7320/1/40 
f 7318/1/40 7320/1/40 4945/1/40 7279/1/40 
f 7277/1/40 7279/1/40 4945/1/40 7285/1/40 
f 4945/1/40 7281/1/40 7285/1/40 
f 5066/1/40 7277/1/40 7285/1/40 5067/1/40 
f 5067/1/40 7285/1/40 7282/1/40 7293/1/40 
f 7295/1/40 7293/1/40 7282/1/40 7281/1/40 
f 7278/1/40 7277/1/40 5066/1/40 5068/1/40 
f 7278/1/40 5068/1/40 7309/1/40 7279/1/40 
f 7279/1/40 7309/1/40 7307/1/40 7318/1/40 
f 7319/1/40 7318/1/40 7307/1/40 7308/1/40 
f 7319/1/40 7308/1/40 4942/1/40 7320/1/40 
f 7320/1/40 4942/1/40 4938/1/40 5065/1/40 
f 5050/1/40 5065/1/40 4938/1/40 4941/1/40 
f 5050/1/40 4941/1/40 4934/1/40 5049/1/40 
f 5049/1/40 4934/1/40 4933/1/40 4960/1/40 
f 4961/1/40 4960/1/40 4933/1/40 4936/1/40 
f 4961/1/40 4936/1/40 5057/1/40 5051/1/40 
f 5051/1/40 5057/1/40 5055/1/40 5054/1/40 
f 5053/1/40 5054/1/40 5055/1/40 5056/1/40 
f 5053/1/40 5056/1/40 4924/1/40 5052/1/40 
f 5052/1/40 4924/1/40 4920/1/40 4927/1/40 
f 4930/1/40 4927/1/40 4920/1/40 4923/1/40 
f 4930/1/40 4923/1/40 4916/1/40 4926/1/40 
f 4926/1/40 4916/1/40 4915/1/40 5059/1/40 
f 5060/1/40 5059/1/40 4915/1/40 4918/1/40 
f 5060/1/40 4918/1/40 7333/1/40 5058/1/40 
f 5058/1/40 7333/1/40 7343/1/40 7342/1/40 
f 7344/1/40 7342/1/40 7343/1/40 7334/1/40 
f 7344/1/40 7334/1/40 5062/1/40 7341/1/40 
f 7341/1/40 5062/1/40 5061/1/40 4950/1/40 
f 4951/1/40 4950/1/40 5061/1/40 5063/1/40 
f 4951/1/40 5063/1/40 7335/1/40 5064/1/40 
f 5064/1/40 7335/1/40 7345/1/40 4954/1/40 
f 4958/1/40 4954/1/40 7345/1/40 7336/1/40 
f 4958/1/40 7336/1/40 7337/1/40 4953/1/40 
f 4953/1/40 7337/1/40 7346/1/40 7302/1/40 
f 7303/1/40 7302/1/40 7346/1/40 7338/1/40 
f 7303/1/40 7338/1/40 7339/1/40 7305/1/40 
f 7305/1/40 7339/1/40 7347/1/40 7301/1/40 
f 7306/1/40 7301/1/40 7347/1/40 7340/1/40 
f 7306/1/40 7340/1/40 7299/1/40 7300/1/40 
f 7300/1/40 7299/1/40 7298/1/40 
f 7290/1/40 7292/1/40 7332/1/40 7289/1/40 
f 7289/1/40 7332/1/40 7325/1/40 7329/1/40 
f 7294/1/40 7289/1/40 7329/1/40 7331/1/40 
f 7287/1/40 7294/1/40 7331/1/40 7286/1/40 
f 7286/1/40 7331/1/40 7330/1/40 7328/1/40 
f 7291/1/40 7286/1/40 7328/1/40 7327/1/40 
f 7155/1/40 4964/1/40 4947/1/40 6989/1/40 
f 6954/1/1 6956/1/1 6989/1/1 7155/1/1 
f 6989/1/3 6956/1/3 4944/1/3 4947/1/3 
f 6954/1/40 7089/1/40 4944/1/40 6956/1/40 
f 6954/1/2 7155/1/2 4964/1/2 7089/1/2 
f 7339/1/1 7340/1/1 5005/1/1 5006/1/1 
f 7347/1/2 5046/1/2 5005/1/2 7340/1/2 
f 7347/1/57 7339/1/57 5006/1/57 5046/1/57 
f 5043/1/58 7345/1/58 7335/1/58 5010/1/58 
f 5044/1/59 7346/1/59 7337/1/59 5008/1/59 
f 7337/1/1 7338/1/1 5007/1/1 5008/1/1 
f 7346/1/2 5044/1/2 5007/1/2 7338/1/2 
f 7335/1/1 7336/1/1 5009/1/1 5010/1/1 
f 7345/1/2 5043/1/2 5009/1/2 7336/1/2 
f 7341/1/60 4996/1/60 5041/1/60 7344/1/60 
f 7341/1/41 7342/1/41 4995/1/41 4996/1/41 
f 4995/1/3 7342/1/3 7344/1/3 5041/1/3 
f 7333/1/1 7334/1/1 5013/1/1 5014/1/1 
f 7343/1/2 5040/1/2 5013/1/2 7334/1/2 
f 5040/1/61 7343/1/61 7333/1/61 5014/1/61 
f 4915/1/2 4914/1/2 4919/1/2 4918/1/2 
f 7348/1/1 7349/1/1 7350/1/1 7351/1/1 
f 7352/1/37 7353/1/37 7354/1/37 7355/1/37 
f 7356/1/1 7355/1/1 7354/1/1 7357/1/1 
f 7358/1/3 7359/1/3 7348/1/3 7351/1/3 
f 7359/1/39 7358/1/39 7350/1/39 7349/1/39 
f 6917/1/5 7310/1/5 7360/1/5 7361/1/5 
f 7361/1/5 7360/1/5 7362/1/5 
f 7311/1/4 7363/1/4 7360/1/4 7310/1/4 
f 7311/1/40 7160/1/40 7364/1/40 7363/1/40 
f 7363/1/40 7364/1/40 7365/1/40 
f 7366/1/6 7367/1/6 7368/1/6 7369/1/6 
f 7370/1/3 7371/1/3 7372/1/3 7373/1/3 
f 7373/1/3 7372/1/3 7374/1/3 7375/1/3 
f 7376/1/8 7377/1/8 7378/1/8 7379/1/8 
f 7380/1/2 7381/1/2 7382/1/2 7383/1/2 
f 7368/1/3 7367/1/3 7384/1/3 7385/1/3 
f 7384/1/1 7366/1/1 7369/1/1 7385/1/1 
f 7386/1/10 7383/1/10 7382/1/10 7387/1/10 
f 7377/1/7 7388/1/7 7389/1/7 7378/1/7 
f 7376/1/2 7379/1/2 7389/1/2 7388/1/2 
f 7380/1/8 7386/1/8 7387/1/8 7381/1/8 
f 7390/1/3 7391/1/3 7392/1/3 7393/1/3 
f 7392/1/1 7394/1/1 7395/1/1 7393/1/1 
f 7391/1/30 7390/1/30 7395/1/30 7394/1/30 
f 7396/1/33 6960/1/33 6961/1/33 7397/1/33 
f 7398/1/2 7399/1/2 7400/1/2 7401/1/2 
f 7402/1/31 7403/1/31 7401/1/31 7400/1/31 
f 7398/1/8 7403/1/8 7402/1/8 7399/1/8 
f 7404/1/32 7405/1/32 7406/1/32 7407/1/32 
f 7408/1/33 7405/1/33 7404/1/33 7409/1/33 
f 7408/1/2 7409/1/2 7407/1/2 7406/1/2 
f 7410/1/8 7411/1/8 7412/1/8 7413/1/8 
f 7414/1/2 7415/1/2 7416/1/2 7417/1/2 
f 7418/1/34 7419/1/34 7417/1/34 7416/1/34 
f 7414/1/8 7419/1/8 7418/1/8 7415/1/8 
f 7420/1/8 7421/1/8 7422/1/8 7423/1/8 
f 7420/1/2 7423/1/2 7424/1/2 7425/1/2 
f 7422/1/36 7421/1/36 7425/1/36 7424/1/36 
f 7410/1/2 7413/1/2 7426/1/2 7427/1/2 
f 7412/1/38 7411/1/38 7427/1/38 7426/1/38 
f 7375/1/3 7374/1/3 7396/1/3 7397/1/3 
f 6974/1/40 6960/1/40 7396/1/40 7428/1/40 
f 7428/1/40 7396/1/40 7374/1/40 
f 6961/1/5 6918/1/5 7429/1/5 7397/1/5 
f 7397/1/5 7429/1/5 7375/1/5 
f 7384/1/40 7428/1/40 7374/1/40 7366/1/40 
f 7430/1/40 7366/1/40 7374/1/40 7431/1/40 
f 7432/1/40 7431/1/40 7374/1/40 7433/1/40 
f 7434/1/40 7433/1/40 7374/1/40 7435/1/40 
f 7436/1/40 7435/1/40 7374/1/40 7437/1/40 
f 7438/1/40 7437/1/40 7374/1/40 7439/1/40 
f 7440/1/40 7439/1/40 7374/1/40 7441/1/40 
f 7442/1/40 7441/1/40 7374/1/40 7443/1/40 
f 7444/1/40 7443/1/40 7374/1/40 7445/1/40 
f 7446/1/40 7445/1/40 7374/1/40 7447/1/40 
f 7448/1/40 7447/1/40 7374/1/40 7449/1/40 
f 7392/1/40 7449/1/40 7374/1/40 7394/1/40 
f 7450/1/40 7394/1/40 7374/1/40 7451/1/40 
f 7348/1/40 7451/1/40 7374/1/40 7349/1/40 
f 7356/1/40 7349/1/40 7374/1/40 7355/1/40 
f 7452/1/40 7355/1/40 7374/1/40 7453/1/40 
f 7454/1/40 7453/1/40 7374/1/40 7455/1/40 
f 7406/1/40 7455/1/40 7374/1/40 7408/1/40 
f 7408/1/40 7374/1/40 7371/1/40 7405/1/40 
f 7405/1/40 7371/1/40 7365/1/40 7456/1/40 
f 7454/1/40 7456/1/40 7365/1/40 7414/1/40 
f 7454/1/40 7414/1/40 7417/1/40 7453/1/40 
f 7453/1/40 7417/1/40 7419/1/40 7457/1/40 
f 7420/1/40 7457/1/40 7419/1/40 7365/1/40 
f 7421/1/40 7420/1/40 7365/1/40 7410/1/40 
f 7411/1/40 7410/1/40 7365/1/40 7458/1/40 
f 7459/1/40 7458/1/40 7365/1/40 7460/1/40 
f 7461/1/40 7460/1/40 7365/1/40 7398/1/40 
f 7403/1/40 7398/1/40 7365/1/40 7462/1/40 
f 7463/1/40 7462/1/40 7365/1/40 7464/1/40 
f 7465/1/40 7464/1/40 7365/1/40 7466/1/40 
f 7467/1/40 7466/1/40 7365/1/40 7468/1/40 
f 7469/1/40 7468/1/40 7365/1/40 7470/1/40 
f 7471/1/40 7470/1/40 7365/1/40 7472/1/40 
f 7473/1/40 7472/1/40 7365/1/40 7474/1/40 
f 7475/1/40 7474/1/40 7365/1/40 7476/1/40 
f 7477/1/40 7476/1/40 7365/1/40 7380/1/40 
f 7386/1/40 7380/1/40 7365/1/40 7376/1/40 
f 7377/1/40 7376/1/40 7365/1/40 7364/1/40 
f 7366/1/40 7377/1/40 7364/1/40 7367/1/40 
f 7384/1/40 7367/1/40 7364/1/40 7428/1/40 
f 7428/1/40 7364/1/40 7160/1/40 6974/1/40 
f 7428/1/5 7364/1/5 7367/1/5 7384/1/5 
f 7388/1/40 7377/1/40 7366/1/40 7430/1/40 
f 7376/1/40 7388/1/40 7430/1/40 7478/1/40 
f 7386/1/40 7376/1/40 7478/1/40 7431/1/40 
f 7383/1/40 7386/1/40 7431/1/40 7432/1/40 
f 7380/1/40 7383/1/40 7432/1/40 7479/1/40 
f 7477/1/40 7380/1/40 7479/1/40 7433/1/40 
f 7480/1/40 7477/1/40 7433/1/40 7434/1/40 
f 7476/1/40 7480/1/40 7434/1/40 7481/1/40 
f 7475/1/40 7476/1/40 7481/1/40 7435/1/40 
f 7482/1/40 7475/1/40 7435/1/40 7436/1/40 
f 7474/1/40 7482/1/40 7436/1/40 7483/1/40 
f 7473/1/40 7474/1/40 7483/1/40 7437/1/40 
f 7484/1/40 7473/1/40 7437/1/40 7438/1/40 
f 7472/1/40 7484/1/40 7438/1/40 7485/1/40 
f 7471/1/40 7472/1/40 7485/1/40 7439/1/40 
f 7486/1/40 7471/1/40 7439/1/40 7440/1/40 
f 7470/1/40 7486/1/40 7440/1/40 7487/1/40 
f 7469/1/40 7470/1/40 7487/1/40 7441/1/40 
f 7488/1/40 7469/1/40 7441/1/40 7442/1/40 
f 7468/1/40 7488/1/40 7442/1/40 7489/1/40 
f 7467/1/40 7468/1/40 7489/1/40 7443/1/40 
f 7490/1/40 7467/1/40 7443/1/40 7444/1/40 
f 7466/1/40 7490/1/40 7444/1/40 7491/1/40 
f 7465/1/40 7466/1/40 7491/1/40 7445/1/40 
f 7492/1/40 7465/1/40 7445/1/40 7446/1/40 
f 7464/1/40 7492/1/40 7446/1/40 7493/1/40 
f 7463/1/40 7464/1/40 7493/1/40 7447/1/40 
f 7494/1/40 7463/1/40 7447/1/40 7448/1/40 
f 7462/1/40 7494/1/40 7448/1/40 7495/1/40 
f 7403/1/40 7462/1/40 7495/1/40 7449/1/40 
f 7401/1/40 7403/1/40 7449/1/40 7392/1/40 
f 7398/1/40 7401/1/40 7392/1/40 7391/1/40 
f 7461/1/40 7398/1/40 7391/1/40 7394/1/40 
f 7496/1/40 7461/1/40 7394/1/40 7450/1/40 
f 7460/1/40 7496/1/40 7450/1/40 7497/1/40 
f 7459/1/40 7460/1/40 7497/1/40 7451/1/40 
f 7498/1/40 7459/1/40 7451/1/40 7348/1/40 
f 7458/1/40 7498/1/40 7348/1/40 7359/1/40 
f 7411/1/40 7458/1/40 7359/1/40 7349/1/40 
f 7427/1/40 7411/1/40 7349/1/40 7356/1/40 
f 7410/1/40 7427/1/40 7356/1/40 7352/1/40 
f 7421/1/40 7410/1/40 7352/1/40 7355/1/40 
f 7425/1/40 7421/1/40 7355/1/40 7452/1/40 
f 7420/1/40 7425/1/40 7452/1/40 7457/1/40 
f 7365/1/40 7419/1/40 7414/1/40 
f 7405/1/40 7456/1/40 7455/1/40 7406/1/40 
f 7408/1/5 7405/1/5 7371/1/5 7372/1/5 
f 7371/1/40 7374/1/40 7372/1/40 
f 7360/1/40 7362/1/40 7370/1/40 7499/1/40 
f 7363/1/1 7500/1/1 7499/1/1 7360/1/1 
f 7363/1/2 7360/1/2 7362/1/2 7365/1/2 
f 7365/1/5 7363/1/5 7500/1/5 7371/1/5 
f 7499/1/3 7500/1/3 7371/1/3 7370/1/3 
f 7430/1/1 7431/1/1 7501/1/1 7502/1/1 
f 7503/1/3 7478/1/3 7430/1/3 7502/1/3 
f 7431/1/9 7478/1/9 7503/1/9 7501/1/9 
f 7481/1/13 7504/1/13 7505/1/13 7435/1/13 
f 7479/1/11 7506/1/11 7507/1/11 7433/1/11 
f 7432/1/1 7433/1/1 7507/1/1 7508/1/1 
f 7506/1/3 7479/1/3 7432/1/3 7508/1/3 
f 7434/1/1 7435/1/1 7505/1/1 7509/1/1 
f 7504/1/3 7481/1/3 7434/1/3 7509/1/3 
f 7510/1/15 7473/1/15 7484/1/15 7511/1/15 
f 7472/1/8 7473/1/8 7510/1/8 7512/1/8 
f 7472/1/2 7512/1/2 7511/1/2 7484/1/2 
f 7438/1/1 7439/1/1 7513/1/1 7514/1/1 
f 7515/1/3 7485/1/3 7438/1/3 7514/1/3 
f 7485/1/17 7515/1/17 7513/1/17 7439/1/17 
f 7516/1/3 7487/1/3 7440/1/3 7517/1/3 
f 7487/1/19 7516/1/19 7518/1/19 7441/1/19 
f 7440/1/1 7441/1/1 7518/1/1 7517/1/1 
f 7519/1/3 7489/1/3 7442/1/3 7520/1/3 
f 7489/1/21 7519/1/21 7521/1/21 7443/1/21 
f 7442/1/1 7443/1/1 7521/1/1 7520/1/1 
f 7468/1/8 7469/1/8 7522/1/8 7523/1/8 
f 7468/1/2 7523/1/2 7524/1/2 7488/1/2 
f 7522/1/23 7469/1/23 7488/1/23 7524/1/23 
f 7493/1/25 7525/1/25 7526/1/25 7447/1/25 
f 7446/1/1 7447/1/1 7526/1/1 7527/1/1 
f 7525/1/3 7493/1/3 7446/1/3 7527/1/3 
f 7528/1/3 7495/1/3 7448/1/3 7529/1/3 
f 7495/1/27 7528/1/27 7530/1/27 7449/1/27 
f 7448/1/1 7449/1/1 7530/1/1 7529/1/1 
f 7160/1/4 7364/1/4 7365/1/4 7362/1/4 
f 6917/1/4 7160/1/4 7362/1/4 7361/1/4 
f 7474/1/2 7531/1/2 7532/1/2 7482/1/2 
f 7476/1/8 7477/1/8 7533/1/8 7534/1/8 
f 7533/1/12 7477/1/12 7480/1/12 7535/1/12 
f 7476/1/2 7534/1/2 7535/1/2 7480/1/2 
f 7464/1/2 7536/1/2 7537/1/2 7492/1/2 
f 7538/1/5 7539/1/5 7404/1/5 7407/1/5 
f 7538/1/5 7407/1/5 7375/1/5 7540/1/5 
f 7541/1/5 7540/1/5 7375/1/5 7542/1/5 
f 7354/1/5 7542/1/5 7375/1/5 7357/1/5 
f 7350/1/5 7357/1/5 7375/1/5 7351/1/5 
f 7543/1/5 7351/1/5 7375/1/5 7544/1/5 
f 7395/1/5 7544/1/5 7375/1/5 7393/1/5 
f 7530/1/5 7393/1/5 7375/1/5 7529/1/5 
f 7526/1/5 7529/1/5 7375/1/5 7527/1/5 
f 7545/1/5 7527/1/5 7375/1/5 7546/1/5 
f 7521/1/5 7546/1/5 7375/1/5 7520/1/5 
f 7518/1/5 7520/1/5 7375/1/5 7517/1/5 
f 7513/1/5 7517/1/5 7375/1/5 7514/1/5 
f 7547/1/5 7514/1/5 7375/1/5 7548/1/5 
f 7505/1/5 7548/1/5 7375/1/5 7509/1/5 
f 7507/1/5 7509/1/5 7375/1/5 7508/1/5 
f 7501/1/5 7508/1/5 7375/1/5 7502/1/5 
f 7369/1/5 7502/1/5 7375/1/5 7429/1/5 
f 7369/1/5 7429/1/5 7385/1/5 
f 7389/1/5 7502/1/5 7369/1/5 7378/1/5 
f 7378/1/5 7369/1/5 7368/1/5 7361/1/5 
f 7378/1/5 7361/1/5 7362/1/5 7379/1/5 
f 7387/1/5 7379/1/5 7362/1/5 7381/1/5 
f 7533/1/5 7381/1/5 7362/1/5 7534/1/5 
f 7549/1/5 7534/1/5 7362/1/5 7531/1/5 
f 7510/1/5 7531/1/5 7362/1/5 7512/1/5 
f 7550/1/5 7512/1/5 7362/1/5 7551/1/5 
f 7522/1/5 7551/1/5 7362/1/5 7523/1/5 
f 7552/1/5 7523/1/5 7362/1/5 7553/1/5 
f 7554/1/5 7553/1/5 7362/1/5 7536/1/5 
f 7555/1/5 7536/1/5 7362/1/5 7556/1/5 
f 7402/1/5 7556/1/5 7362/1/5 7399/1/5 
f 7557/1/5 7399/1/5 7362/1/5 7558/1/5 
f 7559/1/5 7558/1/5 7362/1/5 7560/1/5 
f 7412/1/5 7560/1/5 7362/1/5 7413/1/5 
f 7422/1/5 7413/1/5 7362/1/5 7423/1/5 
f 7418/1/5 7423/1/5 7362/1/5 7415/1/5 
f 7416/1/5 7415/1/5 7362/1/5 7540/1/5 
f 7416/1/5 7540/1/5 7541/1/5 7418/1/5 
f 7418/1/5 7541/1/5 7561/1/5 7423/1/5 
f 7424/1/5 7423/1/5 7561/1/5 7542/1/5 
f 7424/1/5 7542/1/5 7354/1/5 7422/1/5 
f 7422/1/5 7354/1/5 7353/1/5 7413/1/5 
f 7426/1/5 7413/1/5 7353/1/5 7357/1/5 
f 7426/1/5 7357/1/5 7350/1/5 7412/1/5 
f 7412/1/5 7350/1/5 7358/1/5 7560/1/5 
f 7562/1/5 7560/1/5 7358/1/5 7351/1/5 
f 7562/1/5 7351/1/5 7543/1/5 7559/1/5 
f 7559/1/5 7543/1/5 7563/1/5 7558/1/5 
f 7564/1/5 7558/1/5 7563/1/5 7544/1/5 
f 7564/1/5 7544/1/5 7395/1/5 7557/1/5 
f 7557/1/5 7395/1/5 7390/1/5 7399/1/5 
f 7400/1/5 7399/1/5 7390/1/5 7393/1/5 
f 7400/1/5 7393/1/5 7530/1/5 7402/1/5 
f 7402/1/5 7530/1/5 7528/1/5 7556/1/5 
f 7565/1/5 7556/1/5 7528/1/5 7529/1/5 
f 7565/1/5 7529/1/5 7526/1/5 7555/1/5 
f 7555/1/5 7526/1/5 7525/1/5 7536/1/5 
f 7537/1/5 7536/1/5 7525/1/5 7527/1/5 
f 7537/1/5 7527/1/5 7545/1/5 7554/1/5 
f 7554/1/5 7545/1/5 7566/1/5 7553/1/5 
f 7567/1/5 7553/1/5 7566/1/5 7546/1/5 
f 7567/1/5 7546/1/5 7521/1/5 7552/1/5 
f 7552/1/5 7521/1/5 7519/1/5 7523/1/5 
f 7524/1/5 7523/1/5 7519/1/5 7520/1/5 
f 7524/1/5 7520/1/5 7518/1/5 7522/1/5 
f 7522/1/5 7518/1/5 7516/1/5 7551/1/5 
f 7568/1/5 7551/1/5 7516/1/5 7517/1/5 
f 7568/1/5 7517/1/5 7513/1/5 7550/1/5 
f 7550/1/5 7513/1/5 7515/1/5 7512/1/5 
f 7511/1/5 7512/1/5 7515/1/5 7514/1/5 
f 7511/1/5 7514/1/5 7547/1/5 7510/1/5 
f 7510/1/5 7547/1/5 7569/1/5 7531/1/5 
f 7532/1/5 7531/1/5 7569/1/5 7548/1/5 
f 7532/1/5 7548/1/5 7505/1/5 7549/1/5 
f 7549/1/5 7505/1/5 7504/1/5 7534/1/5 
f 7535/1/5 7534/1/5 7504/1/5 7509/1/5 
f 7535/1/5 7509/1/5 7507/1/5 7533/1/5 
f 7533/1/5 7507/1/5 7506/1/5 7381/1/5 
f 7382/1/5 7381/1/5 7506/1/5 7508/1/5 
f 7382/1/5 7508/1/5 7501/1/5 7387/1/5 
f 7387/1/5 7501/1/5 7503/1/5 7379/1/5 
f 7389/1/5 7379/1/5 7503/1/5 7502/1/5 
f 7539/1/5 7540/1/5 7362/1/5 7404/1/5 
f 7404/1/40 
f 7409/1/5 7404/1/5 7370/1/5 7373/1/40 
f 7370/1/5 7375/1/5 7407/1/5 7409/1/5 
f 7375/1/5 7370/1/5 7373/1/5 
f 7555/1/26 7463/1/26 7494/1/26 7565/1/26 
f 7554/1/24 7465/1/24 7492/1/24 7537/1/24 
f 7552/1/22 7467/1/22 7490/1/22 7567/1/22 
f 7464/1/8 7465/1/8 7554/1/8 7536/1/8 
f 7466/1/8 7467/1/8 7552/1/8 7553/1/8 
f 7566/1/3 7491/1/3 7444/1/3 7546/1/3 
f 7491/1/20 7566/1/20 7545/1/20 7445/1/20 
f 7466/1/2 7553/1/2 7567/1/2 7490/1/2 
f 7470/1/8 7471/1/8 7550/1/8 7551/1/8 
f 7470/1/2 7551/1/2 7568/1/2 7486/1/2 
f 7444/1/1 7445/1/1 7545/1/1 7546/1/1 
f 7483/1/16 7569/1/16 7547/1/16 7437/1/16 
f 7436/1/1 7437/1/1 7547/1/1 7548/1/1 
f 7550/1/18 7471/1/18 7486/1/18 7568/1/18 
f 7549/1/14 7475/1/14 7482/1/14 7532/1/14 
f 7569/1/3 7483/1/3 7436/1/3 7548/1/3 
f 7474/1/8 7475/1/8 7549/1/8 7531/1/8 
f 7462/1/2 7556/1/2 7565/1/2 7494/1/2 
f 7497/1/28 7563/1/28 7543/1/28 7451/1/28 
f 7462/1/8 7463/1/8 7555/1/8 7556/1/8 
f 7563/1/3 7497/1/3 7450/1/3 7544/1/3 
f 7450/1/1 7451/1/1 7543/1/1 7544/1/1 
f 7460/1/2 7558/1/2 7564/1/2 7496/1/2 
f 7460/1/8 7461/1/8 7557/1/8 7558/1/8 
f 7557/1/29 7461/1/29 7496/1/29 7564/1/29 
f 7365/1/1 7371/1/1 7370/1/1 7362/1/1 
f 7458/1/2 7560/1/2 7562/1/2 7498/1/2 
f 7454/1/1 7455/1/1 7538/1/1 7540/1/1 
f 7559/1/32 7459/1/32 7498/1/32 7562/1/32 
f 7458/1/8 7459/1/8 7559/1/8 7560/1/8 
f 7561/1/3 7457/1/3 7452/1/3 7542/1/3 
f 7539/1/3 7456/1/3 7454/1/3 7540/1/3 
f 7456/1/28 7539/1/28 7538/1/28 7455/1/28 
f 7353/1/3 7352/1/3 7356/1/3 7357/1/3 
f 7457/1/35 7561/1/35 7541/1/35 7453/1/35 
f 7570/1/30 7571/1/30 7572/1/30 7573/1/30 
f 7574/1/3 7575/1/3 7576/1/3 7577/1/3 
f 7578/1/41 7575/1/41 7574/1/41 7579/1/41 
f 7578/1/42 7579/1/42 7577/1/42 7576/1/42 
f 7580/1/33 7581/1/33 7582/1/33 7583/1/33 
f 7580/1/33 7583/1/33 7584/1/33 
f 7585/1/1 7586/1/1 7587/1/1 7588/1/1 
f 7589/1/3 7590/1/3 7584/1/3 7583/1/3 
f 7591/1/3 7592/1/3 7593/1/3 7594/1/3 
f 7595/1/1 7596/1/1 7597/1/1 7598/1/1 
f 7599/1/43 7600/1/43 7594/1/43 7593/1/43 
f 7599/1/41 7592/1/41 7591/1/41 7600/1/41 
f 7601/1/2 7602/1/2 7603/1/2 7604/1/2 
f 7605/1/2 7606/1/2 7597/1/2 7596/1/2 
f 7606/1/44 7605/1/44 7595/1/44 7598/1/44 
f 7607/1/2 7608/1/2 7609/1/2 7610/1/2 
f 7602/1/45 7601/1/45 7611/1/45 7612/1/45 
f 7611/1/1 7604/1/1 7603/1/1 7612/1/1 
f 7613/1/1 7614/1/1 7615/1/1 7616/1/1 
f 7608/1/46 7607/1/46 7617/1/46 7618/1/46 
f 7617/1/1 7610/1/1 7609/1/1 7618/1/1 
f 7619/1/2 7620/1/2 7615/1/2 7614/1/2 
f 7620/1/47 7619/1/47 7613/1/47 7616/1/47 
f 7621/1/3 7622/1/3 7590/1/3 7589/1/3 
f 7587/1/5 7623/1/5 7621/1/5 7624/1/5 
f 7624/1/5 7621/1/5 7589/1/5 
f 7623/1/48 7625/1/48 7622/1/48 7621/1/48 
f 7625/1/40 7586/1/40 7590/1/40 7622/1/40 
f 7626/1/49 7627/1/49 7628/1/49 7629/1/49 
f 7630/1/41 7631/1/41 7632/1/41 7633/1/41 
f 7634/1/3 7635/1/3 7636/1/3 7637/1/3 
f 7626/1/2 7629/1/2 7638/1/2 7639/1/2 
f 7627/1/1 7639/1/1 7638/1/1 7628/1/1 
f 7636/1/50 7640/1/50 7641/1/50 7637/1/50 
f 7642/1/51 7630/1/51 7633/1/51 7643/1/51 
f 7632/1/3 7631/1/3 7642/1/3 7643/1/3 
f 7640/1/41 7635/1/41 7634/1/41 7641/1/41 
f 7644/1/2 7645/1/2 7646/1/2 7647/1/2 
f 7648/1/1 7647/1/1 7646/1/1 7649/1/1 
f 7650/1/1 7651/1/1 7652/1/1 7653/1/1 
f 7654/1/1 7655/1/1 7656/1/1 7657/1/1 
f 7658/1/46 7659/1/46 7660/1/46 7661/1/46 
f 7660/1/1 7662/1/1 7663/1/1 7661/1/1 
f 7664/1/2 7665/1/2 7656/1/2 7655/1/2 
f 7665/1/47 7664/1/47 7654/1/47 7657/1/47 
f 7666/1/3 7667/1/3 7668/1/3 7669/1/3 
f 7670/1/5 7671/1/5 7666/1/5 7672/1/5 
f 7672/1/5 7666/1/5 7669/1/5 
f 7671/1/48 7673/1/48 7667/1/48 7666/1/48 
f 7673/1/40 7674/1/40 7675/1/40 7667/1/40 
f 7667/1/40 7675/1/40 7668/1/40 
f 7676/1/49 7677/1/49 7678/1/49 7679/1/49 
f 7680/1/41 7681/1/41 7682/1/41 7683/1/41 
f 7684/1/3 7685/1/3 7686/1/3 7687/1/3 
f 7676/1/2 7679/1/2 7688/1/2 7689/1/2 
f 7677/1/1 7689/1/1 7688/1/1 7678/1/1 
f 7686/1/50 7690/1/50 7691/1/50 7687/1/50 
f 7692/1/51 7680/1/51 7683/1/51 7693/1/51 
f 7682/1/3 7681/1/3 7692/1/3 7693/1/3 
f 7690/1/41 7685/1/41 7684/1/41 7691/1/41 
f 7694/1/2 7695/1/2 7696/1/2 7697/1/2 
f 7698/1/1 7697/1/1 7696/1/1 7699/1/1 
f 7695/1/52 7694/1/52 7698/1/52 7699/1/52 
f 7396/1/1 7700/1/1 7701/1/1 7397/1/1 
f 7702/1/3 7703/1/3 7704/1/3 7705/1/3 
f 7706/1/53 7707/1/53 7705/1/53 7704/1/53 
f 7706/1/41 7703/1/41 7702/1/41 7707/1/41 
f 7708/1/43 7709/1/43 7710/1/43 7711/1/43 
f 7708/1/33 7712/1/33 7713/1/33 7709/1/33 
f 7713/1/3 7712/1/3 7711/1/3 7710/1/3 
f 7714/1/41 7715/1/41 7716/1/41 7717/1/41 
f 7718/1/3 7719/1/3 7720/1/3 7721/1/3 
f 7722/1/54 7723/1/54 7721/1/54 7720/1/54 
f 7722/1/41 7719/1/41 7718/1/41 7723/1/41 
f 7724/1/41 7725/1/41 7726/1/41 7727/1/41 
f 7726/1/3 7725/1/3 7728/1/3 7729/1/3 
f 7724/1/55 7727/1/55 7729/1/55 7728/1/55 
f 7716/1/3 7715/1/3 7730/1/3 7731/1/3 
f 7714/1/56 7717/1/56 7731/1/56 7730/1/56 
f 7732/1/3 7733/1/3 7700/1/3 7701/1/3 
f 7734/1/75 7735/1/75 7736/1/75 7737/1/75 
f 7738/1/40 7737/1/40 7736/1/40 7739/1/40 
f 7735/1/33 7734/1/33 7738/1/33 7739/1/33 
f 7740/1/33 7741/1/33 
f 7740/1/33 7742/1/33 7743/1/33 7744/1/1 
f 7744/1/33 7740/1/33 7743/1/33 7745/1/1 
f 7745/1/33 7744/1/33 7743/1/33 7746/1/1 
f 7745/1/33 7743/1/33 7746/1/33 7747/1/1 
f 7747/1/33 7745/1/33 7746/1/33 7748/1/1 
f 7748/1/33 7747/1/33 7746/1/33 7749/1/1 
f 7748/1/33 7746/1/33 7749/1/33 7750/1/1 
f 7748/1/33 7749/1/33 7750/1/33 
f 7750/1/33 7749/1/33 7751/1/33 7752/1/1 
f 7752/1/33 7750/1/33 7751/1/33 7753/1/1 
f 7753/1/33 7752/1/33 7751/1/33 7754/1/1 
f 7753/1/33 7751/1/33 7754/1/33 7755/1/1 
f 7755/1/33 7753/1/33 7754/1/33 7756/1/1 
f 7756/1/33 7755/1/33 7754/1/33 7757/1/1 
f 7756/1/33 7754/1/33 7757/1/33 7758/1/1 
f 7758/1/33 7756/1/33 7757/1/33 7759/1/1 
f 7759/1/33 7758/1/33 7757/1/33 7760/1/1 
f 7759/1/33 7757/1/33 7760/1/33 7761/1/1 
f 7761/1/33 7759/1/33 7760/1/33 7762/1/1 
f 7762/1/33 7761/1/33 7760/1/33 7763/1/1 
f 7762/1/33 7760/1/33 7763/1/33 7764/1/1 
f 7764/1/33 7762/1/33 7763/1/33 7765/1/1 
f 7764/1/33 7763/1/33 7765/1/33 
f 7766/1/33 7767/1/33 7768/1/33 7769/1/1 
f 7766/1/33 7768/1/33 7769/1/33 7770/1/1 
f 7770/1/33 7766/1/33 7769/1/33 7742/1/1 
f 7770/1/33 7769/1/33 7742/1/33 7771/1/1 
f 7771/1/33 7770/1/33 7742/1/33 7741/1/1 
f 7771/1/33 7742/1/33 7741/1/33 7772/1/1 
f 7771/1/33 7741/1/33 7772/1/33 7773/1/1 
f 7773/1/33 7771/1/33 7772/1/33 7774/1/1 
f 7773/1/33 7772/1/33 7774/1/33 7775/1/1 
f 7773/1/33 7774/1/33 7775/1/33 7776/1/1 
f 7776/1/33 7773/1/33 7775/1/33 7777/1/1 
f 7776/1/33 7775/1/33 7777/1/33 7778/1/1 
f 7776/1/33 7777/1/33 7778/1/33 7779/1/1 
f 7779/1/33 7776/1/33 7778/1/33 7780/1/1 
f 7779/1/33 7778/1/33 7780/1/33 7781/1/1 
f 7779/1/33 7780/1/33 7781/1/33 7782/1/1 
f 7782/1/33 7779/1/33 7781/1/33 7783/1/1 
f 7782/1/33 7781/1/33 7783/1/33 7784/1/1 
f 7784/1/33 7782/1/33 7783/1/33 7785/1/1 
f 7784/1/33 7783/1/33 7785/1/33 7786/1/1 
f 7784/1/33 7785/1/33 7786/1/33 7761/1/1 
f 7761/1/33 7784/1/33 7786/1/33 7787/1/1 
f 7761/1/33 7786/1/33 7787/1/33 7759/1/1 
f 7761/1/33 7787/1/33 7759/1/33 
f 7788/1/5 7789/1/5 7790/1/5 7791/1/5 
f 7788/1/1 7791/1/1 7792/1/1 7793/1/1 
f 7790/1/76 7789/1/76 7793/1/76 7792/1/76 
f 7794/1/78 7795/1/78 7796/1/78 7797/1/78 
f 7794/1/5 7798/1/5 7799/1/5 7795/1/5 
f 7799/1/33 7798/1/33 7797/1/33 7796/1/33 
f 7800/1/2 7801/1/2 7802/1/2 7803/1/2 
f 7804/1/31 7805/1/31 7803/1/31 7802/1/31 
f 7800/1/8 7805/1/8 7804/1/8 7801/1/8 
f 7806/1/32 7807/1/32 7808/1/32 7809/1/32 
f 7810/1/33 7807/1/33 7806/1/33 7811/1/33 
f 7810/1/2 7811/1/2 7809/1/2 7808/1/2 
f 7812/1/8 7813/1/8 7814/1/8 7815/1/8 
f 7816/1/2 7817/1/2 7818/1/2 7819/1/2 
f 7820/1/34 7821/1/34 7819/1/34 7818/1/34 
f 7816/1/8 7821/1/8 7820/1/8 7817/1/8 
f 7822/1/8 7823/1/8 7824/1/8 7825/1/8 
f 7822/1/2 7825/1/2 7826/1/2 7827/1/2 
f 7824/1/36 7823/1/36 7827/1/36 7826/1/36 
f 7828/1/2 7829/1/2 7830/1/2 7831/1/2 
f 7829/1/62 7828/1/62 7832/1/62 7833/1/62 
f 7832/1/1 7831/1/1 7830/1/1 7833/1/1 
f 7834/1/2 7835/1/2 7836/1/2 7837/1/2 
f 7835/1/63 7834/1/63 7838/1/63 7839/1/63 
f 7838/1/1 7837/1/1 7836/1/1 7839/1/1 
f 7840/1/41 7841/1/41 7842/1/41 7843/1/41 
f 7842/1/3 7841/1/3 7844/1/3 7845/1/3 
f 7840/1/64 7843/1/64 7845/1/64 7844/1/64 
f 7846/1/65 7847/1/65 7848/1/65 7849/1/65 
f 7848/1/1 7850/1/1 7851/1/1 7849/1/1 
f 7847/1/2 7846/1/2 7851/1/2 7850/1/2 
f 7852/1/2 7853/1/2 7854/1/2 7855/1/2 
f 7853/1/66 7852/1/66 7856/1/66 7857/1/66 
f 7856/1/1 7855/1/1 7854/1/1 7857/1/1 
f 7674/1/48 7675/1/48 7668/1/48 7669/1/48 
f 7670/1/48 7674/1/48 7669/1/48 7672/1/48 
f 7858/1/3 7859/1/3 7860/1/3 7861/1/3 
f 7862/1/41 7863/1/41 7864/1/41 7865/1/41 
f 7862/1/67 7865/1/67 7866/1/67 7867/1/67 
f 7864/1/3 7863/1/3 7867/1/3 7866/1/3 
f 7868/1/3 7869/1/3 7870/1/3 7871/1/3 
f 7373/1/5 7370/1/5 7670/1/5 7713/1/5 
f 7713/1/40 7709/1/40 
f 7670/1/40 7709/1/40 7872/1/40 
f 7375/1/5 7373/1/5 7713/1/5 7710/1/5 
f 7375/1/5 7710/1/5 7873/1/5 7874/1/5 
f 7874/1/5 7873/1/5 7875/1/5 7653/1/5 
f 7721/1/5 7653/1/5 7875/1/5 7670/1/5 
f 7670/1/5 7875/1/5 7876/1/5 7709/1/5 
f 7709/1/5 7876/1/5 7873/1/5 7710/1/5 
f 7718/1/5 7721/1/5 7670/1/5 7672/1/5 
f 7723/1/5 7718/1/5 7672/1/5 7726/1/5 
f 7727/1/5 7726/1/5 7672/1/5 7716/1/5 
f 7717/1/5 7716/1/5 7672/1/5 7877/1/5 
f 7878/1/5 7877/1/5 7672/1/5 7879/1/5 
f 7880/1/5 7879/1/5 7672/1/5 7702/1/5 
f 7707/1/5 7702/1/5 7672/1/5 7881/1/5 
f 7882/1/5 7881/1/5 7672/1/5 7868/1/5 
f 7883/1/5 7868/1/5 7672/1/5 7884/1/5 
f 7885/1/5 7884/1/5 7672/1/5 7842/1/5 
f 7843/1/5 7842/1/5 7672/1/5 7886/1/5 
f 7887/1/5 7886/1/5 7672/1/5 7888/1/5 
f 7889/1/5 7888/1/5 7672/1/5 7858/1/5 
f 7890/1/5 7858/1/5 7672/1/5 7864/1/5 
f 7865/1/5 7864/1/5 7672/1/5 7684/1/5 
f 7691/1/5 7684/1/5 7672/1/5 7682/1/5 
f 7683/1/5 7682/1/5 7672/1/5 7679/1/5 
f 7683/1/5 7679/1/5 7678/1/5 7693/1/5 
f 7891/1/5 7693/1/5 7678/1/5 7874/1/5 
f 7892/1/5 7891/1/5 7874/1/5 7893/1/5 
f 7894/1/5 7893/1/5 7874/1/5 7895/1/5 
f 7896/1/5 7895/1/5 7874/1/5 7897/1/5 
f 7898/1/5 7897/1/5 7874/1/5 7899/1/5 
f 7900/1/5 7899/1/5 7874/1/5 7830/1/5 
f 7833/1/5 7830/1/5 7874/1/5 7836/1/5 
f 7839/1/5 7836/1/5 7874/1/5 7901/1/5 
f 7902/1/5 7901/1/5 7874/1/5 7851/1/5 
f 7849/1/5 7851/1/5 7874/1/5 7854/1/5 
f 7857/1/5 7854/1/5 7874/1/5 7696/1/5 
f 7699/1/5 7696/1/5 7874/1/5 7903/1/5 
f 7904/1/5 7903/1/5 7874/1/5 7656/1/5 
f 7657/1/5 7656/1/5 7874/1/5 7663/1/5 
f 7661/1/5 7663/1/5 7874/1/5 7652/1/5 
f 7874/1/5 7653/1/5 7652/1/5 
f 7729/1/5 7661/1/5 7652/1/5 7726/1/5 
f 7726/1/5 7652/1/5 7905/1/5 7723/1/5 
f 7723/1/5 7905/1/5 7653/1/5 7721/1/5 
f 7661/1/5 7729/1/5 7727/1/5 7658/1/5 
f 7658/1/5 7727/1/5 7716/1/5 7663/1/5 
f 7663/1/5 7716/1/5 7731/1/5 7657/1/5 
f 7657/1/5 7731/1/5 7717/1/5 7665/1/5 
f 7665/1/5 7717/1/5 7877/1/5 7656/1/5 
f 7656/1/5 7877/1/5 7906/1/5 7904/1/5 
f 7904/1/5 7906/1/5 7878/1/5 7907/1/5 
f 7907/1/5 7878/1/5 7879/1/5 7903/1/5 
f 7903/1/5 7879/1/5 7908/1/5 7699/1/5 
f 7699/1/5 7908/1/5 7880/1/5 7695/1/5 
f 7695/1/5 7880/1/5 7702/1/5 7696/1/5 
f 7696/1/5 7702/1/5 7705/1/5 7857/1/5 
f 7857/1/5 7705/1/5 7707/1/5 7853/1/5 
f 7853/1/5 7707/1/5 7881/1/5 7854/1/5 
f 7854/1/5 7881/1/5 7909/1/5 7849/1/5 
f 7849/1/5 7909/1/5 7882/1/5 7846/1/5 
f 7846/1/5 7882/1/5 7868/1/5 7851/1/5 
f 7851/1/5 7868/1/5 7871/1/5 7902/1/5 
f 7902/1/5 7871/1/5 7883/1/5 7910/1/5 
f 7910/1/5 7883/1/5 7884/1/5 7901/1/5 
f 7901/1/5 7884/1/5 7911/1/5 7839/1/5 
f 7839/1/5 7911/1/5 7885/1/5 7835/1/5 
f 7835/1/5 7885/1/5 7842/1/5 7836/1/5 
f 7836/1/5 7842/1/5 7845/1/5 7833/1/5 
f 7833/1/5 7845/1/5 7843/1/5 7829/1/5 
f 7829/1/5 7843/1/5 7886/1/5 7830/1/5 
f 7830/1/5 7886/1/5 7912/1/5 7900/1/5 
f 7900/1/5 7912/1/5 7887/1/5 7913/1/5 
f 7913/1/5 7887/1/5 7888/1/5 7899/1/5 
f 7899/1/5 7888/1/5 7914/1/5 7898/1/5 
f 7898/1/5 7914/1/5 7889/1/5 7915/1/5 
f 7915/1/5 7889/1/5 7858/1/5 7897/1/5 
f 7897/1/5 7858/1/5 7861/1/5 7896/1/5 
f 7896/1/5 7861/1/5 7890/1/5 7916/1/5 
f 7916/1/5 7890/1/5 7864/1/5 7895/1/5 
f 7895/1/5 7864/1/5 7866/1/5 7894/1/5 
f 7894/1/5 7866/1/5 7865/1/5 7917/1/5 
f 7917/1/5 7865/1/5 7684/1/5 7893/1/5 
f 7893/1/5 7684/1/5 7687/1/5 7892/1/5 
f 7892/1/5 7687/1/5 7691/1/5 7918/1/5 
f 7918/1/5 7691/1/5 7682/1/5 7891/1/5 
f 7693/1/5 7891/1/5 7682/1/5 
f 7874/1/5 7678/1/5 7688/1/5 
f 7679/1/5 7672/1/5 7669/1/5 7732/1/40 
f 7732/1/40 7679/1/40 7688/1/40 7874/1/5 
f 7688/1/5 7679/1/5 7669/1/5 7732/1/5 
f 7919/1/68 7882/1/68 7909/1/68 7920/1/68 
f 7921/1/69 7883/1/69 7871/1/69 7870/1/69 
f 7922/1/70 7885/1/70 7911/1/70 7923/1/70 
f 7921/1/41 7869/1/41 7868/1/41 7883/1/41 
f 7922/1/41 7924/1/41 7884/1/41 7885/1/41 
f 7925/1/2 7910/1/2 7901/1/2 7926/1/2 
f 7910/1/71 7925/1/71 7927/1/71 7902/1/71 
f 7884/1/3 7924/1/3 7923/1/3 7911/1/3 
f 7928/1/41 7929/1/41 7886/1/41 7887/1/41 
f 7886/1/3 7929/1/3 7930/1/3 7912/1/3 
f 7927/1/1 7926/1/1 7901/1/1 7902/1/1 
f 7915/1/72 7931/1/72 7932/1/72 7898/1/72 
f 7932/1/1 7933/1/1 7897/1/1 7898/1/1 
f 7928/1/73 7887/1/73 7912/1/73 7930/1/73 
f 7934/1/74 7890/1/74 7861/1/74 7860/1/74 
f 7931/1/2 7915/1/2 7897/1/2 7933/1/2 
f 7934/1/41 7859/1/41 7858/1/41 7890/1/41 
f 7881/1/3 7935/1/3 7920/1/3 7909/1/3 
f 7907/1/44 7936/1/44 7937/1/44 7904/1/44 
f 7919/1/41 7935/1/41 7881/1/41 7882/1/41 
f 7936/1/2 7907/1/2 7903/1/2 7938/1/2 
f 7937/1/1 7938/1/1 7903/1/1 7904/1/1 
f 7879/1/3 7939/1/3 7940/1/3 7908/1/3 
f 7941/1/41 7939/1/41 7879/1/41 7880/1/41 
f 7941/1/42 7880/1/42 7908/1/42 7940/1/42 
f 7374/1/33 7375/1/33 7874/1/33 7732/1/33 
f 7942/1/33 7374/1/33 7732/1/33 7733/1/33 
f 7371/1/1 7674/1/1 7670/1/1 7370/1/1 
f 7669/1/3 7668/1/3 7733/1/3 7732/1/3 
f 7877/1/3 7943/1/3 7944/1/3 7906/1/3 
f 7945/1/1 7946/1/1 7875/1/1 7873/1/1 
f 7947/1/43 7878/1/43 7906/1/43 7944/1/43 
f 7947/1/41 7943/1/41 7877/1/41 7878/1/41 
f 7948/1/2 7905/1/2 7652/1/2 7651/1/2 
f 7949/1/2 7876/1/2 7875/1/2 7946/1/2 
f 7876/1/44 7949/1/44 7945/1/44 7873/1/44 
f 7659/1/2 7658/1/2 7663/1/2 7662/1/2 
f 7905/1/45 7948/1/45 7650/1/45 7653/1/45 
f 7645/1/52 7644/1/52 7648/1/52 7649/1/52 
f 7950/1/1 7951/1/1 7952/1/1 7953/1/1 
f 7954/1/3 7955/1/3 7956/1/3 7957/1/3 
f 7958/1/53 7959/1/53 7957/1/53 7956/1/53 
f 7958/1/41 7955/1/41 7954/1/41 7959/1/41 
f 7960/1/43 7961/1/43 7962/1/43 7963/1/43 
f 7960/1/33 7964/1/33 7965/1/33 7961/1/33 
f 7965/1/3 7964/1/3 7963/1/3 7962/1/3 
f 7966/1/41 7967/1/41 7968/1/41 7969/1/41 
f 7970/1/3 7971/1/3 7972/1/3 7973/1/3 
f 7974/1/54 7975/1/54 7973/1/54 7972/1/54 
f 7974/1/41 7971/1/41 7970/1/41 7975/1/41 
f 7976/1/41 7977/1/41 7978/1/41 7979/1/41 
f 7978/1/3 7977/1/3 7980/1/3 7981/1/3 
f 7976/1/55 7979/1/55 7981/1/55 7980/1/55 
f 7968/1/3 7967/1/3 7982/1/3 7983/1/3 
f 7966/1/56 7969/1/56 7983/1/56 7982/1/56 
f 7580/1/2 7581/1/2 7953/1/2 7950/1/2 
f 7580/1/40 7950/1/40 7951/1/40 7584/1/40 
f 7583/1/3 7584/1/3 7951/1/3 7952/1/3 
f 7966/1/40 7982/1/40 7613/1/40 7619/1/40 
f 7966/1/40 7619/1/40 7592/1/40 7590/1/40 
f 7967/1/40 7966/1/40 7590/1/40 7976/1/40 
f 7977/1/40 7976/1/40 7590/1/40 7974/1/40 
f 7971/1/40 7974/1/40 7590/1/40 7586/1/40 
f 7972/1/40 7971/1/40 7586/1/40 7605/1/40 
f 7972/1/40 7605/1/40 7596/1/40 7611/1/40 
f 7584/1/40 7611/1/40 7596/1/40 7595/1/40 
f 7580/1/40 7584/1/40 7595/1/40 7963/1/40 
f 7585/1/40 7580/1/40 7963/1/40 7964/1/40 
f 7586/1/40 7585/1/40 7964/1/40 7960/1/40 
f 7605/1/40 7586/1/40 7960/1/40 7595/1/40 
f 7595/1/40 7960/1/40 7963/1/40 
f 7604/1/40 7611/1/40 7584/1/40 7617/1/40 
f 7610/1/40 7617/1/40 7584/1/40 7613/1/40 
f 7614/1/40 7613/1/40 7584/1/40 7984/1/40 
f 7985/1/40 7984/1/40 7584/1/40 7648/1/40 
f 7647/1/40 7648/1/40 7584/1/40 7986/1/40 
f 7987/1/40 7986/1/40 7584/1/40 7988/1/40 
f 7989/1/40 7988/1/40 7584/1/40 7990/1/40 
f 7991/1/40 7990/1/40 7584/1/40 7992/1/40 
f 7993/1/40 7992/1/40 7584/1/40 7994/1/40 
f 7995/1/40 7994/1/40 7584/1/40 7996/1/40 
f 7997/1/40 7996/1/40 7584/1/40 7998/1/40 
f 7999/1/40 7998/1/40 7584/1/40 8000/1/40 
f 8001/1/40 8000/1/40 7584/1/40 8002/1/40 
f 8003/1/40 8002/1/40 7584/1/40 8004/1/40 
f 8005/1/40 8004/1/40 7584/1/40 7627/1/40 
f 7639/1/40 7627/1/40 7584/1/40 7626/1/40 
f 7626/1/40 7584/1/40 7590/1/40 7630/1/40 
f 7631/1/40 7630/1/40 7590/1/40 7640/1/40 
f 7635/1/40 7640/1/40 7590/1/40 8006/1/40 
f 8007/1/40 8006/1/40 7590/1/40 8008/1/40 
f 8009/1/40 8008/1/40 7590/1/40 8010/1/40 
f 8011/1/40 8010/1/40 7590/1/40 8012/1/40 
f 8013/1/40 8012/1/40 7590/1/40 8014/1/40 
f 8015/1/40 8014/1/40 7590/1/40 8016/1/40 
f 8017/1/40 8016/1/40 7590/1/40 8018/1/40 
f 8019/1/40 8018/1/40 7590/1/40 8020/1/40 
f 8021/1/40 8020/1/40 7590/1/40 7958/1/40 
f 7955/1/40 7958/1/40 7590/1/40 7578/1/40 
f 7575/1/40 7578/1/40 7590/1/40 7599/1/40 
f 7590/1/40 7592/1/40 7599/1/40 
f 8022/1/40 7575/1/40 7599/1/40 7984/1/40 
f 7984/1/40 7599/1/40 7593/1/40 7614/1/40 
f 7619/1/40 7614/1/40 7593/1/40 7592/1/40 
f 7576/1/40 7575/1/40 8022/1/40 7985/1/40 
f 7576/1/40 7985/1/40 7648/1/40 7578/1/40 
f 7578/1/40 7648/1/40 7644/1/40 7955/1/40 
f 7956/1/40 7955/1/40 7644/1/40 7647/1/40 
f 7956/1/40 7647/1/40 7986/1/40 7958/1/40 
f 7958/1/40 7986/1/40 8023/1/40 8021/1/40 
f 8024/1/40 8021/1/40 8023/1/40 7987/1/40 
f 8024/1/40 7987/1/40 7988/1/40 8020/1/40 
f 8020/1/40 7988/1/40 8025/1/40 8019/1/40 
f 8026/1/40 8019/1/40 8025/1/40 7989/1/40 
f 8026/1/40 7989/1/40 7990/1/40 8018/1/40 
f 8018/1/40 7990/1/40 8027/1/40 8017/1/40 
f 8028/1/40 8017/1/40 8027/1/40 7991/1/40 
f 8028/1/40 7991/1/40 7992/1/40 8016/1/40 
f 8016/1/40 7992/1/40 8029/1/40 8015/1/40 
f 8030/1/40 8015/1/40 8029/1/40 7993/1/40 
f 8030/1/40 7993/1/40 7994/1/40 8014/1/40 
f 8014/1/40 7994/1/40 8031/1/40 8013/1/40 
f 8032/1/40 8013/1/40 8031/1/40 7995/1/40 
f 8032/1/40 7995/1/40 7996/1/40 8012/1/40 
f 8012/1/40 7996/1/40 8033/1/40 8011/1/40 
f 8034/1/40 8011/1/40 8033/1/40 7997/1/40 
f 8034/1/40 7997/1/40 7998/1/40 8010/1/40 
f 8010/1/40 7998/1/40 8035/1/40 8009/1/40 
f 8036/1/40 8009/1/40 8035/1/40 7999/1/40 
f 8036/1/40 7999/1/40 8000/1/40 8008/1/40 
f 8008/1/40 8000/1/40 8037/1/40 8007/1/40 
f 8038/1/40 8007/1/40 8037/1/40 8001/1/40 
f 8038/1/40 8001/1/40 8002/1/40 8006/1/40 
f 8006/1/40 8002/1/40 8039/1/40 7635/1/40 
f 7636/1/40 7635/1/40 8039/1/40 8003/1/40 
f 7636/1/40 8003/1/40 8004/1/40 7640/1/40 
f 7640/1/40 8004/1/40 8040/1/40 7631/1/40 
f 7642/1/40 7631/1/40 8040/1/40 8005/1/40 
f 7642/1/40 8005/1/40 7627/1/40 7630/1/40 
f 7630/1/40 7627/1/40 7626/1/40 
f 7610/1/40 7613/1/40 7982/1/40 7607/1/40 
f 7607/1/40 7982/1/40 7967/1/40 7976/1/40 
f 7617/1/40 7607/1/40 7976/1/40 7980/1/40 
f 7604/1/40 7617/1/40 7980/1/40 7601/1/40 
f 7601/1/40 7980/1/40 7977/1/40 7974/1/40 
f 7611/1/40 7601/1/40 7974/1/40 7972/1/40 
f 8041/1/40 7588/1/40 7587/1/40 7623/1/40 
f 8042/1/1 7625/1/1 7623/1/1 8041/1/1 
f 7623/1/3 7625/1/3 7586/1/3 7587/1/3 
f 8042/1/40 7585/1/40 7586/1/40 7625/1/40 
f 8042/1/2 8041/1/2 7588/1/2 7585/1/2 
f 8004/1/1 8005/1/1 8043/1/1 8044/1/1 
f 8040/1/2 8045/1/2 8043/1/2 8005/1/2 
f 8040/1/57 8004/1/57 8044/1/57 8045/1/57 
f 8046/1/58 8037/1/58 8000/1/58 8047/1/58 
f 8048/1/59 8039/1/59 8002/1/59 8049/1/59 
f 8002/1/1 8003/1/1 8050/1/1 8049/1/1 
f 8039/1/2 8048/1/2 8050/1/2 8003/1/2 
f 8000/1/1 8001/1/1 8051/1/1 8047/1/1 
f 8037/1/2 8046/1/2 8051/1/2 8001/1/2 
f 8010/1/60 8052/1/60 8053/1/60 8034/1/60 
f 8010/1/41 8011/1/41 8054/1/41 8052/1/41 
f 8054/1/3 8011/1/3 8034/1/3 8053/1/3 
f 7996/1/1 7997/1/1 8055/1/1 8056/1/1 
f 8033/1/2 8057/1/2 8055/1/2 7997/1/2 
f 8057/1/61 8033/1/61 7996/1/61 8056/1/61 
f 8031/1/2 8058/1/2 8059/1/2 7995/1/2 
f 8058/1/62 8031/1/62 7994/1/62 8060/1/62 
f 7994/1/1 7995/1/1 8059/1/1 8060/1/1 
f 8029/1/2 8061/1/2 8062/1/2 7993/1/2 
f 8061/1/63 8029/1/63 7992/1/63 8063/1/63 
f 7992/1/1 7993/1/1 8062/1/1 8063/1/1 
f 8014/1/41 8015/1/41 8064/1/41 8065/1/41 
f 8064/1/3 8015/1/3 8030/1/3 8066/1/3 
f 8014/1/64 8065/1/64 8066/1/64 8030/1/64 
f 8067/1/65 8025/1/65 7988/1/65 8068/1/65 
f 7988/1/1 7989/1/1 8069/1/1 8068/1/1 
f 8025/1/2 8067/1/2 8069/1/2 7989/1/2 
f 8023/1/2 8070/1/2 8071/1/2 7987/1/2 
f 8070/1/66 8023/1/66 7986/1/66 8072/1/66 
f 7986/1/1 7987/1/1 8071/1/1 8072/1/1 
f 7586/1/48 7590/1/48 7589/1/48 7587/1/48 
f 7587/1/48 7589/1/48 7624/1/48 
f 8073/1/3 8009/1/3 8036/1/3 8074/1/3 
f 8006/1/41 8007/1/41 8075/1/41 8076/1/41 
f 8006/1/67 8076/1/67 8077/1/67 8038/1/67 
f 8075/1/3 8007/1/3 8038/1/3 8077/1/3 
f 8078/1/3 8019/1/3 8026/1/3 8079/1/3 
f 8080/1/5 7588/1/5 7587/1/5 7965/1/5 
f 7965/1/40 7961/1/40 
f 7587/1/40 7961/1/40 8081/1/40 
f 7581/1/5 8080/1/5 7965/1/5 7962/1/5 
f 7581/1/5 7962/1/5 7598/1/5 7582/1/5 
f 7582/1/5 7598/1/5 7597/1/5 7612/1/5 
f 7973/1/5 7612/1/5 7597/1/5 7587/1/5 
f 7587/1/5 7597/1/5 7606/1/5 7961/1/5 
f 7961/1/5 7606/1/5 7598/1/5 7962/1/5 
f 7970/1/5 7973/1/5 7587/1/5 7624/1/5 
f 7975/1/5 7970/1/5 7624/1/5 7978/1/5 
f 7979/1/5 7978/1/5 7624/1/5 7968/1/5 
f 7969/1/5 7968/1/5 7624/1/5 7591/1/5 
f 7600/1/5 7591/1/5 7624/1/5 7574/1/5 
f 7579/1/5 7574/1/5 7624/1/5 7954/1/5 
f 7959/1/5 7954/1/5 7624/1/5 8082/1/5 
f 8083/1/5 8082/1/5 7624/1/5 8078/1/5 
f 8084/1/5 8078/1/5 7624/1/5 8085/1/5 
f 8086/1/5 8085/1/5 7624/1/5 8064/1/5 
f 8065/1/5 8064/1/5 7624/1/5 8087/1/5 
f 8088/1/5 8087/1/5 7624/1/5 8054/1/5 
f 8052/1/5 8054/1/5 7624/1/5 8073/1/5 
f 8089/1/5 8073/1/5 7624/1/5 8075/1/5 
f 8076/1/5 8075/1/5 7624/1/5 7634/1/5 
f 7641/1/5 7634/1/5 7624/1/5 7632/1/5 
f 7633/1/5 7632/1/5 7624/1/5 7629/1/5 
f 7633/1/5 7629/1/5 7628/1/5 7643/1/5 
f 8043/1/5 7643/1/5 7628/1/5 7582/1/5 
f 8044/1/5 8043/1/5 7582/1/5 8050/1/5 
f 8049/1/5 8050/1/5 7582/1/5 8051/1/5 
f 8047/1/5 8051/1/5 7582/1/5 8090/1/5 
f 8091/1/5 8090/1/5 7582/1/5 8055/1/5 
f 8056/1/5 8055/1/5 7582/1/5 8059/1/5 
f 8060/1/5 8059/1/5 7582/1/5 8062/1/5 
f 8063/1/5 8062/1/5 7582/1/5 8092/1/5 
f 8093/1/5 8092/1/5 7582/1/5 8069/1/5 
f 8068/1/5 8069/1/5 7582/1/5 8071/1/5 
f 8072/1/5 8071/1/5 7582/1/5 7646/1/5 
f 7649/1/5 7646/1/5 7582/1/5 8094/1/5 
f 8095/1/5 8094/1/5 7582/1/5 7615/1/5 
f 7616/1/5 7615/1/5 7582/1/5 7609/1/5 
f 7618/1/5 7609/1/5 7582/1/5 7603/1/5 
f 7582/1/5 7612/1/5 7603/1/5 
f 7981/1/5 7618/1/5 7603/1/5 7978/1/5 
f 7978/1/5 7603/1/5 7602/1/5 7975/1/5 
f 7975/1/5 7602/1/5 7612/1/5 7973/1/5 
f 7618/1/5 7981/1/5 7979/1/5 7608/1/5 
f 7608/1/5 7979/1/5 7968/1/5 7609/1/5 
f 7609/1/5 7968/1/5 7983/1/5 7616/1/5 
f 7616/1/5 7983/1/5 7969/1/5 7620/1/5 
f 7620/1/5 7969/1/5 7591/1/5 7615/1/5 
f 7615/1/5 7591/1/5 7594/1/5 8095/1/5 
f 8095/1/5 7594/1/5 7600/1/5 8096/1/5 
f 8096/1/5 7600/1/5 7574/1/5 8094/1/5 
f 8094/1/5 7574/1/5 7577/1/5 7649/1/5 
f 7649/1/5 7577/1/5 7579/1/5 7645/1/5 
f 7645/1/5 7579/1/5 7954/1/5 7646/1/5 
f 7646/1/5 7954/1/5 7957/1/5 8072/1/5 
f 8072/1/5 7957/1/5 7959/1/5 8070/1/5 
f 8070/1/5 7959/1/5 8082/1/5 8071/1/5 
f 8071/1/5 8082/1/5 8097/1/5 8068/1/5 
f 8068/1/5 8097/1/5 8083/1/5 8067/1/5 
f 8067/1/5 8083/1/5 8078/1/5 8069/1/5 
f 8069/1/5 8078/1/5 8079/1/5 8093/1/5 
f 8093/1/5 8079/1/5 8084/1/5 8098/1/5 
f 8098/1/5 8084/1/5 8085/1/5 8092/1/5 
f 8092/1/5 8085/1/5 8099/1/5 8063/1/5 
f 8063/1/5 8099/1/5 8086/1/5 8061/1/5 
f 8061/1/5 8086/1/5 8064/1/5 8062/1/5 
f 8062/1/5 8064/1/5 8066/1/5 8060/1/5 
f 8060/1/5 8066/1/5 8065/1/5 8058/1/5 
f 8058/1/5 8065/1/5 8087/1/5 8059/1/5 
f 8059/1/5 8087/1/5 8100/1/5 8056/1/5 
f 8056/1/5 8100/1/5 8088/1/5 8057/1/5 
f 8057/1/5 8088/1/5 8054/1/5 8055/1/5 
f 8055/1/5 8054/1/5 8053/1/5 8091/1/5 
f 8091/1/5 8053/1/5 8052/1/5 8101/1/5 
f 8101/1/5 8052/1/5 8073/1/5 8090/1/5 
f 8090/1/5 8073/1/5 8074/1/5 8047/1/5 
f 8047/1/5 8074/1/5 8089/1/5 8046/1/5 
f 8046/1/5 8089/1/5 8075/1/5 8051/1/5 
f 8051/1/5 8075/1/5 8077/1/5 8049/1/5 
f 8049/1/5 8077/1/5 8076/1/5 8048/1/5 
f 8048/1/5 8076/1/5 7634/1/5 8050/1/5 
f 8050/1/5 7634/1/5 7637/1/5 8044/1/5 
f 8044/1/5 7637/1/5 7641/1/5 8045/1/5 
f 8045/1/5 7641/1/5 7632/1/5 8043/1/5 
f 7643/1/5 8043/1/5 7632/1/5 
f 7582/1/5 7628/1/5 7638/1/5 7589/1/5 
f 7589/1/5 7638/1/5 7629/1/5 7624/1/5 
f 7582/1/5 7589/1/5 7583/1/5 
f 8020/1/68 8083/1/68 8097/1/68 8024/1/68 
f 8018/1/69 8084/1/69 8079/1/69 8026/1/69 
f 8016/1/70 8086/1/70 8099/1/70 8028/1/70 
f 8018/1/41 8019/1/41 8078/1/41 8084/1/41 
f 8016/1/41 8017/1/41 8085/1/41 8086/1/41 
f 8027/1/2 8098/1/2 8092/1/2 7991/1/2 
f 8098/1/71 8027/1/71 7990/1/71 8093/1/71 
f 8085/1/3 8017/1/3 8028/1/3 8099/1/3 
f 8012/1/41 8013/1/41 8087/1/41 8088/1/41 
f 8087/1/3 8013/1/3 8032/1/3 8100/1/3 
f 7990/1/1 7991/1/1 8092/1/1 8093/1/1 
f 8101/1/72 8035/1/72 7998/1/72 8091/1/72 
f 7998/1/1 7999/1/1 8090/1/1 8091/1/1 
f 8012/1/73 8088/1/73 8100/1/73 8032/1/73 
f 8008/1/74 8089/1/74 8074/1/74 8036/1/74 
f 8035/1/2 8101/1/2 8090/1/2 7999/1/2 
f 8008/1/41 8009/1/41 8073/1/41 8089/1/41 
f 8082/1/3 8021/1/3 8024/1/3 8097/1/3 
f 8096/1/44 8022/1/44 7984/1/44 8095/1/44 
f 8020/1/41 8021/1/41 8082/1/41 8083/1/41 
f 8022/1/2 8096/1/2 8094/1/2 7985/1/2 
f 7984/1/1 7985/1/1 8094/1/1 8095/1/1 
f 8102/1/1 8103/1/1 8104/1/1 8105/1/1 
f 8106/1/1 8107/1/1 8108/1/1 8109/1/1 
f 8110/1/46 8111/1/46 8112/1/46 8113/1/46 
f 8112/1/1 8114/1/1 8115/1/1 8113/1/1 
f 8116/1/2 8117/1/2 8108/1/2 8107/1/2 
f 8117/1/47 8116/1/47 8106/1/47 8109/1/47 
f 8118/1/3 8119/1/3 8120/1/3 8121/1/3 
f 8122/1/5 8123/1/5 8118/1/5 8124/1/5 
f 8124/1/5 8118/1/5 8121/1/5 
f 8123/1/48 8125/1/48 8119/1/48 8118/1/48 
f 8125/1/40 8126/1/40 8127/1/40 8119/1/40 
f 8119/1/40 8127/1/40 8120/1/40 
f 8128/1/49 8129/1/49 8130/1/49 8131/1/49 
f 8132/1/41 8133/1/41 8134/1/41 8135/1/41 
f 8136/1/3 8137/1/3 8138/1/3 8139/1/3 
f 8128/1/2 8131/1/2 8140/1/2 8141/1/2 
f 8129/1/1 8141/1/1 8140/1/1 8130/1/1 
f 8138/1/50 8142/1/50 8143/1/50 8139/1/50 
f 8144/1/51 8132/1/51 8135/1/51 8145/1/51 
f 8134/1/3 8133/1/3 8144/1/3 8145/1/3 
f 8142/1/41 8137/1/41 8136/1/41 8143/1/41 
f 8146/1/2 8147/1/2 8148/1/2 8149/1/2 
f 8150/1/1 8149/1/1 8148/1/1 8151/1/1 
f 8147/1/52 8146/1/52 8150/1/52 8151/1/52 
f 8152/1/1 8153/1/1 8154/1/1 8155/1/1 
f 8156/1/3 8157/1/3 8158/1/3 8159/1/3 
f 8160/1/53 8161/1/53 8159/1/53 8158/1/53 
f 8160/1/41 8157/1/41 8156/1/41 8161/1/41 
f 8162/1/43 8163/1/43 8164/1/43 8165/1/43 
f 8162/1/33 8166/1/33 8167/1/33 8163/1/33 
f 8167/1/3 8166/1/3 8165/1/3 8164/1/3 
f 8168/1/41 8169/1/41 8170/1/41 8171/1/41 
f 8172/1/3 8173/1/3 8174/1/3 8175/1/3 
f 8176/1/54 8177/1/54 8175/1/54 8174/1/54 
f 8176/1/41 8173/1/41 8172/1/41 8177/1/41 
f 8178/1/41 8179/1/41 8180/1/41 8181/1/41 
f 8180/1/3 8179/1/3 8182/1/3 8183/1/3 
f 8178/1/55 8181/1/55 8183/1/55 8182/1/55 
f 8170/1/3 8169/1/3 8184/1/3 8185/1/3 
f 8168/1/56 8171/1/56 8185/1/56 8184/1/56 
f 8186/1/3 8187/1/3 8153/1/3 8154/1/3 
f 8141/1/40 8188/1/40 8187/1/40 8128/1/40 
f 8127/1/40 8128/1/40 8187/1/40 8120/1/40 
f 8189/1/40 8190/1/40 8122/1/40 8123/1/40 
f 8191/1/1 8125/1/1 8123/1/1 8189/1/1 
f 8123/1/3 8125/1/3 8126/1/3 8122/1/3 
f 8192/1/5 8191/1/5 8125/1/5 8126/1/5 
f 8193/1/1 8194/1/1 8195/1/1 8196/1/1 
f 8197/1/2 8198/1/2 8195/1/2 8194/1/2 
f 8197/1/57 8193/1/57 8196/1/57 8198/1/57 
f 8199/1/58 8200/1/58 8201/1/58 8202/1/58 
f 8203/1/59 8204/1/59 8205/1/59 8206/1/59 
f 8205/1/1 8207/1/1 8208/1/1 8206/1/1 
f 8204/1/2 8203/1/2 8208/1/2 8207/1/2 
f 8201/1/1 8209/1/1 8210/1/1 8202/1/1 
f 8200/1/2 8199/1/2 8210/1/2 8209/1/2 
f 8211/1/60 8212/1/60 8213/1/60 8214/1/60 
f 8211/1/41 8215/1/41 8216/1/41 8212/1/41 
f 8216/1/3 8215/1/3 8214/1/3 8213/1/3 
f 8217/1/1 8218/1/1 8219/1/1 8220/1/1 
f 8221/1/2 8222/1/2 8219/1/2 8218/1/2 
f 8222/1/61 8221/1/61 8217/1/61 8220/1/61 
f 8223/1/2 8224/1/2 8225/1/2 8226/1/2 
f 8224/1/62 8223/1/62 8227/1/62 8228/1/62 
f 8227/1/1 8226/1/1 8225/1/1 8228/1/1 
f 8229/1/2 8230/1/2 8231/1/2 8232/1/2 
f 8230/1/63 8229/1/63 8233/1/63 8234/1/63 
f 8233/1/1 8232/1/1 8231/1/1 8234/1/1 
f 8235/1/41 8236/1/41 8237/1/41 8238/1/41 
f 8237/1/3 8236/1/3 8239/1/3 8240/1/3 
f 8235/1/64 8238/1/64 8240/1/64 8239/1/64 
f 8241/1/65 8242/1/65 8243/1/65 8244/1/65 
f 8243/1/1 8245/1/1 8246/1/1 8244/1/1 
f 8242/1/2 8241/1/2 8246/1/2 8245/1/2 
f 8247/1/2 8248/1/2 8249/1/2 8250/1/2 
f 8248/1/66 8247/1/66 8251/1/66 8252/1/66 
f 8251/1/1 8250/1/1 8249/1/1 8252/1/1 
f 8126/1/48 8127/1/48 8120/1/48 8121/1/48 
f 8126/1/48 8121/1/48 8124/1/48 8122/1/48 
f 8253/1/3 8254/1/3 8255/1/3 8256/1/3 
f 8257/1/41 8258/1/41 8259/1/41 8260/1/41 
f 8257/1/67 8260/1/67 8261/1/67 8262/1/67 
f 8259/1/3 8258/1/3 8262/1/3 8261/1/3 
f 8263/1/3 8264/1/3 8265/1/3 8266/1/3 
f 8267/1/5 8190/1/5 8122/1/5 8167/1/5 
f 8167/1/40 8163/1/40 
f 8122/1/40 8163/1/40 8268/1/40 
f 8269/1/5 8267/1/5 8167/1/5 8164/1/5 
f 8269/1/5 8164/1/5 8270/1/5 8271/1/5 
f 8271/1/5 8270/1/5 8272/1/5 8105/1/5 
f 8175/1/5 8105/1/5 8272/1/5 8122/1/5 
f 8122/1/5 8272/1/5 8273/1/5 8163/1/5 
f 8163/1/5 8273/1/5 8270/1/5 8164/1/5 
f 8172/1/5 8175/1/5 8122/1/5 8124/1/5 
f 8177/1/5 8172/1/5 8124/1/5 8180/1/5 
f 8181/1/5 8180/1/5 8124/1/5 8170/1/5 
f 8171/1/5 8170/1/5 8124/1/5 8274/1/5 
f 8275/1/5 8274/1/5 8124/1/5 8276/1/5 
f 8277/1/5 8276/1/5 8124/1/5 8156/1/5 
f 8161/1/5 8156/1/5 8124/1/5 8278/1/5 
f 8279/1/5 8278/1/5 8124/1/5 8263/1/5 
f 8280/1/5 8263/1/5 8124/1/5 8281/1/5 
f 8282/1/5 8281/1/5 8124/1/5 8237/1/5 
f 8238/1/5 8237/1/5 8124/1/5 8283/1/5 
f 8284/1/5 8283/1/5 8124/1/5 8216/1/5 
f 8212/1/5 8216/1/5 8124/1/5 8253/1/5 
f 8285/1/5 8253/1/5 8124/1/5 8259/1/5 
f 8260/1/5 8259/1/5 8124/1/5 8136/1/5 
f 8143/1/5 8136/1/5 8124/1/5 8134/1/5 
f 8135/1/5 8134/1/5 8124/1/5 8131/1/5 
f 8135/1/5 8131/1/5 8130/1/5 8145/1/5 
f 8195/1/5 8145/1/5 8130/1/5 8271/1/5 
f 8196/1/5 8195/1/5 8271/1/5 8208/1/5 
f 8206/1/5 8208/1/5 8271/1/5 8210/1/5 
f 8202/1/5 8210/1/5 8271/1/5 8286/1/5 
f 8287/1/5 8286/1/5 8271/1/5 8219/1/5 
f 8220/1/5 8219/1/5 8271/1/5 8225/1/5 
f 8228/1/5 8225/1/5 8271/1/5 8231/1/5 
f 8234/1/5 8231/1/5 8271/1/5 8288/1/5 
f 8289/1/5 8288/1/5 8271/1/5 8246/1/5 
f 8244/1/5 8246/1/5 8271/1/5 8249/1/5 
f 8252/1/5 8249/1/5 8271/1/5 8148/1/5 
f 8151/1/5 8148/1/5 8271/1/5 8290/1/5 
f 8291/1/5 8290/1/5 8271/1/5 8108/1/5 
f 8109/1/5 8108/1/5 8271/1/5 8115/1/5 
f 8113/1/5 8115/1/5 8271/1/5 8104/1/5 
f 8271/1/5 8105/1/5 8104/1/5 
f 8183/1/5 8113/1/5 8104/1/5 8180/1/5 
f 8180/1/5 8104/1/5 8292/1/5 8177/1/5 
f 8177/1/5 8292/1/5 8105/1/5 8175/1/5 
f 8113/1/5 8183/1/5 8181/1/5 8110/1/5 
f 8110/1/5 8181/1/5 8170/1/5 8115/1/5 
f 8115/1/5 8170/1/5 8185/1/5 8109/1/5 
f 8109/1/5 8185/1/5 8171/1/5 8117/1/5 
f 8117/1/5 8171/1/5 8274/1/5 8108/1/5 
f 8108/1/5 8274/1/5 8293/1/5 8291/1/5 
f 8291/1/5 8293/1/5 8275/1/5 8294/1/5 
f 8294/1/5 8275/1/5 8276/1/5 8290/1/5 
f 8290/1/5 8276/1/5 8295/1/5 8151/1/5 
f 8151/1/5 8295/1/5 8277/1/5 8147/1/5 
f 8147/1/5 8277/1/5 8156/1/5 8148/1/5 
f 8148/1/5 8156/1/5 8159/1/5 8252/1/5 
f 8252/1/5 8159/1/5 8161/1/5 8248/1/5 
f 8248/1/5 8161/1/5 8278/1/5 8249/1/5 
f 8249/1/5 8278/1/5 8296/1/5 8244/1/5 
f 8244/1/5 8296/1/5 8279/1/5 8241/1/5 
f 8241/1/5 8279/1/5 8263/1/5 8246/1/5 
f 8246/1/5 8263/1/5 8266/1/5 8289/1/5 
f 8289/1/5 8266/1/5 8280/1/5 8297/1/5 
f 8297/1/5 8280/1/5 8281/1/5 8288/1/5 
f 8288/1/5 8281/1/5 8298/1/5 8234/1/5 
f 8234/1/5 8298/1/5 8282/1/5 8230/1/5 
f 8230/1/5 8282/1/5 8237/1/5 8231/1/5 
f 8231/1/5 8237/1/5 8240/1/5 8228/1/5 
f 8228/1/5 8240/1/5 8238/1/5 8224/1/5 
f 8224/1/5 8238/1/5 8283/1/5 8225/1/5 
f 8225/1/5 8283/1/5 8299/1/5 8220/1/5 
f 8220/1/5 8299/1/5 8284/1/5 8222/1/5 
f 8222/1/5 8284/1/5 8216/1/5 8219/1/5 
f 8219/1/5 8216/1/5 8213/1/5 8287/1/5 
f 8287/1/5 8213/1/5 8212/1/5 8300/1/5 
f 8300/1/5 8212/1/5 8253/1/5 8286/1/5 
f 8286/1/5 8253/1/5 8256/1/5 8202/1/5 
f 8202/1/5 8256/1/5 8285/1/5 8199/1/5 
f 8199/1/5 8285/1/5 8259/1/5 8210/1/5 
f 8210/1/5 8259/1/5 8261/1/5 8206/1/5 
f 8206/1/5 8261/1/5 8260/1/5 8203/1/5 
f 8203/1/5 8260/1/5 8136/1/5 8208/1/5 
f 8208/1/5 8136/1/5 8139/1/5 8196/1/5 
f 8196/1/5 8139/1/5 8143/1/5 8198/1/5 
f 8198/1/5 8143/1/5 8134/1/5 8195/1/5 
f 8145/1/5 8195/1/5 8134/1/5 
f 8271/1/5 8130/1/5 8140/1/5 
f 8131/1/5 8124/1/5 8121/1/5 8186/1/40 
f 8186/1/40 8131/1/40 8140/1/40 8271/1/5 
f 8140/1/5 8131/1/5 8121/1/5 8186/1/5 
f 8301/1/68 8279/1/68 8296/1/68 8302/1/68 
f 8303/1/69 8280/1/69 8266/1/69 8265/1/69 
f 8304/1/70 8282/1/70 8298/1/70 8305/1/70 
f 8303/1/41 8264/1/41 8263/1/41 8280/1/41 
f 8304/1/41 8306/1/41 8281/1/41 8282/1/41 
f 8307/1/2 8297/1/2 8288/1/2 8308/1/2 
f 8297/1/71 8307/1/71 8309/1/71 8289/1/71 
f 8281/1/3 8306/1/3 8305/1/3 8298/1/3 
f 8310/1/41 8311/1/41 8283/1/41 8284/1/41 
f 8283/1/3 8311/1/3 8312/1/3 8299/1/3 
f 8309/1/1 8308/1/1 8288/1/1 8289/1/1 
f 8300/1/72 8313/1/72 8314/1/72 8287/1/72 
f 8314/1/1 8315/1/1 8286/1/1 8287/1/1 
f 8310/1/73 8284/1/73 8299/1/73 8312/1/73 
f 8316/1/74 8285/1/74 8256/1/74 8255/1/74 
f 8313/1/2 8300/1/2 8286/1/2 8315/1/2 
f 8316/1/41 8254/1/41 8253/1/41 8285/1/41 
f 8278/1/3 8317/1/3 8302/1/3 8296/1/3 
f 8294/1/44 8318/1/44 8319/1/44 8291/1/44 
f 8301/1/41 8317/1/41 8278/1/41 8279/1/41 
f 8318/1/2 8294/1/2 8290/1/2 8320/1/2 
f 8319/1/1 8320/1/1 8290/1/1 8291/1/1 
f 8276/1/3 8321/1/3 8322/1/3 8295/1/3 
f 8323/1/41 8321/1/41 8276/1/41 8277/1/41 
f 8323/1/42 8277/1/42 8295/1/42 8322/1/42 
f 8324/1/33 8269/1/33 8271/1/33 8186/1/33 
f 8188/1/33 8324/1/33 8186/1/33 8187/1/33 
f 8192/1/1 8126/1/1 8122/1/1 8190/1/1 
f 8121/1/3 8120/1/3 8187/1/3 8186/1/3 
f 8274/1/3 8325/1/3 8326/1/3 8293/1/3 
f 8327/1/1 8328/1/1 8272/1/1 8270/1/1 
f 8329/1/43 8275/1/43 8293/1/43 8326/1/43 
f 8329/1/41 8325/1/41 8274/1/41 8275/1/41 
f 8330/1/2 8292/1/2 8104/1/2 8103/1/2 
f 8331/1/2 8273/1/2 8272/1/2 8328/1/2 
f 8273/1/44 8331/1/44 8327/1/44 8270/1/44 
f 8111/1/2 8110/1/2 8115/1/2 8114/1/2 
f 8292/1/45 8330/1/45 8102/1/45 8105/1/45 
f 8332/1/1 8333/1/1 8334/1/1 8335/1/1 
f 8336/1/1 8337/1/1 8338/1/1 8339/1/1 
f 8340/1/46 8341/1/46 8342/1/46 8343/1/46 
f 8342/1/1 8344/1/1 8345/1/1 8343/1/1 
f 8346/1/2 8347/1/2 8338/1/2 8337/1/2 
f 8347/1/47 8346/1/47 8336/1/47 8339/1/47 
f 8348/1/3 8349/1/3 8350/1/3 8351/1/3 
f 8352/1/5 8353/1/5 8348/1/5 8354/1/5 
f 8354/1/5 8348/1/5 8351/1/5 
f 8353/1/48 8355/1/48 8349/1/48 8348/1/48 
f 8355/1/40 8356/1/40 8357/1/40 8349/1/40 
f 8349/1/40 8357/1/40 8350/1/40 
f 8358/1/49 8359/1/49 8360/1/49 8361/1/49 
f 8362/1/41 8363/1/41 8364/1/41 8365/1/41 
f 8366/1/3 8367/1/3 8368/1/3 8369/1/3 
f 8358/1/2 8361/1/2 8370/1/2 8371/1/2 
f 8359/1/1 8371/1/1 8370/1/1 8360/1/1 
f 8368/1/50 8372/1/50 8373/1/50 8369/1/50 
f 8374/1/51 8362/1/51 8365/1/51 8375/1/51 
f 8364/1/3 8363/1/3 8374/1/3 8375/1/3 
f 8372/1/41 8367/1/41 8366/1/41 8373/1/41 
f 8376/1/2 8377/1/2 8378/1/2 8379/1/2 
f 8380/1/1 8379/1/1 8378/1/1 8381/1/1 
f 8377/1/52 8376/1/52 8380/1/52 8381/1/52 
f 8382/1/1 8383/1/1 8384/1/1 8385/1/1 
f 8386/1/3 8387/1/3 8388/1/3 8389/1/3 
f 8390/1/53 8391/1/53 8389/1/53 8388/1/53 
f 8390/1/41 8387/1/41 8386/1/41 8391/1/41 
f 8392/1/43 8393/1/43 8394/1/43 8395/1/43 
f 8392/1/33 8396/1/33 8397/1/33 8393/1/33 
f 8397/1/3 8396/1/3 8395/1/3 8394/1/3 
f 8398/1/41 8399/1/41 8400/1/41 8401/1/41 
f 8402/1/3 8403/1/3 8404/1/3 8405/1/3 
f 8406/1/54 8407/1/54 8405/1/54 8404/1/54 
f 8406/1/41 8403/1/41 8402/1/41 8407/1/41 
f 8408/1/41 8409/1/41 8410/1/41 8411/1/41 
f 8410/1/3 8409/1/3 8412/1/3 8413/1/3 
f 8408/1/55 8411/1/55 8413/1/55 8412/1/55 
f 8400/1/3 8399/1/3 8414/1/3 8415/1/3 
f 8398/1/56 8401/1/56 8415/1/56 8414/1/56 
f 8416/1/3 8417/1/3 8383/1/3 8384/1/3 
f 8398/1/40 8414/1/40 8336/1/40 8346/1/40 
f 8398/1/40 8346/1/40 8418/1/40 8357/1/40 
f 8399/1/40 8398/1/40 8357/1/40 8408/1/40 
f 8409/1/40 8408/1/40 8357/1/40 8406/1/40 
f 8403/1/40 8406/1/40 8357/1/40 8356/1/40 
f 8404/1/40 8403/1/40 8356/1/40 8419/1/40 
f 8404/1/40 8419/1/40 8420/1/40 8332/1/40 
f 8421/1/40 8332/1/40 8420/1/40 8422/1/40 
f 8423/1/40 8421/1/40 8422/1/40 8395/1/40 
f 8424/1/40 8423/1/40 8395/1/40 8425/1/40 
f 8425/1/40 8395/1/40 8396/1/40 8356/1/40 
f 8356/1/5 
f 8392/1/40 8395/1/40 8422/1/40 8419/1/40 
f 8356/1/40 8392/1/40 8419/1/40 
f 8333/1/40 8332/1/40 8421/1/40 8342/1/40 
f 8344/1/40 8342/1/40 8421/1/40 8336/1/40 
f 8337/1/40 8336/1/40 8421/1/40 8426/1/40 
f 8427/1/40 8426/1/40 8421/1/40 8380/1/40 
f 8379/1/40 8380/1/40 8421/1/40 8428/1/40 
f 8429/1/40 8428/1/40 8421/1/40 8430/1/40 
f 8431/1/40 8430/1/40 8421/1/40 8432/1/40 
f 8433/1/40 8432/1/40 8421/1/40 8434/1/40 
f 8435/1/40 8434/1/40 8421/1/40 8436/1/40 
f 8437/1/40 8436/1/40 8421/1/40 8438/1/40 
f 8439/1/40 8438/1/40 8421/1/40 8440/1/40 
f 8441/1/40 8440/1/40 8421/1/40 8442/1/40 
f 8443/1/40 8442/1/40 8421/1/40 8444/1/40 
f 8445/1/40 8444/1/40 8421/1/40 8446/1/40 
f 8447/1/40 8446/1/40 8421/1/40 8359/1/40 
f 8359/1/40 8421/1/40 8371/1/40 
f 8374/1/40 8447/1/40 8359/1/40 8362/1/40 
f 8362/1/40 8359/1/40 8358/1/40 8357/1/40 
f 8363/1/40 8362/1/40 8357/1/40 8372/1/40 
f 8367/1/40 8372/1/40 8357/1/40 8448/1/40 
f 8449/1/40 8448/1/40 8357/1/40 8450/1/40 
f 8451/1/40 8450/1/40 8357/1/40 8452/1/40 
f 8453/1/40 8452/1/40 8357/1/40 8454/1/40 
f 8455/1/40 8454/1/40 8357/1/40 8456/1/40 
f 8457/1/40 8456/1/40 8357/1/40 8458/1/40 
f 8459/1/40 8458/1/40 8357/1/40 8460/1/40 
f 8461/1/40 8460/1/40 8357/1/40 8462/1/40 
f 8463/1/40 8462/1/40 8357/1/40 8390/1/40 
f 8387/1/40 8390/1/40 8357/1/40 8464/1/40 
f 8465/1/40 8464/1/40 8357/1/40 8466/1/40 
f 8357/1/40 8418/1/40 8466/1/40 
f 8467/1/40 8465/1/40 8466/1/40 8426/1/40 
f 8426/1/40 8466/1/40 8468/1/40 8337/1/40 
f 8346/1/40 8337/1/40 8468/1/40 8418/1/40 
f 8469/1/40 8465/1/40 8467/1/40 8427/1/40 
f 8469/1/40 8427/1/40 8380/1/40 8464/1/40 
f 8464/1/40 8380/1/40 8376/1/40 8387/1/40 
f 8388/1/40 8387/1/40 8376/1/40 8379/1/40 
f 8388/1/40 8379/1/40 8428/1/40 8390/1/40 
f 8390/1/40 8428/1/40 8470/1/40 8463/1/40 
f 8471/1/40 8463/1/40 8470/1/40 8429/1/40 
f 8471/1/40 8429/1/40 8430/1/40 8462/1/40 
f 8462/1/40 8430/1/40 8472/1/40 8461/1/40 
f 8473/1/40 8461/1/40 8472/1/40 8431/1/40 
f 8473/1/40 8431/1/40 8432/1/40 8460/1/40 
f 8460/1/40 8432/1/40 8474/1/40 8459/1/40 
f 8475/1/40 8459/1/40 8474/1/40 8433/1/40 
f 8475/1/40 8433/1/40 8434/1/40 8458/1/40 
f 8458/1/40 8434/1/40 8476/1/40 8457/1/40 
f 8477/1/40 8457/1/40 8476/1/40 8435/1/40 
f 8477/1/40 8435/1/40 8436/1/40 8456/1/40 
f 8456/1/40 8436/1/40 8478/1/40 8455/1/40 
f 8479/1/40 8455/1/40 8478/1/40 8437/1/40 
f 8479/1/40 8437/1/40 8438/1/40 8454/1/40 
f 8454/1/40 8438/1/40 8480/1/40 8453/1/40 
f 8481/1/40 8453/1/40 8480/1/40 8439/1/40 
f 8481/1/40 8439/1/40 8440/1/40 8452/1/40 
f 8452/1/40 8440/1/40 8482/1/40 8451/1/40 
f 8483/1/40 8451/1/40 8482/1/40 8441/1/40 
f 8483/1/40 8441/1/40 8442/1/40 8450/1/40 
f 8450/1/40 8442/1/40 8484/1/40 8449/1/40 
f 8485/1/40 8449/1/40 8484/1/40 8443/1/40 
f 8485/1/40 8443/1/40 8444/1/40 8448/1/40 
f 8448/1/40 8444/1/40 8486/1/40 8367/1/40 
f 8368/1/40 8367/1/40 8486/1/40 8445/1/40 
f 8368/1/40 8445/1/40 8446/1/40 8372/1/40 
f 8372/1/40 8446/1/40 8487/1/40 8363/1/40 
f 8374/1/40 8363/1/40 8487/1/40 8447/1/40 
f 8344/1/40 8336/1/40 8414/1/40 8341/1/40 
f 8341/1/40 8414/1/40 8399/1/40 8408/1/40 
f 8342/1/40 8341/1/40 8408/1/40 8412/1/40 
f 8333/1/40 8342/1/40 8412/1/40 8488/1/40 
f 8488/1/40 8412/1/40 8409/1/40 8406/1/40 
f 8332/1/40 8488/1/40 8406/1/40 8404/1/40 
f 8489/1/40 8490/1/40 8352/1/40 8353/1/40 
f 8491/1/1 8355/1/1 8353/1/1 8489/1/1 
f 8353/1/3 8355/1/3 8356/1/3 8352/1/3 
f 8425/1/5 8491/1/5 8355/1/5 8356/1/5 
f 8446/1/1 8447/1/1 8492/1/1 8493/1/1 
f 8487/1/2 8494/1/2 8492/1/2 8447/1/2 
f 8487/1/57 8446/1/57 8493/1/57 8494/1/57 
f 8495/1/58 8484/1/58 8442/1/58 8496/1/58 
f 8497/1/59 8486/1/59 8444/1/59 8498/1/59 
f 8444/1/1 8445/1/1 8499/1/1 8498/1/1 
f 8486/1/2 8497/1/2 8499/1/2 8445/1/2 
f 8442/1/1 8443/1/1 8500/1/1 8496/1/1 
f 8484/1/2 8495/1/2 8500/1/2 8443/1/2 
f 8452/1/60 8501/1/60 8502/1/60 8481/1/60 
f 8452/1/41 8453/1/41 8503/1/41 8501/1/41 
f 8503/1/3 8453/1/3 8481/1/3 8502/1/3 
f 8438/1/1 8439/1/1 8504/1/1 8505/1/1 
f 8480/1/2 8506/1/2 8504/1/2 8439/1/2 
f 8506/1/61 8480/1/61 8438/1/61 8505/1/61 
f 8478/1/2 8507/1/2 8508/1/2 8437/1/2 
f 8507/1/62 8478/1/62 8436/1/62 8509/1/62 
f 8436/1/1 8437/1/1 8508/1/1 8509/1/1 
f 8476/1/2 8510/1/2 8511/1/2 8435/1/2 
f 8510/1/63 8476/1/63 8434/1/63 8512/1/63 
f 8434/1/1 8435/1/1 8511/1/1 8512/1/1 
f 8456/1/41 8457/1/41 8513/1/41 8514/1/41 
f 8513/1/3 8457/1/3 8477/1/3 8515/1/3 
f 8456/1/64 8514/1/64 8515/1/64 8477/1/64 
f 8516/1/65 8472/1/65 8430/1/65 8517/1/65 
f 8430/1/1 8431/1/1 8518/1/1 8517/1/1 
f 8472/1/2 8516/1/2 8518/1/2 8431/1/2 
f 8470/1/2 8519/1/2 8520/1/2 8429/1/2 
f 8519/1/66 8470/1/66 8428/1/66 8521/1/66 
f 8428/1/1 8429/1/1 8520/1/1 8521/1/1 
f 8357/1/48 8350/1/48 8351/1/48 8352/1/48 
f 8357/1/48 8352/1/48 8356/1/48 
f 8352/1/48 8351/1/48 8354/1/48 
f 8522/1/3 8451/1/3 8483/1/3 8523/1/3 
f 8448/1/41 8449/1/41 8524/1/41 8525/1/41 
f 8448/1/67 8525/1/67 8526/1/67 8485/1/67 
f 8524/1/3 8449/1/3 8485/1/3 8526/1/3 
f 8527/1/3 8461/1/3 8473/1/3 8528/1/3 
f 8529/1/5 8490/1/5 8352/1/5 8397/1/5 
f 8397/1/40 8393/1/40 
f 8352/1/40 8393/1/40 8530/1/40 
f 8531/1/5 8529/1/5 8397/1/5 8394/1/5 
f 8531/1/5 8394/1/5 8532/1/5 8533/1/5 
f 8533/1/5 8532/1/5 8534/1/5 8335/1/5 
f 8405/1/5 8335/1/5 8534/1/5 8352/1/5 
f 8352/1/5 8534/1/5 8535/1/5 8393/1/5 
f 8393/1/5 8535/1/5 8532/1/5 8394/1/5 
f 8402/1/5 8405/1/5 8352/1/5 8354/1/5 
f 8407/1/5 8402/1/5 8354/1/5 8410/1/5 
f 8411/1/5 8410/1/5 8354/1/5 8400/1/5 
f 8401/1/5 8400/1/5 8354/1/5 8536/1/5 
f 8537/1/5 8536/1/5 8354/1/5 8538/1/5 
f 8539/1/5 8538/1/5 8354/1/5 8386/1/5 
f 8391/1/5 8386/1/5 8354/1/5 8540/1/5 
f 8541/1/5 8540/1/5 8354/1/5 8527/1/5 
f 8542/1/5 8527/1/5 8354/1/5 8543/1/5 
f 8544/1/5 8543/1/5 8354/1/5 8513/1/5 
f 8514/1/5 8513/1/5 8354/1/5 8545/1/5 
f 8546/1/5 8545/1/5 8354/1/5 8503/1/5 
f 8501/1/5 8503/1/5 8354/1/5 8522/1/5 
f 8547/1/5 8522/1/5 8354/1/5 8524/1/5 
f 8525/1/5 8524/1/5 8354/1/5 8366/1/5 
f 8373/1/5 8366/1/5 8354/1/5 8364/1/5 
f 8365/1/5 8364/1/5 8354/1/5 8361/1/5 
f 8365/1/5 8361/1/5 8360/1/5 8375/1/5 
f 8492/1/5 8375/1/5 8360/1/5 8533/1/5 
f 8493/1/5 8492/1/5 8533/1/5 8499/1/5 
f 8498/1/5 8499/1/5 8533/1/5 8500/1/5 
f 8496/1/5 8500/1/5 8533/1/5 8548/1/5 
f 8549/1/5 8548/1/5 8533/1/5 8504/1/5 
f 8505/1/5 8504/1/5 8533/1/5 8508/1/5 
f 8509/1/5 8508/1/5 8533/1/5 8511/1/5 
f 8512/1/5 8511/1/5 8533/1/5 8550/1/5 
f 8551/1/5 8550/1/5 8533/1/5 8518/1/5 
f 8517/1/5 8518/1/5 8533/1/5 8520/1/5 
f 8521/1/5 8520/1/5 8533/1/5 8378/1/5 
f 8381/1/5 8378/1/5 8533/1/5 8552/1/5 
f 8553/1/5 8552/1/5 8533/1/5 8338/1/5 
f 8339/1/5 8338/1/5 8533/1/5 8345/1/5 
f 8343/1/5 8345/1/5 8533/1/5 8334/1/5 
f 8533/1/5 8335/1/5 8334/1/5 
f 8413/1/5 8343/1/5 8334/1/5 8410/1/5 
f 8410/1/5 8334/1/5 8554/1/5 8407/1/5 
f 8407/1/5 8554/1/5 8335/1/5 8405/1/5 
f 8343/1/5 8413/1/5 8411/1/5 8340/1/5 
f 8340/1/5 8411/1/5 8400/1/5 8345/1/5 
f 8345/1/5 8400/1/5 8415/1/5 8339/1/5 
f 8339/1/5 8415/1/5 8401/1/5 8347/1/5 
f 8347/1/5 8401/1/5 8536/1/5 8338/1/5 
f 8338/1/5 8536/1/5 8555/1/5 8553/1/5 
f 8553/1/5 8555/1/5 8537/1/5 8556/1/5 
f 8556/1/5 8537/1/5 8538/1/5 8552/1/5 
f 8552/1/5 8538/1/5 8557/1/5 8381/1/5 
f 8381/1/5 8557/1/5 8539/1/5 8377/1/5 
f 8377/1/5 8539/1/5 8386/1/5 8378/1/5 
f 8378/1/5 8386/1/5 8389/1/5 8521/1/5 
f 8521/1/5 8389/1/5 8391/1/5 8519/1/5 
f 8519/1/5 8391/1/5 8540/1/5 8520/1/5 
f 8520/1/5 8540/1/5 8558/1/5 8517/1/5 
f 8517/1/5 8558/1/5 8541/1/5 8516/1/5 
f 8516/1/5 8541/1/5 8527/1/5 8518/1/5 
f 8518/1/5 8527/1/5 8528/1/5 8551/1/5 
f 8551/1/5 8528/1/5 8542/1/5 8559/1/5 
f 8559/1/5 8542/1/5 8543/1/5 8550/1/5 
f 8550/1/5 8543/1/5 8560/1/5 8512/1/5 
f 8512/1/5 8560/1/5 8544/1/5 8510/1/5 
f 8510/1/5 8544/1/5 8513/1/5 8511/1/5 
f 8511/1/5 8513/1/5 8515/1/5 8509/1/5 
f 8509/1/5 8515/1/5 8514/1/5 8507/1/5 
f 8507/1/5 8514/1/5 8545/1/5 8508/1/5 
f 8508/1/5 8545/1/5 8561/1/5 8505/1/5 
f 8505/1/5 8561/1/5 8546/1/5 8506/1/5 
f 8506/1/5 8546/1/5 8503/1/5 8504/1/5 
f 8504/1/5 8503/1/5 8502/1/5 8549/1/5 
f 8549/1/5 8502/1/5 8501/1/5 8562/1/5 
f 8562/1/5 8501/1/5 8522/1/5 8548/1/5 
f 8548/1/5 8522/1/5 8523/1/5 8496/1/5 
f 8496/1/5 8523/1/5 8547/1/5 8495/1/5 
f 8495/1/5 8547/1/5 8524/1/5 8500/1/5 
f 8500/1/5 8524/1/5 8526/1/5 8498/1/5 
f 8498/1/5 8526/1/5 8525/1/5 8497/1/5 
f 8497/1/5 8525/1/5 8366/1/5 8499/1/5 
f 8499/1/5 8366/1/5 8369/1/5 8493/1/5 
f 8493/1/5 8369/1/5 8373/1/5 8494/1/5 
f 8494/1/5 8373/1/5 8364/1/5 8492/1/5 
f 8375/1/5 8492/1/5 8364/1/5 
f 8533/1/5 8360/1/5 8370/1/5 8351/1/5 
f 8351/1/5 8370/1/5 8361/1/5 8354/1/5 
f 8533/1/5 8351/1/5 8416/1/5 
f 8462/1/68 8541/1/68 8558/1/68 8471/1/68 
f 8460/1/69 8542/1/69 8528/1/69 8473/1/69 
f 8458/1/70 8544/1/70 8560/1/70 8475/1/70 
f 8460/1/41 8461/1/41 8527/1/41 8542/1/41 
f 8458/1/41 8459/1/41 8543/1/41 8544/1/41 
f 8474/1/2 8559/1/2 8550/1/2 8433/1/2 
f 8559/1/71 8474/1/71 8432/1/71 8551/1/71 
f 8543/1/3 8459/1/3 8475/1/3 8560/1/3 
f 8454/1/41 8455/1/41 8545/1/41 8546/1/41 
f 8545/1/3 8455/1/3 8479/1/3 8561/1/3 
f 8432/1/1 8433/1/1 8550/1/1 8551/1/1 
f 8562/1/72 8482/1/72 8440/1/72 8549/1/72 
f 8440/1/1 8441/1/1 8548/1/1 8549/1/1 
f 8454/1/73 8546/1/73 8561/1/73 8479/1/73 
f 8450/1/74 8547/1/74 8523/1/74 8483/1/74 
f 8482/1/2 8562/1/2 8548/1/2 8441/1/2 
f 8450/1/41 8451/1/41 8522/1/41 8547/1/41 
f 8540/1/3 8463/1/3 8471/1/3 8558/1/3 
f 8556/1/44 8467/1/44 8426/1/44 8553/1/44 
f 8462/1/41 8463/1/41 8540/1/41 8541/1/41 
f 8467/1/2 8556/1/2 8552/1/2 8427/1/2 
f 8426/1/1 8427/1/1 8552/1/1 8553/1/1 
f 8563/1/1 8564/1/1 8565/1/1 8566/1/1 
f 8567/1/1 8568/1/1 8569/1/1 8570/1/1 
f 8571/1/46 8572/1/46 8573/1/46 8574/1/46 
f 8573/1/1 8575/1/1 8576/1/1 8574/1/1 
f 8577/1/2 8578/1/2 8569/1/2 8568/1/2 
f 8578/1/47 8577/1/47 8567/1/47 8570/1/47 
f 8579/1/3 8580/1/3 8581/1/3 8582/1/3 
f 8583/1/5 8584/1/5 8579/1/5 8582/1/5 
f 8584/1/48 8585/1/48 8580/1/48 8579/1/48 
f 8585/1/40 8586/1/40 8587/1/40 8580/1/40 
f 8580/1/40 8587/1/40 8581/1/40 
f 8588/1/49 8589/1/49 8590/1/49 8591/1/49 
f 8592/1/41 8593/1/41 8594/1/41 8595/1/41 
f 8596/1/3 8597/1/3 8598/1/3 8599/1/3 
f 8588/1/2 8591/1/2 8600/1/2 8601/1/2 
f 8589/1/1 8601/1/1 8600/1/1 8590/1/1 
f 8598/1/50 8602/1/50 8603/1/50 8599/1/50 
f 8604/1/51 8592/1/51 8595/1/51 8605/1/51 
f 8594/1/3 8593/1/3 8604/1/3 8605/1/3 
f 8602/1/41 8597/1/41 8596/1/41 8603/1/41 
f 8606/1/2 8607/1/2 8608/1/2 8609/1/2 
f 8610/1/1 8609/1/1 8608/1/1 8611/1/1 
f 8607/1/52 8606/1/52 8610/1/52 8611/1/52 
f 8612/1/1 8613/1/1 8614/1/1 8615/1/1 
f 8616/1/3 8617/1/3 8618/1/3 8619/1/3 
f 8620/1/53 8621/1/53 8619/1/53 8618/1/53 
f 8620/1/41 8617/1/41 8616/1/41 8621/1/41 
f 8622/1/43 8623/1/43 8624/1/43 8625/1/43 
f 8622/1/33 8626/1/33 8627/1/33 8623/1/33 
f 8627/1/3 8626/1/3 8625/1/3 8624/1/3 
f 8628/1/41 8629/1/41 8630/1/41 8631/1/41 
f 8632/1/3 8633/1/3 8634/1/3 8635/1/3 
f 8636/1/54 8637/1/54 8635/1/54 8634/1/54 
f 8636/1/41 8633/1/41 8632/1/41 8637/1/41 
f 8638/1/41 8639/1/41 8640/1/41 8641/1/41 
f 8640/1/3 8639/1/3 8642/1/3 8643/1/3 
f 8638/1/55 8641/1/55 8643/1/55 8642/1/55 
f 8630/1/3 8629/1/3 8644/1/3 8645/1/3 
f 8628/1/56 8631/1/56 8645/1/56 8644/1/56 
f 8646/1/3 8647/1/3 8613/1/3 8614/1/3 
f 8615/1/5 8648/1/5 8646/1/5 8614/1/5 
f 8628/1/40 8644/1/40 8567/1/40 8577/1/40 
f 8628/1/40 8577/1/40 8649/1/40 8587/1/40 
f 8629/1/40 8628/1/40 8587/1/40 8638/1/40 
f 8639/1/40 8638/1/40 8587/1/40 8636/1/40 
f 8633/1/40 8636/1/40 8587/1/40 8586/1/40 
f 8634/1/40 8633/1/40 8586/1/40 8650/1/40 
f 8634/1/40 8650/1/40 8651/1/40 8563/1/40 
f 8652/1/40 8563/1/40 8651/1/40 8653/1/40 
f 8654/1/40 8652/1/40 8653/1/40 8625/1/40 
f 8655/1/40 8654/1/40 8625/1/40 8656/1/40 
f 8656/1/40 8625/1/40 8626/1/40 8586/1/40 
f 8586/1/5 
f 8622/1/40 8625/1/40 8653/1/40 8650/1/40 
f 8586/1/40 8622/1/40 8650/1/40 
f 8564/1/40 8563/1/40 8652/1/40 8573/1/40 
f 8575/1/40 8573/1/40 8652/1/40 8567/1/40 
f 8568/1/40 8567/1/40 8652/1/40 8657/1/40 
f 8658/1/40 8657/1/40 8652/1/40 8610/1/40 
f 8609/1/40 8610/1/40 8652/1/40 8659/1/40 
f 8660/1/40 8659/1/40 8652/1/40 8661/1/40 
f 8662/1/40 8661/1/40 8652/1/40 8663/1/40 
f 8664/1/40 8663/1/40 8652/1/40 8665/1/40 
f 8666/1/40 8665/1/40 8652/1/40 8667/1/40 
f 8668/1/40 8667/1/40 8652/1/40 8669/1/40 
f 8670/1/40 8669/1/40 8652/1/40 8671/1/40 
f 8672/1/40 8671/1/40 8652/1/40 8673/1/40 
f 8674/1/40 8673/1/40 8652/1/40 8675/1/40 
f 8676/1/40 8675/1/40 8652/1/40 8677/1/40 
f 8678/1/40 8677/1/40 8652/1/40 8589/1/40 
f 8589/1/40 8652/1/40 8601/1/40 
f 8604/1/40 8678/1/40 8589/1/40 8592/1/40 
f 8592/1/40 8589/1/40 8588/1/40 8587/1/40 
f 8593/1/40 8592/1/40 8587/1/40 8602/1/40 
f 8597/1/40 8602/1/40 8587/1/40 8679/1/40 
f 8680/1/40 8679/1/40 8587/1/40 8681/1/40 
f 8682/1/40 8681/1/40 8587/1/40 8683/1/40 
f 8684/1/40 8683/1/40 8587/1/40 8685/1/40 
f 8686/1/40 8685/1/40 8587/1/40 8687/1/40 
f 8688/1/40 8687/1/40 8587/1/40 8689/1/40 
f 8690/1/40 8689/1/40 8587/1/40 8691/1/40 
f 8692/1/40 8691/1/40 8587/1/40 8693/1/40 
f 8694/1/40 8693/1/40 8587/1/40 8620/1/40 
f 8617/1/40 8620/1/40 8587/1/40 8695/1/40 
f 8696/1/40 8695/1/40 8587/1/40 8697/1/40 
f 8587/1/40 8649/1/40 8697/1/40 
f 8698/1/40 8696/1/40 8697/1/40 8657/1/40 
f 8657/1/40 8697/1/40 8699/1/40 8568/1/40 
f 8577/1/40 8568/1/40 8699/1/40 8649/1/40 
f 8700/1/40 8696/1/40 8698/1/40 8658/1/40 
f 8700/1/40 8658/1/40 8610/1/40 8695/1/40 
f 8695/1/40 8610/1/40 8606/1/40 8617/1/40 
f 8618/1/40 8617/1/40 8606/1/40 8609/1/40 
f 8618/1/40 8609/1/40 8659/1/40 8620/1/40 
f 8620/1/40 8659/1/40 8701/1/40 8694/1/40 
f 8702/1/40 8694/1/40 8701/1/40 8660/1/40 
f 8702/1/40 8660/1/40 8661/1/40 8693/1/40 
f 8693/1/40 8661/1/40 8703/1/40 8692/1/40 
f 8704/1/40 8692/1/40 8703/1/40 8662/1/40 
f 8704/1/40 8662/1/40 8663/1/40 8691/1/40 
f 8691/1/40 8663/1/40 8705/1/40 8690/1/40 
f 8706/1/40 8690/1/40 8705/1/40 8664/1/40 
f 8706/1/40 8664/1/40 8665/1/40 8689/1/40 
f 8689/1/40 8665/1/40 8707/1/40 8688/1/40 
f 8708/1/40 8688/1/40 8707/1/40 8666/1/40 
f 8708/1/40 8666/1/40 8667/1/40 8687/1/40 
f 8687/1/40 8667/1/40 8709/1/40 8686/1/40 
f 8710/1/40 8686/1/40 8709/1/40 8668/1/40 
f 8710/1/40 8668/1/40 8669/1/40 8685/1/40 
f 8685/1/40 8669/1/40 8711/1/40 8684/1/40 
f 8712/1/40 8684/1/40 8711/1/40 8670/1/40 
f 8712/1/40 8670/1/40 8671/1/40 8683/1/40 
f 8683/1/40 8671/1/40 8713/1/40 8682/1/40 
f 8714/1/40 8682/1/40 8713/1/40 8672/1/40 
f 8714/1/40 8672/1/40 8673/1/40 8681/1/40 
f 8681/1/40 8673/1/40 8715/1/40 8680/1/40 
f 8716/1/40 8680/1/40 8715/1/40 8674/1/40 
f 8716/1/40 8674/1/40 8675/1/40 8679/1/40 
f 8679/1/40 8675/1/40 8717/1/40 8597/1/40 
f 8598/1/40 8597/1/40 8717/1/40 8676/1/40 
f 8598/1/40 8676/1/40 8677/1/40 8602/1/40 
f 8602/1/40 8677/1/40 8718/1/40 8593/1/40 
f 8604/1/40 8593/1/40 8718/1/40 8678/1/40 
f 8575/1/40 8567/1/40 8644/1/40 8572/1/40 
f 8572/1/40 8644/1/40 8629/1/40 8638/1/40 
f 8573/1/40 8572/1/40 8638/1/40 8642/1/40 
f 8564/1/40 8573/1/40 8642/1/40 8719/1/40 
f 8719/1/40 8642/1/40 8639/1/40 8636/1/40 
f 8563/1/40 8719/1/40 8636/1/40 8634/1/40 
f 8720/1/5 8721/1/5 8584/1/5 8583/1/5 
f 8722/1/1 8585/1/1 8584/1/1 8721/1/1 
f 8584/1/3 8585/1/3 8586/1/3 8583/1/3 
f 8656/1/5 8722/1/5 8585/1/5 8586/1/5 
f 8677/1/1 8678/1/1 8723/1/1 8724/1/1 
f 8718/1/2 8725/1/2 8723/1/2 8678/1/2 
f 8718/1/57 8677/1/57 8724/1/57 8725/1/57 
f 8726/1/58 8715/1/58 8673/1/58 8727/1/58 
f 8728/1/59 8717/1/59 8675/1/59 8729/1/59 
f 8675/1/1 8676/1/1 8730/1/1 8729/1/1 
f 8717/1/2 8728/1/2 8730/1/2 8676/1/2 
f 8673/1/1 8674/1/1 8731/1/1 8727/1/1 
f 8715/1/2 8726/1/2 8731/1/2 8674/1/2 
f 8683/1/60 8732/1/60 8733/1/60 8712/1/60 
f 8683/1/41 8684/1/41 8734/1/41 8732/1/41 
f 8734/1/3 8684/1/3 8712/1/3 8733/1/3 
f 8669/1/1 8670/1/1 8735/1/1 8736/1/1 
f 8711/1/2 8737/1/2 8735/1/2 8670/1/2 
f 8737/1/61 8711/1/61 8669/1/61 8736/1/61 
f 8709/1/2 8738/1/2 8739/1/2 8668/1/2 
f 8738/1/62 8709/1/62 8667/1/62 8740/1/62 
f 8667/1/1 8668/1/1 8739/1/1 8740/1/1 
f 8707/1/2 8741/1/2 8742/1/2 8666/1/2 
f 8741/1/63 8707/1/63 8665/1/63 8743/1/63 
f 8665/1/1 8666/1/1 8742/1/1 8743/1/1 
f 8687/1/41 8688/1/41 8744/1/41 8745/1/41 
f 8744/1/3 8688/1/3 8708/1/3 8746/1/3 
f 8687/1/64 8745/1/64 8746/1/64 8708/1/64 
f 8747/1/65 8703/1/65 8661/1/65 8748/1/65 
f 8661/1/1 8662/1/1 8749/1/1 8748/1/1 
f 8703/1/2 8747/1/2 8749/1/2 8662/1/2 
f 8701/1/2 8750/1/2 8751/1/2 8660/1/2 
f 8750/1/66 8701/1/66 8659/1/66 8752/1/66 
f 8659/1/1 8660/1/1 8751/1/1 8752/1/1 
f 8587/1/48 8581/1/48 8582/1/48 8583/1/48 
f 8587/1/48 8583/1/48 8586/1/48 
f 8753/1/3 8682/1/3 8714/1/3 8754/1/3 
f 8679/1/41 8680/1/41 8755/1/41 8756/1/41 
f 8679/1/67 8756/1/67 8757/1/67 8716/1/67 
f 8755/1/3 8680/1/3 8716/1/3 8757/1/3 
f 8758/1/3 8692/1/3 8704/1/3 8759/1/3 
f 8627/1/5 8648/1/5 8720/1/5 8583/1/5 
f 8623/1/5 8627/1/5 8583/1/5 8760/1/5 
f 8761/1/5 8760/1/5 8583/1/5 8635/1/5 
f 8761/1/5 8635/1/5 8566/1/5 8646/1/5 
f 8762/1/5 8761/1/5 8646/1/5 8648/1/5 
f 8624/1/5 8762/1/5 8648/1/5 8627/1/5 
f 8762/1/5 8624/1/5 8623/1/5 8760/1/5 
f 8646/1/5 8566/1/5 8565/1/5 8574/1/5 
f 8643/1/5 8574/1/5 8565/1/5 8640/1/5 
f 8640/1/5 8565/1/5 8763/1/5 8637/1/5 
f 8582/1/5 8640/1/5 8637/1/5 8632/1/5 
f 8583/1/5 8582/1/5 8632/1/5 8635/1/5 
f 8641/1/5 8640/1/5 8582/1/5 8630/1/5 
f 8631/1/5 8630/1/5 8582/1/5 8764/1/5 
f 8765/1/5 8764/1/5 8582/1/5 8766/1/5 
f 8767/1/5 8766/1/5 8582/1/5 8616/1/5 
f 8621/1/5 8616/1/5 8582/1/5 8768/1/5 
f 8769/1/5 8768/1/5 8582/1/5 8758/1/5 
f 8770/1/5 8758/1/5 8582/1/5 8771/1/5 
f 8772/1/5 8771/1/5 8582/1/5 8744/1/5 
f 8745/1/5 8744/1/5 8582/1/5 8773/1/5 
f 8774/1/5 8773/1/5 8582/1/5 8734/1/5 
f 8732/1/5 8734/1/5 8582/1/5 8753/1/5 
f 8775/1/5 8753/1/5 8582/1/5 8755/1/5 
f 8756/1/5 8755/1/5 8582/1/5 8596/1/5 
f 8603/1/5 8596/1/5 8582/1/5 8594/1/5 
f 8595/1/5 8594/1/5 8582/1/5 8591/1/5 
f 8600/1/5 8591/1/5 8582/1/5 8646/1/5 
f 8590/1/5 8600/1/5 8646/1/5 8723/1/5 
f 8724/1/5 8723/1/5 8646/1/5 8730/1/5 
f 8729/1/5 8730/1/5 8646/1/5 8731/1/5 
f 8727/1/5 8731/1/5 8646/1/5 8776/1/5 
f 8777/1/5 8776/1/5 8646/1/5 8735/1/5 
f 8736/1/5 8735/1/5 8646/1/5 8739/1/5 
f 8740/1/5 8739/1/5 8646/1/5 8742/1/5 
f 8743/1/5 8742/1/5 8646/1/5 8778/1/5 
f 8779/1/5 8778/1/5 8646/1/5 8749/1/5 
f 8748/1/5 8749/1/5 8646/1/5 8751/1/5 
f 8752/1/5 8751/1/5 8646/1/5 8608/1/5 
f 8611/1/5 8608/1/5 8646/1/5 8780/1/5 
f 8781/1/5 8780/1/5 8646/1/5 8569/1/5 
f 8570/1/5 8569/1/5 8646/1/5 8576/1/5 
f 8646/1/5 8574/1/5 8576/1/5 
f 8645/1/5 8570/1/5 8576/1/5 8630/1/5 
f 8630/1/5 8576/1/5 8571/1/5 8641/1/5 
f 8641/1/5 8571/1/5 8574/1/5 8643/1/5 
f 8570/1/5 8645/1/5 8631/1/5 8578/1/5 
f 8578/1/5 8631/1/5 8764/1/5 8569/1/5 
f 8569/1/5 8764/1/5 8782/1/5 8781/1/5 
f 8781/1/5 8782/1/5 8765/1/5 8783/1/5 
f 8783/1/5 8765/1/5 8766/1/5 8780/1/5 
f 8780/1/5 8766/1/5 8784/1/5 8611/1/5 
f 8611/1/5 8784/1/5 8767/1/5 8607/1/5 
f 8607/1/5 8767/1/5 8616/1/5 8608/1/5 
f 8608/1/5 8616/1/5 8619/1/5 8752/1/5 
f 8752/1/5 8619/1/5 8621/1/5 8750/1/5 
f 8750/1/5 8621/1/5 8768/1/5 8751/1/5 
f 8751/1/5 8768/1/5 8785/1/5 8748/1/5 
f 8748/1/5 8785/1/5 8769/1/5 8747/1/5 
f 8747/1/5 8769/1/5 8758/1/5 8749/1/5 
f 8749/1/5 8758/1/5 8759/1/5 8779/1/5 
f 8779/1/5 8759/1/5 8770/1/5 8786/1/5 
f 8786/1/5 8770/1/5 8771/1/5 8778/1/5 
f 8778/1/5 8771/1/5 8787/1/5 8743/1/5 
f 8743/1/5 8787/1/5 8772/1/5 8741/1/5 
f 8741/1/5 8772/1/5 8744/1/5 8742/1/5 
f 8742/1/5 8744/1/5 8746/1/5 8740/1/5 
f 8740/1/5 8746/1/5 8745/1/5 8738/1/5 
f 8738/1/5 8745/1/5 8773/1/5 8739/1/5 
f 8739/1/5 8773/1/5 8788/1/5 8736/1/5 
f 8736/1/5 8788/1/5 8774/1/5 8737/1/5 
f 8737/1/5 8774/1/5 8734/1/5 8735/1/5 
f 8735/1/5 8734/1/5 8733/1/5 8777/1/5 
f 8777/1/5 8733/1/5 8732/1/5 8789/1/5 
f 8789/1/5 8732/1/5 8753/1/5 8776/1/5 
f 8776/1/5 8753/1/5 8754/1/5 8727/1/5 
f 8727/1/5 8754/1/5 8775/1/5 8726/1/5 
f 8726/1/5 8775/1/5 8755/1/5 8731/1/5 
f 8731/1/5 8755/1/5 8757/1/5 8729/1/5 
f 8729/1/5 8757/1/5 8756/1/5 8728/1/5 
f 8728/1/5 8756/1/5 8596/1/5 8730/1/5 
f 8730/1/5 8596/1/5 8599/1/5 8724/1/5 
f 8724/1/5 8599/1/5 8603/1/5 8725/1/5 
f 8725/1/5 8603/1/5 8594/1/5 8723/1/5 
f 8723/1/5 8594/1/5 8605/1/5 8590/1/5 
f 8590/1/5 8605/1/5 8595/1/5 8591/1/5 
f 8637/1/5 8763/1/5 8566/1/5 8635/1/5 
f 8693/1/68 8769/1/68 8785/1/68 8702/1/68 
f 8691/1/69 8770/1/69 8759/1/69 8704/1/69 
f 8689/1/70 8772/1/70 8787/1/70 8706/1/70 
f 8691/1/41 8692/1/41 8758/1/41 8770/1/41 
f 8689/1/41 8690/1/41 8771/1/41 8772/1/41 
f 8705/1/2 8786/1/2 8778/1/2 8664/1/2 
f 8786/1/71 8705/1/71 8663/1/71 8779/1/71 
f 8771/1/3 8690/1/3 8706/1/3 8787/1/3 
f 8685/1/41 8686/1/41 8773/1/41 8774/1/41 
f 8773/1/3 8686/1/3 8710/1/3 8788/1/3 
f 8663/1/1 8664/1/1 8778/1/1 8779/1/1 
f 8789/1/72 8713/1/72 8671/1/72 8777/1/72 
f 8671/1/1 8672/1/1 8776/1/1 8777/1/1 
f 8685/1/73 8774/1/73 8788/1/73 8710/1/73 
f 8681/1/74 8775/1/74 8754/1/74 8714/1/74 
f 8713/1/2 8789/1/2 8776/1/2 8672/1/2 
f 8681/1/41 8682/1/41 8753/1/41 8775/1/41 
f 8768/1/3 8694/1/3 8702/1/3 8785/1/3 
f 8783/1/44 8698/1/44 8657/1/44 8781/1/44 
f 8693/1/41 8694/1/41 8768/1/41 8769/1/41 
f 8698/1/2 8783/1/2 8780/1/2 8658/1/2 
f 8657/1/1 8658/1/1 8780/1/1 8781/1/1 
f 8538/1/3 8465/1/3 8469/1/3 8557/1/3 
f 8464/1/41 8465/1/41 8538/1/41 8539/1/41 
f 8464/1/42 8539/1/42 8557/1/42 8469/1/42 
f 8423/1/33 8531/1/33 8533/1/33 8416/1/33 
f 8421/1/33 8423/1/33 8416/1/33 8417/1/33 
f 8425/1/1 8356/1/1 8352/1/1 8490/1/1 
f 8351/1/3 8350/1/3 8417/1/3 8416/1/3 
f 8536/1/3 8418/1/3 8468/1/3 8555/1/3 
f 8422/1/1 8420/1/1 8534/1/1 8532/1/1 
f 8466/1/43 8537/1/43 8555/1/43 8468/1/43 
f 8466/1/41 8418/1/41 8536/1/41 8537/1/41 
f 8488/1/2 8554/1/2 8334/1/2 8333/1/2 
f 8419/1/2 8535/1/2 8534/1/2 8420/1/2 
f 8535/1/44 8419/1/44 8422/1/44 8532/1/44 
f 8341/1/2 8340/1/2 8345/1/2 8344/1/2 
f 8554/1/45 8488/1/45 8332/1/45 8335/1/45 
f 8766/1/3 8696/1/3 8700/1/3 8784/1/3 
f 8695/1/41 8696/1/41 8766/1/41 8767/1/41 
f 8695/1/42 8767/1/42 8784/1/42 8700/1/42 
f 8646/1/33 8647/1/33 8652/1/33 8654/1/33 
f 8646/1/33 8654/1/33 8648/1/33 
f 8656/1/1 8586/1/1 8583/1/1 8720/1/1 
f 8582/1/3 8581/1/3 8647/1/3 8646/1/3 
f 8764/1/3 8649/1/3 8699/1/3 8782/1/3 
f 8653/1/1 8651/1/1 8761/1/1 8762/1/1 
f 8697/1/43 8765/1/43 8782/1/43 8699/1/43 
f 8697/1/41 8649/1/41 8764/1/41 8765/1/41 
f 8719/1/2 8763/1/2 8565/1/2 8564/1/2 
f 8650/1/2 8760/1/2 8761/1/2 8651/1/2 
f 8760/1/44 8650/1/44 8653/1/44 8762/1/44 
f 8572/1/2 8571/1/2 8576/1/2 8575/1/2 
f 8763/1/45 8719/1/45 8563/1/45 8566/1/45 
f 8790/1/112 8791/1/111 7754/1/111 7757/1/112 
f 8792/1/115 8793/1/114 7763/1/114 7765/1/115 
f 7764/1/116 8794/1/116 8792/1/115 7765/1/115 
f 8791/1/111 8795/1/110 7751/1/110 7754/1/111 
f 8793/1/114 8796/1/113 7760/1/113 7763/1/114 
f 8797/1/109 7749/1/109 7751/1/110 8795/1/110 
f 8796/1/113 8790/1/112 7757/1/112 7760/1/113 
f 7404/1/33 8798/1/33 8799/1/33 7409/1/33 
f 7373/1/33 7409/1/33 8799/1/33 8800/1/33 
f 7373/1/33 8800/1/33 8801/1/33 8655/1/33 
f 7404/1/40 7362/1/40 8798/1/40 
f 8799/1/5 8802/1/5 8656/1/5 8800/1/5 
f 8800/1/40 8801/1/40 
f 8654/1/40 8656/1/40 8801/1/40 8803/1/40 
f 8654/1/40 8803/1/40 8804/1/40 8805/1/40 
f 8654/1/40 8805/1/40 8806/1/40 8807/1/40 
f 8654/1/40 8807/1/40 8808/1/40 8809/1/40 
f 8654/1/40 8809/1/40 8810/1/40 8811/1/40 
f 8654/1/40 8811/1/40 8812/1/40 8813/1/40 
f 8654/1/40 8813/1/40 8814/1/40 8815/1/40 
f 8654/1/40 8815/1/40 8816/1/40 8817/1/40 
f 8654/1/40 8817/1/40 8818/1/40 8819/1/40 
f 8654/1/40 8819/1/40 8820/1/40 8821/1/40 
f 8654/1/40 8821/1/40 8822/1/40 8823/1/40 
f 8654/1/40 8823/1/40 8824/1/40 8825/1/40 
f 8654/1/40 8825/1/40 8826/1/40 8827/1/40 
f 8654/1/40 8827/1/40 8828/1/40 8829/1/40 
f 8654/1/40 8829/1/40 8830/1/40 8831/1/40 
f 8654/1/40 8831/1/40 8832/1/40 8833/1/40 
f 8654/1/40 8833/1/40 8834/1/40 8835/1/40 
f 8654/1/40 8835/1/40 8836/1/40 8837/1/40 
f 8654/1/40 8837/1/40 8838/1/40 
f 8839/1/40 8836/1/40 8835/1/40 8840/1/40 
f 8840/1/40 8835/1/40 8841/1/40 8842/1/40 
f 8840/1/40 8842/1/40 8802/1/40 8843/1/40 
f 8843/1/40 8802/1/40 8844/1/40 8836/1/40 
f 8844/1/40 8845/1/40 8836/1/40 
f 8843/1/40 8836/1/40 8839/1/40 
f 8802/1/40 8842/1/40 8846/1/40 8847/1/40 
f 8848/1/40 8847/1/40 8846/1/40 8833/1/40 
f 8833/1/40 8846/1/40 8849/1/40 8834/1/40 
f 8834/1/40 8849/1/40 8842/1/40 8841/1/40 
f 8847/1/40 8848/1/40 8832/1/40 8850/1/40 
f 8850/1/40 8832/1/40 8831/1/40 8851/1/40 
f 8851/1/40 8831/1/40 8852/1/40 8853/1/40 
f 8851/1/40 8853/1/40 8802/1/40 8847/1/40 
f 8802/1/40 8853/1/40 8854/1/40 8855/1/40 
f 8856/1/40 8855/1/40 8854/1/40 8829/1/40 
f 8829/1/40 8854/1/40 8857/1/40 8830/1/40 
f 8830/1/40 8857/1/40 8853/1/40 8852/1/40 
f 8855/1/40 8856/1/40 8828/1/40 8858/1/40 
f 8858/1/40 8828/1/40 8827/1/40 8859/1/40 
f 8859/1/40 8827/1/40 8860/1/40 8861/1/40 
f 8859/1/40 8861/1/40 8802/1/40 8855/1/40 
f 8802/1/40 8861/1/40 8862/1/40 8863/1/40 
f 8864/1/40 8863/1/40 8862/1/40 8825/1/40 
f 8825/1/40 8862/1/40 8865/1/40 8826/1/40 
f 8826/1/40 8865/1/40 8861/1/40 8860/1/40 
f 8863/1/40 8864/1/40 8824/1/40 8866/1/40 
f 8866/1/40 8824/1/40 8823/1/40 8867/1/40 
f 8867/1/40 8823/1/40 8868/1/40 8869/1/40 
f 8867/1/40 8869/1/40 8802/1/40 8863/1/40 
f 8802/1/40 8869/1/40 8870/1/40 8871/1/40 
f 8872/1/40 8871/1/40 8870/1/40 8821/1/40 
f 8821/1/40 8870/1/40 8873/1/40 8822/1/40 
f 8822/1/40 8873/1/40 8869/1/40 8868/1/40 
f 8871/1/40 8872/1/40 8820/1/40 8874/1/40 
f 8874/1/40 8820/1/40 8819/1/40 8875/1/40 
f 8875/1/40 8819/1/40 8876/1/40 8877/1/40 
f 8875/1/40 8877/1/40 8802/1/40 8871/1/40 
f 8802/1/40 8877/1/40 8878/1/40 8879/1/40 
f 8880/1/40 8879/1/40 8878/1/40 8817/1/40 
f 8817/1/40 8878/1/40 8881/1/40 8818/1/40 
f 8818/1/40 8881/1/40 8877/1/40 8876/1/40 
f 8879/1/40 8880/1/40 8816/1/40 8882/1/40 
f 8882/1/40 8816/1/40 8815/1/40 8883/1/40 
f 8883/1/40 8815/1/40 8884/1/40 8885/1/40 
f 8883/1/40 8885/1/40 8802/1/40 8879/1/40 
f 8802/1/40 8885/1/40 8886/1/40 8887/1/40 
f 8888/1/40 8887/1/40 8886/1/40 8813/1/40 
f 8813/1/40 8886/1/40 8889/1/40 8814/1/40 
f 8814/1/40 8889/1/40 8885/1/40 8884/1/40 
f 8887/1/40 8888/1/40 8812/1/40 8890/1/40 
f 8890/1/40 8812/1/40 8811/1/40 8891/1/40 
f 8891/1/40 8811/1/40 8892/1/40 8893/1/40 
f 8891/1/40 8893/1/40 8802/1/40 8887/1/40 
f 8802/1/40 8893/1/40 8894/1/40 8895/1/40 
f 8896/1/40 8895/1/40 8894/1/40 8809/1/40 
f 8809/1/40 8894/1/40 8897/1/40 8810/1/40 
f 8810/1/40 8897/1/40 8893/1/40 8892/1/40 
f 8895/1/40 8896/1/40 8808/1/40 8898/1/40 
f 8898/1/40 8808/1/40 8807/1/40 8899/1/40 
f 8899/1/40 8807/1/40 8900/1/40 8901/1/40 
f 8899/1/40 8901/1/40 8802/1/40 8895/1/40 
f 8802/1/40 8901/1/40 8902/1/40 8805/1/40 
f 8805/1/40 8902/1/40 8903/1/40 8806/1/40 
f 8806/1/40 8903/1/40 8901/1/40 8900/1/40 
f 8802/1/40 8805/1/40 8904/1/40 8800/1/40 
f 8802/1/40 8800/1/40 8656/1/40 
f 8800/1/40 8904/1/40 8804/1/40 8803/1/40 
f 8656/1/40 8654/1/40 8655/1/40 
f 8801/1/5 8656/1/5 8655/1/5 
f 8905/1/40 8906/1/40 8907/1/40 8190/1/5 
f 8190/1/40 8905/1/40 8907/1/40 8908/1/5 
f 8190/1/40 8907/1/40 8908/1/40 8909/1/5 
f 8909/1/5 8190/1/5 8269/1/5 8910/1/5 
f 8911/1/5 8910/1/5 8269/1/5 8912/1/5 
f 8913/1/5 8912/1/5 8269/1/5 8914/1/5 
f 8915/1/5 8914/1/5 8269/1/5 8916/1/5 
f 8917/1/5 8916/1/5 8269/1/5 8918/1/5 
f 8919/1/5 8918/1/5 8269/1/5 8920/1/5 
f 8921/1/5 8920/1/5 8269/1/5 8922/1/5 
f 8923/1/5 8922/1/5 8269/1/5 8924/1/5 
f 8925/1/5 8924/1/5 8269/1/5 8926/1/5 
f 8927/1/5 8926/1/5 8269/1/5 8928/1/5 
f 8929/1/5 8928/1/5 8269/1/5 8930/1/5 
f 8931/1/5 8930/1/5 8269/1/5 8932/1/5 
f 8933/1/5 8932/1/5 8269/1/5 8934/1/5 
f 8935/1/5 8934/1/5 8269/1/5 8936/1/5 
f 8937/1/5 8936/1/5 8269/1/5 8938/1/5 
f 8939/1/5 8938/1/5 8269/1/5 8940/1/5 
f 8941/1/5 8940/1/5 8269/1/5 8942/1/5 
f 8942/1/5 8269/1/5 8943/1/5 8944/1/5 
f 8945/1/5 8941/1/5 8942/1/5 8946/1/5 
f 8946/1/5 8942/1/5 8947/1/5 8948/1/5 
f 8946/1/5 8948/1/5 8905/1/5 8949/1/5 
f 8950/1/5 8949/1/5 8905/1/5 8951/1/5 
f 8952/1/5 8951/1/5 8905/1/5 8953/1/5 
f 8954/1/5 8953/1/5 8905/1/5 8955/1/5 
f 8956/1/5 8955/1/5 8905/1/5 8957/1/5 
f 8958/1/5 8957/1/5 8905/1/5 8959/1/5 
f 8960/1/5 8959/1/5 8905/1/5 8961/1/5 
f 8962/1/5 8961/1/5 8905/1/5 8963/1/5 
f 8964/1/5 8963/1/5 8905/1/5 8965/1/5 
f 8966/1/5 8965/1/5 8905/1/5 8967/1/5 
f 8968/1/5 8967/1/5 8905/1/5 8969/1/5 
f 8970/1/5 8969/1/5 8905/1/5 8971/1/5 
f 8972/1/5 8971/1/5 8905/1/5 8973/1/5 
f 8974/1/5 8973/1/5 8905/1/5 8975/1/5 
f 8976/1/5 8975/1/5 8905/1/5 8977/1/5 
f 8978/1/5 8977/1/5 8905/1/5 8979/1/5 
f 8980/1/5 8979/1/5 8905/1/5 8911/1/5 
f 8980/1/5 8911/1/5 8912/1/5 8978/1/5 
f 8978/1/5 8912/1/5 8981/1/5 8977/1/5 
f 8982/1/5 8977/1/5 8981/1/5 8913/1/5 
f 8982/1/5 8913/1/5 8914/1/5 8976/1/5 
f 8976/1/5 8914/1/5 8983/1/5 8975/1/5 
f 8984/1/5 8975/1/5 8983/1/5 8915/1/5 
f 8984/1/5 8915/1/5 8916/1/5 8974/1/5 
f 8974/1/5 8916/1/5 8985/1/5 8973/1/5 
f 8986/1/5 8973/1/5 8985/1/5 8917/1/5 
f 8986/1/5 8917/1/5 8918/1/5 8972/1/5 
f 8972/1/5 8918/1/5 8987/1/5 8971/1/5 
f 8988/1/5 8971/1/5 8987/1/5 8919/1/5 
f 8988/1/5 8919/1/5 8920/1/5 8970/1/5 
f 8970/1/5 8920/1/5 8989/1/5 8969/1/5 
f 8990/1/5 8969/1/5 8989/1/5 8921/1/5 
f 8990/1/5 8921/1/5 8922/1/5 8968/1/5 
f 8968/1/5 8922/1/5 8991/1/5 8967/1/5 
f 8992/1/5 8967/1/5 8991/1/5 8923/1/5 
f 8992/1/5 8923/1/5 8924/1/5 8966/1/5 
f 8966/1/5 8924/1/5 8993/1/5 8965/1/5 
f 8994/1/5 8965/1/5 8993/1/5 8925/1/5 
f 8994/1/5 8925/1/5 8926/1/5 8964/1/5 
f 8964/1/5 8926/1/5 8995/1/5 8963/1/5 
f 8996/1/5 8963/1/5 8995/1/5 8927/1/5 
f 8996/1/5 8927/1/5 8928/1/5 8962/1/5 
f 8962/1/5 8928/1/5 8997/1/5 8961/1/5 
f 8998/1/5 8961/1/5 8997/1/5 8929/1/5 
f 8998/1/5 8929/1/5 8930/1/5 8960/1/5 
f 8960/1/5 8930/1/5 8999/1/5 8959/1/5 
f 9000/1/5 8959/1/5 8999/1/5 8931/1/5 
f 9000/1/5 8931/1/5 8932/1/5 8958/1/5 
f 8958/1/5 8932/1/5 9001/1/5 8957/1/5 
f 9002/1/5 8957/1/5 9001/1/5 8933/1/5 
f 9002/1/5 8933/1/5 8934/1/5 8956/1/5 
f 8956/1/5 8934/1/5 9003/1/5 8955/1/5 
f 9004/1/5 8955/1/5 9003/1/5 8935/1/5 
f 9004/1/5 8935/1/5 8936/1/5 8954/1/5 
f 8954/1/5 8936/1/5 9005/1/5 8953/1/5 
f 9006/1/5 8953/1/5 9005/1/5 8937/1/5 
f 9006/1/5 8937/1/5 8938/1/5 8952/1/5 
f 8952/1/5 8938/1/5 9007/1/5 8951/1/5 
f 9008/1/5 8951/1/5 9007/1/5 8939/1/5 
f 9008/1/5 8939/1/5 8940/1/5 8950/1/5 
f 8950/1/5 8940/1/5 9009/1/5 8949/1/5 
f 8945/1/5 8949/1/5 9009/1/5 8941/1/5 
f 9010/1/5 8911/1/5 8905/1/5 8907/1/5 
f 8910/1/5 9010/1/5 8907/1/5 8909/1/5 
f 8269/1/5 8190/1/5 8267/1/5 
f 8190/1/40 8908/1/40 8267/1/40 
f 9011/1/5 7365/1/5 7371/1/5 7405/1/5 
f 8907/1/33 8906/1/33 9011/1/33 8908/1/33 
f 8267/1/33 8908/1/33 9011/1/33 7405/1/33 
f 8267/1/33 7405/1/33 7408/1/33 7372/1/33 
f 7763/1/84 9012/1/84 9013/1/85 7765/1/85 
f 9014/1/95 7770/1/95 7771/1/94 9015/1/94 
f 9016/1/81 9017/1/82 7757/1/82 7754/1/81 
f 9018/1/98 7768/1/98 7767/1/97 9019/1/97 
f 7765/1/85 9013/1/85 9020/1/86 7764/1/86 
f 9021/1/90 9022/1/91 7779/1/91 7782/1/90 
f 9023/1/2 9024/1/2 9025/1/2 9026/1/2 
f 9026/1/2 9025/1/2 9027/1/2 9028/1/2 
f 9029/1/100 7742/1/100 7769/1/99 9030/1/99 
f 9022/1/91 9031/1/92 7776/1/92 7779/1/91 
f 9032/1/104 9016/1/81 7754/1/81 7751/1/104 
f 8585/1/3 7671/1/3 7670/1/3 8586/1/3 
f 8586/1/3 7670/1/3 7872/1/3 9033/1/3 
f 8721/1/5 9034/1/5 9035/1/5 8584/1/5 
f 7370/1/40 7373/1/40 7713/1/40 7670/1/40 
f 8142/1/40 8138/1/40 8193/1/40 8197/1/40 
f 8142/1/40 8197/1/40 8133/1/40 8127/1/40 
f 8137/1/40 8142/1/40 8127/1/40 8257/1/40 
f 8258/1/40 8257/1/40 8127/1/40 8316/1/40 
f 8254/1/40 8316/1/40 8127/1/40 8211/1/40 
f 8215/1/40 8211/1/40 8127/1/40 8310/1/40 
f 8311/1/40 8310/1/40 8127/1/40 8235/1/40 
f 8236/1/40 8235/1/40 8127/1/40 8304/1/40 
f 8306/1/40 8304/1/40 8127/1/40 8303/1/40 
f 8264/1/40 8303/1/40 8127/1/40 8301/1/40 
f 8317/1/40 8301/1/40 8127/1/40 8160/1/40 
f 8157/1/40 8160/1/40 8127/1/40 8323/1/40 
f 8321/1/40 8323/1/40 8127/1/40 8329/1/40 
f 8325/1/40 8329/1/40 8127/1/40 8168/1/40 
f 8169/1/40 8168/1/40 8127/1/40 8178/1/40 
f 8179/1/40 8178/1/40 8127/1/40 8176/1/40 
f 8173/1/40 8176/1/40 8127/1/40 8126/1/40 
f 8174/1/40 8173/1/40 8126/1/40 8331/1/40 
f 8174/1/40 8331/1/40 8328/1/40 8102/1/40 
f 8188/1/40 8102/1/40 8328/1/40 8327/1/40 
f 8324/1/40 8188/1/40 8327/1/40 8165/1/40 
f 9036/1/40 8324/1/40 8165/1/40 8192/1/40 
f 8192/1/40 8165/1/40 8166/1/40 8126/1/40 
f 8126/1/5 
f 8162/1/40 8165/1/40 8327/1/40 8331/1/40 
f 8126/1/40 8162/1/40 8331/1/40 
f 8103/1/40 8102/1/40 8188/1/40 8112/1/40 
f 8114/1/40 8112/1/40 8188/1/40 8106/1/40 
f 8107/1/40 8106/1/40 8188/1/40 8319/1/40 
f 8320/1/40 8319/1/40 8188/1/40 8150/1/40 
f 8149/1/40 8150/1/40 8188/1/40 8251/1/40 
f 8250/1/40 8251/1/40 8188/1/40 8243/1/40 
f 8245/1/40 8243/1/40 8188/1/40 8309/1/40 
f 8308/1/40 8309/1/40 8188/1/40 8233/1/40 
f 8232/1/40 8233/1/40 8188/1/40 8227/1/40 
f 8226/1/40 8227/1/40 8188/1/40 8217/1/40 
f 8218/1/40 8217/1/40 8188/1/40 8314/1/40 
f 8315/1/40 8314/1/40 8188/1/40 8201/1/40 
f 8209/1/40 8201/1/40 8188/1/40 8205/1/40 
f 8207/1/40 8205/1/40 8188/1/40 8193/1/40 
f 8194/1/40 8193/1/40 8188/1/40 8129/1/40 
f 8129/1/40 8188/1/40 8141/1/40 
f 8144/1/40 8194/1/40 8129/1/40 8132/1/40 
f 8132/1/40 8129/1/40 8128/1/40 8127/1/40 
f 8127/1/40 8133/1/40 8132/1/40 
f 8197/1/40 8194/1/40 8144/1/40 8133/1/40 
f 8207/1/40 8193/1/40 8138/1/40 8204/1/40 
f 8204/1/40 8138/1/40 8137/1/40 8257/1/40 
f 8205/1/40 8204/1/40 8257/1/40 8262/1/40 
f 8209/1/40 8205/1/40 8262/1/40 8200/1/40 
f 8200/1/40 8262/1/40 8258/1/40 8316/1/40 
f 8201/1/40 8200/1/40 8316/1/40 8255/1/40 
f 8315/1/40 8201/1/40 8255/1/40 8313/1/40 
f 8313/1/40 8255/1/40 8254/1/40 8211/1/40 
f 8314/1/40 8313/1/40 8211/1/40 8214/1/40 
f 8218/1/40 8314/1/40 8214/1/40 8221/1/40 
f 8221/1/40 8214/1/40 8215/1/40 8310/1/40 
f 8217/1/40 8221/1/40 8310/1/40 8312/1/40 
f 8226/1/40 8217/1/40 8312/1/40 8223/1/40 
f 8223/1/40 8312/1/40 8311/1/40 8235/1/40 
f 8227/1/40 8223/1/40 8235/1/40 8239/1/40 
f 8232/1/40 8227/1/40 8239/1/40 8229/1/40 
f 8229/1/40 8239/1/40 8236/1/40 8304/1/40 
f 8233/1/40 8229/1/40 8304/1/40 8305/1/40 
f 8308/1/40 8233/1/40 8305/1/40 8307/1/40 
f 8307/1/40 8305/1/40 8306/1/40 8303/1/40 
f 8309/1/40 8307/1/40 8303/1/40 8265/1/40 
f 8245/1/40 8309/1/40 8265/1/40 8242/1/40 
f 8242/1/40 8265/1/40 8264/1/40 8301/1/40 
f 8243/1/40 8242/1/40 8301/1/40 8302/1/40 
f 8250/1/40 8243/1/40 8302/1/40 8247/1/40 
f 8247/1/40 8302/1/40 8317/1/40 8160/1/40 
f 8251/1/40 8247/1/40 8160/1/40 8158/1/40 
f 8149/1/40 8251/1/40 8158/1/40 8146/1/40 
f 8146/1/40 8158/1/40 8157/1/40 8323/1/40 
f 8150/1/40 8146/1/40 8323/1/40 8322/1/40 
f 8320/1/40 8150/1/40 8322/1/40 8318/1/40 
f 8318/1/40 8322/1/40 8321/1/40 8329/1/40 
f 8319/1/40 8318/1/40 8329/1/40 8326/1/40 
f 8107/1/40 8319/1/40 8326/1/40 8116/1/40 
f 8116/1/40 8326/1/40 8325/1/40 8168/1/40 
f 8106/1/40 8116/1/40 8168/1/40 8184/1/40 
f 8114/1/40 8106/1/40 8184/1/40 8111/1/40 
f 8111/1/40 8184/1/40 8169/1/40 8178/1/40 
f 8112/1/40 8111/1/40 8178/1/40 8182/1/40 
f 8103/1/40 8112/1/40 8182/1/40 8330/1/40 
f 8330/1/40 8182/1/40 8179/1/40 8176/1/40 
f 8102/1/40 8330/1/40 8176/1/40 8174/1/40 
f 9030/1/99 7769/1/99 7768/1/98 9018/1/98 
f 7760/1/83 9037/1/83 9012/1/84 7763/1/84 
f 7762/1/87 9038/1/87 9039/1/88 7761/1/88 
f 9031/1/92 9040/1/93 7773/1/93 7776/1/92 
f 7764/1/86 9020/1/86 9038/1/87 7762/1/87 
f 9039/1/88 9041/1/89 7784/1/89 7761/1/88 
f 9041/1/89 9021/1/90 7782/1/90 7784/1/89 
f 7757/1/82 9017/1/82 9037/1/83 7760/1/83 
f 9019/1/97 7767/1/97 7766/1/96 9042/1/96 
f 8655/1/5 8656/1/5 8586/1/5 8626/1/5 
f 9040/1/93 9015/1/94 7771/1/94 7773/1/93 
f 7713/1/33 7373/1/33 8655/1/33 7709/1/33 
f 7872/1/33 7709/1/33 8655/1/33 8626/1/33 
f 7872/1/33 8626/1/33 8622/1/33 9033/1/33 
f 9029/1/100 9043/1/101 7743/1/101 7742/1/100 
f 8167/1/33 8267/1/33 7372/1/33 8163/1/33 
f 8268/1/33 8163/1/33 7372/1/33 7712/1/33 
f 8268/1/33 7712/1/33 7708/1/33 9044/1/33 
f 9045/1/102 9046/1/103 7749/1/103 7746/1/102 
f 9046/1/103 9032/1/104 7751/1/104 7749/1/103 
f 7372/1/5 7371/1/5 7674/1/5 7712/1/5 
f 7712/1/40 7708/1/40 
f 7949/1/40 7674/1/40 7708/1/40 7945/1/40 
f 7945/1/40 7708/1/40 7711/1/40 7374/1/40 
f 7372/1/40 7374/1/40 7711/1/40 7371/1/40 
f 7371/1/40 7711/1/40 7712/1/40 7674/1/40 
f 7945/1/40 7374/1/40 7942/1/40 7946/1/40 
f 7650/1/40 7946/1/40 7942/1/40 7651/1/40 
f 7660/1/40 7651/1/40 7942/1/40 7662/1/40 
f 7654/1/40 7662/1/40 7942/1/40 7655/1/40 
f 7937/1/40 7655/1/40 7942/1/40 7938/1/40 
f 7698/1/40 7938/1/40 7942/1/40 7697/1/40 
f 7856/1/40 7697/1/40 7942/1/40 7855/1/40 
f 7848/1/40 7855/1/40 7942/1/40 7850/1/40 
f 7927/1/40 7850/1/40 7942/1/40 7926/1/40 
f 7838/1/40 7926/1/40 7942/1/40 7837/1/40 
f 7832/1/40 7837/1/40 7942/1/40 7831/1/40 
f 9047/1/40 7831/1/40 7942/1/40 9048/1/40 
f 7932/1/40 9048/1/40 7942/1/40 7933/1/40 
f 9049/1/40 7933/1/40 7942/1/40 9050/1/40 
f 9051/1/40 9050/1/40 7942/1/40 9052/1/40 
f 9053/1/40 9052/1/40 7942/1/40 9054/1/40 
f 7677/1/40 9054/1/40 7942/1/40 7689/1/40 
f 7692/1/40 9054/1/40 7677/1/40 7680/1/40 
f 7680/1/40 7677/1/40 7676/1/40 7675/1/40 
f 7681/1/40 7680/1/40 7675/1/40 7690/1/40 
f 7685/1/40 7690/1/40 7675/1/40 7862/1/40 
f 7863/1/40 7862/1/40 7675/1/40 7934/1/40 
f 7859/1/40 7934/1/40 7675/1/40 9055/1/40 
f 9056/1/40 9055/1/40 7675/1/40 7928/1/40 
f 7929/1/40 7928/1/40 7675/1/40 7840/1/40 
f 7841/1/40 7840/1/40 7675/1/40 7922/1/40 
f 7924/1/40 7922/1/40 7675/1/40 7921/1/40 
f 7869/1/40 7921/1/40 7675/1/40 7919/1/40 
f 7935/1/40 7919/1/40 7675/1/40 7706/1/40 
f 7703/1/40 7706/1/40 7675/1/40 7941/1/40 
f 7939/1/40 7941/1/40 7675/1/40 7947/1/40 
f 7943/1/40 7947/1/40 7675/1/40 7714/1/40 
f 7715/1/40 7714/1/40 7675/1/40 7724/1/40 
f 7725/1/40 7724/1/40 7675/1/40 7722/1/40 
f 7719/1/40 7722/1/40 7675/1/40 7674/1/40 
f 7720/1/40 7719/1/40 7674/1/40 7949/1/40 
f 7720/1/40 7949/1/40 7946/1/40 7650/1/40 
f 7722/1/40 7720/1/40 7650/1/40 7948/1/40 
f 7725/1/40 7722/1/40 7948/1/40 7728/1/40 
f 7728/1/40 7948/1/40 7651/1/40 7660/1/40 
f 7724/1/40 7728/1/40 7660/1/40 7659/1/40 
f 7715/1/40 7724/1/40 7659/1/40 7730/1/40 
f 7730/1/40 7659/1/40 7662/1/40 7654/1/40 
f 7714/1/40 7730/1/40 7654/1/40 7664/1/40 
f 7943/1/40 7714/1/40 7664/1/40 7944/1/40 
f 7944/1/40 7664/1/40 7655/1/40 7937/1/40 
f 7947/1/40 7944/1/40 7937/1/40 7936/1/40 
f 7939/1/40 7947/1/40 7936/1/40 7940/1/40 
f 7940/1/40 7936/1/40 7938/1/40 7698/1/40 
f 7941/1/40 7940/1/40 7698/1/40 7694/1/40 
f 7703/1/40 7941/1/40 7694/1/40 7704/1/40 
f 7704/1/40 7694/1/40 7697/1/40 7856/1/40 
f 7706/1/40 7704/1/40 7856/1/40 7852/1/40 
f 7935/1/40 7706/1/40 7852/1/40 7920/1/40 
f 7920/1/40 7852/1/40 7855/1/40 7848/1/40 
f 7919/1/40 7920/1/40 7848/1/40 7847/1/40 
f 7869/1/40 7919/1/40 7847/1/40 7870/1/40 
f 7870/1/40 7847/1/40 7850/1/40 7927/1/40 
f 7921/1/40 7870/1/40 7927/1/40 7925/1/40 
f 7924/1/40 7921/1/40 7925/1/40 7923/1/40 
f 7923/1/40 7925/1/40 7926/1/40 7838/1/40 
f 7922/1/40 7923/1/40 7838/1/40 7834/1/40 
f 7841/1/40 7922/1/40 7834/1/40 7844/1/40 
f 7844/1/40 7834/1/40 7837/1/40 7832/1/40 
f 7840/1/40 7844/1/40 7832/1/40 7828/1/40 
f 7929/1/40 7840/1/40 7828/1/40 7930/1/40 
f 7930/1/40 7828/1/40 7831/1/40 9047/1/40 
f 7928/1/40 7930/1/40 9047/1/40 9057/1/40 
f 9056/1/40 7928/1/40 9057/1/40 9058/1/40 
f 9058/1/40 9057/1/40 9048/1/40 7932/1/40 
f 9055/1/40 9058/1/40 7932/1/40 7931/1/40 
f 7859/1/40 9055/1/40 7931/1/40 7860/1/40 
f 7860/1/40 7931/1/40 7933/1/40 9049/1/40 
f 7934/1/40 7860/1/40 9049/1/40 9059/1/40 
f 7863/1/40 7934/1/40 9059/1/40 7867/1/40 
f 7867/1/40 9059/1/40 9050/1/40 9051/1/40 
f 7862/1/40 7867/1/40 9051/1/40 9060/1/40 
f 7685/1/40 7862/1/40 9060/1/40 7686/1/40 
f 7686/1/40 9060/1/40 9052/1/40 9053/1/40 
f 7690/1/40 7686/1/40 9053/1/40 9061/1/40 
f 7681/1/40 7690/1/40 9061/1/40 7692/1/40 
f 9054/1/40 7692/1/40 9061/1/40 
f 7708/1/5 7674/1/5 9044/1/5 
f 9043/1/101 9045/1/102 7746/1/102 7743/1/101 
f 8190/1/40 8267/1/40 8167/1/40 8122/1/40 
f 9042/1/96 7766/1/96 7770/1/95 9014/1/95 
f 9036/1/5 8192/1/5 8126/1/5 8166/1/5 
f 8490/1/40 8529/1/40 8397/1/40 8352/1/40 
f 7965/1/33 8080/1/33 8424/1/33 7961/1/33 
f 8081/1/33 7961/1/33 8424/1/33 8396/1/33 
f 8081/1/33 8396/1/33 8392/1/33 9062/1/33 
f 9063/1/33 9064/1/33 9065/1/33 9066/1/33 
f 8529/1/33 9066/1/33 9065/1/33 9067/1/33 
f 8529/1/33 9067/1/33 9068/1/33 9036/1/33 
f 9065/1/5 9069/1/5 8192/1/5 9067/1/5 
f 9067/1/40 9068/1/40 
f 8324/1/40 8192/1/40 9068/1/40 9070/1/40 
f 8324/1/40 9070/1/40 9071/1/40 9072/1/40 
f 8324/1/40 9072/1/40 9073/1/40 9074/1/40 
f 8324/1/40 9074/1/40 9075/1/40 9076/1/40 
f 8324/1/40 9076/1/40 9077/1/40 9078/1/40 
f 8324/1/40 9078/1/40 9079/1/40 9080/1/40 
f 8324/1/40 9080/1/40 9081/1/40 9082/1/40 
f 8324/1/40 9082/1/40 9083/1/40 9084/1/40 
f 8324/1/40 9084/1/40 9085/1/40 9086/1/40 
f 8324/1/40 9086/1/40 9087/1/40 9088/1/40 
f 8324/1/40 9088/1/40 9089/1/40 9090/1/40 
f 8324/1/40 9090/1/40 9091/1/40 9092/1/40 
f 8324/1/40 9092/1/40 9093/1/40 9094/1/40 
f 8324/1/40 9094/1/40 9095/1/40 9096/1/40 
f 8324/1/40 9096/1/40 9097/1/40 9098/1/40 
f 8324/1/40 9098/1/40 9099/1/40 9100/1/40 
f 8324/1/40 9100/1/40 9101/1/40 9102/1/40 
f 8324/1/40 9102/1/40 9103/1/40 9104/1/40 
f 8324/1/40 9104/1/40 9105/1/40 
f 9106/1/40 9103/1/40 9102/1/40 9107/1/40 
f 9107/1/40 9102/1/40 9108/1/40 9109/1/40 
f 9107/1/40 9109/1/40 9069/1/40 9110/1/40 
f 9110/1/40 9069/1/40 9111/1/40 9103/1/40 
f 9111/1/40 9112/1/40 9103/1/40 
f 9110/1/40 9103/1/40 9106/1/40 
f 9069/1/40 9109/1/40 9113/1/40 9114/1/40 
f 9115/1/40 9114/1/40 9113/1/40 9100/1/40 
f 9100/1/40 9113/1/40 9116/1/40 9101/1/40 
f 9101/1/40 9116/1/40 9109/1/40 9108/1/40 
f 9114/1/40 9115/1/40 9099/1/40 9117/1/40 
f 9117/1/40 9099/1/40 9098/1/40 9118/1/40 
f 9118/1/40 9098/1/40 9119/1/40 9120/1/40 
f 9118/1/40 9120/1/40 9069/1/40 9114/1/40 
f 9069/1/40 9120/1/40 9121/1/40 9122/1/40 
f 9123/1/40 9122/1/40 9121/1/40 9096/1/40 
f 9096/1/40 9121/1/40 9124/1/40 9097/1/40 
f 9097/1/40 9124/1/40 9120/1/40 9119/1/40 
f 9122/1/40 9123/1/40 9095/1/40 9125/1/40 
f 9125/1/40 9095/1/40 9094/1/40 9126/1/40 
f 9126/1/40 9094/1/40 9127/1/40 9128/1/40 
f 9126/1/40 9128/1/40 9069/1/40 9122/1/40 
f 9069/1/40 9128/1/40 9129/1/40 9130/1/40 
f 9131/1/40 9130/1/40 9129/1/40 9092/1/40 
f 9092/1/40 9129/1/40 9132/1/40 9093/1/40 
f 9093/1/40 9132/1/40 9128/1/40 9127/1/40 
f 9130/1/40 9131/1/40 9091/1/40 9133/1/40 
f 9133/1/40 9091/1/40 9090/1/40 9134/1/40 
f 9134/1/40 9090/1/40 9135/1/40 9136/1/40 
f 9134/1/40 9136/1/40 9069/1/40 9130/1/40 
f 9069/1/40 9136/1/40 9137/1/40 9138/1/40 
f 9139/1/40 9138/1/40 9137/1/40 9088/1/40 
f 9088/1/40 9137/1/40 9140/1/40 9089/1/40 
f 9089/1/40 9140/1/40 9136/1/40 9135/1/40 
f 9138/1/40 9139/1/40 9087/1/40 9141/1/40 
f 9141/1/40 9087/1/40 9086/1/40 9142/1/40 
f 9142/1/40 9086/1/40 9143/1/40 9144/1/40 
f 9142/1/40 9144/1/40 9069/1/40 9138/1/40 
f 9069/1/40 9144/1/40 9145/1/40 9146/1/40 
f 9147/1/40 9146/1/40 9145/1/40 9084/1/40 
f 9084/1/40 9145/1/40 9148/1/40 9085/1/40 
f 9085/1/40 9148/1/40 9144/1/40 9143/1/40 
f 9146/1/40 9147/1/40 9083/1/40 9149/1/40 
f 9149/1/40 9083/1/40 9082/1/40 9150/1/40 
f 9150/1/40 9082/1/40 9151/1/40 9152/1/40 
f 9150/1/40 9152/1/40 9069/1/40 9146/1/40 
f 9069/1/40 9152/1/40 9153/1/40 9154/1/40 
f 9155/1/40 9154/1/40 9153/1/40 9080/1/40 
f 9080/1/40 9153/1/40 9156/1/40 9081/1/40 
f 9081/1/40 9156/1/40 9152/1/40 9151/1/40 
f 9154/1/40 9155/1/40 9079/1/40 9157/1/40 
f 9157/1/40 9079/1/40 9078/1/40 9158/1/40 
f 9158/1/40 9078/1/40 9159/1/40 9160/1/40 
f 9158/1/40 9160/1/40 9069/1/40 9154/1/40 
f 9069/1/40 9160/1/40 9161/1/40 9162/1/40 
f 9163/1/40 9162/1/40 9161/1/40 9076/1/40 
f 9076/1/40 9161/1/40 9164/1/40 9077/1/40 
f 9077/1/40 9164/1/40 9160/1/40 9159/1/40 
f 9162/1/40 9163/1/40 9075/1/40 9165/1/40 
f 9165/1/40 9075/1/40 9074/1/40 9166/1/40 
f 9166/1/40 9074/1/40 9167/1/40 9168/1/40 
f 9166/1/40 9168/1/40 9069/1/40 9162/1/40 
f 9069/1/40 9168/1/40 9169/1/40 9072/1/40 
f 9072/1/40 9169/1/40 9170/1/40 9073/1/40 
f 9073/1/40 9170/1/40 9168/1/40 9167/1/40 
f 9069/1/40 9072/1/40 9171/1/40 9067/1/40 
f 9069/1/40 9067/1/40 8192/1/40 
f 9067/1/40 9171/1/40 9071/1/40 9070/1/40 
f 8192/1/40 8324/1/40 9036/1/40 
f 9068/1/5 8192/1/5 9036/1/5 
f 9172/1/40 9064/1/40 9063/1/40 8490/1/5 
f 8490/1/40 9172/1/40 9063/1/40 9066/1/5 
f 8490/1/40 9063/1/40 9066/1/40 9173/1/5 
f 9173/1/5 8490/1/5 8531/1/5 9174/1/5 
f 9175/1/5 9174/1/5 8531/1/5 9176/1/5 
f 9177/1/5 9176/1/5 8531/1/5 9178/1/5 
f 9179/1/5 9178/1/5 8531/1/5 9180/1/5 
f 9181/1/5 9180/1/5 8531/1/5 9182/1/5 
f 9183/1/5 9182/1/5 8531/1/5 9184/1/5 
f 9185/1/5 9184/1/5 8531/1/5 9186/1/5 
f 9187/1/5 9186/1/5 8531/1/5 9188/1/5 
f 9189/1/5 9188/1/5 8531/1/5 9190/1/5 
f 9191/1/5 9190/1/5 8531/1/5 9192/1/5 
f 9193/1/5 9192/1/5 8531/1/5 9194/1/5 
f 9195/1/5 9194/1/5 8531/1/5 9196/1/5 
f 9197/1/5 9196/1/5 8531/1/5 9198/1/5 
f 9199/1/5 9198/1/5 8531/1/5 9200/1/5 
f 9201/1/5 9200/1/5 8531/1/5 9202/1/5 
f 9203/1/5 9202/1/5 8531/1/5 9204/1/5 
f 9205/1/5 9204/1/5 8531/1/5 9206/1/5 
f 9206/1/5 8531/1/5 9207/1/5 9208/1/5 
f 9209/1/5 9205/1/5 9206/1/5 9210/1/5 
f 9210/1/5 9206/1/5 9211/1/5 9212/1/5 
f 9210/1/5 9212/1/5 9172/1/5 9213/1/5 
f 9214/1/5 9213/1/5 9172/1/5 9215/1/5 
f 9216/1/5 9215/1/5 9172/1/5 9217/1/5 
f 9218/1/5 9217/1/5 9172/1/5 9219/1/5 
f 9220/1/5 9219/1/5 9172/1/5 9221/1/5 
f 9222/1/5 9221/1/5 9172/1/5 9223/1/5 
f 9224/1/5 9223/1/5 9172/1/5 9225/1/5 
f 9226/1/5 9225/1/5 9172/1/5 9227/1/5 
f 9228/1/5 9227/1/5 9172/1/5 9229/1/5 
f 9230/1/5 9229/1/5 9172/1/5 9231/1/5 
f 9232/1/5 9231/1/5 9172/1/5 9233/1/5 
f 9234/1/5 9233/1/5 9172/1/5 9235/1/5 
f 9236/1/5 9235/1/5 9172/1/5 9237/1/5 
f 9238/1/5 9237/1/5 9172/1/5 9239/1/5 
f 9240/1/5 9239/1/5 9172/1/5 9241/1/5 
f 9242/1/5 9241/1/5 9172/1/5 9243/1/5 
f 9244/1/5 9243/1/5 9172/1/5 9175/1/5 
f 9244/1/5 9175/1/5 9176/1/5 9242/1/5 
f 9242/1/5 9176/1/5 9245/1/5 9241/1/5 
f 9246/1/5 9241/1/5 9245/1/5 9177/1/5 
f 9246/1/5 9177/1/5 9178/1/5 9240/1/5 
f 9240/1/5 9178/1/5 9247/1/5 9239/1/5 
f 9248/1/5 9239/1/5 9247/1/5 9179/1/5 
f 9248/1/5 9179/1/5 9180/1/5 9238/1/5 
f 9238/1/5 9180/1/5 9249/1/5 9237/1/5 
f 9250/1/5 9237/1/5 9249/1/5 9181/1/5 
f 9250/1/5 9181/1/5 9182/1/5 9236/1/5 
f 9236/1/5 9182/1/5 9251/1/5 9235/1/5 
f 9252/1/5 9235/1/5 9251/1/5 9183/1/5 
f 9252/1/5 9183/1/5 9184/1/5 9234/1/5 
f 9234/1/5 9184/1/5 9253/1/5 9233/1/5 
f 9254/1/5 9233/1/5 9253/1/5 9185/1/5 
f 9254/1/5 9185/1/5 9186/1/5 9232/1/5 
f 9232/1/5 9186/1/5 9255/1/5 9231/1/5 
f 9256/1/5 9231/1/5 9255/1/5 9187/1/5 
f 9256/1/5 9187/1/5 9188/1/5 9230/1/5 
f 9230/1/5 9188/1/5 9257/1/5 9229/1/5 
f 9258/1/5 9229/1/5 9257/1/5 9189/1/5 
f 9258/1/5 9189/1/5 9190/1/5 9228/1/5 
f 9228/1/5 9190/1/5 9259/1/5 9227/1/5 
f 9260/1/5 9227/1/5 9259/1/5 9191/1/5 
f 9260/1/5 9191/1/5 9192/1/5 9226/1/5 
f 9226/1/5 9192/1/5 9261/1/5 9225/1/5 
f 9262/1/5 9225/1/5 9261/1/5 9193/1/5 
f 9262/1/5 9193/1/5 9194/1/5 9224/1/5 
f 9224/1/5 9194/1/5 9263/1/5 9223/1/5 
f 9264/1/5 9223/1/5 9263/1/5 9195/1/5 
f 9264/1/5 9195/1/5 9196/1/5 9222/1/5 
f 9222/1/5 9196/1/5 9265/1/5 9221/1/5 
f 9266/1/5 9221/1/5 9265/1/5 9197/1/5 
f 9266/1/5 9197/1/5 9198/1/5 9220/1/5 
f 9220/1/5 9198/1/5 9267/1/5 9219/1/5 
f 9268/1/5 9219/1/5 9267/1/5 9199/1/5 
f 9268/1/5 9199/1/5 9200/1/5 9218/1/5 
f 9218/1/5 9200/1/5 9269/1/5 9217/1/5 
f 9270/1/5 9217/1/5 9269/1/5 9201/1/5 
f 9270/1/5 9201/1/5 9202/1/5 9216/1/5 
f 9216/1/5 9202/1/5 9271/1/5 9215/1/5 
f 9272/1/5 9215/1/5 9271/1/5 9203/1/5 
f 9272/1/5 9203/1/5 9204/1/5 9214/1/5 
f 9214/1/5 9204/1/5 9273/1/5 9213/1/5 
f 9209/1/5 9213/1/5 9273/1/5 9205/1/5 
f 9274/1/5 9175/1/5 9172/1/5 9063/1/5 
f 9174/1/5 9274/1/5 9063/1/5 9173/1/5 
f 8531/1/5 8490/1/5 8529/1/5 
f 8490/1/40 9066/1/40 8529/1/40 
f 7588/1/40 8080/1/40 7965/1/40 7587/1/40 
f 8424/1/5 8425/1/5 8356/1/5 8396/1/5 
f 8397/1/33 8529/1/33 9036/1/33 8393/1/33 
f 8530/1/33 8393/1/33 9036/1/33 8166/1/33 
f 8530/1/33 8166/1/33 8162/1/33 9275/1/33 
f 9026/1/40 9028/1/40 7806/1/40 7588/1/5 
f 7588/1/40 9026/1/40 7806/1/40 7811/1/5 
f 7588/1/40 7806/1/40 7811/1/40 7809/1/5 
f 7809/1/5 7588/1/5 7581/1/5 9276/1/5 
f 9277/1/5 9276/1/5 7581/1/5 9278/1/5 
f 9279/1/5 9278/1/5 7581/1/5 9280/1/5 
f 9281/1/5 9280/1/5 7581/1/5 9282/1/5 
f 9283/1/5 9282/1/5 7581/1/5 9284/1/5 
f 9285/1/5 9284/1/5 7581/1/5 7572/1/5 
f 9286/1/5 7572/1/5 7581/1/5 9287/1/5 
f 9288/1/5 9287/1/5 7581/1/5 9289/1/5 
f 9290/1/5 9289/1/5 7581/1/5 9291/1/5 
f 9292/1/5 9291/1/5 7581/1/5 9293/1/5 
f 9294/1/5 9293/1/5 7581/1/5 9295/1/5 
f 9296/1/5 9295/1/5 7581/1/5 9297/1/5 
f 9298/1/5 9297/1/5 7581/1/5 9299/1/5 
f 9300/1/5 9299/1/5 7581/1/5 9301/1/5 
f 9302/1/5 9301/1/5 7581/1/5 9303/1/5 
f 9304/1/5 9303/1/5 7581/1/5 9305/1/5 
f 9306/1/5 9305/1/5 7581/1/5 9307/1/5 
f 9307/1/5 7581/1/5 9308/1/5 9309/1/5 
f 9310/1/5 9306/1/5 9307/1/5 9311/1/5 
f 9311/1/5 9307/1/5 9312/1/5 9313/1/5 
f 9311/1/5 9313/1/5 9026/1/5 9314/1/5 
f 9315/1/5 9314/1/5 9026/1/5 9316/1/5 
f 9317/1/5 9316/1/5 9026/1/5 9318/1/5 
f 9319/1/5 9318/1/5 9026/1/5 9320/1/5 
f 9321/1/5 9320/1/5 9026/1/5 9322/1/5 
f 9323/1/5 9322/1/5 9026/1/5 9324/1/5 
f 9325/1/5 9324/1/5 9026/1/5 9326/1/5 
f 9327/1/5 9326/1/5 9026/1/5 9328/1/5 
f 9329/1/5 9328/1/5 9026/1/5 9330/1/5 
f 9331/1/5 9330/1/5 9026/1/5 9332/1/5 
f 7804/1/5 9332/1/5 9026/1/5 7801/1/5 
f 9333/1/5 7801/1/5 9026/1/5 9334/1/5 
f 9335/1/5 9334/1/5 9026/1/5 9336/1/5 
f 7814/1/5 9336/1/5 9026/1/5 7815/1/5 
f 7824/1/5 7815/1/5 9026/1/5 7825/1/5 
f 7820/1/5 7825/1/5 9026/1/5 7817/1/5 
f 7818/1/5 7817/1/5 9026/1/5 9277/1/5 
f 7818/1/5 9277/1/5 9278/1/5 7820/1/5 
f 7820/1/5 9278/1/5 9337/1/5 7825/1/5 
f 7826/1/5 7825/1/5 9337/1/5 9279/1/5 
f 7826/1/5 9279/1/5 9280/1/5 7824/1/5 
f 7824/1/5 9280/1/5 9338/1/5 7815/1/5 
f 9339/1/5 7815/1/5 9338/1/5 9281/1/5 
f 9339/1/5 9281/1/5 9282/1/5 7814/1/5 
f 7814/1/5 9282/1/5 9340/1/5 9336/1/5 
f 9341/1/5 9336/1/5 9340/1/5 9283/1/5 
f 9341/1/5 9283/1/5 9284/1/5 9335/1/5 
f 9335/1/5 9284/1/5 9342/1/5 9334/1/5 
f 9343/1/5 9334/1/5 9342/1/5 9285/1/5 
f 9343/1/5 9285/1/5 7572/1/5 9333/1/5 
f 9333/1/5 7572/1/5 7571/1/5 7801/1/5 
f 7802/1/5 7801/1/5 7571/1/5 9286/1/5 
f 7802/1/5 9286/1/5 9287/1/5 7804/1/5 
f 7804/1/5 9287/1/5 9344/1/5 9332/1/5 
f 9345/1/5 9332/1/5 9344/1/5 9288/1/5 
f 9345/1/5 9288/1/5 9289/1/5 9331/1/5 
f 9331/1/5 9289/1/5 9346/1/5 9330/1/5 
f 9347/1/5 9330/1/5 9346/1/5 9290/1/5 
f 9347/1/5 9290/1/5 9291/1/5 9329/1/5 
f 9329/1/5 9291/1/5 9348/1/5 9328/1/5 
f 9349/1/5 9328/1/5 9348/1/5 9292/1/5 
f 9349/1/5 9292/1/5 9293/1/5 9327/1/5 
f 9327/1/5 9293/1/5 9350/1/5 9326/1/5 
f 9351/1/5 9326/1/5 9350/1/5 9294/1/5 
f 9351/1/5 9294/1/5 9295/1/5 9325/1/5 
f 9325/1/5 9295/1/5 9352/1/5 9324/1/5 
f 9353/1/5 9324/1/5 9352/1/5 9296/1/5 
f 9353/1/5 9296/1/5 9297/1/5 9323/1/5 
f 9323/1/5 9297/1/5 9354/1/5 9322/1/5 
f 9355/1/5 9322/1/5 9354/1/5 9298/1/5 
f 9355/1/5 9298/1/5 9299/1/5 9321/1/5 
f 9321/1/5 9299/1/5 9356/1/5 9320/1/5 
f 9357/1/5 9320/1/5 9356/1/5 9300/1/5 
f 9357/1/5 9300/1/5 9301/1/5 9319/1/5 
f 9319/1/5 9301/1/5 9358/1/5 9318/1/5 
f 9359/1/5 9318/1/5 9358/1/5 9302/1/5 
f 9359/1/5 9302/1/5 9303/1/5 9317/1/5 
f 9317/1/5 9303/1/5 9360/1/5 9316/1/5 
f 9361/1/5 9316/1/5 9360/1/5 9304/1/5 
f 9361/1/5 9304/1/5 9305/1/5 9315/1/5 
f 9315/1/5 9305/1/5 9362/1/5 9314/1/5 
f 9310/1/5 9314/1/5 9362/1/5 9306/1/5 
f 9363/1/5 9277/1/5 9026/1/5 7806/1/5 
f 9276/1/5 9363/1/5 7806/1/5 7809/1/5 
f 7581/1/5 7588/1/5 8080/1/5 
f 7588/1/40 7811/1/40 8080/1/40 
f 9027/1/5 9025/1/5 8425/1/5 9364/1/5 
f 9364/1/40 9365/1/40 
f 8423/1/40 8425/1/40 9365/1/40 9366/1/40 
f 8423/1/40 9366/1/40 9367/1/40 9368/1/40 
f 8423/1/40 9368/1/40 9369/1/40 9370/1/40 
f 8423/1/40 9370/1/40 9371/1/40 9372/1/40 
f 8423/1/40 9372/1/40 9373/1/40 9374/1/40 
f 8423/1/40 9374/1/40 9375/1/40 9376/1/40 
f 8423/1/40 9376/1/40 9377/1/40 9378/1/40 
f 8423/1/40 9378/1/40 9379/1/40 9380/1/40 
f 8423/1/40 9380/1/40 9381/1/40 9382/1/40 
f 8423/1/40 9382/1/40 9383/1/40 9384/1/40 
f 8423/1/40 9384/1/40 9385/1/40 9386/1/40 
f 8423/1/40 9386/1/40 9387/1/40 9388/1/40 
f 8423/1/40 9388/1/40 9389/1/40 9390/1/40 
f 8423/1/40 9390/1/40 9391/1/40 9392/1/40 
f 8423/1/40 9392/1/40 9393/1/40 9394/1/40 
f 8423/1/40 9394/1/40 9395/1/40 9396/1/40 
f 8423/1/40 9396/1/40 9397/1/40 9398/1/40 
f 8423/1/40 9398/1/40 9399/1/40 9400/1/40 
f 8423/1/40 9400/1/40 9401/1/40 
f 9402/1/40 9399/1/40 9398/1/40 9403/1/40 
f 9403/1/40 9398/1/40 9404/1/40 9405/1/40 
f 9403/1/40 9405/1/40 9025/1/40 9406/1/40 
f 9406/1/40 9025/1/40 9407/1/40 9399/1/40 
f 9407/1/40 9408/1/40 9399/1/40 
f 9406/1/40 9399/1/40 9402/1/40 
f 9025/1/40 9405/1/40 9409/1/40 9410/1/40 
f 9411/1/40 9410/1/40 9409/1/40 9396/1/40 
f 9396/1/40 9409/1/40 9412/1/40 9397/1/40 
f 9397/1/40 9412/1/40 9405/1/40 9404/1/40 
f 9410/1/40 9411/1/40 9395/1/40 9413/1/40 
f 9413/1/40 9395/1/40 9394/1/40 9414/1/40 
f 9414/1/40 9394/1/40 9415/1/40 9416/1/40 
f 9414/1/40 9416/1/40 9025/1/40 9410/1/40 
f 9025/1/40 9416/1/40 9417/1/40 9418/1/40 
f 9419/1/40 9418/1/40 9417/1/40 9392/1/40 
f 9392/1/40 9417/1/40 9420/1/40 9393/1/40 
f 9393/1/40 9420/1/40 9416/1/40 9415/1/40 
f 9418/1/40 9419/1/40 9391/1/40 9421/1/40 
f 9421/1/40 9391/1/40 9390/1/40 9422/1/40 
f 9422/1/40 9390/1/40 9423/1/40 9424/1/40 
f 9422/1/40 9424/1/40 9025/1/40 9418/1/40 
f 9025/1/40 9424/1/40 9425/1/40 9426/1/40 
f 9427/1/40 9426/1/40 9425/1/40 9388/1/40 
f 9388/1/40 9425/1/40 9428/1/40 9389/1/40 
f 9389/1/40 9428/1/40 9424/1/40 9423/1/40 
f 9426/1/40 9427/1/40 9387/1/40 9429/1/40 
f 9429/1/40 9387/1/40 9386/1/40 9430/1/40 
f 9430/1/40 9386/1/40 9431/1/40 9432/1/40 
f 9430/1/40 9432/1/40 9025/1/40 9426/1/40 
f 9025/1/40 9432/1/40 9433/1/40 9434/1/40 
f 9435/1/40 9434/1/40 9433/1/40 9384/1/40 
f 9384/1/40 9433/1/40 9436/1/40 9385/1/40 
f 9385/1/40 9436/1/40 9432/1/40 9431/1/40 
f 9434/1/40 9435/1/40 9383/1/40 9437/1/40 
f 9437/1/40 9383/1/40 9382/1/40 9438/1/40 
f 9438/1/40 9382/1/40 9439/1/40 9440/1/40 
f 9438/1/40 9440/1/40 9025/1/40 9434/1/40 
f 9025/1/40 9440/1/40 9441/1/40 9442/1/40 
f 9443/1/40 9442/1/40 9441/1/40 9380/1/40 
f 9380/1/40 9441/1/40 9444/1/40 9381/1/40 
f 9381/1/40 9444/1/40 9440/1/40 9439/1/40 
f 9442/1/40 9443/1/40 9379/1/40 9445/1/40 
f 9445/1/40 9379/1/40 9378/1/40 9446/1/40 
f 9446/1/40 9378/1/40 9447/1/40 9448/1/40 
f 9446/1/40 9448/1/40 9025/1/40 9442/1/40 
f 9025/1/40 9448/1/40 9449/1/40 9450/1/40 
f 9451/1/40 9450/1/40 9449/1/40 9376/1/40 
f 9376/1/40 9449/1/40 9452/1/40 9377/1/40 
f 9377/1/40 9452/1/40 9448/1/40 9447/1/40 
f 9450/1/40 9451/1/40 9375/1/40 9453/1/40 
f 9453/1/40 9375/1/40 9374/1/40 9454/1/40 
f 9454/1/40 9374/1/40 9455/1/40 9456/1/40 
f 9454/1/40 9456/1/40 9025/1/40 9450/1/40 
f 9025/1/40 9456/1/40 9457/1/40 9458/1/40 
f 9459/1/40 9458/1/40 9457/1/40 9372/1/40 
f 9372/1/40 9457/1/40 9460/1/40 9373/1/40 
f 9373/1/40 9460/1/40 9456/1/40 9455/1/40 
f 9458/1/40 9459/1/40 9371/1/40 9461/1/40 
f 9461/1/40 9371/1/40 9370/1/40 9462/1/40 
f 9462/1/40 9370/1/40 9463/1/40 9464/1/40 
f 9462/1/40 9464/1/40 9025/1/40 9458/1/40 
f 9025/1/40 9464/1/40 9465/1/40 9368/1/40 
f 9368/1/40 9465/1/40 9466/1/40 9369/1/40 
f 9369/1/40 9466/1/40 9464/1/40 9463/1/40 
f 9025/1/40 9368/1/40 9467/1/40 9364/1/40 
f 9025/1/40 9364/1/40 8425/1/40 
f 9364/1/40 9467/1/40 9367/1/40 9366/1/40 
f 8425/1/40 8423/1/40 8424/1/40 
f 9365/1/5 8425/1/5 8424/1/5 
f 7806/1/33 9028/1/33 9027/1/33 7811/1/33 
f 8080/1/33 7811/1/33 9027/1/33 9364/1/33 
f 8080/1/33 9364/1/33 9365/1/33 8424/1/33 
f 8371/1/40 8421/1/40 8417/1/40 8358/1/40 
f 8357/1/40 8358/1/40 8417/1/40 8350/1/40 
f 9468/1/128 7768/1/128 7769/1/129 9469/1/129 
f 9470/1/130 7742/1/130 7743/1/131 9471/1/131 
f 9472/1/3 8350/1/3 7589/1/3 7583/1/3 
f 9473/1/3 9472/1/3 7583/1/3 9474/1/3 
f 9475/1/3 9474/1/3 7583/1/3 8417/1/3 
f 9476/1/3 9475/1/3 8417/1/3 8350/1/3 
f 9477/1/3 9476/1/3 8350/1/3 9472/1/3 
f 9476/1/3 9477/1/3 9473/1/3 9474/1/3 
f 7762/1/117 9478/1/117 8794/1/116 7764/1/116 
f 9479/1/127 7767/1/127 7768/1/128 9468/1/128 
f 8354/1/48 8351/1/48 8120/1/48 8127/1/48 
f 8601/1/40 8652/1/40 8647/1/40 8588/1/40 
f 8587/1/40 8588/1/40 8647/1/40 8581/1/40 
f 7784/1/119 9480/1/119 9481/1/118 7761/1/118 
f 7761/1/118 9481/1/118 9478/1/117 7762/1/117 
f 7766/1/126 7767/1/127 9479/1/127 9482/1/126 
f 9469/1/129 7769/1/129 7742/1/130 9470/1/130 
f 7779/1/121 9483/1/121 9484/1/120 7782/1/120 
f 8421/1/1 7582/1/1 7583/1/1 8417/1/1 
f 7638/1/40 7582/1/40 7583/1/40 7629/1/40 
f 7624/1/40 7629/1/40 7583/1/40 7589/1/40 
f 9485/1/2 9486/1/2 9487/1/2 9488/1/2 
f 9485/1/2 9488/1/2 7638/1/2 7629/1/2 
f 9489/1/2 9485/1/2 7629/1/2 7624/1/2 
f 9486/1/2 9489/1/2 7624/1/2 8357/1/2 
f 9486/1/2 8357/1/2 8358/1/2 9487/1/2 
f 9490/1/2 9487/1/2 8358/1/2 8371/1/2 
f 9488/1/2 9490/1/2 8371/1/2 7638/1/2 
f 7638/1/2 8371/1/2 8421/1/2 7582/1/2 
f 7770/1/125 7766/1/126 9482/1/126 9491/1/125 
f 7624/1/48 7589/1/48 8350/1/48 8357/1/48 
f 9492/1/3 9493/1/3 9494/1/3 9495/1/3 
f 9492/1/3 9495/1/3 8647/1/3 9496/1/3 
f 9496/1/3 8647/1/3 8581/1/3 9493/1/3 
f 9493/1/3 8581/1/3 7669/1/3 9494/1/3 
f 9494/1/3 7669/1/3 7732/1/3 9497/1/3 
f 9495/1/3 9497/1/3 7732/1/3 8647/1/3 
f 8188/1/1 8533/1/1 8416/1/1 8187/1/1 
f 7771/1/124 7770/1/125 9491/1/125 9498/1/124 
f 8370/1/40 8533/1/40 8416/1/40 8361/1/40 
f 8354/1/40 8361/1/40 8416/1/40 8351/1/40 
f 9499/1/3 9500/1/3 9501/1/3 9502/1/3 
f 9499/1/3 9502/1/3 8187/1/3 9503/1/3 
f 9503/1/3 8187/1/3 8120/1/3 9500/1/3 
f 9500/1/3 8120/1/3 8351/1/3 9501/1/3 
f 9501/1/3 8351/1/3 8416/1/3 9504/1/3 
f 9502/1/3 9504/1/3 8416/1/3 8187/1/3 
f 9505/1/2 8354/1/2 8127/1/2 8128/1/2 
f 9506/1/2 9505/1/2 8128/1/2 8141/1/2 
f 9507/1/2 9506/1/2 8141/1/2 9508/1/2 
f 9508/1/2 8141/1/2 8370/1/2 8361/1/2 
f 9509/1/2 9508/1/2 8361/1/2 9510/1/2 
f 9510/1/2 8361/1/2 8354/1/2 9505/1/2 
f 9509/1/2 9510/1/2 9506/1/2 9507/1/2 
f 8370/1/2 8141/1/2 8188/1/2 8533/1/2 
f 9511/1/108 9512/1/108 9513/1/108 9514/1/108 
f 9514/1/108 9513/1/108 9515/1/108 
f 8652/1/1 7874/1/1 7732/1/1 8647/1/1 
f 9515/1/2 9513/1/2 9516/1/2 9517/1/2 
f 9513/1/105 9512/1/105 9518/1/105 9519/1/105 
f 9516/1/5 9513/1/5 9519/1/5 9520/1/5 
f 9515/1/40 9517/1/40 9521/1/40 9522/1/40 
f 9042/1/1 9514/1/1 9523/1/1 9014/1/1 
f 9015/1/1 9014/1/1 9523/1/1 9040/1/1 
f 9031/1/1 9040/1/1 9523/1/1 9518/1/1 
f 9022/1/1 9031/1/1 9518/1/1 9021/1/1 
f 9041/1/1 9021/1/1 9518/1/1 9039/1/1 
f 9038/1/1 9039/1/1 9518/1/1 9020/1/1 
f 9013/1/1 9020/1/1 9518/1/1 9511/1/1 
f 9511/1/1 9518/1/1 9512/1/1 
f 9012/1/1 9013/1/1 9511/1/1 9037/1/1 
f 9017/1/1 9037/1/1 9511/1/1 9016/1/1 
f 9032/1/1 9016/1/1 9511/1/1 9046/1/1 
f 9045/1/1 9046/1/1 9511/1/1 9514/1/1 
f 9043/1/1 9045/1/1 9514/1/1 9029/1/1 
f 9030/1/1 9029/1/1 9514/1/1 9018/1/1 
f 9019/1/1 9018/1/1 9514/1/1 9042/1/1 
f 7732/1/40 7688/1/40 7874/1/40 
f 7679/1/40 7669/1/40 7672/1/40 
f 9519/1/3 9522/1/3 9521/1/3 9520/1/3 
f 9518/1/106 9523/1/106 9522/1/106 9519/1/106 
f 7672/1/48 7669/1/48 8581/1/48 8587/1/48 
f 7782/1/120 9484/1/120 9480/1/119 7784/1/119 
f 9523/1/107 9514/1/107 9515/1/107 9522/1/107 
f 9524/1/2 7672/1/2 8587/1/2 8588/1/2 
f 9525/1/2 9524/1/2 8588/1/2 8601/1/2 
f 9526/1/2 9525/1/2 8601/1/2 9527/1/2 
f 9527/1/2 8601/1/2 7688/1/2 7679/1/2 
f 9528/1/2 9527/1/2 7679/1/2 9529/1/2 
f 9529/1/2 7679/1/2 7672/1/2 9524/1/2 
f 9528/1/2 9529/1/2 9525/1/2 9526/1/2 
f 7688/1/2 8601/1/2 8652/1/2 7874/1/2 
f 9530/1/40 9531/1/40 8042/1/40 9532/1/40 
f 9532/1/40 8042/1/40 7625/1/40 
f 9521/1/33 9517/1/33 9516/1/33 9520/1/33 
f 6963/1/3 6959/1/3 6971/1/3 6991/1/3 
f 5581/1/1 5580/1/1 8612/1/1 8615/1/1 
f 7952/1/3 7951/1/3 9533/1/3 9534/1/3 
f 9534/1/3 9533/1/3 9535/1/3 
f 8383/1/3 7952/1/3 9534/1/3 8384/1/3 
f 8153/1/3 8384/1/3 9534/1/3 8154/1/3 
f 7700/1/3 8154/1/3 9534/1/3 7701/1/3 
f 8613/1/3 7701/1/3 9534/1/3 8614/1/3 
f 8614/1/3 9534/1/3 9536/1/3 9537/1/3 
f 9537/1/3 9536/1/3 9538/1/3 
f 6957/1/1 6958/1/1 7950/1/1 7953/1/1 
f 7773/1/123 7771/1/124 9498/1/124 9539/1/123 
f 7776/1/122 7773/1/123 9539/1/123 9540/1/122 
f 6962/1/5 5581/1/5 8615/1/5 6969/1/5 
f 9537/1/5 6969/1/5 8615/1/5 8614/1/5 
f 9538/1/33 6970/1/33 6969/1/33 9537/1/33 
f 6959/1/40 6971/1/40 9533/1/40 6958/1/40 
f 7950/1/40 6958/1/40 9533/1/40 7951/1/40 
f 7779/1/121 7776/1/122 9540/1/122 9483/1/121 
f 9472/1/33 9489/1/33 9486/1/33 9477/1/33 
f 9485/1/5 9489/1/5 9472/1/5 9473/1/5 
f 8612/1/5 8654/1/5 8652/1/5 8613/1/5 
f 8613/1/5 8652/1/5 8647/1/5 
f 7375/1/1 7874/1/1 8652/1/1 7429/1/1 
f 8838/1/1 7429/1/1 8652/1/1 8654/1/1 
f 7375/1/40 7397/1/40 7701/1/40 7874/1/40 
f 7874/1/40 7701/1/40 7732/1/40 
f 8647/1/3 7732/1/3 7701/1/3 8613/1/3 
f 9485/1/78 9473/1/78 9477/1/78 9486/1/78 
f 7396/1/5 7374/1/5 7942/1/5 7700/1/5 
f 7700/1/5 7942/1/5 7733/1/5 
f 8152/1/5 8324/1/5 8188/1/5 8153/1/5 
f 8153/1/5 8188/1/5 8187/1/5 
f 8269/1/1 8271/1/1 7942/1/1 8943/1/1 
f 7428/1/1 8943/1/1 7942/1/1 7374/1/1 
f 9541/1/77 9542/1/77 9543/1/77 9544/1/77 
f 8531/1/1 8533/1/1 8188/1/1 9207/1/1 
f 9105/1/1 9207/1/1 8188/1/1 8324/1/1 
f 8269/1/40 8155/1/40 8154/1/40 8271/1/40 
f 8271/1/40 8154/1/40 8186/1/40 
f 7733/1/3 8186/1/3 8154/1/3 7700/1/3 
f 8382/1/5 8423/1/5 8421/1/5 8383/1/5 
f 8383/1/5 8421/1/5 8417/1/5 
f 8531/1/40 8385/1/40 8384/1/40 8533/1/40 
f 8533/1/40 8384/1/40 8416/1/40 
f 8187/1/3 8416/1/3 8384/1/3 8153/1/3 
f 9543/1/40 9545/1/40 9546/1/40 9544/1/40 
f 7581/1/1 7582/1/1 8421/1/1 9308/1/1 
f 9401/1/1 9308/1/1 8421/1/1 8423/1/1 
f 7581/1/40 7953/1/40 7952/1/40 7582/1/40 
f 7582/1/40 7952/1/40 7583/1/40 
f 8417/1/3 7583/1/3 7952/1/3 8383/1/3 
f 9542/1/1 9541/1/1 9546/1/1 9545/1/1 
f 9527/1/5 9528/1/5 9494/1/5 9497/1/5 
f 9527/1/1 9497/1/1 9495/1/1 9526/1/1 
f 9494/1/76 9528/1/76 9526/1/76 9495/1/76 
f 9023/1/79 9531/1/79 9530/1/79 9547/1/79 
f 9024/1/79 9023/1/79 9547/1/79 9548/1/79 
f 9549/1/79 9548/1/79 9547/1/79 9550/1/79 
f 7363/1/79 9550/1/79 9547/1/79 7360/1/79 
f 9551/1/79 7360/1/79 9547/1/79 9552/1/79 
f 8721/1/5 9552/1/5 9547/1/5 9034/1/5 
f 9532/1/80 7625/1/80 7623/1/80 9035/1/80 
f 9035/1/80 7623/1/80 8355/1/80 8353/1/80 
f 9035/1/80 8353/1/80 8125/1/80 8123/1/80 
f 9035/1/80 8123/1/80 7673/1/80 7671/1/80 
f 9035/1/80 7671/1/80 8585/1/80 8584/1/80 
f 6991/1/5 6963/1/5 9534/1/5 9535/1/5 
f 9534/1/33 6963/1/33 6964/1/33 9536/1/33 
f 6964/1/40 6970/1/40 9538/1/40 9536/1/40 
f 9533/1/33 6971/1/33 6991/1/33 9535/1/33 
f 7736/1/3 7735/1/3 7790/1/3 7792/1/3 
f 7736/1/3 7792/1/3 9104/1/3 9112/1/3 
f 7739/1/3 7736/1/3 9112/1/3 9111/1/3 
f 7735/1/3 7739/1/3 9111/1/3 9212/1/3 
f 7735/1/3 9212/1/3 9211/1/3 7790/1/3 
f 7791/1/3 7790/1/3 9211/1/3 9208/1/3 
f 7792/1/3 7791/1/3 9208/1/3 9104/1/3 
f 9104/1/3 9208/1/3 9207/1/3 9105/1/3 
f 5318/1/4 9212/1/4 9111/1/4 5087/1/4 
f 7766/1/1 7768/1/1 7767/1/1 
f 7742/1/1 7740/1/1 7743/1/1 
f 7749/1/1 7750/1/1 7751/1/1 
f 5154/1/5 5087/1/5 9111/1/5 9105/1/5 
f 9111/1/40 9105/1/40 9104/1/40 9112/1/40 
f 9105/1/5 9111/1/5 9112/1/5 9104/1/5 
f 5383/1/1 9207/1/1 9105/1/1 5154/1/1 
f 5153/1/1 8943/1/1 7428/1/1 6974/1/1 
f 6918/1/5 6917/1/5 7361/1/5 7429/1/5 
f 7429/1/5 7361/1/5 7368/1/5 7385/1/5 
f 9553/1/3 7364/1/3 8948/1/3 8947/1/3 
f 9554/1/3 9553/1/3 8947/1/3 8944/1/3 
f 9555/1/3 9554/1/3 8944/1/3 9556/1/3 
f 9556/1/3 8944/1/3 7384/1/3 7367/1/3 
f 9557/1/3 9556/1/3 7367/1/3 9558/1/3 
f 9558/1/3 7367/1/3 7364/1/3 9553/1/3 
f 9557/1/3 9558/1/3 9554/1/3 9555/1/3 
f 7384/1/3 8944/1/3 8943/1/3 7428/1/3 
f 5088/1/4 8948/1/4 7364/1/4 7160/1/4 
f 6974/1/5 7160/1/5 7364/1/5 7428/1/5 
f 4946/1/4 9313/1/4 9407/1/4 5317/1/4 
f 5384/1/5 5317/1/5 9407/1/5 9401/1/5 
f 9407/1/40 9401/1/40 9400/1/40 9408/1/40 
f 9401/1/5 9407/1/5 9408/1/5 9400/1/5 
f 7799/1/3 9407/1/3 9313/1/3 9312/1/3 
f 7795/1/3 7799/1/3 9312/1/3 9309/1/3 
f 9559/1/3 7795/1/3 9309/1/3 9560/1/3 
f 9560/1/3 9309/1/3 9400/1/3 9408/1/3 
f 9561/1/3 9560/1/3 9408/1/3 7796/1/3 
f 7796/1/3 9408/1/3 9407/1/3 7799/1/3 
f 9561/1/3 7796/1/3 7795/1/3 9559/1/3 
f 9400/1/3 9309/1/3 9308/1/3 9401/1/3 
f 9562/1/132 7746/1/132 7749/1/109 8797/1/109 
f 5048/1/1 9308/1/1 9401/1/1 5384/1/1 
f 9471/1/131 7743/1/131 7746/1/132 9562/1/132 
f 9563/1/5 9564/1/5 9565/1/5 9566/1/5 
f 9563/1/1 9566/1/1 9567/1/1 9568/1/1 
f 9565/1/76 9564/1/76 9568/1/76 9567/1/76 
f 9555/1/77 9569/1/77 9570/1/77 9557/1/77 
f 9570/1/40 9571/1/40 9556/1/40 9557/1/40 
f 9569/1/1 9555/1/1 9556/1/1 9571/1/1 
f 7812/1/2 7815/1/2 9339/1/2 9572/1/2 
f 7814/1/38 7813/1/38 9572/1/38 9339/1/38 
f 6957/1/5 5048/1/5 9308/1/5 7953/1/5 
f 7953/1/5 9308/1/5 7581/1/5 
f 7280/1/40 6958/1/40 7950/1/40 9573/1/40 
f 9574/1/40 9573/1/40 7950/1/40 9575/1/40 
f 9576/1/40 9575/1/40 7950/1/40 9577/1/40 
f 9578/1/40 9577/1/40 7950/1/40 9579/1/40 
f 9580/1/40 9579/1/40 7950/1/40 9581/1/40 
f 9582/1/40 9581/1/40 7950/1/40 9583/1/40 
f 9584/1/40 9583/1/40 7950/1/40 9585/1/40 
f 9586/1/40 9585/1/40 7950/1/40 9587/1/40 
f 9588/1/40 9587/1/40 7950/1/40 9589/1/40 
f 9590/1/40 9589/1/40 7950/1/40 9591/1/40 
f 9592/1/40 9591/1/40 7950/1/40 9593/1/40 
f 9594/1/40 9593/1/40 7950/1/40 9595/1/40 
f 7573/1/40 9595/1/40 7950/1/40 9596/1/40 
f 9597/1/40 9596/1/40 7950/1/40 9598/1/40 
f 9599/1/40 9598/1/40 7950/1/40 9600/1/40 
f 9601/1/40 9600/1/40 7950/1/40 9602/1/40 
f 9603/1/40 9602/1/40 7950/1/40 9604/1/40 
f 9605/1/40 9604/1/40 7950/1/40 7808/1/40 
f 7810/1/40 7808/1/40 7950/1/40 7585/1/40 
f 7807/1/40 7810/1/40 7585/1/40 9606/1/40 
f 9607/1/40 7807/1/40 9606/1/40 9604/1/40 
f 9604/1/40 9606/1/40 7816/1/40 7819/1/40 
f 9603/1/40 9604/1/40 7819/1/40 7821/1/40 
f 9608/1/40 9603/1/40 7821/1/40 7822/1/40 
f 7822/1/40 7821/1/40 9606/1/40 7823/1/40 
f 7812/1/40 7823/1/40 9606/1/40 7813/1/40 
f 9609/1/40 7813/1/40 9606/1/40 9610/1/40 
f 9611/1/40 9610/1/40 9606/1/40 9612/1/40 
f 7800/1/40 9612/1/40 9606/1/40 7805/1/40 
f 9613/1/40 7805/1/40 9606/1/40 9614/1/40 
f 9615/1/40 9614/1/40 9606/1/40 9616/1/40 
f 9617/1/40 9616/1/40 9606/1/40 9618/1/40 
f 9619/1/40 9618/1/40 9606/1/40 9620/1/40 
f 9621/1/40 9620/1/40 9606/1/40 9622/1/40 
f 9623/1/40 9622/1/40 9606/1/40 9624/1/40 
f 9625/1/40 9624/1/40 9606/1/40 9626/1/40 
f 9627/1/40 9626/1/40 9606/1/40 9628/1/40 
f 9629/1/40 9628/1/40 9606/1/40 9630/1/40 
f 9631/1/40 9630/1/40 9606/1/40 9632/1/40 
f 9632/1/40 9606/1/40 4945/1/40 9633/1/40 
f 9573/1/40 9633/1/40 4945/1/40 7280/1/40 
f 9632/1/40 9633/1/40 9574/1/40 9634/1/40 
f 9634/1/40 9574/1/40 9575/1/40 9631/1/40 
f 9631/1/40 9575/1/40 9635/1/40 9630/1/40 
f 9630/1/40 9635/1/40 9576/1/40 9636/1/40 
f 9636/1/40 9576/1/40 9577/1/40 9629/1/40 
f 9629/1/40 9577/1/40 9637/1/40 9628/1/40 
f 9628/1/40 9637/1/40 9578/1/40 9638/1/40 
f 9638/1/40 9578/1/40 9579/1/40 9627/1/40 
f 9627/1/40 9579/1/40 9639/1/40 9626/1/40 
f 9626/1/40 9639/1/40 9580/1/40 9640/1/40 
f 9640/1/40 9580/1/40 9581/1/40 9625/1/40 
f 9625/1/40 9581/1/40 9641/1/40 9624/1/40 
f 9624/1/40 9641/1/40 9582/1/40 9642/1/40 
f 9642/1/40 9582/1/40 9583/1/40 9623/1/40 
f 9623/1/40 9583/1/40 9643/1/40 9622/1/40 
f 9622/1/40 9643/1/40 9584/1/40 9644/1/40 
f 9644/1/40 9584/1/40 9585/1/40 9621/1/40 
f 9621/1/40 9585/1/40 9645/1/40 9620/1/40 
f 9620/1/40 9645/1/40 9586/1/40 9646/1/40 
f 9646/1/40 9586/1/40 9587/1/40 9619/1/40 
f 9619/1/40 9587/1/40 9647/1/40 9618/1/40 
f 9618/1/40 9647/1/40 9588/1/40 9648/1/40 
f 9648/1/40 9588/1/40 9589/1/40 9617/1/40 
f 9617/1/40 9589/1/40 9649/1/40 9616/1/40 
f 9616/1/40 9649/1/40 9590/1/40 9650/1/40 
f 9650/1/40 9590/1/40 9591/1/40 9615/1/40 
f 9615/1/40 9591/1/40 9651/1/40 9614/1/40 
f 9614/1/40 9651/1/40 9592/1/40 9652/1/40 
f 9652/1/40 9592/1/40 9593/1/40 9613/1/40 
f 9613/1/40 9593/1/40 9653/1/40 7805/1/40 
f 7805/1/40 9653/1/40 9594/1/40 7803/1/40 
f 7803/1/40 9594/1/40 9595/1/40 7800/1/40 
f 7800/1/40 9595/1/40 7570/1/40 9612/1/40 
f 9612/1/40 7570/1/40 7573/1/40 9654/1/40 
f 9654/1/40 7573/1/40 9596/1/40 9611/1/40 
f 9611/1/40 9596/1/40 9655/1/40 9610/1/40 
f 9610/1/40 9655/1/40 9597/1/40 9656/1/40 
f 9656/1/40 9597/1/40 9598/1/40 9609/1/40 
f 9609/1/40 9598/1/40 9657/1/40 7813/1/40 
f 7813/1/40 9657/1/40 9599/1/40 9572/1/40 
f 9572/1/40 9599/1/40 9600/1/40 7812/1/40 
f 7812/1/40 9600/1/40 9658/1/40 7823/1/40 
f 7823/1/40 9658/1/40 9601/1/40 7827/1/40 
f 7827/1/40 9601/1/40 9602/1/40 7822/1/40 
f 9608/1/40 7822/1/40 9602/1/40 
f 9606/1/40 7821/1/40 7816/1/40 
f 7807/1/40 9607/1/40 9605/1/40 7808/1/40 
f 7585/1/40 7950/1/40 7580/1/40 
f 9023/1/40 9026/1/40 7588/1/40 8041/1/40 
f 9023/1/1 9531/1/1 8042/1/1 8041/1/1 
f 9531/1/2 9023/1/2 9026/1/2 9606/1/2 
f 9531/1/40 9606/1/40 7585/1/40 8042/1/40 
f 9508/1/5 9509/1/5 9501/1/5 9504/1/5 
f 9501/1/76 9509/1/76 9507/1/76 9502/1/76 
f 9508/1/1 9504/1/1 9502/1/1 9507/1/1 
f 8186/1/40 8140/1/40 8271/1/40 
f 8131/1/40 8121/1/40 8124/1/40 
f 6917/1/4 7361/1/4 8844/1/4 5548/1/4 
f 9659/1/2 9660/1/2 9543/1/2 9542/1/2 
f 9659/1/2 9542/1/2 8140/1/2 8131/1/2 
f 9661/1/2 9659/1/2 8131/1/2 8124/1/2 
f 9660/1/2 9661/1/2 8124/1/2 7675/1/2 
f 9660/1/2 7675/1/2 7676/1/2 9543/1/2 
f 9545/1/2 9543/1/2 7676/1/2 7689/1/2 
f 9542/1/2 9545/1/2 7689/1/2 8140/1/2 
f 8140/1/2 7689/1/2 7942/1/2 8271/1/2 
f 7942/1/1 8271/1/1 8186/1/1 7733/1/1 
f 9662/1/3 7668/1/3 8121/1/3 8186/1/3 
f 9663/1/3 9662/1/3 8186/1/3 9541/1/3 
f 9546/1/3 9541/1/3 8186/1/3 7733/1/3 
f 9544/1/3 9546/1/3 7733/1/3 7668/1/3 
f 9664/1/3 9544/1/3 7668/1/3 9662/1/3 
f 9544/1/3 9664/1/3 9663/1/3 9541/1/3 
f 7675/1/48 8124/1/48 8121/1/48 7668/1/48 
f 9493/1/33 9529/1/33 9524/1/33 9496/1/33 
f 9500/1/33 9510/1/33 9505/1/33 9503/1/33 
f 9659/1/78 9663/1/78 9664/1/78 9660/1/78 
f 9530/1/1 9532/1/1 9035/1/1 9547/1/1 
f 9547/1/1 9035/1/1 9034/1/1 
f 9505/1/40 9506/1/40 9499/1/40 9503/1/40 
f 9662/1/33 9661/1/33 9660/1/33 9664/1/33 
f 9524/1/40 9525/1/40 9492/1/40 9496/1/40 
f 9529/1/75 9493/1/75 9492/1/75 9525/1/75 
f 9659/1/5 9661/1/5 9662/1/5 9663/1/5 
f 9575/1/1 9576/1/1 9305/1/1 9306/1/1 
f 9362/1/3 9635/1/3 9575/1/3 9306/1/3 
f 9576/1/9 9635/1/9 9362/1/9 9305/1/9 
f 9639/1/13 9358/1/13 9301/1/13 9580/1/13 
f 9510/1/75 9500/1/75 9499/1/75 9506/1/75 
f 9637/1/11 9360/1/11 9303/1/11 9578/1/11 
f 9577/1/1 9578/1/1 9303/1/1 9304/1/1 
f 9360/1/3 9637/1/3 9577/1/3 9304/1/3 
f 9579/1/1 9580/1/1 9301/1/1 9302/1/1 
f 9358/1/3 9639/1/3 9579/1/3 9302/1/3 
f 9321/1/15 9624/1/15 9642/1/15 9355/1/15 
f 9623/1/8 9624/1/8 9321/1/8 9322/1/8 
f 9623/1/2 9322/1/2 9355/1/2 9642/1/2 
f 6962/1/3 6964/1/3 6970/1/3 6969/1/3 
f 9583/1/1 9584/1/1 9297/1/1 9298/1/1 
f 9354/1/3 9643/1/3 9583/1/3 9298/1/3 
f 9643/1/17 9354/1/17 9297/1/17 9584/1/17 
f 9665/1/3 9666/1/3 9565/1/3 9567/1/3 
f 9665/1/3 9567/1/3 8837/1/3 8845/1/3 
f 9667/1/3 9665/1/3 8845/1/3 8844/1/3 
f 9666/1/3 9667/1/3 8844/1/3 7361/1/3 
f 9666/1/3 7361/1/3 7368/1/3 9565/1/3 
f 9566/1/3 9565/1/3 7368/1/3 7385/1/3 
f 9567/1/3 9566/1/3 7385/1/3 8837/1/3 
f 8837/1/3 7385/1/3 7429/1/3 8838/1/3 
f 9352/1/3 9645/1/3 9585/1/3 9296/1/3 
f 9645/1/19 9352/1/19 9295/1/19 9586/1/19 
f 9585/1/1 9586/1/1 9295/1/1 9296/1/1 
f 6918/1/1 7429/1/1 8838/1/1 5614/1/1 
f 9350/1/3 9647/1/3 9587/1/3 9294/1/3 
f 9647/1/21 9350/1/21 9293/1/21 9588/1/21 
f 9587/1/1 9588/1/1 9293/1/1 9294/1/1 
f 9619/1/8 9620/1/8 9325/1/8 9326/1/8 
f 9619/1/2 9326/1/2 9351/1/2 9646/1/2 
f 9325/1/23 9620/1/23 9646/1/23 9351/1/23 
f 5614/1/5 5548/1/5 8844/1/5 8838/1/5 
f 8844/1/40 8838/1/40 8837/1/40 8845/1/40 
f 8838/1/5 8844/1/5 8845/1/5 8837/1/5 
f 9651/1/25 9346/1/25 9289/1/25 9592/1/25 
f 9591/1/1 9592/1/1 9289/1/1 9290/1/1 
f 9346/1/3 9651/1/3 9591/1/3 9290/1/3 
f 9344/1/3 9653/1/3 9593/1/3 9288/1/3 
f 9653/1/27 9344/1/27 9287/1/27 9594/1/27 
f 9593/1/1 9594/1/1 9287/1/1 9288/1/1 
f 4945/1/4 9606/1/4 9026/1/4 4946/1/4 
f 4946/1/4 9026/1/4 9313/1/4 
f 9625/1/2 9320/1/2 9357/1/2 9640/1/2 
f 9627/1/8 9628/1/8 9317/1/8 9318/1/8 
f 9317/1/12 9628/1/12 9638/1/12 9359/1/12 
f 9627/1/2 9318/1/2 9359/1/2 9638/1/2 
f 9615/1/2 9330/1/2 9347/1/2 9650/1/2 
f 5048/1/5 4946/1/5 9313/1/5 9308/1/5 
f 9308/1/5 9313/1/5 9312/1/5 9309/1/5 
f 9331/1/26 9614/1/26 9652/1/26 9345/1/26 
f 9329/1/24 9616/1/24 9650/1/24 9347/1/24 
f 9327/1/22 9618/1/22 9648/1/22 9349/1/22 
f 9615/1/8 9616/1/8 9329/1/8 9330/1/8 
f 9617/1/8 9618/1/8 9327/1/8 9328/1/8 
f 9348/1/3 9649/1/3 9589/1/3 9292/1/3 
f 9649/1/20 9348/1/20 9291/1/20 9590/1/20 
f 9617/1/2 9328/1/2 9349/1/2 9648/1/2 
f 9621/1/8 9622/1/8 9323/1/8 9324/1/8 
f 9621/1/2 9324/1/2 9353/1/2 9644/1/2 
f 9589/1/1 9590/1/1 9291/1/1 9292/1/1 
f 9641/1/16 9356/1/16 9299/1/16 9582/1/16 
f 9581/1/1 9582/1/1 9299/1/1 9300/1/1 
f 9323/1/18 9622/1/18 9644/1/18 9353/1/18 
f 9319/1/14 9626/1/14 9640/1/14 9357/1/14 
f 9356/1/3 9641/1/3 9581/1/3 9300/1/3 
f 9625/1/8 9626/1/8 9319/1/8 9320/1/8 
f 9613/1/2 9332/1/2 9345/1/2 9652/1/2 
f 9655/1/28 9342/1/28 9284/1/28 9597/1/28 
f 9613/1/8 9614/1/8 9331/1/8 9332/1/8 
f 9342/1/3 9655/1/3 9596/1/3 9285/1/3 
f 9596/1/1 9597/1/1 9284/1/1 9285/1/1 
f 5153/1/5 5088/1/5 8948/1/5 8943/1/5 
f 8943/1/5 8948/1/5 8947/1/5 8944/1/5 
f 9074/1/1 9073/1/1 8912/1/1 8913/1/1 
f 9078/1/1 9077/1/1 8916/1/1 8917/1/1 
f 9163/1/37 8983/1/37 8914/1/37 9075/1/37 
f 9076/1/1 9075/1/1 8914/1/1 8915/1/1 
f 8985/1/3 9159/1/3 9078/1/3 8917/1/3 
f 9159/1/39 8985/1/39 8916/1/39 9077/1/39 
f 5088/1/5 5085/1/5 9550/1/5 8948/1/5 
f 8948/1/5 9550/1/5 8905/1/5 
f 5086/1/4 9549/1/4 9550/1/4 5085/1/4 
f 5086/1/40 5087/1/40 9111/1/40 9549/1/40 
f 9549/1/40 9111/1/40 9069/1/40 
f 9103/1/6 9112/1/6 8947/1/6 8942/1/6 
f 8190/1/3 8192/1/3 9036/1/3 8267/1/3 
f 8267/1/3 9036/1/3 8324/1/3 8269/1/3 
f 9107/1/8 9110/1/8 8946/1/8 8949/1/8 
f 9113/1/2 8951/1/2 9008/1/2 9116/1/2 
f 8947/1/3 9112/1/3 9104/1/3 8944/1/3 
f 9104/1/1 9103/1/1 8942/1/1 8944/1/1 
f 9109/1/10 9116/1/10 9008/1/10 8950/1/10 
f 9110/1/7 9106/1/7 8945/1/7 8946/1/7 
f 9107/1/2 8949/1/2 8945/1/2 9106/1/2 
f 9113/1/8 9109/1/8 8950/1/8 8951/1/8 
f 8989/1/3 9151/1/3 9082/1/3 8921/1/3 
f 9082/1/1 9081/1/1 8920/1/1 8921/1/1 
f 9151/1/30 8989/1/30 8920/1/30 9081/1/30 
f 9150/1/2 8969/1/2 8990/1/2 9149/1/2 
f 8968/1/31 9146/1/31 9149/1/31 8990/1/31 
f 9150/1/8 9146/1/8 8968/1/8 8969/1/8 
f 8907/1/32 9067/1/32 9070/1/32 8909/1/32 
f 9068/1/33 9067/1/33 8907/1/33 8908/1/33 
f 9068/1/2 8908/1/2 8909/1/2 9070/1/2 
f 9161/1/8 9160/1/8 8974/1/8 8975/1/8 
f 9169/1/2 8979/1/2 8980/1/2 9170/1/2 
f 8978/1/34 9168/1/34 9170/1/34 8980/1/34 
f 9169/1/8 9168/1/8 8978/1/8 8979/1/8 
f 9166/1/8 9162/1/8 8976/1/8 8977/1/8 
f 9166/1/2 8977/1/2 8982/1/2 9165/1/2 
f 8976/1/36 9162/1/36 9165/1/36 8982/1/36 
f 9161/1/2 8975/1/2 8984/1/2 9164/1/2 
f 8974/1/38 9160/1/38 9164/1/38 8984/1/38 
f 8269/1/3 8324/1/3 8152/1/3 8155/1/3 
f 5087/1/40 5154/1/40 9105/1/40 9111/1/40 
f 9550/1/40 8905/1/40 8190/1/40 8189/1/40 
f 9550/1/1 9549/1/1 8191/1/1 8189/1/1 
f 9549/1/2 9550/1/2 8905/1/2 9069/1/2 
f 9069/1/5 9549/1/5 8191/1/5 8192/1/5 
f 8189/1/3 8191/1/3 8192/1/3 8190/1/3 
f 9102/1/1 9101/1/1 8940/1/1 8941/1/1 
f 9009/1/3 9108/1/3 9102/1/3 8941/1/3 
f 9101/1/9 9108/1/9 9009/1/9 8940/1/9 
f 9119/1/13 9005/1/13 8936/1/13 9097/1/13 
f 9115/1/11 9007/1/11 8938/1/11 9099/1/11 
f 9100/1/1 9099/1/1 8938/1/1 8939/1/1 
f 9007/1/3 9115/1/3 9100/1/3 8939/1/3 
f 9098/1/1 9097/1/1 8936/1/1 8937/1/1 
f 9005/1/3 9119/1/3 9098/1/3 8937/1/3 
f 8956/1/15 9122/1/15 9125/1/15 9002/1/15 
f 9126/1/8 9122/1/8 8956/1/8 8957/1/8 
f 9126/1/2 8957/1/2 9002/1/2 9125/1/2 
f 9094/1/1 9093/1/1 8932/1/1 8933/1/1 
f 9001/1/3 9127/1/3 9094/1/3 8933/1/3 
f 9127/1/17 9001/1/17 8932/1/17 9093/1/17 
f 8999/1/3 9131/1/3 9092/1/3 8931/1/3 
f 9131/1/19 8999/1/19 8930/1/19 9091/1/19 
f 9092/1/1 9091/1/1 8930/1/1 8931/1/1 
f 8997/1/3 9135/1/3 9090/1/3 8929/1/3 
f 9135/1/21 8997/1/21 8928/1/21 9089/1/21 
f 9090/1/1 9089/1/1 8928/1/1 8929/1/1 
f 9134/1/8 9130/1/8 8960/1/8 8961/1/8 
f 9134/1/2 8961/1/2 8998/1/2 9133/1/2 
f 8960/1/23 9130/1/23 9133/1/23 8998/1/23 
f 9143/1/25 8993/1/25 8924/1/25 9085/1/25 
f 9086/1/1 9085/1/1 8924/1/1 8925/1/1 
f 8993/1/3 9143/1/3 9086/1/3 8925/1/3 
f 8991/1/3 9147/1/3 9084/1/3 8923/1/3 
f 9147/1/27 8991/1/27 8922/1/27 9083/1/27 
f 9084/1/1 9083/1/1 8922/1/1 8923/1/1 
f 9111/1/4 9069/1/4 8905/1/4 5088/1/4 
f 9111/1/4 5088/1/4 5087/1/4 
f 5088/1/4 8905/1/4 8948/1/4 
f 9121/1/2 8955/1/2 9004/1/2 9124/1/2 
f 9118/1/8 9114/1/8 8952/1/8 8953/1/8 
f 8952/1/12 9114/1/12 9117/1/12 9006/1/12 
f 9118/1/2 8953/1/2 9006/1/2 9117/1/2 
f 9142/1/2 8965/1/2 8994/1/2 9141/1/2 
f 8966/1/26 9144/1/26 9148/1/26 8992/1/26 
f 8964/1/24 9138/1/24 9141/1/24 8994/1/24 
f 8962/1/22 9136/1/22 9140/1/22 8996/1/22 
f 9142/1/8 9138/1/8 8964/1/8 8965/1/8 
f 9137/1/8 9136/1/8 8962/1/8 8963/1/8 
f 8995/1/3 9139/1/3 9088/1/3 8927/1/3 
f 9139/1/20 8995/1/20 8926/1/20 9087/1/20 
f 9137/1/2 8963/1/2 8996/1/2 9140/1/2 
f 9129/1/8 9128/1/8 8958/1/8 8959/1/8 
f 9129/1/2 8959/1/2 9000/1/2 9132/1/2 
f 9088/1/1 9087/1/1 8926/1/1 8927/1/1 
f 9123/1/16 9003/1/16 8934/1/16 9095/1/16 
f 9096/1/1 9095/1/1 8934/1/1 8935/1/1 
f 8958/1/18 9128/1/18 9132/1/18 9000/1/18 
f 8954/1/14 9120/1/14 9124/1/14 9004/1/14 
f 9003/1/3 9123/1/3 9096/1/3 8935/1/3 
f 9121/1/8 9120/1/8 8954/1/8 8955/1/8 
f 9145/1/2 8967/1/2 8992/1/2 9148/1/2 
f 9155/1/28 8987/1/28 8918/1/28 9079/1/28 
f 9145/1/8 9144/1/8 8966/1/8 8967/1/8 
f 8987/1/3 9155/1/3 9080/1/3 8919/1/3 
f 9080/1/1 9079/1/1 8918/1/1 8919/1/1 
f 9153/1/2 8971/1/2 8988/1/2 9156/1/2 
f 9153/1/8 9152/1/8 8970/1/8 8971/1/8 
f 8970/1/29 9152/1/29 9156/1/29 8988/1/29 
f 8905/1/1 9069/1/1 8192/1/1 8190/1/1 
f 9158/1/2 8973/1/2 8986/1/2 9157/1/2 
f 9072/1/1 9071/1/1 8910/1/1 8911/1/1 
f 8972/1/32 9154/1/32 9157/1/32 8986/1/32 
f 9158/1/8 9154/1/8 8972/1/8 8973/1/8 
f 8981/1/3 9167/1/3 9074/1/3 8913/1/3 
f 9010/1/3 9171/1/3 9072/1/3 8911/1/3 
f 9171/1/28 9010/1/28 8910/1/28 9071/1/28 
f 8983/1/3 9163/1/3 9076/1/3 8915/1/3 
f 9167/1/35 8981/1/35 8912/1/35 9073/1/35 
f 9370/1/1 9369/1/1 9176/1/1 9177/1/1 
f 9374/1/1 9373/1/1 9180/1/1 9181/1/1 
f 9459/1/37 9247/1/37 9178/1/37 9371/1/37 
f 9372/1/1 9371/1/1 9178/1/1 9179/1/1 
f 9249/1/3 9455/1/3 9374/1/3 9181/1/3 
f 9455/1/39 9249/1/39 9180/1/39 9373/1/39 
f 5318/1/5 5315/1/5 9548/1/5 9212/1/5 
f 9212/1/5 9548/1/5 9172/1/5 
f 5316/1/4 9024/1/4 9548/1/4 5315/1/4 
f 5316/1/40 5317/1/40 9407/1/40 9024/1/40 
f 9024/1/40 9407/1/40 9025/1/40 
f 9399/1/6 9408/1/6 9211/1/6 9206/1/6 
f 8490/1/3 8425/1/3 8424/1/3 8529/1/3 
f 8529/1/3 8424/1/3 8423/1/3 8531/1/3 
f 9403/1/8 9406/1/8 9210/1/8 9213/1/8 
f 9409/1/2 9215/1/2 9272/1/2 9412/1/2 
f 9211/1/3 9408/1/3 9400/1/3 9208/1/3 
f 9400/1/1 9399/1/1 9206/1/1 9208/1/1 
f 9405/1/10 9412/1/10 9272/1/10 9214/1/10 
f 9406/1/7 9402/1/7 9209/1/7 9210/1/7 
f 9403/1/2 9213/1/2 9209/1/2 9402/1/2 
f 9409/1/8 9405/1/8 9214/1/8 9215/1/8 
f 9253/1/3 9447/1/3 9378/1/3 9185/1/3 
f 9378/1/1 9377/1/1 9184/1/1 9185/1/1 
f 9447/1/30 9253/1/30 9184/1/30 9377/1/30 
f 8382/1/33 5350/1/33 5351/1/33 8385/1/33 
f 9446/1/2 9233/1/2 9254/1/2 9445/1/2 
f 9232/1/31 9442/1/31 9445/1/31 9254/1/31 
f 9446/1/8 9442/1/8 9232/1/8 9233/1/8 
f 9063/1/32 9364/1/32 9366/1/32 9173/1/32 
f 9365/1/33 9364/1/33 9063/1/33 9066/1/33 
f 9365/1/2 9066/1/2 9173/1/2 9366/1/2 
f 9457/1/8 9456/1/8 9238/1/8 9239/1/8 
f 9465/1/2 9243/1/2 9244/1/2 9466/1/2 
f 9242/1/34 9464/1/34 9466/1/34 9244/1/34 
f 9465/1/8 9464/1/8 9242/1/8 9243/1/8 
f 9462/1/8 9458/1/8 9240/1/8 9241/1/8 
f 9462/1/2 9241/1/2 9246/1/2 9461/1/2 
f 9240/1/36 9458/1/36 9461/1/36 9246/1/36 
f 9457/1/2 9239/1/2 9248/1/2 9460/1/2 
f 9238/1/38 9456/1/38 9460/1/38 9248/1/38 
f 8531/1/3 8423/1/3 8382/1/3 8385/1/3 
f 5384/1/40 5350/1/40 8382/1/40 9401/1/40 
f 9401/1/40 8382/1/40 8423/1/40 
f 5351/1/5 5383/1/5 9207/1/5 8385/1/5 
f 8385/1/5 9207/1/5 8531/1/5 
f 5317/1/40 5384/1/40 9401/1/40 9407/1/40 
f 9548/1/40 9172/1/40 8490/1/40 8489/1/40 
f 9548/1/1 9024/1/1 8491/1/1 8489/1/1 
f 9024/1/2 9548/1/2 9172/1/2 9025/1/2 
f 9025/1/5 9024/1/5 8491/1/5 8425/1/5 
f 8489/1/3 8491/1/3 8425/1/3 8490/1/3 
f 9398/1/1 9397/1/1 9204/1/1 9205/1/1 
f 9273/1/3 9404/1/3 9398/1/3 9205/1/3 
f 9397/1/9 9404/1/9 9273/1/9 9204/1/9 
f 9415/1/13 9269/1/13 9200/1/13 9393/1/13 
f 9411/1/11 9271/1/11 9202/1/11 9395/1/11 
f 9396/1/1 9395/1/1 9202/1/1 9203/1/1 
f 9271/1/3 9411/1/3 9396/1/3 9203/1/3 
f 9394/1/1 9393/1/1 9200/1/1 9201/1/1 
f 9269/1/3 9415/1/3 9394/1/3 9201/1/3 
f 9220/1/15 9418/1/15 9421/1/15 9266/1/15 
f 9422/1/8 9418/1/8 9220/1/8 9221/1/8 
f 9422/1/2 9221/1/2 9266/1/2 9421/1/2 
f 9390/1/1 9389/1/1 9196/1/1 9197/1/1 
f 9265/1/3 9423/1/3 9390/1/3 9197/1/3 
f 9423/1/17 9265/1/17 9196/1/17 9389/1/17 
f 9263/1/3 9427/1/3 9388/1/3 9195/1/3 
f 9427/1/19 9263/1/19 9194/1/19 9387/1/19 
f 9388/1/1 9387/1/1 9194/1/1 9195/1/1 
f 9261/1/3 9431/1/3 9386/1/3 9193/1/3 
f 9431/1/21 9261/1/21 9192/1/21 9385/1/21 
f 9386/1/1 9385/1/1 9192/1/1 9193/1/1 
f 9430/1/8 9426/1/8 9224/1/8 9225/1/8 
f 9430/1/2 9225/1/2 9262/1/2 9429/1/2 
f 9224/1/23 9426/1/23 9429/1/23 9262/1/23 
f 9439/1/25 9257/1/25 9188/1/25 9381/1/25 
f 9382/1/1 9381/1/1 9188/1/1 9189/1/1 
f 9257/1/3 9439/1/3 9382/1/3 9189/1/3 
f 9255/1/3 9443/1/3 9380/1/3 9187/1/3 
f 9443/1/27 9255/1/27 9186/1/27 9379/1/27 
f 9380/1/1 9379/1/1 9186/1/1 9187/1/1 
f 9407/1/4 9025/1/4 9172/1/4 5318/1/4 
f 9407/1/4 5318/1/4 5317/1/4 
f 5318/1/4 9172/1/4 9212/1/4 
f 9417/1/2 9219/1/2 9268/1/2 9420/1/2 
f 9414/1/8 9410/1/8 9216/1/8 9217/1/8 
f 9216/1/12 9410/1/12 9413/1/12 9270/1/12 
f 9414/1/2 9217/1/2 9270/1/2 9413/1/2 
f 9438/1/2 9229/1/2 9258/1/2 9437/1/2 
f 5383/1/5 5318/1/5 9212/1/5 9207/1/5 
f 9207/1/5 9212/1/5 9211/1/5 9208/1/5 
f 9230/1/26 9440/1/26 9444/1/26 9256/1/26 
f 9228/1/24 9434/1/24 9437/1/24 9258/1/24 
f 9226/1/22 9432/1/22 9436/1/22 9260/1/22 
f 9438/1/8 9434/1/8 9228/1/8 9229/1/8 
f 9433/1/8 9432/1/8 9226/1/8 9227/1/8 
f 9259/1/3 9435/1/3 9384/1/3 9191/1/3 
f 9435/1/20 9259/1/20 9190/1/20 9383/1/20 
f 9433/1/2 9227/1/2 9260/1/2 9436/1/2 
f 9425/1/8 9424/1/8 9222/1/8 9223/1/8 
f 9425/1/2 9223/1/2 9264/1/2 9428/1/2 
f 9384/1/1 9383/1/1 9190/1/1 9191/1/1 
f 9419/1/16 9267/1/16 9198/1/16 9391/1/16 
f 9392/1/1 9391/1/1 9198/1/1 9199/1/1 
f 9222/1/18 9424/1/18 9428/1/18 9264/1/18 
f 9218/1/14 9416/1/14 9420/1/14 9268/1/14 
f 9267/1/3 9419/1/3 9392/1/3 9199/1/3 
f 9417/1/8 9416/1/8 9218/1/8 9219/1/8 
f 9441/1/2 9231/1/2 9256/1/2 9444/1/2 
f 9451/1/28 9251/1/28 9182/1/28 9375/1/28 
f 9441/1/8 9440/1/8 9230/1/8 9231/1/8 
f 9251/1/3 9451/1/3 9376/1/3 9183/1/3 
f 9376/1/1 9375/1/1 9182/1/1 9183/1/1 
f 8807/1/1 8806/1/1 9668/1/1 9669/1/1 
f 8811/1/1 8810/1/1 9670/1/1 9671/1/1 
f 8896/1/37 9672/1/37 9673/1/37 8808/1/37 
f 8809/1/1 8808/1/1 9673/1/1 9674/1/1 
f 9675/1/3 8892/1/3 8811/1/3 9671/1/3 
f 8892/1/39 9675/1/39 9670/1/39 8810/1/39 
f 5549/1/5 5546/1/5 9552/1/5 9676/1/5 
f 5547/1/4 9551/1/4 9552/1/4 5546/1/4 
f 5547/1/40 5548/1/40 8844/1/40 9551/1/40 
f 9551/1/40 8844/1/40 8802/1/40 
f 8836/1/6 8845/1/6 9677/1/6 9678/1/6 
f 8720/1/3 8656/1/3 8655/1/3 8648/1/3 
f 8648/1/3 8655/1/3 8654/1/3 
f 8840/1/8 8843/1/8 9679/1/8 9680/1/8 
f 8846/1/2 9681/1/2 9682/1/2 8849/1/2 
f 9677/1/3 8845/1/3 8837/1/3 9683/1/3 
f 8837/1/1 8836/1/1 9678/1/1 9683/1/1 
f 8842/1/10 8849/1/10 9682/1/10 9684/1/10 
f 8843/1/7 8839/1/7 9685/1/7 9679/1/7 
f 8840/1/2 9680/1/2 9685/1/2 8839/1/2 
f 8846/1/8 8842/1/8 9684/1/8 9681/1/8 
f 9686/1/3 8884/1/3 8815/1/3 9687/1/3 
f 8815/1/1 8814/1/1 9688/1/1 9687/1/1 
f 8884/1/30 9686/1/30 9688/1/30 8814/1/30 
f 8883/1/2 9689/1/2 9690/1/2 8882/1/2 
f 9691/1/31 8879/1/31 8882/1/31 9690/1/31 
f 8883/1/8 8879/1/8 9691/1/8 9689/1/8 
f 9692/1/32 8800/1/32 8803/1/32 9693/1/32 
f 8801/1/33 8800/1/33 9692/1/33 9694/1/33 
f 8801/1/2 9694/1/2 9693/1/2 8803/1/2 
f 8894/1/8 8893/1/8 9695/1/8 9696/1/8 
f 8902/1/2 9697/1/2 9698/1/2 8903/1/2 
f 9699/1/34 8901/1/34 8903/1/34 9698/1/34 
f 8902/1/8 8901/1/8 9699/1/8 9697/1/8 
f 8899/1/8 8895/1/8 9700/1/8 9701/1/8 
f 8899/1/2 9701/1/2 9702/1/2 8898/1/2 
f 9700/1/36 8895/1/36 8898/1/36 9702/1/36 
f 8894/1/2 9696/1/2 9703/1/2 8897/1/2 
f 9695/1/38 8893/1/38 8897/1/38 9703/1/38 
f 8648/1/3 8654/1/3 8612/1/3 8615/1/3 
f 5614/1/40 5580/1/40 8612/1/40 8838/1/40 
f 8838/1/40 8612/1/40 8654/1/40 
f 5581/1/5 5613/1/5 8648/1/5 8615/1/5 
f 5548/1/40 5614/1/40 8838/1/40 8844/1/40 
f 9676/1/5 9552/1/5 8721/1/5 8720/1/5 
f 9551/1/1 8722/1/1 8721/1/1 9552/1/1 
f 9551/1/2 9552/1/2 9676/1/2 8802/1/2 
f 8802/1/5 9551/1/5 8722/1/5 8656/1/5 
f 8721/1/3 8722/1/3 8656/1/3 8720/1/3 
f 8835/1/1 8834/1/1 9704/1/1 9705/1/1 
f 9706/1/3 8841/1/3 8835/1/3 9705/1/3 
f 8834/1/9 8841/1/9 9706/1/9 9704/1/9 
f 8852/1/13 9707/1/13 9708/1/13 8830/1/13 
f 8848/1/11 9709/1/11 9710/1/11 8832/1/11 
f 8833/1/1 8832/1/1 9710/1/1 9711/1/1 
f 9709/1/3 8848/1/3 8833/1/3 9711/1/3 
f 8831/1/1 8830/1/1 9708/1/1 9712/1/1 
f 9707/1/3 8852/1/3 8831/1/3 9712/1/3 
f 9713/1/15 8855/1/15 8858/1/15 9714/1/15 
f 8859/1/8 8855/1/8 9713/1/8 9715/1/8 
f 8859/1/2 9715/1/2 9714/1/2 8858/1/2 
f 8827/1/1 8826/1/1 9716/1/1 9717/1/1 
f 9718/1/3 8860/1/3 8827/1/3 9717/1/3 
f 8860/1/17 9718/1/17 9716/1/17 8826/1/17 
f 9719/1/3 8864/1/3 8825/1/3 9720/1/3 
f 8864/1/19 9719/1/19 9721/1/19 8824/1/19 
f 8825/1/1 8824/1/1 9721/1/1 9720/1/1 
f 9722/1/3 8868/1/3 8823/1/3 9723/1/3 
f 8868/1/21 9722/1/21 9724/1/21 8822/1/21 
f 8823/1/1 8822/1/1 9724/1/1 9723/1/1 
f 8867/1/8 8863/1/8 9725/1/8 9726/1/8 
f 8867/1/2 9726/1/2 9727/1/2 8866/1/2 
f 9725/1/23 8863/1/23 8866/1/23 9727/1/23 
f 8876/1/25 9728/1/25 9729/1/25 8818/1/25 
f 8819/1/1 8818/1/1 9729/1/1 9730/1/1 
f 9728/1/3 8876/1/3 8819/1/3 9730/1/3 
f 9731/1/3 8880/1/3 8817/1/3 9732/1/3 
f 8880/1/27 9731/1/27 9733/1/27 8816/1/27 
f 8817/1/1 8816/1/1 9733/1/1 9732/1/1 
f 8844/1/4 8802/1/4 9676/1/4 5549/1/4 
f 8844/1/4 5549/1/4 5548/1/4 
f 8854/1/2 9734/1/2 9735/1/2 8857/1/2 
f 8851/1/8 8847/1/8 9736/1/8 9737/1/8 
f 9736/1/12 8847/1/12 8850/1/12 9738/1/12 
f 8851/1/2 9737/1/2 9738/1/2 8850/1/2 
f 8875/1/2 9739/1/2 9740/1/2 8874/1/2 
f 9741/1/5 9742/1/5 9692/1/5 9693/1/5 
f 9741/1/5 9693/1/5 8648/1/5 9743/1/5 
f 9668/1/5 9743/1/5 8648/1/5 9669/1/5 
f 9673/1/5 9669/1/5 8648/1/5 9674/1/5 
f 9670/1/5 9674/1/5 8648/1/5 9671/1/5 
f 9744/1/5 9671/1/5 8648/1/5 9745/1/5 
f 9688/1/5 9745/1/5 8648/1/5 9687/1/5 
f 9733/1/5 9687/1/5 8648/1/5 9732/1/5 
f 9729/1/5 9732/1/5 8648/1/5 9730/1/5 
f 9746/1/5 9730/1/5 8648/1/5 9747/1/5 
f 9724/1/5 9747/1/5 8648/1/5 9723/1/5 
f 9721/1/5 9723/1/5 8648/1/5 9720/1/5 
f 9716/1/5 9720/1/5 8648/1/5 9717/1/5 
f 9748/1/5 9717/1/5 8648/1/5 9749/1/5 
f 9708/1/5 9749/1/5 8648/1/5 9712/1/5 
f 9710/1/5 9712/1/5 8648/1/5 9711/1/5 
f 9704/1/5 9711/1/5 8648/1/5 9705/1/5 
f 9678/1/5 9705/1/5 8648/1/5 9683/1/5 
f 9683/1/5 8648/1/5 5613/1/5 9677/1/5 
f 9677/1/5 5613/1/5 5549/1/5 9679/1/5 
f 9679/1/5 5549/1/5 9676/1/5 9680/1/5 
f 9684/1/5 9680/1/5 9676/1/5 9681/1/5 
f 9736/1/5 9681/1/5 9676/1/5 9737/1/5 
f 9750/1/5 9737/1/5 9676/1/5 9734/1/5 
f 9713/1/5 9734/1/5 9676/1/5 9715/1/5 
f 9751/1/5 9715/1/5 9676/1/5 9752/1/5 
f 9725/1/5 9752/1/5 9676/1/5 9726/1/5 
f 9753/1/5 9726/1/5 9676/1/5 9754/1/5 
f 9755/1/5 9754/1/5 9676/1/5 9739/1/5 
f 9756/1/5 9739/1/5 9676/1/5 9757/1/5 
f 9691/1/5 9757/1/5 9676/1/5 9689/1/5 
f 9758/1/5 9689/1/5 9676/1/5 9759/1/5 
f 9760/1/5 9759/1/5 9676/1/5 9761/1/5 
f 9695/1/5 9761/1/5 9676/1/5 9696/1/5 
f 9700/1/5 9696/1/5 9676/1/5 9701/1/5 
f 9699/1/5 9701/1/5 9676/1/5 9697/1/5 
f 9698/1/5 9697/1/5 9676/1/5 9743/1/5 
f 9698/1/5 9743/1/5 9668/1/5 9699/1/5 
f 9699/1/5 9668/1/5 9762/1/5 9701/1/5 
f 9702/1/5 9701/1/5 9762/1/5 9669/1/5 
f 9702/1/5 9669/1/5 9673/1/5 9700/1/5 
f 9700/1/5 9673/1/5 9672/1/5 9696/1/5 
f 9703/1/5 9696/1/5 9672/1/5 9674/1/5 
f 9703/1/5 9674/1/5 9670/1/5 9695/1/5 
f 9695/1/5 9670/1/5 9675/1/5 9761/1/5 
f 9763/1/5 9761/1/5 9675/1/5 9671/1/5 
f 9763/1/5 9671/1/5 9744/1/5 9760/1/5 
f 9760/1/5 9744/1/5 9764/1/5 9759/1/5 
f 9765/1/5 9759/1/5 9764/1/5 9745/1/5 
f 9765/1/5 9745/1/5 9688/1/5 9758/1/5 
f 9758/1/5 9688/1/5 9686/1/5 9689/1/5 
f 9690/1/5 9689/1/5 9686/1/5 9687/1/5 
f 9690/1/5 9687/1/5 9733/1/5 9691/1/5 
f 9691/1/5 9733/1/5 9731/1/5 9757/1/5 
f 9766/1/5 9757/1/5 9731/1/5 9732/1/5 
f 9766/1/5 9732/1/5 9729/1/5 9756/1/5 
f 9756/1/5 9729/1/5 9728/1/5 9739/1/5 
f 9740/1/5 9739/1/5 9728/1/5 9730/1/5 
f 9740/1/5 9730/1/5 9746/1/5 9755/1/5 
f 9755/1/5 9746/1/5 9767/1/5 9754/1/5 
f 9768/1/5 9754/1/5 9767/1/5 9747/1/5 
f 9768/1/5 9747/1/5 9724/1/5 9753/1/5 
f 9753/1/5 9724/1/5 9722/1/5 9726/1/5 
f 9727/1/5 9726/1/5 9722/1/5 9723/1/5 
f 9727/1/5 9723/1/5 9721/1/5 9725/1/5 
f 9725/1/5 9721/1/5 9719/1/5 9752/1/5 
f 9769/1/5 9752/1/5 9719/1/5 9720/1/5 
f 9769/1/5 9720/1/5 9716/1/5 9751/1/5 
f 9751/1/5 9716/1/5 9718/1/5 9715/1/5 
f 9714/1/5 9715/1/5 9718/1/5 9717/1/5 
f 9714/1/5 9717/1/5 9748/1/5 9713/1/5 
f 9713/1/5 9748/1/5 9770/1/5 9734/1/5 
f 9735/1/5 9734/1/5 9770/1/5 9749/1/5 
f 9735/1/5 9749/1/5 9708/1/5 9750/1/5 
f 9750/1/5 9708/1/5 9707/1/5 9737/1/5 
f 9738/1/5 9737/1/5 9707/1/5 9712/1/5 
f 9738/1/5 9712/1/5 9710/1/5 9736/1/5 
f 9736/1/5 9710/1/5 9709/1/5 9681/1/5 
f 9682/1/5 9681/1/5 9709/1/5 9711/1/5 
f 9682/1/5 9711/1/5 9704/1/5 9684/1/5 
f 9684/1/5 9704/1/5 9706/1/5 9680/1/5 
f 9685/1/5 9680/1/5 9706/1/5 9705/1/5 
f 9685/1/5 9705/1/5 9678/1/5 9679/1/5 
f 9679/1/5 9678/1/5 9677/1/5 
f 9742/1/5 9743/1/5 9676/1/5 9692/1/5 
f 9692/1/5 9676/1/5 8720/1/5 9694/1/5 
f 9693/1/5 9694/1/5 8720/1/5 8648/1/5 
f 9756/1/26 8877/1/26 8881/1/26 9766/1/26 
f 9755/1/24 8871/1/24 8874/1/24 9740/1/24 
f 9753/1/22 8869/1/22 8873/1/22 9768/1/22 
f 8875/1/8 8871/1/8 9755/1/8 9739/1/8 
f 8870/1/8 8869/1/8 9753/1/8 9754/1/8 
f 9767/1/3 8872/1/3 8821/1/3 9747/1/3 
f 8872/1/20 9767/1/20 9746/1/20 8820/1/20 
f 8870/1/2 9754/1/2 9768/1/2 8873/1/2 
f 8862/1/8 8861/1/8 9751/1/8 9752/1/8 
f 8862/1/2 9752/1/2 9769/1/2 8865/1/2 
f 8821/1/1 8820/1/1 9746/1/1 9747/1/1 
f 8856/1/16 9770/1/16 9748/1/16 8828/1/16 
f 8829/1/1 8828/1/1 9748/1/1 9749/1/1 
f 9751/1/18 8861/1/18 8865/1/18 9769/1/18 
f 9750/1/14 8853/1/14 8857/1/14 9735/1/14 
f 9770/1/3 8856/1/3 8829/1/3 9749/1/3 
f 8854/1/8 8853/1/8 9750/1/8 9734/1/8 
f 8878/1/2 9757/1/2 9766/1/2 8881/1/2 
f 8888/1/28 9764/1/28 9744/1/28 8812/1/28 
f 8878/1/8 8877/1/8 9756/1/8 9757/1/8 
f 9764/1/3 8888/1/3 8813/1/3 9745/1/3 
f 8813/1/1 8812/1/1 9744/1/1 9745/1/1 
f 9488/1/1 9474/1/1 9475/1/1 9490/1/1 
f 9474/1/77 9488/1/77 9487/1/77 9476/1/77 
f 9487/1/40 9490/1/40 9475/1/40 9476/1/40 
f 9449/1/2 9235/1/2 9252/1/2 9452/1/2 
f 9449/1/8 9448/1/8 9234/1/8 9235/1/8 
f 9234/1/29 9448/1/29 9452/1/29 9252/1/29 
f 9172/1/1 9025/1/1 8425/1/1 8490/1/1 
f 9454/1/2 9237/1/2 9250/1/2 9453/1/2 
f 9368/1/1 9367/1/1 9174/1/1 9175/1/1 
f 9236/1/32 9450/1/32 9453/1/32 9250/1/32 
f 9454/1/8 9450/1/8 9236/1/8 9237/1/8 
f 9245/1/3 9463/1/3 9370/1/3 9177/1/3 
f 9274/1/3 9467/1/3 9368/1/3 9175/1/3 
f 9467/1/28 9274/1/28 9174/1/28 9367/1/28 
f 9247/1/3 9459/1/3 9372/1/3 9179/1/3 
f 9463/1/35 9245/1/35 9176/1/35 9369/1/35 
f 8886/1/2 9759/1/2 9765/1/2 8889/1/2 
f 8886/1/8 8885/1/8 9758/1/8 9759/1/8 
f 9758/1/29 8885/1/29 8889/1/29 9765/1/29 
f 8802/1/1 8656/1/1 8720/1/1 9676/1/1 
f 8891/1/2 9761/1/2 9763/1/2 8890/1/2 
f 8805/1/1 8804/1/1 9741/1/1 9743/1/1 
f 9760/1/32 8887/1/32 8890/1/32 9763/1/32 
f 8891/1/8 8887/1/8 9760/1/8 9761/1/8 
f 9762/1/3 8900/1/3 8807/1/3 9669/1/3 
f 9742/1/3 8904/1/3 8805/1/3 9743/1/3 
f 8904/1/28 9742/1/28 9741/1/28 8804/1/28 
f 9672/1/3 8896/1/3 8809/1/3 9674/1/3 
f 8900/1/35 9762/1/35 9668/1/35 8806/1/35 
f 9771/1/40 9772/1/40 9560/1/40 9561/1/40 
f 9559/1/77 9773/1/77 9771/1/77 9561/1/77 
f 9773/1/1 9559/1/1 9560/1/1 9772/1/1 
f 7689/1/40 7942/1/40 7733/1/40 7676/1/40 
f 7675/1/40 7676/1/40 7733/1/40 7668/1/40 
f 7499/1/40 7370/1/40 7670/1/40 7671/1/40 
f 7500/1/1 7673/1/1 7671/1/1 7499/1/1 
f 7671/1/3 7673/1/3 7674/1/3 7670/1/3 
f 7371/1/5 7500/1/5 7673/1/5 7674/1/5 
f 9053/1/1 9054/1/1 7891/1/1 7892/1/1 
f 9061/1/2 7918/1/2 7891/1/2 9054/1/2 
f 9061/1/57 9053/1/57 7892/1/57 7918/1/57 
f 7916/1/58 9059/1/58 9049/1/58 7896/1/58 
f 7917/1/59 9060/1/59 9051/1/59 7894/1/59 
f 9051/1/1 9052/1/1 7893/1/1 7894/1/1 
f 9060/1/2 7917/1/2 7893/1/2 9052/1/2 
f 9049/1/1 9050/1/1 7895/1/1 7896/1/1 
f 9059/1/2 7916/1/2 7895/1/2 9050/1/2 
f 9055/1/60 7889/1/60 7914/1/60 9058/1/60 
f 9055/1/41 9056/1/41 7888/1/41 7889/1/41 
f 7888/1/3 9056/1/3 9058/1/3 7914/1/3 
f 9047/1/1 9048/1/1 7899/1/1 7900/1/1 
f 9057/1/2 7913/1/2 7899/1/2 9048/1/2 
f 7913/1/61 9057/1/61 9047/1/61 7900/1/61 
f 9611/1/2 9334/1/2 9343/1/2 9654/1/2 
f 9611/1/8 9612/1/8 9333/1/8 9334/1/8 
f 9333/1/29 9612/1/29 9654/1/29 9343/1/29 
f 9026/1/1 9606/1/1 7585/1/1 7588/1/1 
f 9609/1/2 9336/1/2 9341/1/2 9656/1/2 
f 9604/1/1 9605/1/1 9276/1/1 9277/1/1 
f 9335/1/32 9610/1/32 9656/1/32 9341/1/32 
f 9609/1/8 9610/1/8 9335/1/8 9336/1/8 
f 9337/1/3 9608/1/3 9602/1/3 9279/1/3 
f 9363/1/3 9607/1/3 9604/1/3 9277/1/3 
f 9607/1/28 9363/1/28 9276/1/28 9605/1/28 
f 9338/1/3 9658/1/3 9600/1/3 9281/1/3 
f 9608/1/35 9337/1/35 9278/1/35 9603/1/35 
f 9602/1/1 9603/1/1 9278/1/1 9279/1/1 
f 9774/1/75 9666/1/75 9665/1/75 9775/1/75 
f 9553/1/33 9776/1/33 9777/1/33 9558/1/33 
f 9598/1/1 9599/1/1 9282/1/1 9283/1/1 
f 9658/1/37 9338/1/37 9280/1/37 9601/1/37 
f 9600/1/1 9601/1/1 9280/1/1 9281/1/1 
f 9482/1/33 9479/1/33 9468/1/33 9469/1/33 
f 9491/1/33 9482/1/33 9469/1/33 9470/1/33 
f 9498/1/33 9491/1/33 9470/1/33 9471/1/33 
f 9539/1/33 9498/1/33 9471/1/33 9562/1/33 
f 9540/1/33 9539/1/33 9562/1/33 8797/1/33 
f 9483/1/33 9540/1/33 8797/1/33 8795/1/33 
f 9484/1/33 9483/1/33 8795/1/33 8791/1/33 
f 9480/1/33 9484/1/33 8791/1/33 8790/1/33 
f 9481/1/33 9480/1/33 8790/1/33 8796/1/33 
f 9478/1/33 9481/1/33 8796/1/33 8793/1/33 
f 8794/1/33 9478/1/33 8793/1/33 8792/1/33 
f 9340/1/3 9657/1/3 9598/1/3 9283/1/3 
f 9657/1/39 9340/1/39 9282/1/39 9599/1/39 
f 9666/1/33 9774/1/33 9778/1/33 9667/1/33 
f 9778/1/40 9775/1/40 9665/1/40 9667/1/40 
f 9779/1/78 9554/1/78 9558/1/78 9777/1/78 
f 4946/1/5 7296/1/5 9023/1/5 9313/1/5 
f 9313/1/5 9023/1/5 9026/1/5 
f 9779/1/5 9776/1/5 9553/1/5 9554/1/5 
f 7297/1/4 9531/1/4 9023/1/4 7296/1/4 
f 7297/1/40 4945/1/40 9606/1/40 9531/1/40 
f 9574/1/6 9633/1/6 9312/1/6 9307/1/6 
f 7588/1/3 7585/1/3 7580/1/3 8080/1/3 
f 8080/1/3 7580/1/3 7581/1/3 
f 9631/1/8 9632/1/8 9311/1/8 9314/1/8 
f 9629/1/2 9316/1/2 9361/1/2 9636/1/2 
f 9312/1/3 9633/1/3 9573/1/3 9309/1/3 
f 9573/1/1 9574/1/1 9307/1/1 9309/1/1 
f 9630/1/10 9636/1/10 9361/1/10 9315/1/10 
f 9632/1/7 9634/1/7 9310/1/7 9311/1/7 
f 9631/1/2 9314/1/2 9310/1/2 9634/1/2 
f 9629/1/8 9630/1/8 9315/1/8 9316/1/8 
f 7571/1/3 7570/1/3 9595/1/3 9286/1/3 
f 9595/1/1 7573/1/1 7572/1/1 9286/1/1 
f 7452/1/1 7453/1/1 7541/1/1 7542/1/1 
# 13258 polygons - 504 triangles

