# Blender v2.79 (sub 0) OBJ File: 'STREETLAMP.blend'
# www.blender.org
mtllib STREETLAMP.mtl
o Cube
v -0.210599 0.005150 0.210599
v -0.210599 0.066586 0.210599
v -0.210599 0.005150 -0.210599
v -0.210599 0.066586 -0.210599
v 0.210599 0.005150 0.210599
v 0.210599 0.066586 0.210599
v 0.210599 0.005150 -0.210599
v 0.210599 0.066586 -0.210599
v 0.000000 6.881004 -0.000000
v 0.036952 0.063953 -0.113726
v 0.036952 2.368617 -0.113726
v 0.096741 0.063953 -0.070286
v 0.096741 2.368617 -0.070286
v 0.119578 0.063953 0.000000
v 0.119578 2.368617 0.000000
v 0.096741 0.063953 0.070286
v 0.096741 2.368617 0.070286
v 0.036952 0.063953 0.113726
v 0.036952 2.368617 0.113726
v -0.036952 0.063953 0.113726
v -0.036952 2.368617 0.113726
v -0.096741 0.063953 0.070286
v -0.096741 2.368617 0.070286
v -0.119578 0.063953 -0.000000
v -0.119578 2.368617 -0.000000
v -0.096741 0.063953 -0.070286
v -0.096741 2.368617 -0.070286
v -0.036952 0.063953 -0.113726
v -0.036952 2.368617 -0.113726
v 0.020463 2.424130 -0.062979
v 0.053573 2.424130 -0.038923
v 0.066220 2.424130 0.000000
v 0.053573 2.424130 0.038923
v 0.020463 2.424130 0.062979
v -0.020463 2.424130 0.062979
v -0.053573 2.424130 0.038923
v -0.066220 2.424130 -0.000000
v -0.053573 2.424130 -0.038923
v -0.020463 2.424130 -0.062979
v 0.020463 6.881004 -0.062979
v 0.053573 6.881004 -0.038923
v 0.066220 6.881004 0.000000
v 0.053573 6.881004 0.038923
v 0.020463 6.881004 0.062979
v -0.020463 6.881004 0.062979
v -0.053573 6.881004 0.038923
v -0.066220 6.881004 -0.000000
v -0.053573 6.881004 -0.038923
v -0.020463 6.881004 -0.062979
v 0.036952 2.368617 -0.113726
v 0.096741 2.368617 -0.070286
v 0.119578 2.368617 0.000000
v 0.096741 2.368617 0.070286
v 0.036952 2.368617 0.113726
v -0.036952 2.368617 0.113726
v -0.096741 2.368617 0.070286
v -0.119578 2.368617 -0.000000
v -0.096741 2.368617 -0.070286
v -0.036952 2.368617 -0.113726
v 0.020463 2.424130 -0.062979
v 0.053573 2.424130 -0.038923
v 0.066220 2.424130 0.000000
v 0.053573 2.424130 0.038923
v 0.020463 2.424130 0.062979
v -0.020463 2.424130 0.062979
v -0.053573 2.424130 0.038923
v -0.066220 2.424130 -0.000000
v -0.053573 2.424130 -0.038923
v -0.020463 2.424130 -0.062979
v 0.020463 6.881004 -0.062979
v 0.053573 6.881004 -0.038923
v 0.066220 6.881004 0.000000
v 0.053573 6.881004 0.038923
v 0.020463 6.881004 0.062979
v -0.020463 6.881004 0.062979
v -0.053573 6.881004 0.038923
v -0.066220 6.881004 -0.000000
v -0.053573 6.881004 -0.038923
v -0.020463 6.881004 -0.062979
v 0.000000 0.063953 -0.119729
v 0.000000 2.368617 -0.119729
v 0.070375 0.063953 -0.096863
v 0.070375 2.368617 -0.096863
v 0.113869 0.063953 -0.036998
v 0.113869 2.368617 -0.036998
v 0.113869 0.063953 0.036998
v 0.113869 2.368617 0.036998
v 0.070375 0.063953 0.096863
v 0.070375 2.368617 0.096863
v -0.000000 0.063953 0.119729
v -0.000000 2.368617 0.119729
v -0.070375 0.063953 0.096863
v -0.070375 2.368617 0.096863
v -0.113869 0.063953 0.036998
v -0.113869 2.368617 0.036998
v -0.113869 0.063953 -0.036998
v -0.113869 2.368617 -0.036998
v -0.070375 0.063953 -0.096863
v -0.070375 2.368617 -0.096863
v 0.038972 2.424130 -0.053640
v 0.000000 2.424130 -0.066303
v 0.063058 2.424130 -0.020489
v 0.063058 2.424130 0.020489
v 0.038972 2.424130 0.053640
v -0.000000 2.424130 0.066303
v -0.038972 2.424130 0.053640
v -0.063058 2.424130 0.020489
v -0.063058 2.424130 -0.020489
v -0.038972 2.424130 -0.053640
v 0.038972 6.881004 -0.053640
v 0.000000 6.881004 -0.066303
v 0.063058 6.881004 -0.020489
v 0.063058 6.881004 0.020489
v 0.038972 6.881004 0.053640
v -0.000000 6.881004 0.066303
v -0.038972 6.881004 0.053640
v -0.063058 6.881004 0.020489
v -0.063058 6.881004 -0.020489
v -0.038972 6.881004 -0.053640
v 0.000000 2.368617 -0.119729
v 0.070375 2.368617 -0.096863
v 0.113869 2.368617 -0.036998
v 0.113869 2.368617 0.036998
v 0.070375 2.368617 0.096863
v -0.000000 2.368617 0.119729
v -0.070375 2.368617 0.096863
v -0.113869 2.368617 0.036998
v -0.113869 2.368617 -0.036998
v -0.070375 2.368617 -0.096863
v 0.038972 2.424130 -0.053640
v 0.000000 2.424130 -0.066303
v 0.063058 2.424130 -0.020489
v 0.063058 2.424130 0.020489
v 0.038972 2.424130 0.053640
v -0.000000 2.424130 0.066303
v -0.038972 2.424130 0.053640
v -0.063058 2.424130 0.020489
v -0.063058 2.424130 -0.020489
v -0.038972 2.424130 -0.053640
v 0.038972 6.881004 -0.053640
v 0.000000 6.881004 -0.066303
v 0.063058 6.881004 -0.020489
v 0.063058 6.881004 0.020489
v 0.038972 6.881004 0.053640
v -0.000000 6.881004 0.066303
v -0.038972 6.881004 0.053640
v -0.063058 6.881004 0.020489
v -0.063058 6.881004 -0.020489
v -0.038972 6.881004 -0.053640
v 0.072197 4.895274 0.019533
v 0.111262 4.895262 0.019533
v 0.111262 4.895262 -0.019533
v 0.072197 4.895274 -0.019533
v 0.072462 5.360662 0.019533
v 0.111528 5.360581 0.019533
v 0.111528 5.360581 -0.019533
v 0.072462 5.360662 -0.019533
v 0.073790 5.759085 0.019533
v 0.112854 5.758783 0.019533
v 0.112854 5.758783 -0.019533
v 0.073790 5.759085 -0.019533
v 0.077776 6.104348 0.019533
v 0.116831 6.103518 0.019533
v 0.116831 6.103518 -0.019533
v 0.077776 6.104348 -0.019533
v 0.086821 6.407813 0.019533
v 0.125836 6.405946 0.019533
v 0.125836 6.405946 -0.019533
v 0.086821 6.407813 -0.019533
v 0.104143 6.678394 0.019533
v 0.143021 6.674739 0.019533
v 0.143021 6.674739 -0.019533
v 0.104143 6.678394 -0.019533
v 0.133801 6.922553 0.019533
v 0.172290 6.916088 0.019533
v 0.172290 6.916088 -0.019533
v 0.133801 6.922553 -0.019533
v 0.180763 7.144327 0.019533
v 0.218291 7.133766 0.019533
v 0.218291 7.133766 -0.019533
v 0.180763 7.144327 -0.019533
v 0.251282 7.345813 0.019533
v 0.286750 7.329785 0.019533
v 0.286750 7.329785 -0.019533
v 0.251282 7.345813 -0.019533
v 0.353461 7.528021 0.019533
v 0.385216 7.505630 0.019533
v 0.385216 7.505630 -0.019533
v 0.353461 7.528021 -0.019533
v 0.497318 7.691386 0.019533
v 0.523706 7.662879 0.019533
v 0.523706 7.662879 -0.019533
v 0.497318 7.691386 -0.019533
v 0.694652 7.836141 0.019533
v 0.714901 7.802930 0.019533
v 0.714901 7.802930 -0.019533
v 0.694652 7.836141 -0.019533
v 0.959324 7.962734 0.019533
v 0.973862 7.926584 0.019533
v 0.973862 7.926583 -0.019533
v 0.959324 7.962734 -0.019533
v 1.307695 8.071800 0.019533
v 1.317593 8.034067 0.019533
v 1.317593 8.034067 -0.019533
v 1.307695 8.071800 -0.019533
v 0.155878 6.798534 -0.019533
v 0.297843 7.439285 0.019533
v 0.114387 5.937058 0.019533
v 0.966593 7.944659 -0.029299
v 0.199527 7.139046 0.029299
v 0.094220 6.546733 0.019533
v 0.966593 7.944659 0.029299
v 0.704776 7.819536 -0.029299
v 0.075326 5.937575 -0.019533
v 0.331690 7.420133 0.019533
v 0.192885 7.027723 -0.019533
v 0.834903 7.866778 -0.019533
v 0.094423 6.679307 0.000000
v 0.133185 6.544083 0.019533
v 0.072271 5.137278 0.019533
v 0.297843 7.439285 -0.019533
v 0.510512 7.677133 -0.029299
v 0.152741 6.673825 -0.000000
v 0.510512 7.677133 0.029299
v 0.094220 6.546733 -0.019533
v 0.135590 6.405479 -0.000000
v 0.062696 5.360682 0.000000
v 0.242416 7.349819 0.000000
v 0.111337 5.137243 0.019533
v 1.320068 8.024635 0.000000
v 0.448749 7.586476 -0.019533
v 0.097304 6.103932 -0.029299
v 0.212636 7.247521 -0.019533
v 0.121294 5.360561 -0.000000
v 0.295617 7.325778 0.000000
v 0.072271 5.137278 -0.019533
v 0.704776 7.819536 0.029299
v 0.081491 6.260671 -0.019533
v 0.121029 4.895259 -0.000000
v 1.512887 8.083771 -0.019533
v 0.212636 7.247521 0.019533
v 0.611840 7.734982 -0.019533
v 0.093322 5.758934 -0.029299
v 0.077067 6.408279 0.000000
v 0.081491 6.260671 0.019533
v 0.093322 5.758934 0.029299
v 0.072180 4.643960 -0.019533
v 1.305220 8.081234 0.000000
v 0.249312 7.234394 0.019533
v 0.181912 6.914471 -0.000000
v 0.111984 5.567141 -0.019533
v 1.121940 8.019417 0.019533
v 0.199527 7.139046 -0.029299
v 0.120532 6.259400 0.019533
v 0.062430 4.895277 0.000000
v 0.072180 4.643960 0.019533
v 0.097304 6.103932 0.029299
v 0.719963 7.794627 0.000000
v 0.369339 7.516825 0.029299
v 0.117150 6.803449 -0.019533
v 1.134014 7.982346 0.019533
v 0.114387 5.937058 -0.019533
v 0.111246 4.643960 0.019533
v 0.369339 7.516825 -0.029299
v 0.331690 7.420133 -0.019533
v 1.121940 8.019417 -0.019533
v 0.124179 6.924170 0.000000
v 0.117150 6.803449 0.019533
v 0.123582 6.676567 0.029299
v 0.955689 7.971772 0.000000
v 0.123582 6.676567 -0.029299
v 0.133185 6.544083 -0.019533
v 0.689590 7.844443 0.000000
v 0.155878 6.798534 0.019533
v 0.817632 7.901670 -0.019533
v 0.154779 7.036060 0.019533
v 0.091995 5.360622 0.029299
v 0.977497 7.917546 0.000000
v 0.091995 5.360622 -0.029299
v 0.111337 5.137243 -0.019533
v 0.817632 7.901670 0.019533
v 0.490721 7.698512 0.000000
v 0.192885 7.027723 0.019533
v 0.419498 7.612047 -0.019533
v 0.269016 7.337799 -0.029299
v 0.530304 7.655753 0.000000
v 0.269016 7.337799 0.029299
v 0.227673 7.131125 -0.000000
v 0.154779 7.036060 -0.019533
v 0.834903 7.866778 0.019533
v 0.122620 5.758708 -0.000000
v 0.419498 7.612047 0.019533
v 0.249312 7.234394 -0.019533
v 1.505017 8.122034 -0.019533
v 0.106329 6.406879 -0.029299
v 0.068012 6.104555 0.000000
v 0.106329 6.406879 0.029299
v 1.312644 8.052935 0.029299
v 0.072919 5.567305 -0.019533
v 0.126595 6.103310 -0.000000
v 1.505017 8.122034 0.019533
v 0.448749 7.586476 0.019533
v 0.120532 6.259400 -0.019533
v 1.312644 8.052935 -0.029299
v 1.134014 7.982346 -0.019533
v 0.588507 7.766071 0.019533
v 0.171381 7.146967 0.000000
v 0.091729 4.895268 -0.029299
v 0.393155 7.500031 0.000000
v 0.064024 5.759160 0.000000
v 0.072919 5.567305 0.019533
v 0.091730 4.895268 0.029299
v 1.512887 8.083771 0.019533
v 0.111246 4.643960 -0.019533
v 0.611840 7.734982 0.019533
v 0.111984 5.567141 0.019533
v 0.153046 6.919320 -0.029299
v 0.075326 5.937575 0.019533
v 0.588507 7.766071 -0.019533
v 0.153046 6.919320 0.029299
v 0.345522 7.533620 0.000000
v 0.091713 4.643960 0.029299
v 0.121012 4.643960 -0.000000
v 0.091713 4.643960 -0.029299
v 0.062414 4.643960 0.000000
v 0.091804 5.137260 0.029299
v 0.121103 5.137234 -0.000000
v 0.091804 5.137260 -0.029299
v 0.062505 5.137287 0.000000
v 0.092451 5.567223 0.029299
v 0.121750 5.567100 -0.000000
v 0.092451 5.567223 -0.029299
v 0.063152 5.567346 0.000000
v 0.094857 5.937317 0.029299
v 0.124153 5.936929 -0.000000
v 0.094857 5.937317 -0.029299
v 0.065561 5.937704 0.000000
v 0.101012 6.260036 0.029299
v 0.130293 6.259083 -0.000000
v 0.101012 6.260036 -0.029299
v 0.071731 6.260988 0.000000
v 0.113703 6.545408 0.029299
v 0.142927 6.543420 -0.000000
v 0.113703 6.545408 -0.029299
v 0.084479 6.547396 0.000000
v 0.136514 6.800992 0.029299
v 0.165560 6.797306 -0.000000
v 0.136514 6.800992 -0.029299
v 0.107468 6.804678 0.000000
v 0.173832 7.031892 0.029299
v 0.202412 7.025639 -0.000000
v 0.173832 7.031892 -0.029299
v 0.145252 7.038145 0.000000
v 0.230974 7.240958 0.029299
v 0.258481 7.231112 0.000000
v 0.230974 7.240958 -0.029299
v 0.203468 7.250803 0.000000
v 0.314767 7.429709 0.029299
v 0.340152 7.415346 0.000000
v 0.314767 7.429709 -0.029299
v 0.289382 7.444073 0.000000
v 0.434123 7.599261 0.029299
v 0.456061 7.580084 0.000000
v 0.434123 7.599261 -0.029299
v 0.412186 7.618440 0.000000
v 0.600174 7.750527 0.029299
v 0.617674 7.727210 0.000000
v 0.600174 7.750527 -0.029299
v 0.582673 7.773844 0.000000
v 0.826267 7.884224 0.029299
v 0.839221 7.858056 0.000000
v 0.826267 7.884224 -0.029299
v 0.813314 7.910392 0.000000
v 1.127977 8.000881 0.029299
v 1.137032 7.973079 0.000000
v 1.127977 8.000881 -0.029299
v 1.118922 8.028685 0.000000
v 1.508952 8.102903 0.029299
v 1.514855 8.074203 0.000000
v 1.508952 8.102903 -0.029299
v 1.503050 8.131601 0.000000
v 1.577849 8.210852 -0.000000
v 1.628980 8.229013 -0.000000
v 1.579200 8.206091 -0.054035
v 1.536352 8.190660 -0.000000
v 1.579200 8.206091 0.054035
v 1.629758 8.223434 0.060352
v 1.629758 8.223434 -0.060352
v 1.539560 8.187361 -0.045768
v 1.539560 8.187361 0.045768
v 1.818796 8.172169 -0.176734
v 1.758457 8.163446 -0.174311
v 1.813405 8.210815 -0.159631
v 1.878360 8.180235 -0.174804
v 1.824384 8.132116 -0.182435
v 1.763968 8.123943 -0.179934
v 1.753139 8.201563 -0.157442
v 1.873028 8.218460 -0.157888
v 1.883887 8.140621 -0.180443
v 2.038023 8.198753 -0.142582
v 1.989874 8.193727 -0.158376
v 2.032739 8.230143 -0.128984
v 2.077795 8.202322 -0.119842
v 2.042916 8.165836 -0.147115
v 1.994881 8.157837 -0.163485
v 1.985042 8.228361 -0.143049
v 2.070405 8.229374 -0.109045
v 2.083126 8.172745 -0.123441
v 1.818796 8.172169 0.176734
v 1.878360 8.180235 0.174804
v 1.813405 8.210815 0.159631
v 1.758457 8.163446 0.174311
v 1.824384 8.132116 0.182435
v 1.883887 8.140621 0.180443
v 1.873028 8.218460 0.157888
v 1.753139 8.201563 0.157442
v 1.763968 8.123943 0.179934
v 1.838892 8.028121 -0.000000
v 1.838696 8.029526 -0.068413
v 1.898236 8.037762 0.000000
v 1.838696 8.029526 0.068413
v 1.778277 8.021375 -0.000000
v 1.778083 8.022760 -0.067475
v 1.898043 8.039152 -0.067666
v 1.898043 8.039152 0.067666
v 1.778083 8.022760 0.067475
v 1.805465 8.267731 0.000000
v 1.806347 8.261408 -0.068413
v 1.745308 8.257698 -0.000000
v 1.806347 8.261408 0.068413
v 1.865174 8.274754 0.000000
v 1.866047 8.268499 -0.067666
v 1.746178 8.251461 -0.067475
v 1.746178 8.251461 0.067475
v 1.866047 8.268499 0.067666
v 2.131023 8.208261 0.000000
v 2.125142 8.207228 -0.046815
v 2.118788 8.233030 0.000000
v 2.125142 8.207228 0.046815
v 2.137573 8.182287 0.000000
v 2.131524 8.181227 -0.048058
v 2.113544 8.231131 -0.043085
v 2.113544 8.231131 0.043085
v 2.131524 8.181227 0.048058
v 2.051818 8.099863 0.142582
v 2.004851 8.086369 0.158376
v 2.052278 8.090090 0.128984
v 2.090376 8.112139 0.119842
v 2.050045 8.114737 0.147115
v 2.002611 8.102425 0.163485
v 2.006301 8.075979 0.143049
v 2.088092 8.102596 0.109045
v 2.089654 8.125954 0.123441
v 2.054273 8.080103 0.000000
v 2.007882 8.064644 0.000000
v 2.053543 8.081024 -0.055426
v 2.091577 8.094889 0.000000
v 2.053543 8.081024 0.055426
v 2.007706 8.065903 0.061307
v 2.007706 8.065903 -0.061307
v 2.089153 8.094990 -0.047324
v 2.089153 8.094990 0.047324
v 2.026941 8.276026 0.000000
v 1.977927 8.279364 0.000000
v 2.027048 8.270941 0.055426
v 2.067451 8.267826 0.000000
v 2.027048 8.270941 -0.055426
v 1.978717 8.273697 -0.061307
v 1.978717 8.273697 0.061307
v 2.065630 8.263607 0.047324
v 2.065630 8.263607 -0.047324
v 1.483625 8.117092 -0.000000
v 1.490384 8.117872 0.044389
v 1.490008 8.143078 -0.000000
v 1.490384 8.117872 -0.044389
v 1.483805 8.091888 -0.000000
v 1.490768 8.092617 0.045512
v 1.496305 8.142950 0.041019
v 1.496305 8.142950 -0.041019
v 1.490768 8.092617 -0.045512
v 1.604462 8.020088 -0.000000
v 1.658468 8.017638 -0.000000
v 1.605002 8.021139 0.054035
v 1.559559 8.024310 -0.000000
v 1.605002 8.021139 -0.054035
v 1.658296 8.018877 -0.060352
v 1.658296 8.018877 0.060352
v 1.562208 8.025016 0.045768
v 1.562208 8.025016 -0.045768
v 1.601445 8.039253 -0.138892
v 1.655485 8.039024 -0.155909
v 1.603770 8.029970 -0.125682
v 1.555913 8.040602 -0.115443
v 1.599093 8.053648 -0.143295
v 1.653280 8.054831 -0.160938
v 1.656912 8.028796 -0.140821
v 1.561186 8.032340 -0.105197
v 1.552732 8.053556 -0.118858
v 1.588018 8.135500 0.138892
v 1.640741 8.144712 0.155909
v 1.584744 8.166351 0.125682
v 1.543828 8.127230 0.115443
v 1.592157 8.103369 0.143295
v 1.645670 8.109379 0.160938
v 1.635985 8.178804 0.140821
v 1.544158 8.154400 0.105197
v 1.546469 8.098448 0.118858
v 1.601445 8.039253 0.138892
v 1.655485 8.039024 0.155909
v 1.599093 8.053648 0.143295
v 1.555913 8.040602 0.115443
v 1.603770 8.029970 0.125682
v 1.656912 8.028796 0.140821
v 1.653280 8.054831 0.160938
v 1.552732 8.053556 0.118858
v 1.561186 8.032340 0.105197
v 1.588018 8.135500 -0.138892
v 1.640741 8.144712 -0.155909
v 1.592157 8.103369 -0.143295
v 1.543828 8.127230 -0.115443
v 1.584744 8.166351 -0.125682
v 1.635985 8.178804 -0.140821
v 1.645670 8.109379 -0.160938
v 1.546469 8.098448 -0.118858
v 1.544158 8.154400 -0.105197
v 1.493945 8.043116 -0.000000
v 1.500842 8.042913 0.044389
v 1.489058 8.054241 -0.000000
v 1.500842 8.042913 -0.044389
v 1.505028 8.035412 -0.000000
v 1.511312 8.035378 0.041019
v 1.496132 8.054163 0.045512
v 1.496132 8.054163 -0.045512
v 1.511312 8.035378 -0.041019
v 2.038023 8.198753 0.142582
v 1.989874 8.193727 0.158376
v 2.042916 8.165836 0.147115
v 2.077795 8.202322 0.119842
v 2.032739 8.230143 0.128984
v 1.985042 8.228361 0.143049
v 1.994881 8.157837 0.163485
v 2.083126 8.172745 0.123441
v 2.070405 8.229374 0.109045
v 2.142040 8.129295 0.000000
v 2.136269 8.127464 -0.046815
v 2.143199 8.141964 0.000000
v 2.136269 8.127464 0.046815
v 2.134727 8.118778 0.000000
v 2.129426 8.117285 -0.043085
v 2.137249 8.140184 -0.048058
v 2.137249 8.140184 0.048058
v 2.129426 8.117285 0.043085
v 1.835510 8.052364 0.176734
v 1.894892 8.061739 0.174804
v 1.833010 8.070282 0.182435
v 1.774941 8.045284 0.174311
v 1.837127 8.040770 0.159631
v 1.896491 8.050272 0.157888
v 1.892419 8.079462 0.180443
v 1.772476 8.062956 0.179934
v 1.776536 8.033849 0.157442
v 2.051818 8.099863 -0.142582
v 2.004851 8.086369 -0.158376
v 2.050045 8.114737 -0.147115
v 2.090376 8.112139 -0.119842
v 2.052278 8.090090 -0.128984
v 2.006301 8.075979 -0.143049
v 2.002611 8.102425 -0.163485
v 2.089654 8.125954 -0.123441
v 2.088092 8.102596 -0.109045
v 1.835510 8.052364 -0.176734
v 1.774941 8.045284 -0.174311
v 1.833010 8.070282 -0.182435
v 1.894892 8.061739 -0.174804
v 1.837127 8.040770 -0.159631
v 1.776536 8.033849 -0.157442
v 1.772476 8.062956 -0.179934
v 1.892419 8.079462 -0.180443
v 1.896491 8.050272 -0.157888
v 1.717514 8.019121 -0.064804
v 1.717699 8.017790 -0.000000
v 1.717514 8.019121 0.064804
v 1.703957 8.116299 0.172810
v 1.698664 8.154238 0.167410
v 1.693557 8.190845 0.151209
v 1.686872 8.238770 0.064804
v 1.686036 8.244759 -0.000000
v 1.686872 8.238770 -0.064804
v 1.712128 8.057726 -0.172810
v 1.714496 8.040754 -0.167410
v 1.716028 8.029772 -0.151209
v 1.897461 8.043322 -0.124054
v 1.838107 8.033743 -0.125424
v 1.777503 8.026918 -0.123704
v 1.748788 8.232750 -0.123704
v 1.808993 8.242435 -0.125424
v 1.868665 8.249735 -0.124054
v 1.949390 8.090256 -0.174084
v 1.951775 8.073158 -0.168643
v 1.953319 8.062096 -0.152323
v 1.954815 8.051367 0.065281
v 1.955003 8.050026 0.000000
v 1.954815 8.051367 -0.065281
v 1.923948 8.272633 -0.065281
v 1.923106 8.278666 0.000000
v 1.923948 8.272633 0.065281
v 1.949390 8.090256 0.174084
v 1.951775 8.073158 0.168643
v 1.953319 8.062096 0.152323
v 1.777503 8.026918 0.123704
v 1.838107 8.033743 0.125424
v 1.897461 8.043322 0.124054
v 1.868665 8.249735 0.124054
v 1.808993 8.242435 0.125424
v 1.748788 8.232750 0.123704
v 2.119401 8.134848 -0.090933
v 2.119026 8.121803 -0.088479
v 2.113792 8.112122 -0.081117
v 2.114470 8.107258 0.041658
v 2.118744 8.108086 0.000000
v 2.114470 8.107258 -0.041658
v 2.094462 8.250675 -0.041658
v 2.098414 8.253813 0.000000
v 2.094462 8.250675 0.041658
v 2.119401 8.134848 0.090933
v 2.119026 8.121803 0.088479
v 2.113792 8.112122 0.081117
v 1.981089 8.256697 -0.112396
v 2.028578 8.255655 -0.101529
v 2.065002 8.250828 -0.086416
v 2.086464 8.096991 -0.086416
v 2.052495 8.084209 -0.101529
v 2.007179 8.069681 -0.112396
v 2.007179 8.069681 0.112396
v 2.052495 8.084209 0.101529
v 2.086464 8.096991 0.086416
v 2.065002 8.250828 0.086416
v 2.028578 8.255655 0.101529
v 1.981089 8.256697 0.112396
v 1.530712 8.029947 -0.039960
v 1.525751 8.029638 -0.000000
v 1.530712 8.029947 0.039960
v 1.511656 8.094805 0.086604
v 1.510504 8.120993 0.084347
v 1.514565 8.145687 0.077573
v 1.511655 8.166548 0.039960
v 1.506426 8.168159 -0.000000
v 1.511655 8.166548 -0.039960
v 1.517357 8.053938 -0.086604
v 1.521506 8.042133 -0.084347
v 1.530065 8.034583 -0.077573
v 1.632093 8.206699 -0.110645
v 1.581937 8.191393 -0.098964
v 1.543917 8.175823 -0.083509
v 1.543917 8.175823 0.083509
v 1.581937 8.191393 0.098964
v 1.632093 8.206699 0.110645
v 1.657777 8.022596 0.110645
v 1.605234 8.024399 0.098964
v 1.564601 8.027552 0.083509
v 1.564601 8.027552 -0.083509
v 1.605234 8.024399 -0.098964
v 1.657777 8.022596 -0.110645
v 1.716028 8.029772 0.151209
v 1.714496 8.040752 0.167410
v 1.712128 8.057726 0.172810
v 1.693557 8.190845 -0.151209
v 1.698664 8.154238 -0.167410
v 1.703957 8.116299 -0.172810
v 1.930682 8.224356 -0.152323
v 1.935827 8.187479 -0.168643
v 1.941159 8.149260 -0.174084
v 1.930682 8.224356 0.152323
v 1.935827 8.187479 0.168643
v 1.941159 8.149260 0.174084
v 2.097515 8.228790 -0.081117
v 2.107424 8.204967 -0.088479
v 2.113374 8.178045 -0.090933
v 2.097515 8.228790 0.081117
v 2.107424 8.204967 0.088479
v 2.113374 8.178045 0.090933
v 1.530065 8.034583 0.077573
v 1.521506 8.042133 0.084347
v 1.517357 8.053938 0.086604
v 1.514565 8.145687 -0.077573
v 1.510504 8.120993 -0.084347
v 1.511656 8.094805 -0.086604
v 1.650080 8.077765 0.160938
v 1.596177 8.074553 0.143295
v 1.550099 8.072432 0.118858
v 1.650080 8.077765 -0.160938
v 1.596177 8.074553 -0.143295
v 1.550099 8.072432 -0.118858
v 1.493877 8.070332 0.045512
v 1.486849 8.070068 -0.000000
v 1.493877 8.070332 -0.045512
v 1.999361 8.125723 0.163485
v 2.047047 8.136221 0.147115
v 2.086909 8.145628 0.123441
v 2.134842 8.157442 -0.048058
v 2.140834 8.158918 0.000000
v 2.134842 8.157442 0.048058
v 1.888832 8.105177 0.180443
v 1.829383 8.096281 0.182435
v 1.768898 8.088598 0.179934
v 1.999361 8.125723 -0.163485
v 2.047047 8.136221 -0.147115
v 2.086909 8.145628 -0.123441
v 1.768898 8.088598 -0.179934
v 1.829383 8.096281 -0.182435
v 1.888832 8.105177 -0.180443
v 1.716957 8.023115 0.118807
v 1.689379 8.220797 0.118807
v 1.716957 8.023115 -0.118807
v 1.689379 8.220797 -0.118807
v 1.954254 8.055389 0.119682
v 1.926473 8.254528 0.119682
v 1.954254 8.055389 -0.119682
v 1.926473 8.254528 -0.119682
v 2.086482 8.244118 -0.070812
v 2.105803 8.105623 -0.070812
v 2.105803 8.105623 0.070812
v 2.086482 8.244118 0.070812
v 1.540756 8.030622 -0.068021
v 1.540756 8.030622 0.068021
v 1.522281 8.163057 0.068021
v 1.522281 8.163057 -0.068021
v 1.708692 8.082354 0.172810
v 1.708692 8.082354 -0.172810
v 1.945929 8.115065 -0.174084
v 1.945929 8.115065 0.174084
v 2.116867 8.153011 -0.090933
v 2.116867 8.153011 0.090933
v 1.514960 8.071119 0.086604
v 1.514960 8.071119 -0.086604
v 1.879546 8.081306 -0.129823
v 1.833714 8.075371 -0.128043
v 1.924733 8.088068 -0.128405
v 1.884457 8.040781 -0.121168
v 1.838557 8.035500 -0.119507
v 1.929590 8.048100 -0.119845
v 2.045310 8.111256 -0.104787
v 2.009163 8.103510 -0.116338
v 2.074621 8.117958 -0.088235
v 2.048841 8.079815 -0.097905
v 2.013564 8.068188 -0.108582
v 2.076224 8.091194 -0.082771
v 1.879546 8.081306 0.129823
v 1.924733 8.088068 0.128405
v 1.833714 8.075371 0.128043
v 1.884457 8.040781 0.121168
v 1.929590 8.048100 0.119845
v 1.838557 8.035500 0.119507
v 1.891823 7.979995 -0.000000
v 1.891005 7.986749 -0.051929
v 1.936876 7.988147 -0.000000
v 1.891005 7.986749 0.051929
v 1.845822 7.975695 -0.000000
v 1.845015 7.982339 -0.051217
v 1.936067 7.994808 -0.051362
v 1.936067 7.994808 0.051362
v 1.845015 7.982339 0.051217
v 2.113588 8.127260 0.000000
v 2.109230 8.126219 -0.034591
v 2.109230 8.126219 0.034591
v 2.112501 8.101780 0.000000
v 2.108221 8.102003 -0.032703
v 2.108221 8.102003 0.032703
v 2.045310 8.111256 0.104787
v 2.009163 8.103510 0.116338
v 2.048841 8.079815 0.097905
v 2.074621 8.117958 0.088235
v 2.013564 8.068188 0.108582
v 2.076224 8.091194 0.082771
v 2.055220 8.033320 0.000000
v 2.020165 8.015203 0.000000
v 2.054121 8.038303 -0.042072
v 2.082965 8.053719 0.000000
v 2.054121 8.038303 0.042072
v 2.019432 8.021090 0.046535
v 2.019432 8.021090 -0.046535
v 2.080654 8.057146 -0.035922
v 2.080654 8.057146 0.035922
v 1.626753 8.059343 -0.000000
v 1.631721 8.059605 0.032841
v 1.631721 8.059605 -0.032841
v 1.634827 8.036348 -0.000000
v 1.639341 8.037674 0.031136
v 1.639341 8.037674 -0.031136
v 1.713818 7.987560 -0.000000
v 1.754951 7.979455 -0.000000
v 1.713698 7.992543 0.041015
v 1.679211 7.999604 -0.000000
v 1.713698 7.992543 -0.041015
v 1.754229 7.985261 -0.045810
v 1.754229 7.985261 0.045810
v 1.680767 8.003378 0.034740
v 1.680767 8.003378 -0.034740
v 1.704164 8.063663 -0.102084
v 1.744121 8.066534 -0.114526
v 1.708555 8.033072 -0.095399
v 1.671170 8.061674 -0.085035
v 1.748453 8.031703 -0.106891
v 1.676501 8.036247 -0.079850
v 1.704164 8.063663 0.102084
v 1.744121 8.066534 0.114526
v 1.671170 8.061674 0.085035
v 1.708555 8.033072 0.095399
v 1.748453 8.031703 0.106891
v 1.676501 8.036247 0.079850
v 1.799092 7.981778 -0.049190
v 1.799867 7.975448 -0.000000
v 1.799092 7.981778 0.049190
v 1.792889 8.032418 0.114776
v 1.788238 8.070400 0.122974
v 1.788238 8.070400 -0.122974
v 1.792890 8.032418 -0.114776
v 1.933638 8.014793 -0.094164
v 1.888549 8.007011 -0.095204
v 1.842593 8.002275 -0.093898
v 1.968273 8.095514 -0.123880
v 1.972959 8.057289 -0.115621
v 1.979207 8.006321 0.049552
v 1.979988 7.999949 0.000000
v 1.979207 8.006321 -0.049552
v 1.968273 8.095514 0.123880
v 1.972959 8.057289 0.115621
v 1.842593 8.002275 0.093898
v 1.888549 8.007011 0.095204
v 1.933638 8.014793 0.094164
v 2.096220 8.123114 -0.065297
v 2.095941 8.099525 -0.061572
v 2.098774 8.078192 0.031620
v 2.102395 8.076504 0.000000
v 2.098774 8.078192 -0.031620
v 2.096220 8.123114 0.065297
v 2.095941 8.099525 0.061572
v 2.077235 8.069088 -0.065595
v 2.051701 8.053663 -0.077066
v 2.017231 8.038752 -0.085314
v 2.017231 8.038752 0.085314
v 2.051701 8.053663 0.077066
v 2.077235 8.069088 0.065595
v 1.655845 8.018259 -0.030332
v 1.652443 8.015797 -0.000000
v 1.655845 8.018259 0.030332
v 1.653145 8.038641 0.058882
v 1.646551 8.060383 0.062310
v 1.646551 8.060383 -0.062310
v 1.653145 8.038641 -0.058882
v 1.752063 8.002677 0.083985
v 1.712291 8.007658 0.075119
v 1.681255 8.015369 0.063388
v 1.681255 8.015369 -0.063388
v 1.712291 8.007658 -0.075119
v 1.752063 8.002677 -0.083985
v 1.796766 8.000768 0.090181
v 1.796766 8.000768 -0.090181
v 1.976864 8.025434 0.090845
v 1.976864 8.025434 -0.090845
v 2.091412 8.081875 -0.053750
v 2.091412 8.081875 0.053750
v 1.662708 8.023531 -0.051631
v 1.662708 8.023531 0.051631
vt 0.956894 0.586737
vt 0.974010 0.586605
vt 0.974010 0.670437
vt 0.956894 0.670568
vt 0.974132 0.321359
vt 0.957016 0.321318
vt 0.957016 0.228681
vt 0.974132 0.228722
vt 0.946495 0.361154
vt 0.929382 0.361141
vt 0.926929 0.297106
vt 0.944042 0.297120
vt 0.929382 0.228681
vt 0.946495 0.228695
vt 0.865341 0.773020
vt 0.748525 0.773019
vt 0.748525 0.679305
vt 0.865341 0.679305
vt 0.875862 0.679305
vt 0.992136 0.679729
vt 0.992136 0.773392
vt 0.875862 0.772968
vt 0.723500 0.004253
vt 0.723500 0.516930
vt 0.713583 0.516879
vt 0.713583 0.004202
vt 0.731883 0.004350
vt 0.731883 0.517028
vt 0.738004 0.004483
vt 0.738004 0.517161
vt 0.807911 0.516753
vt 0.802028 0.516957
vt 0.802028 0.004403
vt 0.807911 0.004200
vt 0.793821 0.517109
vt 0.793821 0.004555
vt 0.783998 0.517191
vt 0.783998 0.004638
vt 0.773573 0.517200
vt 0.773573 0.004647
vt 0.763562 0.517131
vt 0.763562 0.004578
vt 0.754900 0.516994
vt 0.754900 0.004441
vt 0.748525 0.516799
vt 0.748525 0.004246
vt 0.863380 0.517101
vt 0.863380 0.004419
vt 0.871747 0.004323
vt 0.871747 0.517005
vt 0.853471 0.517151
vt 0.853471 0.004470
vt 0.843039 0.517153
vt 0.843039 0.004471
vt 0.833106 0.517104
vt 0.833106 0.004422
vt 0.824595 0.517011
vt 0.824595 0.004330
vt 0.818431 0.516882
vt 0.818431 0.004200
vt 0.684730 0.004346
vt 0.684730 0.517023
vt 0.678587 0.517156
vt 0.678587 0.004479
vt 0.693226 0.004251
vt 0.693226 0.516928
vt 0.703151 0.516878
vt 0.703151 0.004200
vt 0.652168 0.004350
vt 0.652169 0.995800
vt 0.646668 0.995773
vt 0.646667 0.004323
vt 0.571089 0.995642
vt 0.571089 0.004201
vt 0.576581 0.004229
vt 0.576581 0.995670
vt 0.609005 0.004448
vt 0.609005 0.995649
vt 0.603461 0.995610
vt 0.603461 0.004409
vt 0.641954 0.995721
vt 0.641954 0.004272
vt 0.581223 0.004283
vt 0.581223 0.995724
vt 0.598665 0.995534
vt 0.598664 0.004333
vt 0.638541 0.995650
vt 0.638541 0.004200
vt 0.584613 0.004357
vt 0.584613 0.995798
vt 0.595134 0.995427
vt 0.595134 0.004226
vt 0.551709 0.995796
vt 0.551709 0.004354
vt 0.555111 0.004281
vt 0.555111 0.995722
vt 0.628020 0.995401
vt 0.624763 0.995514
vt 0.624762 0.004313
vt 0.628020 0.004200
vt 0.668066 0.004268
vt 0.668066 0.995718
vt 0.663433 0.995771
vt 0.663433 0.004322
vt 0.559816 0.004228
vt 0.559816 0.995669
vt 0.620218 0.995598
vt 0.620218 0.004397
vt 0.657945 0.995799
vt 0.657945 0.004349
vt 0.565312 0.004200
vt 0.565312 0.995641
vt 0.614778 0.995644
vt 0.614778 0.004443
vt 0.956894 0.547555
vt 0.973481 0.548833
vt 0.973503 0.553439
vt 0.956934 0.555872
vt 0.966178 0.532960
vt 0.978622 0.540750
vt 0.975273 0.544468
vt 0.960130 0.539673
vt 0.975251 0.557835
vt 0.960090 0.563810
vt 0.984396 0.525601
vt 0.988711 0.536675
vt 0.983270 0.538085
vt 0.974571 0.528146
vt 0.472846 0.761739
vt 0.457818 0.763197
vt 0.457871 0.758770
vt 0.472942 0.753745
vt 0.472942 0.777906
vt 0.457871 0.772150
vt 0.457819 0.767806
vt 0.472847 0.770063
vt 0.994740 0.525693
vt 0.994439 0.536726
vt 0.897469 0.517153
vt 0.882286 0.515394
vt 0.882268 0.510782
vt 0.897437 0.508824
vt 0.957016 0.345330
vt 0.969942 0.346339
vt 0.970862 0.350886
vt 0.958676 0.353541
vt 0.882286 0.506397
vt 0.897469 0.500906
vt 0.973446 0.337716
vt 0.970862 0.341805
vt 0.958676 0.337143
vt 0.963342 0.329760
vt 0.973446 0.355011
vt 0.963342 0.360991
vt 0.974546 0.575518
vt 0.983256 0.564318
vt 0.988711 0.565755
vt 0.984396 0.578113
vt 0.978636 0.561570
vt 0.966202 0.570554
vt 0.994439 0.565806
vt 0.994740 0.578205
vt 0.945062 0.496217
vt 0.926929 0.493837
vt 0.928661 0.489471
vt 0.932037 0.485782
vt 0.936657 0.483089
vt 0.942120 0.481713
vt 0.947864 0.481721
vt 0.953327 0.483184
vt 0.958001 0.485891
vt 0.961377 0.489633
vt 0.963196 0.494004
vt 0.963196 0.498597
vt 0.961464 0.502963
vt 0.958088 0.506653
vt 0.953468 0.509345
vt 0.948005 0.510722
vt 0.942261 0.510713
vt 0.936798 0.509251
vt 0.932124 0.506544
vt 0.928748 0.502801
vt 0.926929 0.498430
vt 0.528070 0.060707
vt 0.536346 0.005194
vt 0.541188 0.005597
vt 0.532912 0.061110
vt 0.524950 0.114565
vt 0.520107 0.114165
vt 0.514064 0.113593
vt 0.522027 0.060134
vt 0.530303 0.004619
vt 0.422349 0.059222
vt 0.441798 0.005534
vt 0.447297 0.006752
vt 0.427848 0.060440
vt 0.409132 0.112138
vt 0.403632 0.110922
vt 0.398041 0.109592
vt 0.416758 0.057890
vt 0.436208 0.004200
vt 0.222317 0.785346
vt 0.248241 0.837275
vt 0.242847 0.838960
vt 0.216922 0.787030
vt 0.191973 0.737019
vt 0.197369 0.735338
vt 0.200670 0.734373
vt 0.225617 0.784380
vt 0.251541 0.836309
vt 0.518411 0.059714
vt 0.526688 0.004200
vt 0.510449 0.113172
vt 0.212332 0.788549
vt 0.187382 0.738536
vt 0.238257 0.840481
vt 0.512772 0.163511
vt 0.517616 0.163906
vt 0.510867 0.209546
vt 0.506022 0.209160
vt 0.499978 0.208595
vt 0.506729 0.162941
vt 0.386381 0.158645
vt 0.391881 0.159859
vt 0.375982 0.204006
vt 0.370480 0.202797
vt 0.364884 0.201480
vt 0.380788 0.157320
vt 0.174374 0.689172
vt 0.168976 0.690849
vt 0.147776 0.648121
vt 0.153179 0.646452
vt 0.156483 0.645495
vt 0.177676 0.688210
vt 0.503114 0.162517
vt 0.496364 0.208167
vt 0.164382 0.692362
vt 0.143178 0.649624
vt 0.499813 0.251531
vt 0.504660 0.251901
vt 0.498974 0.291317
vt 0.494124 0.290970
vt 0.488077 0.290424
vt 0.493768 0.250973
vt 0.355814 0.243782
vt 0.361319 0.244984
vt 0.347820 0.283135
vt 0.342312 0.281944
vt 0.336702 0.280665
vt 0.350213 0.242480
vt 0.133628 0.606781
vt 0.128219 0.608435
vt 0.110206 0.571448
vt 0.115626 0.569817
vt 0.118939 0.568877
vt 0.136936 0.605830
vt 0.490155 0.250537
vt 0.484466 0.289977
vt 0.123614 0.609924
vt 0.105590 0.572916
vt 0.488935 0.327829
vt 0.493790 0.328141
vt 0.489109 0.362652
vt 0.484247 0.362389
vt 0.478195 0.361885
vt 0.482886 0.327300
vt 0.329900 0.317627
vt 0.335415 0.318801
vt 0.324073 0.352262
vt 0.318551 0.351112
vt 0.312915 0.349915
vt 0.324279 0.316382
vt 0.099076 0.535220
vt 0.093640 0.536819
vt 0.078482 0.504258
vt 0.083938 0.502705
vt 0.087269 0.501805
vt 0.102397 0.534297
vt 0.479277 0.326835
vt 0.474589 0.361395
vt 0.089009 0.538253
vt 0.073829 0.505646
vt 0.480063 0.394934
vt 0.484932 0.395131
vt 0.481285 0.425790
vt 0.476406 0.425680
vt 0.470344 0.425252
vt 0.474006 0.394463
vt 0.308236 0.382682
vt 0.313769 0.383800
vt 0.304513 0.413632
vt 0.298968 0.412557
vt 0.293285 0.411509
vt 0.302579 0.381549
vt 0.070174 0.471988
vt 0.064690 0.473478
vt 0.052281 0.444248
vt 0.057799 0.442841
vt 0.061161 0.442014
vt 0.073518 0.471119
vt 0.470404 0.393940
vt 0.466748 0.424686
vt 0.060010 0.474804
vt 0.047568 0.445491
vt 0.473302 0.454842
vt 0.478193 0.454841
vt 0.475701 0.482428
vt 0.470799 0.482569
vt 0.464726 0.482266
vt 0.467235 0.454469
vt 0.290761 0.440957
vt 0.296322 0.441977
vt 0.289249 0.468992
vt 0.283671 0.468040
vt 0.277924 0.467239
vt 0.285048 0.440018
vt 0.046832 0.415035
vt 0.041274 0.416335
vt 0.031741 0.389563
vt 0.037345 0.388400
vt 0.040750 0.387694
vt 0.050214 0.414262
vt 0.463644 0.453848
vt 0.461141 0.481575
vt 0.036519 0.417471
vt 0.026940 0.390563
vt 0.468945 0.509011
vt 0.473858 0.508698
vt 0.472733 0.533730
vt 0.467813 0.534250
vt 0.461731 0.534139
vt 0.462867 0.508794
vt 0.277754 0.493965
vt 0.283350 0.494831
vt 0.278719 0.519595
vt 0.273106 0.518834
vt 0.267286 0.518414
vt 0.271970 0.493337
vt 0.029410 0.362762
vt 0.023757 0.363756
vt 0.017454 0.338789
vt 0.023156 0.338004
vt 0.026609 0.337488
vt 0.032840 0.362142
vt 0.459287 0.508017
vt 0.458155 0.533257
vt 0.018907 0.364585
vt 0.012557 0.339408
vt 0.467476 0.558372
vt 0.472396 0.557604
vt 0.472948 0.580365
vt 0.468038 0.581421
vt 0.461961 0.581576
vt 0.461394 0.558384
vt 0.269823 0.542745
vt 0.275452 0.543380
vt 0.273686 0.566265
vt 0.268049 0.565777
vt 0.262182 0.565905
vt 0.263974 0.542578
vt 0.018707 0.314007
vt 0.012965 0.314538
vt 0.010487 0.290899
vt 0.016253 0.290668
vt 0.019739 0.290429
vt 0.022182 0.313618
vt 0.457818 0.557379
vt 0.458380 0.580427
vt 0.008027 0.314905
vt 0.005525 0.290965
vt 0.469603 0.603440
vt 0.474485 0.602060
vt 0.477143 0.622726
vt 0.472310 0.624458
vt 0.466272 0.624951
vt 0.463540 0.603758
vt 0.267923 0.588008
vt 0.273558 0.588326
vt 0.275260 0.609664
vt 0.269643 0.609533
vt 0.263818 0.610374
vt 0.262062 0.588476
vt 0.015978 0.267884
vt 0.010217 0.267766
vt 0.012426 0.245020
vt 0.018141 0.245527
vt 0.021602 0.245657
vt 0.019462 0.267820
vt 0.459945 0.602447
vt 0.895001 0.415033
vt 0.889480 0.416801
vt 0.888920 0.403579
vt 0.894446 0.401924
vt 0.005260 0.267483
vt 0.007515 0.244347
vt 0.476299 0.644502
vt 0.481056 0.642403
vt 0.486392 0.661128
vt 0.481738 0.663588
vt 0.475790 0.664445
vt 0.470299 0.645178
vt 0.273404 0.630446
vt 0.278982 0.630377
vt 0.284982 0.650591
vt 0.279464 0.650860
vt 0.273836 0.652500
vt 0.267656 0.631684
vt 0.023000 0.223468
vt 0.017385 0.222540
vt 0.025436 0.200189
vt 0.030895 0.201548
vt 0.905522 0.491129
vt 0.905522 0.475312
vt 0.910965 0.473831
vt 0.910965 0.489493
vt 0.026410 0.223809
vt 0.893979 0.386963
vt 0.888450 0.388478
vt 0.888076 0.371203
vt 0.893609 0.369850
vt 0.012574 0.221447
vt 0.020781 0.198665
vt 0.488796 0.681732
vt 0.493320 0.678937
vt 0.502045 0.695862
vt 0.497669 0.698955
vt 0.882462 0.350155
vt 0.882306 0.327783
vt 0.887647 0.328896
vt 0.887805 0.351455
vt 0.482912 0.682757
vt 0.288083 0.670890
vt 0.293519 0.670429
vt 0.916408 0.457060
vt 0.910965 0.455754
vt 0.910965 0.434860
vt 0.916408 0.435984
vt 0.299590 0.690653
vt 0.294322 0.693030
vt 0.282619 0.672915
vt 0.042168 0.179609
vt 0.036924 0.177829
vt 0.052265 0.155305
vt 0.057253 0.157478
vt 0.905522 0.457060
vt 0.905522 0.435984
vt 0.893341 0.350283
vt 0.893185 0.327911
vt 0.032483 0.175884
vt 0.048082 0.152968
vt 0.508552 0.715277
vt 0.512772 0.711938
vt 0.525740 0.727193
vt 0.521677 0.730730
vt 0.882268 0.302256
vt 0.882359 0.273158
vt 0.887701 0.273907
vt 0.887609 0.303183
vt 0.916408 0.411692
vt 0.910965 0.410751
vt 0.910965 0.382970
vt 0.916408 0.383738
vt 0.314313 0.710267
vt 0.332638 0.729843
vt 0.327811 0.732775
vt 0.309262 0.712946
vt 0.076581 0.134979
vt 0.071878 0.132461
vt 0.096252 0.109124
vt 0.100661 0.111938
vt 0.905522 0.411692
vt 0.905522 0.383738
vt 0.893147 0.302384
vt 0.893238 0.273285
vt 0.067979 0.129779
vt 0.092647 0.106146
vt 0.537275 0.745345
vt 0.541188 0.741659
vt 0.349335 0.756496
vt 0.350341 0.752627
vt 0.377280 0.772621
vt 0.376477 0.776649
vt 0.882588 0.240072
vt 0.882966 0.202508
vt 0.888310 0.202954
vt 0.887931 0.240661
vt 0.916408 0.351673
vt 0.910965 0.351063
vt 0.910965 0.314534
vt 0.916408 0.315002
vt 0.354952 0.749493
vt 0.381688 0.769327
vt 0.130004 0.088176
vt 0.125879 0.085120
vt 0.161322 0.060259
vt 0.165179 0.063511
vt 0.905522 0.351673
vt 0.905522 0.315002
vt 0.893467 0.240199
vt 0.893845 0.202635
vt 0.122558 0.081900
vt 0.158269 0.056842
vt 0.408438 0.797028
vt 0.409056 0.792875
vt 0.443250 0.813260
vt 0.442809 0.817520
vt 0.883504 0.159976
vt 0.884122 0.114960
vt 0.889469 0.115166
vt 0.888850 0.160298
vt 0.916408 0.273231
vt 0.910965 0.272887
vt 0.910965 0.228681
vt 0.916408 0.228910
vt 0.413278 0.789457
vt 0.447297 0.809735
vt 0.206759 0.037758
vt 0.203146 0.034348
vt 0.248160 0.007913
vt 0.251541 0.011461
vt 0.905522 0.273231
vt 0.905522 0.228910
vt 0.894383 0.160104
vt 0.895001 0.115088
vt 0.200336 0.030773
vt 0.245582 0.004200
vt 0.900326 0.545348
vt 0.915329 0.545151
vt 0.917611 0.556773
vt 0.900861 0.557162
vt 0.919397 0.569791
vt 0.901412 0.570209
vt 0.927705 0.545018
vt 0.931456 0.556455
vt 0.934264 0.569450
vt 0.884008 0.557559
vt 0.885244 0.545855
vt 0.869851 0.557896
vt 0.872604 0.546307
vt 0.883316 0.570635
vt 0.868114 0.570997
vt 0.887082 0.536501
vt 0.899836 0.535596
vt 0.888295 0.529687
vt 0.899400 0.528324
vt 0.876487 0.537359
vt 0.880520 0.532106
vt 0.912565 0.535905
vt 0.922983 0.536272
vt 0.910544 0.529167
vt 0.918393 0.531220
vt 0.689261 0.598213
vt 0.700458 0.598399
vt 0.700516 0.611734
vt 0.689473 0.611550
vt 0.700495 0.624814
vt 0.689889 0.624637
vt 0.710532 0.598399
vt 0.710453 0.611734
vt 0.710038 0.624814
vt 0.678945 0.610998
vt 0.678587 0.597652
vt 0.857493 0.598291
vt 0.857597 0.584718
vt 0.867279 0.584480
vt 0.867311 0.598049
vt 0.679778 0.624106
vt 0.858815 0.571226
vt 0.678692 0.584367
vt 0.689250 0.584921
vt 0.679251 0.571439
vt 0.689436 0.571974
vt 0.868174 0.611409
vt 0.858464 0.611648
vt 0.869835 0.624263
vt 0.860467 0.624493
vt 0.700324 0.585106
vt 0.710289 0.585106
vt 0.700120 0.572152
vt 0.709734 0.572152
vt 0.690379 0.548503
vt 0.699593 0.548586
vt 0.699850 0.559835
vt 0.689816 0.559667
vt 0.707919 0.548586
vt 0.708878 0.559835
vt 0.680251 0.559166
vt 0.681672 0.548255
vt 0.867720 0.647004
vt 0.863461 0.636532
vt 0.872258 0.636315
vt 0.875597 0.646677
vt 0.683494 0.539415
vt 0.691112 0.538981
vt 0.684965 0.532610
vt 0.691822 0.531415
vt 0.880003 0.654459
vt 0.873520 0.655151
vt 0.884425 0.658889
vt 0.881474 0.660925
vt 0.699431 0.538836
vt 0.707054 0.538836
vt 0.699444 0.531017
vt 0.706483 0.531018
vt 0.917571 0.136563
vt 0.928446 0.134825
vt 0.928316 0.145023
vt 0.917560 0.146742
vt 0.928264 0.155516
vt 0.917887 0.157174
vt 0.938401 0.134025
vt 0.938163 0.144232
vt 0.937763 0.154752
vt 0.907688 0.150098
vt 0.907589 0.139956
vt 0.946373 0.596212
vt 0.946373 0.609591
vt 0.937245 0.609793
vt 0.937144 0.596416
vt 0.908362 0.160412
vt 0.945278 0.622509
vt 0.936472 0.622704
vt 0.908081 0.130221
vt 0.917925 0.126874
vt 0.689296 0.749745
vt 0.678587 0.746047
vt 0.681102 0.738834
vt 0.691388 0.742386
vt 0.936155 0.582869
vt 0.945257 0.582668
vt 0.943006 0.569257
vt 0.928651 0.125160
vt 0.938470 0.124371
vt 0.918629 0.117914
vt 0.928930 0.116268
vt 0.938360 0.115510
vt 0.797758 0.601622
vt 0.797211 0.588061
vt 0.816004 0.587565
vt 0.816812 0.601120
vt 0.831663 0.587124
vt 0.832689 0.600673
vt 0.796668 0.574576
vt 0.814717 0.574100
vt 0.829756 0.573677
vt 0.817141 0.614469
vt 0.798295 0.614965
vt 0.816994 0.627315
vt 0.798812 0.627794
vt 0.832845 0.614026
vt 0.832144 0.626889
vt 0.779449 0.615437
vt 0.778703 0.602099
vt 0.763742 0.615801
vt 0.762823 0.602468
vt 0.780630 0.628249
vt 0.765476 0.628601
vt 0.778418 0.588531
vt 0.778618 0.575027
vt 0.762755 0.588894
vt 0.763576 0.575377
vt 0.902463 0.597217
vt 0.902943 0.610586
vt 0.884047 0.611030
vt 0.883359 0.597667
vt 0.903378 0.623469
vt 0.885148 0.623898
vt 0.883107 0.584103
vt 0.901950 0.583660
vt 0.920676 0.583224
vt 0.921450 0.596776
vt 0.921722 0.610149
vt 0.921496 0.623047
vt 0.926555 0.214297
vt 0.933874 0.214186
vt 0.936070 0.220281
vt 0.928694 0.220237
vt 0.692316 0.526121
vt 0.699713 0.525561
vt 0.940366 0.213664
vt 0.942677 0.219750
vt 0.706400 0.525561
vt 0.921598 0.218896
vt 0.919364 0.213445
vt 0.904245 0.665212
vt 0.892195 0.664279
vt 0.892663 0.660655
vt 0.904319 0.661349
vt 0.685333 0.527800
vt 0.917796 0.206146
vt 0.924564 0.206383
vt 0.916190 0.197848
vt 0.922716 0.197281
vt 0.915857 0.660112
vt 0.916184 0.663718
vt 0.911851 0.204176
vt 0.912072 0.198292
vt 0.931829 0.206059
vt 0.938437 0.205528
vt 0.930164 0.196668
vt 0.937119 0.196109
vt 0.947043 0.175683
vt 0.942723 0.175392
vt 0.943683 0.164828
vt 0.948369 0.165226
vt 0.944655 0.154199
vt 0.949645 0.154622
vt 0.936754 0.175872
vt 0.937211 0.165349
vt 0.760007 0.651320
vt 0.755178 0.640746
vt 0.759450 0.640733
vt 0.763790 0.651113
vt 0.767990 0.640572
vt 0.771434 0.650838
vt 0.751833 0.628787
vt 0.756383 0.628772
vt 0.950326 0.177332
vt 0.949059 0.186573
vt 0.946060 0.185767
vt 0.948601 0.195243
vt 0.945819 0.195424
vt 0.775957 0.658524
vt 0.769674 0.659167
vt 0.780483 0.662879
vt 0.777690 0.664862
vt 0.942106 0.185735
vt 0.936641 0.186175
vt 0.942165 0.195704
vt 0.799724 0.650416
vt 0.784281 0.650671
vt 0.782221 0.640241
vt 0.799296 0.639814
vt 0.816371 0.639364
vt 0.815155 0.649878
vt 0.830599 0.638963
vt 0.827989 0.649385
vt 0.813228 0.658119
vt 0.800069 0.658992
vt 0.811887 0.664028
vt 0.800323 0.665290
vt 0.824094 0.657287
vt 0.819928 0.661866
vt 0.786867 0.658796
vt 0.788682 0.664624
vt 0.904060 0.646269
vt 0.888578 0.646501
vt 0.886639 0.635972
vt 0.903759 0.635570
vt 0.920774 0.635174
vt 0.919438 0.645779
vt 0.934838 0.634851
vt 0.932126 0.645355
vt 0.917371 0.654112
vt 0.904252 0.654949
vt 0.928118 0.653334
vt 0.923852 0.657966
vt 0.891021 0.654728
vt 0.699589 0.687519
vt 0.706611 0.687413
vt 0.706602 0.697166
vt 0.699561 0.697028
vt 0.706278 0.707430
vt 0.698968 0.706995
vt 0.712711 0.687608
vt 0.712833 0.697365
vt 0.712901 0.707642
vt 0.692610 0.697069
vt 0.692399 0.688281
vt 0.686150 0.698500
vt 0.685536 0.690036
vt 0.692100 0.706172
vt 0.687289 0.705123
vt 0.692355 0.680743
vt 0.699285 0.679360
vt 0.691617 0.675296
vt 0.698443 0.673423
vt 0.685901 0.682595
vt 0.887653 0.525601
vt 0.877630 0.529945
vt 0.706319 0.679051
vt 0.712550 0.679250
vt 0.705739 0.672959
vt 0.712362 0.673171
vt 0.795660 0.549563
vt 0.810716 0.549319
vt 0.812948 0.561020
vt 0.796140 0.561463
vt 0.823234 0.549119
vt 0.826955 0.560626
vt 0.779330 0.561884
vt 0.780616 0.550092
vt 0.765321 0.562209
vt 0.768108 0.550535
vt 0.782541 0.540645
vt 0.795264 0.539716
vt 0.783882 0.533739
vt 0.794967 0.532349
vt 0.772052 0.541500
vt 0.776156 0.536178
vt 0.808035 0.539990
vt 0.818570 0.540305
vt 0.806141 0.533167
vt 0.814047 0.535204
vt 0.718361 0.648389
vt 0.714253 0.648608
vt 0.715726 0.637340
vt 0.720226 0.637175
vt 0.716962 0.624814
vt 0.721793 0.624637
vt 0.708376 0.648608
vt 0.709278 0.637340
vt 0.834334 0.548316
vt 0.839555 0.560150
vt 0.835357 0.560353
vt 0.830668 0.548725
vt 0.843286 0.573166
vt 0.838778 0.573383
vt 0.824584 0.539497
vt 0.827398 0.538436
vt 0.816615 0.532855
vt 0.818432 0.531076
vt 0.716574 0.657505
vt 0.712843 0.657916
vt 0.707536 0.657916
vt 0.715230 0.663939
vt 0.711795 0.664559
vt 0.706964 0.664559
vt 0.695683 0.725624
vt 0.704678 0.726753
vt 0.703463 0.735611
vt 0.693568 0.734294
vt 0.702013 0.743800
vt 0.712734 0.727011
vt 0.712302 0.735894
vt 0.711504 0.744103
vt 0.683989 0.730987
vt 0.687023 0.722821
vt 0.934905 0.544708
vt 0.939597 0.556275
vt 0.689982 0.714653
vt 0.697579 0.716525
vt 0.679944 0.717348
vt 0.683946 0.710418
vt 0.705627 0.717326
vt 0.712901 0.717559
vt 0.756966 0.550303
vt 0.760658 0.550523
vt 0.756914 0.562367
vt 0.752708 0.562381
vt 0.754549 0.575547
vt 0.750033 0.575561
vt 0.722592 0.726484
vt 0.723118 0.735240
vt 0.718714 0.736099
vt 0.718579 0.727198
vt 0.723118 0.743401
vt 0.718389 0.744323
vt 0.718178 0.717727
vt 0.721801 0.717300
vt 0.717705 0.707795
vt 0.721017 0.707700
vt 0.763092 0.540087
vt 0.765986 0.541002
vt 0.771448 0.532283
vt 0.773404 0.533965
vt 0.691304 0.648389
vt 0.682815 0.647732
vt 0.681097 0.636681
vt 0.690513 0.637175
vt 0.864928 0.546345
vt 0.861191 0.558109
vt 0.700390 0.637340
vt 0.700275 0.648608
vt 0.700223 0.657916
vt 0.692220 0.657505
vt 0.700306 0.664559
vt 0.693061 0.663939
vt 0.684848 0.656271
vt 0.870231 0.536908
vt 0.686470 0.662082
vt 0.794695 0.525601
vt 0.794787 0.527887
vt 0.783418 0.529571
vt 0.782393 0.527440
vt 0.720273 0.688180
vt 0.720519 0.697699
vt 0.717354 0.697510
vt 0.717137 0.687749
vt 0.717070 0.679395
vt 0.720243 0.680031
vt 0.717166 0.673324
vt 0.720492 0.674128
vt 0.807119 0.526805
vt 0.806268 0.528984
vt 0.919572 0.177891
vt 0.911420 0.180459
vt 0.909600 0.170664
vt 0.918545 0.167623
vt 0.939536 0.645324
vt 0.943108 0.634669
vt 0.928290 0.166066
vt 0.928527 0.176533
vt 0.929108 0.186780
vt 0.921007 0.187780
vt 0.913840 0.189403
vt 0.908794 0.192845
vt 0.905522 0.184994
vt 0.800549 0.670905
vt 0.800475 0.669059
vt 0.812426 0.667545
vt 0.813535 0.669253
vt 0.822875 0.663701
vt 0.824980 0.665016
vt 0.948492 0.212534
vt 0.950853 0.218456
vt 0.947471 0.219365
vt 0.945076 0.213285
vt 0.714740 0.526121
vt 0.715203 0.531416
vt 0.711588 0.531017
vt 0.711251 0.525561
vt 0.943231 0.205143
vt 0.946722 0.204602
vt 0.787457 0.669923
vt 0.788426 0.668161
vt 0.949422 0.203604
vt 0.748525 0.602662
vt 0.753293 0.602647
vt 0.754316 0.615979
vt 0.749600 0.615994
vt 0.950853 0.133888
vt 0.950478 0.144096
vt 0.945306 0.143657
vt 0.945624 0.133444
vt 0.945593 0.123799
vt 0.950751 0.124236
vt 0.945202 0.114960
vt 0.950155 0.115380
vt 0.748654 0.589086
vt 0.753356 0.589072
vt 0.839431 0.649280
vt 0.835639 0.649268
vt 0.839134 0.638686
vt 0.843399 0.638480
vt 0.841233 0.626593
vt 0.845774 0.626374
vt 0.718180 0.548503
vt 0.719999 0.559668
vt 0.715428 0.559835
vt 0.713959 0.548586
vt 0.721576 0.571974
vt 0.716708 0.572152
vt 0.712585 0.538836
vt 0.716465 0.538981
vt 0.833452 0.658242
vt 0.830416 0.657607
vt 0.846973 0.600134
vt 0.842213 0.600363
vt 0.841057 0.586819
vt 0.845751 0.586592
vt 0.722942 0.598213
vt 0.722692 0.611550
vt 0.717662 0.611734
vt 0.717841 0.598399
vt 0.717518 0.585106
vt 0.722563 0.584921
vt 0.846973 0.613493
vt 0.842265 0.613720
vt 0.948158 0.418753
vt 0.936695 0.418817
vt 0.936989 0.408707
vt 0.948268 0.408641
vt 0.937847 0.398819
vt 0.948593 0.398746
vt 0.926929 0.419483
vt 0.927380 0.409367
vt 0.928689 0.399460
vt 0.948264 0.428855
vt 0.936958 0.428921
vt 0.927325 0.429583
vt 0.948587 0.438721
vt 0.937772 0.438796
vt 0.928555 0.439443
vt 0.949740 0.456622
vt 0.940856 0.456616
vt 0.939131 0.448215
vt 0.949129 0.448127
vt 0.933296 0.457089
vt 0.930607 0.448838
vt 0.950269 0.463760
vt 0.942765 0.463436
vt 0.936434 0.463515
vt 0.950597 0.469377
vt 0.944060 0.468688
vt 0.939279 0.467396
vt 0.974287 0.067241
vt 0.962669 0.067146
vt 0.962844 0.059396
vt 0.974303 0.059496
vt 0.963458 0.051410
vt 0.974423 0.051523
vt 0.952101 0.064304
vt 0.952416 0.056581
vt 0.953473 0.048680
vt 0.974369 0.074579
vt 0.962937 0.074480
vt 0.952536 0.071673
vt 0.974543 0.081328
vt 0.963649 0.081218
vt 0.882268 0.045128
vt 0.884710 0.035081
vt 0.891517 0.035739
vt 0.889357 0.045806
vt 0.914265 0.058034
vt 0.915405 0.047795
vt 0.929625 0.048769
vt 0.928683 0.059022
vt 0.941483 0.049505
vt 0.940706 0.059770
vt 0.916533 0.037654
vt 0.930191 0.038588
vt 0.941580 0.039291
vt 0.927400 0.069124
vt 0.913139 0.068148
vt 0.925810 0.078852
vt 0.912052 0.077911
vt 0.939292 0.069862
vt 0.937284 0.079560
vt 0.898887 0.067101
vt 0.899855 0.056977
vt 0.887018 0.066153
vt 0.887855 0.056019
vt 0.898302 0.076900
vt 0.886852 0.075982
vt 0.901192 0.046752
vt 0.902884 0.036650
vt 0.971545 0.008551
vt 0.964660 0.009959
vt 0.963339 0.005812
vt 0.969794 0.004200
vt 0.950601 0.473313
vt 0.943941 0.472384
vt 0.958181 0.012795
vt 0.957283 0.008633
vt 0.937727 0.469605
vt 0.973069 0.014393
vt 0.966435 0.015449
vt 0.960277 0.017950
vt 0.974183 0.021143
vt 0.967605 0.021781
vt 0.962613 0.022206
vt 0.974806 0.035657
vt 0.974651 0.043501
vt 0.964510 0.043367
vt 0.965796 0.035603
vt 0.955264 0.040780
vt 0.957589 0.033343
vt 0.967110 0.028453
vt 0.974706 0.028217
vt 0.960248 0.026832
vt 0.910125 0.095224
vt 0.898463 0.094260
vt 0.898117 0.086150
vt 0.911029 0.087102
vt 0.888772 0.093369
vt 0.887364 0.085282
vt 0.923950 0.087983
vt 0.921818 0.095918
vt 0.934726 0.088642
vt 0.931554 0.096404
vt 0.919415 0.102055
vt 0.909395 0.101784
vt 0.917725 0.106421
vt 0.908864 0.106560
vt 0.927706 0.102143
vt 0.924040 0.105312
vt 0.899473 0.100640
vt 0.891292 0.099559
vt 0.900172 0.105175
vt 0.955464 0.022494
vt 0.976619 0.404048
vt 0.970146 0.403398
vt 0.970321 0.396745
vt 0.976485 0.397018
vt 0.970335 0.389847
vt 0.976428 0.389676
vt 0.964273 0.401784
vt 0.964778 0.395394
vt 0.966082 0.390439
vt 0.976813 0.410088
vt 0.970633 0.409137
vt 0.965082 0.407466
vt 0.977051 0.414474
vt 0.970923 0.413280
vt 0.928968 0.004200
vt 0.936328 0.007812
vt 0.934117 0.009453
vt 0.928386 0.007406
vt 0.918617 0.018935
vt 0.929992 0.019823
vt 0.930346 0.028701
vt 0.917627 0.027833
vt 0.939457 0.020510
vt 0.940953 0.029350
vt 0.904915 0.026896
vt 0.907223 0.018207
vt 0.894330 0.026042
vt 0.897756 0.017551
vt 0.909748 0.011301
vt 0.919438 0.011561
vt 0.911547 0.006211
vt 0.920056 0.006005
vt 0.901755 0.011103
vt 0.905454 0.007419
vt 0.929033 0.012669
vt 0.936944 0.013600
vt 0.949739 0.380905
vt 0.949132 0.389291
vt 0.939273 0.389377
vt 0.941057 0.381107
vt 0.930869 0.389989
vt 0.933674 0.381776
vt 0.942991 0.374736
vt 0.950268 0.374214
vt 0.944313 0.370411
vt 0.950601 0.369555
vt 0.936864 0.375646
vt 0.941580 0.013325
vt 0.976653 0.376018
vt 0.968130 0.377114
vt 0.967353 0.370874
vt 0.977051 0.369555
vt 0.974806 0.087308
vt 0.964807 0.087180
vt 0.892157 0.016875
vt 0.887991 0.025420
vt 0.976465 0.382700
vt 0.969364 0.383370
vt 0.963593 0.386312
vt 0.961122 0.380946
vn -1.0000 0.0000 0.0000
vn 0.0000 0.0000 -1.0000
vn 1.0000 0.0000 0.0000
vn 0.0000 0.0000 1.0000
vn 0.0000 -1.0000 0.0000
vn 0.0000 1.0000 0.0000
vn 0.5878 0.0000 -0.8090
vn 0.3090 0.0000 -0.9511
vn 0.8090 0.0000 -0.5878
vn 0.9511 0.0000 -0.3090
vn 0.9511 0.0000 0.3090
vn 0.8090 0.0000 0.5878
vn 0.5878 0.0000 0.8090
vn 0.3090 0.0000 0.9511
vn -0.3090 0.0000 0.9511
vn -0.5878 0.0000 0.8090
vn -0.8090 0.0000 0.5878
vn -0.9511 0.0000 0.3090
vn -0.9511 0.0000 -0.3090
vn -0.8090 0.0000 -0.5878
vn -0.5878 0.0000 -0.8090
vn -0.3090 0.0000 -0.9511
vn -0.6853 0.6934 0.2227
vn -0.7210 0.6930 -0.0000
vn -0.4235 0.6934 0.5829
vn -0.5833 0.6930 0.4238
vn -0.6853 0.6934 -0.2227
vn -0.0000 0.6934 0.7205
vn -0.2228 0.6930 0.6857
vn 0.4235 0.6934 0.5829
vn 0.2228 0.6930 0.6857
vn 0.6853 0.6934 0.2227
vn 0.5833 0.6930 0.4238
vn 0.0000 0.6934 -0.7205
vn 0.2228 0.6930 -0.6857
vn 0.6853 0.6934 -0.2227
vn 0.7210 0.6930 0.0000
vn 0.4235 0.6934 -0.5829
vn 0.5833 0.6930 -0.4238
vn -0.4235 0.6934 -0.5829
vn -0.2228 0.6930 -0.6857
vn -0.5833 0.6930 -0.4238
vn -0.4472 0.0001 0.8944
vn -0.4472 0.0000 0.8944
vn -0.4472 0.0003 0.8944
vn -0.8944 0.0002 0.4472
vn -0.8944 0.0005 0.4472
vn -0.8944 0.0001 0.4472
vn 0.8944 -0.0002 0.4472
vn 0.8944 -0.0001 0.4472
vn 0.8944 -0.0005 0.4472
vn 0.4472 -0.0001 0.8944
vn 0.4472 -0.0003 0.8944
vn 0.4472 -0.0000 0.8944
vn 0.4472 -0.0001 -0.8944
vn 0.4472 -0.0000 -0.8944
vn 0.4472 -0.0003 -0.8944
vn 0.8944 -0.0002 -0.4472
vn 0.8944 -0.0005 -0.4472
vn 0.8944 -0.0001 -0.4472
vn -0.8944 0.0002 -0.4472
vn -0.8944 0.0001 -0.4472
vn -0.8944 0.0005 -0.4472
vn -0.4472 0.0001 -0.8944
vn -0.4472 0.0003 -0.8944
vn -0.4472 0.0000 -0.8944
vn -0.4472 0.0007 0.8944
vn -0.4472 0.0015 0.8944
vn -0.8944 0.0014 0.4472
vn -0.8944 0.0030 0.4472
vn 0.8944 -0.0014 0.4472
vn 0.8944 -0.0030 0.4472
vn 0.4472 -0.0007 0.8944
vn 0.4472 -0.0015 0.8944
vn 0.4472 -0.0007 -0.8944
vn 0.4472 -0.0015 -0.8944
vn 0.8944 -0.0014 -0.4472
vn 0.8944 -0.0030 -0.4472
vn -0.8944 0.0014 -0.4472
vn -0.8944 0.0030 -0.4472
vn -0.4472 0.0007 -0.8944
vn -0.4472 0.0015 -0.8944
vn -0.4472 0.0029 0.8944
vn -0.4472 0.0052 0.8944
vn -0.8944 0.0059 0.4472
vn -0.8944 0.0104 0.4472
vn 0.8944 -0.0059 0.4472
vn 0.8944 -0.0104 0.4472
vn 0.4472 -0.0029 0.8944
vn 0.4472 -0.0052 0.8944
vn 0.4472 -0.0029 -0.8944
vn 0.4472 -0.0052 -0.8944
vn 0.8944 -0.0059 -0.4472
vn 0.8944 -0.0104 -0.4472
vn -0.8944 0.0059 -0.4472
vn -0.8944 0.0104 -0.4472
vn -0.4472 0.0029 -0.8944
vn -0.4472 0.0052 -0.8944
vn -0.4472 0.0086 0.8944
vn -0.4471 0.0134 0.8944
vn -0.8943 0.0172 0.4472
vn -0.8940 0.0268 0.4472
vn 0.8943 -0.0172 0.4472
vn 0.8940 -0.0268 0.4472
vn 0.4472 -0.0086 0.8944
vn 0.4471 -0.0134 0.8944
vn 0.4472 -0.0086 -0.8944
vn 0.4470 -0.0134 -0.8944
vn 0.8943 -0.0172 -0.4472
vn 0.8940 -0.0268 -0.4472
vn -0.8943 0.0172 -0.4472
vn -0.8940 0.0268 -0.4472
vn -0.4472 0.0086 -0.8944
vn -0.4471 0.0134 -0.8944
vn -0.4468 0.0200 0.8944
vn -0.4464 0.0287 0.8944
vn -0.8936 0.0400 0.4471
vn -0.8926 0.0574 0.4471
vn 0.8936 -0.0399 0.4471
vn 0.8926 -0.0573 0.4471
vn 0.4468 -0.0200 0.8944
vn 0.4464 -0.0287 0.8944
vn 0.4468 -0.0200 -0.8944
vn 0.4464 -0.0287 -0.8944
vn 0.8936 -0.0399 -0.4471
vn 0.8926 -0.0573 -0.4471
vn -0.8936 0.0400 -0.4471
vn -0.8926 0.0574 -0.4471
vn -0.4468 0.0200 -0.8944
vn -0.4464 0.0287 -0.8944
vn -0.4456 0.0400 0.8943
vn -0.4456 0.0399 0.8943
vn -0.4442 0.0541 0.8943
vn -0.8909 0.0799 0.4470
vn -0.8880 0.1082 0.4470
vn -0.8880 0.1083 0.4470
vn 0.8909 -0.0798 0.4470
vn 0.8880 -0.1080 0.4470
vn 0.8880 -0.1081 0.4470
vn 0.4456 -0.0399 0.8943
vn 0.4442 -0.0541 0.8943
vn 0.4456 -0.0399 -0.8943
vn 0.4442 -0.0541 -0.8943
vn 0.8909 -0.0798 -0.4470
vn 0.8880 -0.1081 -0.4470
vn 0.8880 -0.1080 -0.4470
vn -0.8909 0.0799 -0.4470
vn -0.8880 0.1083 -0.4470
vn -0.8880 0.1082 -0.4470
vn -0.4456 0.0400 -0.8943
vn -0.4442 0.0541 -0.8943
vn -0.4456 0.0399 -0.8943
vn -0.4418 0.0717 0.8942
vn -0.4418 0.0716 0.8942
vn -0.4380 0.0929 0.8941
vn -0.4380 0.0930 0.8941
vn -0.8831 0.1433 0.4468
vn -0.8752 0.1858 0.4467
vn 0.8831 -0.1430 0.4468
vn 0.8753 -0.1854 0.4467
vn 0.8753 -0.1855 0.4467
vn 0.4418 -0.0716 0.8942
vn 0.4380 -0.0928 0.8941
vn 0.4380 -0.0929 0.8941
vn 0.4418 -0.0716 -0.8942
vn 0.4380 -0.0929 -0.8941
vn 0.4380 -0.0928 -0.8941
vn 0.8831 -0.1430 -0.4468
vn 0.8753 -0.1855 -0.4467
vn 0.8753 -0.1854 -0.4467
vn -0.8831 0.1433 -0.4468
vn -0.8752 0.1858 -0.4467
vn -0.4418 0.0717 -0.8942
vn -0.4380 0.0930 -0.8941
vn -0.4380 0.0929 -0.8941
vn -0.4418 0.0716 -0.8942
vn -0.4320 0.1184 0.8940
vn -0.4321 0.1183 0.8940
vn -0.4231 0.1481 0.8939
vn -0.4230 0.1483 0.8939
vn -0.8630 0.2366 0.4464
vn -0.8446 0.2960 0.4462
vn -0.8445 0.2961 0.4462
vn -0.8629 0.2367 0.4464
vn 0.8631 -0.2362 0.4464
vn 0.8631 -0.2361 0.4464
vn 0.8448 -0.2954 0.4462
vn 0.8448 -0.2955 0.4462
vn 0.4321 -0.1182 0.8940
vn 0.4231 -0.1480 0.8939
vn 0.4231 -0.1481 0.8939
vn 0.4321 -0.1183 0.8940
vn 0.4321 -0.1182 -0.8940
vn 0.4321 -0.1183 -0.8940
vn 0.4231 -0.1481 -0.8939
vn 0.4231 -0.1480 -0.8939
vn 0.8631 -0.2362 -0.4464
vn 0.8448 -0.2955 -0.4462
vn 0.8448 -0.2954 -0.4462
vn 0.8631 -0.2361 -0.4464
vn -0.8630 0.2366 -0.4464
vn -0.8629 0.2367 -0.4464
vn -0.8445 0.2961 -0.4462
vn -0.8446 0.2960 -0.4462
vn -0.4320 0.1184 -0.8940
vn -0.4230 0.1483 -0.8939
vn -0.4231 0.1481 -0.8939
vn -0.4321 0.1183 -0.8940
vn -0.4099 0.1822 0.8938
vn -0.4099 0.1821 0.8938
vn -0.3915 0.2194 0.8936
vn -0.3915 0.2195 0.8936
vn -0.8179 0.3637 0.4459
vn -0.7809 0.4378 0.4456
vn -0.7808 0.4379 0.4456
vn -0.8178 0.3638 0.4459
vn 0.8181 -0.3632 0.4459
vn 0.8182 -0.3630 0.4459
vn 0.7812 -0.4373 0.4456
vn 0.7811 -0.4374 0.4456
vn 0.4100 -0.1820 0.8938
vn 0.3916 -0.2193 0.8936
vn 0.3915 -0.2194 0.8936
vn 0.4099 -0.1821 0.8938
vn 0.4100 -0.1820 -0.8938
vn 0.4099 -0.1821 -0.8938
vn 0.3915 -0.2194 -0.8936
vn 0.3916 -0.2193 -0.8936
vn 0.8181 -0.3632 -0.4459
vn 0.7811 -0.4374 -0.4456
vn 0.7812 -0.4373 -0.4456
vn 0.8182 -0.3630 -0.4459
vn -0.8179 0.3637 -0.4459
vn -0.8178 0.3638 -0.4459
vn -0.7808 0.4379 -0.4456
vn -0.7809 0.4378 -0.4456
vn -0.4099 0.1822 -0.8938
vn -0.3915 0.2195 -0.8936
vn -0.3915 0.2194 -0.8936
vn -0.4099 0.1821 -0.8938
vn -0.3673 0.2583 0.8935
vn -0.3374 0.2965 0.8935
vn -0.3374 0.2964 0.8935
vn -0.7323 0.5151 0.4454
vn -0.6726 0.5910 0.4453
vn 0.7325 -0.5149 0.4454
vn 0.7325 -0.5148 0.4454
vn 0.6726 -0.5911 0.4453
vn 0.6726 -0.5910 0.4453
vn 0.3673 -0.2582 0.8935
vn 0.3374 -0.2965 0.8935
vn 0.3374 -0.2964 0.8935
vn 0.3673 -0.2583 0.8935
vn 0.3673 -0.2582 -0.8935
vn 0.3673 -0.2583 -0.8935
vn 0.3374 -0.2964 -0.8935
vn 0.3374 -0.2965 -0.8935
vn 0.7325 -0.5149 -0.4454
vn 0.6726 -0.5910 -0.4453
vn 0.6726 -0.5911 -0.4453
vn 0.7325 -0.5148 -0.4454
vn -0.7323 0.5151 -0.4454
vn -0.6726 0.5910 -0.4453
vn -0.3673 0.2583 -0.8935
vn -0.3374 0.2964 -0.8935
vn -0.3374 0.2965 -0.8935
vn -0.3031 0.3314 0.8935
vn -0.3030 0.3316 0.8935
vn -0.2661 0.3616 0.8935
vn -0.2663 0.3615 0.8935
vn -0.6041 0.6608 0.4453
vn -0.5309 0.7209 0.4455
vn -0.5311 0.7208 0.4455
vn -0.6043 0.6607 0.4453
vn 0.6040 -0.6610 0.4453
vn 0.6039 -0.6611 0.4453
vn 0.5304 -0.7213 0.4454
vn 0.5306 -0.7211 0.4454
vn 0.3029 -0.3316 0.8935
vn 0.2660 -0.3617 0.8935
vn 0.2662 -0.3615 0.8935
vn 0.3030 -0.3315 0.8935
vn 0.3029 -0.3316 -0.8935
vn 0.3030 -0.3315 -0.8935
vn 0.2662 -0.3615 -0.8935
vn 0.2660 -0.3617 -0.8935
vn 0.6040 -0.6610 -0.4453
vn 0.5306 -0.7211 -0.4454
vn 0.5304 -0.7213 -0.4454
vn 0.6039 -0.6611 -0.4453
vn -0.6041 0.6608 -0.4453
vn -0.6043 0.6607 -0.4453
vn -0.5311 0.7208 -0.4455
vn -0.5309 0.7209 -0.4455
vn -0.3031 0.3314 -0.8935
vn -0.2663 0.3615 -0.8935
vn -0.2661 0.3616 -0.8935
vn -0.3030 0.3316 -0.8935
vn -0.2295 0.3857 0.8937
vn -0.2292 0.3858 0.8937
vn -0.1942 0.4043 0.8938
vn -0.1944 0.4042 0.8938
vn -0.4575 0.7694 0.4457
vn -0.3879 0.8067 0.4459
vn -0.3881 0.8066 0.4459
vn -0.4577 0.7693 0.4457
vn 0.4572 -0.7697 0.4457
vn 0.4570 -0.7698 0.4457
vn 0.3873 -0.8069 0.4459
vn 0.3875 -0.8068 0.4459
vn 0.2291 -0.3859 0.8937
vn 0.1941 -0.4043 0.8938
vn 0.1943 -0.4042 0.8938
vn 0.2293 -0.3857 0.8937
vn 0.2291 -0.3859 -0.8937
vn 0.2293 -0.3857 -0.8937
vn 0.1943 -0.4042 -0.8938
vn 0.1941 -0.4043 -0.8938
vn 0.4572 -0.7697 -0.4457
vn 0.3875 -0.8068 -0.4459
vn 0.3873 -0.8069 -0.4459
vn 0.4570 -0.7698 -0.4457
vn -0.4575 0.7694 -0.4457
vn -0.4577 0.7693 -0.4457
vn -0.3881 0.8066 -0.4459
vn -0.3879 0.8067 -0.4459
vn -0.2295 0.3857 -0.8936
vn -0.1944 0.4042 -0.8938
vn -0.1942 0.4043 -0.8938
vn -0.2292 0.3858 -0.8936
vn -0.1626 0.4177 0.8939
vn -0.1624 0.4177 0.8939
vn -0.1345 0.4273 0.8940
vn -0.1346 0.4273 0.8940
vn -0.3245 0.8340 0.4462
vn -0.2688 0.8535 0.4464
vn -0.2689 0.8534 0.4464
vn -0.3247 0.8339 0.4462
vn 0.3243 -0.8341 0.4462
vn 0.3241 -0.8342 0.4462
vn 0.2685 -0.8536 0.4464
vn 0.2686 -0.8536 0.4464
vn 0.1623 -0.4178 0.8939
vn 0.1344 -0.4273 0.8940
vn 0.1346 -0.4273 0.8940
vn 0.1625 -0.4177 0.8939
vn 0.1623 -0.4178 -0.8939
vn 0.1625 -0.4177 -0.8939
vn 0.1346 -0.4273 -0.8940
vn 0.1344 -0.4273 -0.8941
vn 0.3243 -0.8341 -0.4462
vn 0.2686 -0.8536 -0.4464
vn 0.2685 -0.8536 -0.4464
vn 0.3241 -0.8342 -0.4462
vn -0.3245 0.8340 -0.4462
vn -0.3247 0.8339 -0.4462
vn -0.2689 0.8534 -0.4464
vn -0.2688 0.8535 -0.4464
vn -0.1626 0.4177 -0.8939
vn -0.1346 0.4273 -0.8940
vn -0.1345 0.4273 -0.8940
vn -0.1624 0.4177 -0.8939
vn -0.1160 0.4325 0.8941
vn -0.1104 0.4338 0.8942
vn -0.2318 0.8642 0.4466
vn -0.2207 0.8670 0.4468
vn 0.2316 -0.8642 0.4466
vn 0.2317 -0.8642 0.4466
vn 0.2206 -0.8670 0.4468
vn 0.1160 -0.4325 0.8941
vn 0.1104 -0.4338 0.8942
vn 0.1160 -0.4325 -0.8941
vn 0.1104 -0.4338 -0.8942
vn 0.2316 -0.8642 -0.4466
vn 0.2206 -0.8670 -0.4468
vn 0.2317 -0.8642 -0.4466
vn -0.2318 0.8642 -0.4466
vn -0.2207 0.8670 -0.4468
vn -0.1160 0.4325 -0.8941
vn -0.1104 0.4338 -0.8942
vn -0.3877 0.9218 0.0000
vn -0.3964 0.8954 0.2027
vn -0.3043 0.9303 0.2048
vn -0.3002 0.9539 0.0000
vn -0.2411 0.9483 0.2065
vn -0.2396 0.9709 0.0000
vn -0.4209 0.7647 0.4878
vn -0.3147 0.8048 0.5033
vn -0.2413 0.8261 0.5093
vn -0.3043 0.9303 -0.2048
vn -0.3964 0.8954 -0.2027
vn -0.3147 0.8048 -0.5033
vn -0.4209 0.7647 -0.4878
vn -0.2411 0.9483 -0.2065
vn -0.2413 0.8261 -0.5093
vn -0.5341 0.8210 -0.2017
vn -0.5268 0.8500 0.0000
vn -0.7211 0.6575 -0.2186
vn -0.7359 0.6771 0.0000
vn -0.5626 0.6946 -0.4484
vn -0.6887 0.6110 -0.3903
vn -0.5341 0.8210 0.2017
vn -0.5626 0.6946 0.4484
vn -0.7211 0.6575 0.2186
vn -0.6887 0.6110 0.3903
vn -0.0414 0.2695 -0.9621
vn -0.0135 0.0685 -0.9976
vn -0.0870 0.0580 -0.9945
vn -0.1129 0.2587 -0.9593
vn -0.1640 0.0466 -0.9854
vn -0.1876 0.2459 -0.9510
vn -0.0039 -0.0005 -1.0000
vn -0.0783 -0.0109 -0.9969
vn -0.1562 -0.0218 -0.9875
vn -0.1504 0.5604 -0.8144
vn -0.0833 0.5712 -0.8166
vn -0.1801 0.8396 -0.5124
vn -0.1216 0.8495 -0.5134
vn -0.2205 0.5462 -0.8081
vn -0.0158 0.5795 -0.8149
vn 0.0303 0.2788 -0.9599
vn 0.0558 0.5853 -0.8089
vn 0.1060 0.2872 -0.9520
vn -0.0628 0.8563 -0.5126
vn 0.0001 0.8603 -0.5097
vn 0.0601 0.0786 -0.9951
vn 0.0705 0.0098 -0.9975
vn 0.1377 0.0888 -0.9865
vn 0.1489 0.0208 -0.9886
vn 0.3606 0.3046 -0.8816
vn 0.3960 0.1196 -0.9104
vn 0.2410 0.1015 -0.9652
vn 0.2068 0.2950 -0.9328
vn 0.4085 0.0570 -0.9110
vn 0.2531 0.0353 -0.9668
vn 0.1503 0.5875 -0.7951
vn 0.2968 0.5846 -0.7551
vn 0.0822 0.8600 -0.5036
vn 0.2131 0.8480 -0.4852
vn 0.4916 0.5731 -0.6557
vn 0.5674 0.3199 -0.7588
vn 0.6803 0.5640 -0.4680
vn 0.7758 0.3382 -0.5326
vn 0.3929 0.8093 -0.4366
vn 0.5532 0.7475 -0.3677
vn 0.6036 0.1444 -0.7841
vn 0.6151 0.0858 -0.7838
vn 0.8177 0.1713 -0.5496
vn 0.8278 0.1155 -0.5490
vn -0.0414 0.2695 0.9621
vn -0.0135 0.0685 0.9976
vn 0.0601 0.0786 0.9951
vn 0.0303 0.2788 0.9599
vn 0.1377 0.0888 0.9865
vn 0.1060 0.2872 0.9520
vn -0.0039 -0.0005 1.0000
vn 0.0705 0.0098 0.9975
vn 0.1489 0.0208 0.9886
vn -0.0158 0.5795 0.8149
vn -0.0833 0.5712 0.8166
vn -0.0628 0.8563 0.5126
vn -0.1216 0.8495 0.5134
vn 0.0558 0.5853 0.8089
vn 0.0001 0.8603 0.5097
vn -0.1504 0.5604 0.8144
vn -0.1129 0.2587 0.9593
vn -0.2205 0.5462 0.8081
vn -0.1876 0.2459 0.9510
vn -0.1801 0.8396 0.5124
vn -0.0870 0.0580 0.9945
vn -0.0783 -0.0109 0.9969
vn -0.1640 0.0466 0.9854
vn -0.1562 -0.0218 0.9875
vn 0.1355 -0.9908 -0.0000
vn 0.0849 -0.9964 -0.0000
vn 0.0840 -0.9953 -0.0478
vn 0.1353 -0.9896 -0.0478
vn 0.0789 -0.9870 -0.1397
vn 0.1339 -0.9811 -0.1400
vn 0.0309 -0.9995 0.0000
vn 0.0292 -0.9984 -0.0476
vn 0.0203 -0.9901 -0.1391
vn 0.1863 -0.9813 -0.0478
vn 0.1858 -0.9826 0.0000
vn 0.2401 -0.9696 -0.0476
vn 0.2389 -0.9711 0.0000
vn 0.1885 -0.9721 -0.1398
vn 0.2461 -0.9592 -0.1392
vn 0.1863 -0.9813 0.0478
vn 0.1353 -0.9896 0.0478
vn 0.1885 -0.9721 0.1398
vn 0.1339 -0.9811 0.1400
vn 0.2401 -0.9696 0.0476
vn 0.2461 -0.9592 0.1392
vn 0.0840 -0.9953 0.0478
vn 0.0292 -0.9984 0.0476
vn 0.0789 -0.9870 0.1397
vn 0.0203 -0.9901 0.1391
vn -0.1407 0.9901 -0.0000
vn -0.0922 0.9957 -0.0000
vn -0.0871 0.9744 -0.2075
vn -0.1378 0.9684 -0.2077
vn -0.0402 0.9992 -0.0000
vn -0.0328 0.9779 -0.2067
vn -0.1881 0.9600 -0.2074
vn -0.1889 0.9820 -0.0000
vn -0.1881 0.9600 0.2074
vn -0.1378 0.9684 0.2077
vn -0.0871 0.9744 0.2075
vn -0.0328 0.9779 0.2067
vn 0.9380 0.3465 0.0000
vn 0.9815 0.1914 -0.0000
vn 0.9463 0.1872 -0.2637
vn 0.9018 0.3462 -0.2587
vn 0.9904 0.1382 -0.0000
vn 0.9555 0.1333 -0.2632
vn 0.7860 0.5724 -0.2334
vn 0.8154 0.5789 0.0000
vn 0.5702 0.7956 -0.2045
vn 0.5782 0.8159 -0.0000
vn 0.7860 0.5724 0.2334
vn 0.9018 0.3462 0.2587
vn 0.6803 0.5640 0.4680
vn 0.7758 0.3382 0.5326
vn 0.5702 0.7956 0.2045
vn 0.5532 0.7475 0.3677
vn 0.9463 0.1872 0.2637
vn 0.9555 0.1333 0.2632
vn 0.8177 0.1713 0.5496
vn 0.8278 0.1155 0.5490
vn 0.4564 -0.2103 0.8646
vn 0.4343 -0.0768 0.8975
vn 0.2823 -0.1080 0.9532
vn 0.3071 -0.2484 0.9187
vn 0.1773 -0.1278 0.9758
vn 0.2015 -0.2713 0.9412
vn 0.4085 0.0570 0.9110
vn 0.2531 0.0353 0.9668
vn 0.4501 -0.7200 0.5282
vn 0.3437 -0.7612 0.5499
vn 0.3367 -0.8584 0.3870
vn 0.4291 -0.8213 0.3759
vn 0.3044 -0.9424 0.1387
vn 0.3669 -0.9201 0.1374
vn 0.2590 -0.7880 0.5586
vn 0.2601 -0.8832 0.3902
vn 0.5385 -0.7736 0.3340
vn 0.5841 -0.6679 0.4611
vn 0.6403 -0.7294 0.2408
vn 0.7124 -0.6214 0.3262
vn 0.4392 -0.8890 0.1296
vn 0.4971 -0.8602 0.1141
vn 0.6497 -0.1628 0.7426
vn 0.6353 -0.0370 0.7714
vn 0.6151 0.0858 0.7838
vn 0.8467 -0.1209 0.5182
vn 0.8418 0.0004 0.5397
vn 0.3426 -0.9395 0.0000
vn 0.3465 -0.9369 0.0473
vn 0.2932 -0.9549 0.0473
vn 0.2912 -0.9567 0.0000
vn 0.2932 -0.9549 -0.0473
vn 0.3465 -0.9369 -0.0473
vn 0.3044 -0.9424 -0.1387
vn 0.3669 -0.9201 -0.1374
vn 0.4106 -0.9105 -0.0498
vn 0.4051 -0.9143 0.0000
vn 0.5004 -0.8635 -0.0631
vn 0.5017 -0.8650 0.0000
vn 0.4392 -0.8890 -0.1296
vn 0.4971 -0.8602 -0.1140
vn 0.4106 -0.9105 0.0499
vn 0.5004 -0.8635 0.0631
vn 0.1346 0.9909 0.0000
vn 0.1513 0.9676 -0.2021
vn 0.0377 0.9780 -0.2049
vn 0.0273 0.9996 -0.0000
vn 0.0377 0.9780 0.2049
vn 0.1513 0.9676 0.2021
vn 0.0822 0.8600 0.5036
vn 0.2131 0.8480 0.4852
vn 0.3287 0.9236 0.1973
vn 0.3130 0.9498 0.0000
vn 0.3929 0.8093 0.4366
vn 0.3287 0.9236 -0.1973
vn -0.9933 0.1160 -0.0000
vn -0.9973 -0.0733 -0.0000
vn -0.9493 -0.0673 0.3070
vn -0.9468 0.1227 0.2976
vn -0.7956 -0.0474 0.6039
vn -0.8012 0.1406 0.5816
vn -0.9904 -0.1382 -0.0000
vn -0.9425 -0.1315 0.3073
vn -0.7890 -0.1101 0.6045
vn -0.8819 0.3927 0.2609
vn -0.9182 0.3960 0.0000
vn -0.7661 0.3979 0.5048
vn -0.8819 0.3927 -0.2609
vn -0.9468 0.1227 -0.2976
vn -0.7661 0.3979 -0.5048
vn -0.8012 0.1406 -0.5816
vn -0.9493 -0.0673 -0.3070
vn -0.9425 -0.1315 -0.3073
vn -0.7956 -0.0474 -0.6039
vn -0.7890 -0.1101 -0.6045
vn -0.0696 -0.9976 0.0000
vn -0.0736 -0.9962 -0.0472
vn -0.0236 -0.9986 -0.0472
vn -0.0212 -0.9998 0.0000
vn -0.0961 -0.9859 -0.1372
vn -0.0377 -0.9897 -0.1384
vn -0.0236 -0.9986 0.0472
vn -0.0736 -0.9962 0.0472
vn -0.0377 -0.9897 0.1384
vn -0.0961 -0.9859 0.1372
vn -0.1324 -0.9899 0.0499
vn -0.1268 -0.9919 0.0000
vn -0.2168 -0.9741 0.0644
vn -0.2172 -0.9761 -0.0000
vn -0.1620 -0.9782 0.1303
vn -0.2151 -0.9696 0.1167
vn -0.1324 -0.9899 -0.0499
vn -0.1620 -0.9782 -0.1303
vn -0.2168 -0.9741 -0.0644
vn -0.2151 -0.9696 -0.1167
vn -0.3620 -0.3275 -0.8728
vn -0.3776 -0.1917 -0.9059
vn -0.2423 -0.1812 -0.9531
vn -0.2279 -0.3231 -0.9185
vn -0.1433 -0.1723 -0.9746
vn -0.1275 -0.3168 -0.9399
vn -0.3883 -0.0542 -0.9199
vn -0.2529 -0.0353 -0.9669
vn -0.2254 -0.8174 -0.5302
vn -0.1249 -0.8261 -0.5495
vn -0.0912 -0.9179 -0.3862
vn -0.1776 -0.9093 -0.3764
vn -0.0408 -0.8288 -0.5580
vn -0.0152 -0.9208 -0.3897
vn -0.2775 -0.8987 -0.3395
vn -0.3504 -0.8119 -0.4669
vn -0.3722 -0.8934 -0.2514
vn -0.4691 -0.8182 -0.3326
vn -0.5373 -0.3392 -0.7721
vn -0.5604 -0.2095 -0.8013
vn -0.5730 -0.0799 -0.8157
vn -0.7354 -0.3666 -0.5700
vn -0.7710 -0.2373 -0.5910
vn -0.4110 0.1995 0.8896
vn -0.3938 0.0101 0.9192
vn -0.2594 0.0318 0.9652
vn -0.2796 0.2273 0.9328
vn -0.3883 -0.0542 0.9199
vn -0.2529 -0.0353 0.9669
vn -0.3055 0.5241 0.7950
vn -0.4275 0.4879 0.7610
vn -0.5909 0.4383 0.6773
vn -0.5933 0.1676 0.7873
vn -0.5788 -0.0180 0.8153
vn -0.5730 -0.0799 0.8157
vn -0.2254 -0.8174 0.5302
vn -0.1776 -0.9093 0.3764
vn -0.0912 -0.9179 0.3861
vn -0.1249 -0.8261 0.5495
vn -0.0152 -0.9208 0.3897
vn -0.0408 -0.8289 0.5580
vn -0.3620 -0.3275 0.8728
vn -0.2279 -0.3231 0.9185
vn -0.2423 -0.1812 0.9531
vn -0.3776 -0.1917 0.9059
vn -0.1275 -0.3168 0.9399
vn -0.1433 -0.1723 0.9746
vn -0.5604 -0.2095 0.8013
vn -0.5373 -0.3392 0.7721
vn -0.7710 -0.2373 0.5910
vn -0.7354 -0.3666 0.5700
vn -0.3504 -0.8119 0.4669
vn -0.2775 -0.8987 0.3395
vn -0.4691 -0.8182 0.3326
vn -0.3722 -0.8934 0.2514
vn -0.4110 0.1995 -0.8896
vn -0.4275 0.4879 -0.7610
vn -0.3055 0.5241 -0.7950
vn -0.2796 0.2273 -0.9328
vn -0.2594 0.0318 -0.9652
vn -0.3938 0.0101 -0.9192
vn -0.5788 -0.0180 -0.8153
vn -0.5933 0.1676 -0.7873
vn -0.5909 0.4383 -0.6773
vn -0.5684 -0.8228 -0.0000
vn -0.4371 -0.8994 -0.0000
vn -0.4225 -0.8976 0.1256
vn -0.5436 -0.8225 0.1672
vn -0.9164 -0.4002 0.0000
vn -0.8743 -0.3914 0.2872
vn -0.9180 -0.2604 0.2992
vn -0.9634 -0.2681 0.0000
vn -0.9180 -0.2604 -0.2992
vn -0.8743 -0.3914 -0.2872
vn -0.5436 -0.8225 -0.1672
vn -0.4225 -0.8976 -0.1256
vn 0.3606 0.3046 0.8816
vn 0.2969 0.5846 0.7551
vn 0.1503 0.5875 0.7951
vn 0.2068 0.2950 0.9328
vn 0.2410 0.1015 0.9652
vn 0.3960 0.1196 0.9104
vn 0.6036 0.1444 0.7841
vn 0.5674 0.3199 0.7588
vn 0.4916 0.5731 0.6557
vn 0.9433 -0.3318 0.0000
vn 0.7081 -0.7062 0.0000
vn 0.6933 -0.7109 -0.1179
vn 0.9153 -0.3411 -0.2144
vn 0.6403 -0.7294 -0.2408
vn 0.7124 -0.6214 -0.3262
vn 0.9658 0.0212 -0.2584
vn 0.9996 0.0268 0.0000
vn 0.8467 -0.1209 -0.5182
vn 0.8418 0.0004 -0.5397
vn 0.9658 0.0212 0.2584
vn 0.9153 -0.3411 0.2144
vn 0.6933 -0.7109 0.1179
vn 0.1102 -0.8178 0.5648
vn 0.1235 -0.9108 0.3940
vn 0.1902 -0.8996 0.3932
vn 0.1830 -0.8056 0.5634
vn 0.0373 -0.2983 0.9538
vn 0.1176 -0.2862 0.9509
vn 0.0952 -0.1408 0.9854
vn 0.0170 -0.1522 0.9882
vn -0.0613 -0.1625 0.9848
vn -0.0432 -0.3084 0.9503
vn 0.0367 -0.8256 0.5631
vn 0.0562 -0.9179 0.3929
vn 0.4501 -0.7200 -0.5282
vn 0.4291 -0.8213 -0.3759
vn 0.3367 -0.8584 -0.3870
vn 0.3437 -0.7612 -0.5499
vn 0.2601 -0.8832 -0.3902
vn 0.2590 -0.7880 -0.5586
vn 0.4564 -0.2103 -0.8646
vn 0.3071 -0.2484 -0.9187
vn 0.2823 -0.1080 -0.9532
vn 0.4343 -0.0768 -0.8975
vn 0.2015 -0.2713 -0.9412
vn 0.1773 -0.1278 -0.9758
vn 0.6353 -0.0370 -0.7714
vn 0.6497 -0.1628 -0.7426
vn 0.5841 -0.6679 -0.4611
vn 0.5385 -0.7736 -0.3340
vn 0.1102 -0.8178 -0.5648
vn 0.1235 -0.9108 -0.3940
vn 0.0562 -0.9178 -0.3929
vn 0.0367 -0.8256 -0.5631
vn 0.0373 -0.2983 -0.9538
vn -0.0432 -0.3084 -0.9503
vn -0.0613 -0.1625 -0.9848
vn 0.0170 -0.1522 -0.9882
vn 0.0952 -0.1408 -0.9854
vn 0.1176 -0.2862 -0.9509
vn 0.1830 -0.8056 -0.5634
vn 0.1902 -0.8996 -0.3932
vn 0.0255 -0.2061 -0.9782
vn 0.0543 -0.4151 -0.9082
vn -0.0245 -0.4242 -0.9052
vn -0.0478 -0.2149 -0.9755
vn -0.1073 -0.4327 -0.8951
vn -0.1250 -0.2243 -0.9665
vn 0.1044 -0.7712 -0.6280
vn 0.0193 -0.7801 -0.6254
vn -0.0700 -0.7847 -0.6159
vn 0.0985 -0.1972 -0.9754
vn 0.1328 -0.4049 -0.9047
vn 0.1888 -0.7581 -0.6242
vn 0.1752 -0.1876 -0.9665
vn 0.2148 -0.3929 -0.8942
vn 0.2765 -0.7396 -0.6136
vn 0.4274 -0.1496 -0.8916
vn 0.4639 -0.3367 -0.8194
vn 0.3163 -0.3730 -0.8722
vn 0.2751 -0.1734 -0.9456
vn 0.5130 -0.6536 -0.5564
vn 0.3778 -0.7098 -0.5945
vn 0.6362 -0.1189 -0.7623
vn 0.6537 -0.2789 -0.7035
vn 0.6735 -0.5577 -0.4851
vn 0.8431 -0.0869 -0.5307
vn 0.8381 -0.2253 -0.4969
vn 0.7988 -0.4500 -0.3992
vn 0.0255 -0.2061 0.9782
vn 0.0543 -0.4151 0.9082
vn 0.1327 -0.4049 0.9047
vn 0.0985 -0.1972 0.9754
vn 0.2148 -0.3929 0.8942
vn 0.1752 -0.1876 0.9665
vn 0.1044 -0.7712 0.6280
vn 0.1888 -0.7581 0.6242
vn 0.2765 -0.7396 0.6136
vn -0.0478 -0.2149 0.9755
vn -0.0245 -0.4242 0.9052
vn 0.0193 -0.7801 0.6254
vn -0.1250 -0.2243 0.9665
vn -0.1073 -0.4327 0.8951
vn -0.0700 -0.7847 0.6159
vn 0.1356 -0.9908 -0.0000
vn 0.0499 -0.9988 0.0000
vn 0.0440 -0.9589 -0.2801
vn 0.1299 -0.9507 -0.2815
vn -0.0404 -0.9992 0.0000
vn -0.0463 -0.9603 -0.2752
vn 0.2149 -0.9358 -0.2794
vn 0.2205 -0.9754 -0.0000
vn 0.3029 -0.9129 -0.2737
vn 0.3083 -0.9513 -0.0000
vn 0.2149 -0.9358 0.2794
vn 0.1299 -0.9507 0.2815
vn 0.3029 -0.9129 0.2737
vn 0.0440 -0.9589 0.2802
vn -0.0463 -0.9603 0.2752
vn 0.9989 -0.0470 0.0000
vn 0.9776 -0.2105 -0.0000
vn 0.9464 -0.2101 -0.2455
vn 0.9644 -0.0588 -0.2580
vn 0.8580 -0.5136 -0.0000
vn 0.8401 -0.4951 -0.2217
vn 0.9644 -0.0588 0.2580
vn 0.9464 -0.2101 0.2455
vn 0.8401 -0.4951 0.2217
vn 0.8431 -0.0869 0.5307
vn 0.8381 -0.2253 0.4969
vn 0.7988 -0.4500 0.3992
vn 0.4274 -0.1496 0.8916
vn 0.2751 -0.1734 0.9456
vn 0.3163 -0.3730 0.8722
vn 0.4639 -0.3367 0.8194
vn 0.3778 -0.7098 0.5945
vn 0.5130 -0.6536 0.5564
vn 0.6537 -0.2789 0.7035
vn 0.6362 -0.1189 0.7623
vn 0.6735 -0.5577 0.4851
vn 0.5261 -0.8504 0.0000
vn 0.5255 -0.8137 0.2486
vn 0.4010 -0.8773 0.2637
vn 0.4054 -0.9141 0.0000
vn 0.4010 -0.8773 -0.2637
vn 0.5255 -0.8137 -0.2486
vn 0.6806 -0.6962 -0.2282
vn 0.6833 -0.7301 0.0000
vn 0.6806 -0.6962 0.2282
vn -0.9423 -0.3348 -0.0000
vn -0.8673 -0.4978 0.0000
vn -0.8317 -0.4831 0.2737
vn -0.8975 -0.3317 0.2907
vn -0.7121 -0.4543 0.5353
vn -0.7570 -0.3131 0.5735
vn -0.6512 -0.7589 0.0000
vn -0.6376 -0.7325 0.2383
vn -0.6077 -0.6701 0.4262
vn -0.8975 -0.3317 -0.2907
vn -0.8317 -0.4831 -0.2737
vn -0.6376 -0.7325 -0.2383
vn -0.7570 -0.3131 -0.5735
vn -0.7121 -0.4543 -0.5354
vn -0.6077 -0.6701 -0.4262
vn -0.2604 -0.9655 0.0000
vn -0.2698 -0.9292 -0.2528
vn -0.1455 -0.9529 -0.2661
vn -0.1390 -0.9903 0.0000
vn -0.3020 -0.7680 -0.5648
vn -0.1708 -0.7828 -0.5983
vn -0.1455 -0.9529 0.2661
vn -0.2698 -0.9292 0.2528
vn -0.1708 -0.7828 0.5983
vn -0.3020 -0.7680 0.5648
vn -0.4352 -0.8687 0.2368
vn -0.4287 -0.9035 -0.0000
vn -0.4660 -0.7280 0.5029
vn -0.4352 -0.8687 -0.2368
vn -0.4660 -0.7280 -0.5029
vn -0.3564 -0.2503 -0.9002
vn -0.2198 -0.2350 -0.9468
vn -0.2056 -0.4391 -0.8746
vn -0.3420 -0.4435 -0.8284
vn -0.5226 -0.4438 -0.7280
vn -0.5475 -0.2778 -0.7893
vn -0.3564 -0.2503 0.9002
vn -0.3420 -0.4435 0.8284
vn -0.2056 -0.4391 0.8746
vn -0.2198 -0.2350 0.9468
vn -0.5475 -0.2778 0.7893
vn -0.5226 -0.4438 0.7280
usemtl STREETLAMP
s 1
f 1/1/1 2/2/1 4/3/1 3/4/1
f 3/5/2 4/6/2 8/7/2 7/8/2
f 7/9/3 8/10/3 6/11/3 5/12/3
f 5/12/4 6/11/4 2/13/4 1/14/4
f 3/15/5 7/16/5 5/17/5 1/18/5
f 8/19/6 4/20/6 2/21/6 6/22/6
f 83/23/7 82/24/7 10/25/8 11/26/8
f 83/23/7 13/27/9 12/28/9 82/24/7
f 85/29/10 84/30/10 12/28/9 13/27/9
f 85/31/10 15/32/3 14/33/3 84/34/10
f 87/35/11 86/36/11 14/33/3 15/32/3
f 87/35/11 17/37/12 16/38/12 86/36/11
f 89/39/13 88/40/13 16/38/12 17/37/12
f 89/39/13 19/41/14 18/42/14 88/40/13
f 91/43/4 90/44/4 18/42/14 19/41/14
f 91/43/4 21/45/15 20/46/15 90/44/4
f 93/47/16 92/48/16 20/49/15 21/50/15
f 93/47/16 23/51/17 22/52/17 92/48/16
f 95/53/18 94/54/18 22/52/17 23/51/17
f 95/53/18 25/55/1 24/56/1 94/54/18
f 97/57/19 96/58/19 24/56/1 25/55/1
f 97/57/19 27/59/20 26/60/20 96/58/19
f 99/61/21 98/62/21 26/63/20 27/64/20
f 99/61/21 29/65/22 28/66/22 98/62/21
f 80/67/2 28/66/22 29/65/22 81/68/2
f 107/69/18 117/70/18 47/71/1 37/72/1
f 30/73/8 40/74/8 110/75/7 100/76/7
f 104/77/13 114/78/13 44/79/14 34/80/14
f 37/72/1 47/71/1 118/81/19 108/82/19
f 110/75/7 41/83/9 31/84/9 100/76/7
f 34/80/14 44/79/14 115/85/4 105/86/4
f 118/81/19 48/87/20 38/88/20 108/82/19
f 31/84/9 41/83/9 112/89/10 102/90/10
f 115/85/4 45/91/15 35/92/15 105/86/4
f 38/93/20 48/94/20 119/95/21 109/96/21
f 112/97/10 42/98/3 32/99/3 102/100/10
f 35/101/15 45/102/15 116/103/16 106/104/16
f 119/95/21 49/105/22 39/106/22 109/96/21
f 32/99/3 42/98/3 113/107/11 103/108/11
f 116/103/16 46/109/17 36/110/17 106/104/16
f 39/106/22 49/105/22 111/111/2 101/112/2
f 113/107/11 43/113/12 33/114/12 103/108/11
f 36/110/17 46/109/17 117/70/18 107/69/18
f 127/115/23 137/116/23 67/117/24 57/118/24
f 33/114/12 43/113/12 114/78/13 104/77/13
f 126/119/25 136/120/25 66/121/26 56/122/26
f 57/118/24 67/117/24 138/123/27 128/124/27
f 125/125/28 135/126/28 65/127/29 55/128/29
f 56/122/26 66/121/26 137/116/23 127/115/23
f 124/129/30 134/130/30 64/131/31 54/132/31
f 55/128/29 65/127/29 136/120/25 126/119/25
f 123/133/32 133/134/32 63/135/33 53/136/33
f 54/137/31 64/138/31 135/126/28 125/125/28
f 120/139/34 131/140/34 60/141/35 50/142/35
f 53/136/33 63/135/33 134/130/30 124/129/30
f 122/143/36 132/144/36 62/145/37 52/146/37
f 50/142/35 60/141/35 130/147/38 121/148/38
f 130/149/38 61/150/39 51/151/39 121/152/38
f 52/146/37 62/145/37 133/153/32 123/154/32
f 129/155/40 139/156/40 69/157/41 59/158/41
f 51/151/39 61/150/39 132/144/36 122/143/36
f 138/123/27 68/159/42 58/160/42 128/124/27
f 59/158/41 69/157/41 131/161/34 120/162/34
f 58/160/42 68/159/42 139/156/40 129/155/40
f 9/163/6 71/164/6 140/165/6 70/166/6
f 9/163/6 70/166/6 141/167/6 79/168/6
f 9/163/6 79/168/6 149/169/6 78/170/6
f 9/163/6 78/170/6 148/171/6 77/172/6
f 9/163/6 77/172/6 147/173/6 76/174/6
f 9/163/6 76/174/6 146/175/6 75/176/6
f 9/163/6 75/176/6 145/177/6 74/178/6
f 9/163/6 74/178/6 144/179/6 73/180/6
f 9/163/6 73/180/6 143/181/6 72/182/6
f 9/163/6 72/182/6 142/183/6 71/164/6
f 101/112/2 111/111/2 40/74/8 30/73/8
f 80/67/2 81/68/2 11/26/8 10/25/8
f 150/184/43 256/185/44 322/186/44 312/187/43
f 150/184/43 312/187/43 326/188/45 220/189/45
f 150/184/46 220/189/47 329/190/47 255/191/46
f 150/184/46 255/191/46 325/192/48 256/185/48
f 151/193/49 263/194/50 323/195/50 239/196/49
f 151/193/49 239/196/49 327/197/51 229/198/51
f 151/193/52 229/198/53 326/199/53 312/200/52
f 151/193/52 312/200/52 322/201/54 263/194/54
f 152/202/55 314/203/56 324/204/56 308/205/55
f 152/202/55 308/205/55 328/206/57 280/207/57
f 152/202/58 280/207/59 327/208/59 239/209/58
f 152/202/58 239/209/58 323/210/60 314/203/60
f 153/211/61 247/212/62 325/192/62 255/191/61
f 153/211/61 255/191/61 329/190/63 236/213/63
f 153/214/64 236/215/65 328/206/65 308/205/64
f 153/214/64 308/205/64 324/204/66 247/216/66
f 154/217/67 220/189/45 326/188/45 277/218/67
f 154/217/67 277/218/67 330/219/68 311/220/68
f 154/217/69 311/220/70 333/221/70 227/222/69
f 154/217/69 227/222/69 329/190/47 220/189/47
f 155/223/71 229/198/51 327/197/51 234/224/71
f 155/223/71 234/224/71 331/225/72 316/226/72
f 155/223/73 316/226/74 330/227/74 277/228/73
f 155/223/73 277/228/73 326/199/53 229/198/53
f 156/229/75 280/207/57 328/206/57 279/230/75
f 156/229/75 279/230/75 332/231/76 251/232/76
f 156/229/77 251/232/78 331/233/78 234/234/77
f 156/229/77 234/234/77 327/208/59 280/207/59
f 157/235/79 236/213/63 329/190/63 227/222/79
f 157/235/79 227/222/79 333/221/80 299/236/80
f 157/237/81 299/238/82 332/231/82 279/230/81
f 157/237/81 279/230/81 328/206/65 236/215/65
f 158/239/83 311/220/68 330/219/68 246/240/83
f 158/239/83 246/240/83 334/241/84 318/242/84
f 158/239/85 318/242/86 337/243/86 310/244/85
f 158/239/85 310/244/85 333/221/70 311/220/70
f 159/245/87 316/226/72 331/225/72 291/246/87
f 159/245/87 291/246/87 335/247/88 208/248/88
f 159/245/89 208/248/90 334/249/90 246/250/89
f 159/245/89 246/250/89 330/227/74 316/226/74
f 160/251/91 251/232/76 332/231/76 243/252/91
f 160/251/91 243/252/91 336/253/92 262/254/92
f 160/251/93 262/254/94 335/255/94 291/256/93
f 160/251/93 291/256/93 331/233/78 251/232/78
f 161/257/95 299/236/80 333/221/80 310/244/95
f 161/257/95 310/244/95 337/243/96 214/258/96
f 161/259/97 214/260/98 336/253/98 243/252/97
f 161/259/97 243/252/97 332/231/82 299/238/82
f 162/261/99 318/242/84 334/241/84 257/262/99
f 162/261/99 257/262/99 338/263/100 245/264/100
f 162/261/101 245/264/102 341/265/102 296/266/101
f 162/261/101 296/266/101 337/243/86 318/242/86
f 163/267/103 208/248/88 335/247/88 300/268/103
f 163/267/103 300/268/103 339/269/104 254/270/104
f 163/267/105 254/270/106 338/271/106 257/272/105
f 163/267/105 257/272/105 334/249/90 208/248/90
f 164/273/107 262/254/92 336/253/92 232/274/107
f 164/273/107 232/274/107 340/275/108 303/276/108
f 164/273/109 303/276/110 339/277/110 300/278/109
f 164/273/109 300/278/109 335/255/94 262/254/94
f 165/279/111 214/258/96 337/243/96 296/266/111
f 165/279/111 296/266/111 341/265/112 238/280/112
f 165/281/113 238/282/114 340/275/114 232/274/113
f 165/281/113 232/274/113 336/253/98 214/260/98
f 166/283/115 245/264/100 338/263/100 297/284/115
f 166/283/115 297/284/115 342/285/116 211/286/116
f 166/283/117 211/286/118 345/287/118 244/288/117
f 166/283/117 244/288/117 341/265/102 245/264/102
f 167/289/119 254/270/104 339/269/104 226/290/119
f 167/289/119 226/290/119 343/291/120 219/292/120
f 167/289/121 219/292/122 342/293/122 297/294/121
f 167/289/121 297/294/121 338/271/106 254/270/106
f 168/295/123 303/276/108 340/275/108 295/296/123
f 168/295/123 295/296/123 344/297/124 272/298/124
f 168/295/125 272/298/126 343/299/126 226/300/125
f 168/295/125 226/300/125 339/277/110 303/276/110
f 169/301/127 238/280/112 341/265/112 244/288/127
f 169/301/127 244/288/127 345/287/128 225/302/128
f 169/303/129 225/304/130 344/297/130 295/296/129
f 169/303/129 295/296/129 340/275/114 238/282/114
f 170/305/131 211/286/116 342/285/116 269/306/132
f 170/305/131 269/306/132 346/307/133 268/308/133
f 170/305/134 268/308/135 349/309/136 218/310/134
f 170/305/134 218/310/134 345/287/118 211/286/118
f 171/311/137 219/292/120 343/291/120 223/312/137
f 171/311/137 223/312/137 347/313/138 274/314/139
f 171/311/140 274/314/141 346/315/141 269/316/140
f 171/311/140 269/316/140 342/293/122 219/292/122
f 172/317/142 272/298/124 344/297/124 271/318/142
f 172/317/142 271/318/142 348/319/143 206/320/143
f 172/317/144 206/320/145 347/321/146 223/322/144
f 172/317/144 223/322/144 343/299/126 272/298/126
f 173/323/147 225/302/128 345/287/128 218/310/147
f 173/323/147 218/310/147 349/309/148 260/324/149
f 173/325/150 260/326/151 348/319/151 271/318/152
f 173/325/150 271/318/152 344/297/130 225/304/130
f 174/327/153 268/308/133 346/307/133 320/328/154
f 174/327/153 320/328/154 350/329/155 276/330/156
f 174/327/157 276/330/158 353/331/158 267/332/157
f 174/327/157 267/332/157 349/309/136 268/308/135
f 175/333/159 274/314/139 347/313/138 250/334/159
f 175/333/159 250/334/159 351/335/160 283/336/161
f 175/333/162 283/336/163 350/337/164 320/338/162
f 175/333/162 320/338/162 346/315/141 274/314/141
f 176/339/165 206/320/143 348/319/143 317/340/165
f 176/339/165 317/340/165 352/341/166 216/342/167
f 176/339/168 216/342/169 351/343/170 250/344/168
f 176/339/168 250/344/168 347/321/146 206/320/145
f 177/345/171 260/324/149 349/309/148 267/332/171
f 177/345/171 267/332/171 353/331/172 289/346/172
f 177/347/173 289/348/174 352/341/175 317/340/176
f 177/347/173 317/340/176 348/319/151 260/326/151
f 178/349/177 276/330/156 350/329/155 210/350/178
f 178/349/177 210/350/178 354/351/179 241/352/180
f 178/349/181 241/352/182 357/353/183 307/354/184
f 178/349/181 307/354/184 353/331/158 276/330/158
f 179/355/185 283/336/161 351/335/160 288/356/186
f 179/355/185 288/356/186 355/357/187 249/358/188
f 179/355/189 249/358/190 354/359/191 210/360/192
f 179/355/189 210/360/192 350/337/164 283/336/163
f 180/361/193 216/342/167 352/341/166 253/362/194
f 180/361/193 253/362/194 356/363/195 293/364/196
f 180/361/197 293/364/198 355/365/199 288/366/200
f 180/361/197 288/366/200 351/343/170 216/342/169
f 181/367/201 289/346/172 353/331/172 307/354/202
f 181/367/201 307/354/202 357/353/203 233/368/204
f 181/369/205 233/370/206 356/363/207 253/362/208
f 181/369/205 253/362/208 352/341/175 289/348/174
f 182/371/209 241/352/180 354/351/179 287/372/210
f 182/371/209 287/372/210 358/373/211 207/374/212
f 182/371/213 207/374/214 361/375/215 228/376/216
f 182/371/213 228/376/216 357/353/183 241/352/182
f 183/377/217 249/358/188 355/357/187 235/378/218
f 183/377/217 235/378/218 359/379/219 215/380/220
f 183/377/221 215/380/222 358/381/223 287/382/224
f 183/377/221 287/382/224 354/359/191 249/358/190
f 184/383/225 293/364/196 356/363/195 285/384/226
f 184/383/225 285/384/226 360/385/227 265/386/228
f 184/383/229 265/386/230 359/387/231 235/388/232
f 184/383/229 235/388/232 355/365/199 293/364/198
f 185/389/233 233/368/204 357/353/203 228/376/234
f 185/390/233 228/391/234 361/392/235 221/393/236
f 185/394/237 221/395/238 360/385/239 285/384/240
f 185/394/237 285/384/240 356/363/207 233/370/206
f 186/396/241 207/374/212 358/373/211 259/397/241
f 186/396/241 259/397/241 362/398/242 292/399/243
f 186/396/244 292/399/245 365/400/245 321/401/244
f 186/396/244 321/401/244 361/375/215 207/374/214
f 187/402/246 215/380/220 359/379/219 309/403/247
f 187/402/246 309/403/247 363/404/248 302/405/249
f 187/402/250 302/405/251 362/406/252 259/407/253
f 187/402/250 259/407/253 358/381/223 215/380/222
f 188/408/254 265/386/228 360/385/227 264/409/255
f 188/408/254 264/409/255 364/410/256 231/411/257
f 188/412/258 231/413/259 363/414/260 309/415/261
f 188/408/258 309/416/261 359/387/231 265/386/230
f 189/417/262 221/393/236 361/392/235 321/418/262
f 189/417/262 321/418/262 365/419/263 284/420/263
f 189/421/264 284/422/265 364/410/266 264/409/264
f 189/421/264 264/409/264 360/385/239 221/395/238
f 190/423/267 292/399/243 362/398/242 224/424/268
f 190/423/267 224/424/268 366/425/269 306/426/270
f 190/427/271 306/428/272 369/429/273 282/430/274
f 190/423/271 282/431/274 365/400/245 292/399/245
f 191/432/275 302/405/249 363/404/248 286/433/276
f 191/434/275 286/435/276 367/436/277 315/437/278
f 191/432/279 315/438/280 366/439/281 224/440/282
f 191/432/279 224/440/282 362/406/252 302/405/251
f 192/441/283 231/411/257 364/410/256 222/442/284
f 192/441/283 222/442/284 368/443/285 242/444/286
f 192/445/287 242/446/288 367/436/289 286/435/290
f 192/445/287 286/435/290 363/414/260 231/413/259
f 193/447/291 284/420/263 365/419/263 282/430/292
f 193/447/291 282/430/292 369/429/293 319/448/294
f 193/449/295 319/450/296 368/443/297 222/442/298
f 193/449/295 222/442/298 364/410/266 284/422/265
f 194/451/299 306/426/270 366/425/269 237/452/300
f 194/451/299 237/452/300 370/453/301 281/454/302
f 194/455/303 281/456/304 373/457/305 273/458/306
f 194/455/303 273/458/306 369/429/273 306/428/272
f 195/459/307 315/437/278 367/436/277 258/460/308
f 195/459/307 258/460/308 371/461/309 290/462/310
f 195/463/311 290/464/312 370/465/313 237/466/314
f 195/463/311 237/466/314 366/439/281 315/438/280
f 196/467/315 242/444/286 368/443/285 213/468/316
f 196/467/315 213/468/316 372/469/317 217/470/318
f 196/471/319 217/472/320 371/461/321 258/460/322
f 196/471/319 258/460/322 367/436/289 242/446/288
f 197/473/323 319/448/294 369/429/293 273/458/324
f 197/473/323 273/458/324 373/457/325 275/474/326
f 197/475/327 275/476/328 372/469/329 213/468/330
f 197/475/327 213/468/330 368/443/297 319/450/296
f 198/477/331 281/454/302 370/453/301 212/478/332
f 198/479/331 212/480/332 374/481/333 252/482/334
f 198/483/335 252/484/336 377/485/337 270/486/338
f 198/483/335 270/486/338 373/457/305 281/456/304
f 199/487/339 290/462/310 371/461/309 278/488/340
f 199/487/339 278/488/340 375/489/341 261/490/342
f 199/491/343 261/492/344 374/481/345 212/480/346
f 199/491/343 212/480/346 370/465/313 290/464/312
f 200/493/347 217/470/318 372/469/317 209/494/348
f 200/493/347 209/494/348 376/495/349 305/496/350
f 200/497/351 305/498/352 375/489/353 278/488/354
f 200/497/351 278/488/354 371/461/321 217/472/320
f 201/499/355 275/474/326 373/457/325 270/486/356
f 201/499/355 270/486/356 377/485/357 266/500/358
f 201/501/359 266/502/360 376/495/361 209/494/362
f 201/501/359 209/494/362 372/469/329 275/476/328
f 202/503/363 252/482/334 374/481/333 298/504/363
f 202/503/363 298/504/363 378/505/364 301/506/364
f 202/507/365 301/508/366 381/509/366 248/510/365
f 202/507/365 248/510/365 377/485/337 252/484/336
f 203/511/367 261/490/342 375/489/341 230/512/368
f 203/511/367 230/512/368 379/513/369 313/514/369
f 203/515/370 313/516/371 378/505/371 298/504/370
f 203/515/370 298/504/370 374/481/345 261/492/344
f 204/517/372 305/496/350 376/495/349 304/518/372
f 204/517/372 304/518/372 380/519/373 240/520/373
f 204/521/374 240/522/375 379/513/375 230/512/376
f 204/521/374 230/512/376 375/489/353 305/498/352
f 205/523/377 266/500/358 377/485/357 248/510/377
f 205/523/377 248/510/377 381/509/378 294/524/378
f 205/525/379 294/526/380 380/519/380 304/518/379
f 205/525/379 304/518/379 376/495/361 266/502/360
f 382/527/381 386/528/382 387/529/383 383/530/384
f 383/530/384 387/529/383 586/531/385 587/532/386
f 386/528/382 656/533/387 657/534/388 387/529/383
f 387/529/383 657/534/388 713/535/389 586/531/385
f 382/527/381 383/530/384 388/536/390 384/537/391
f 384/537/391 388/536/390 652/538/392 653/539/393
f 383/530/384 587/532/386 588/540/394 388/536/390
f 388/536/390 588/540/394 715/541/395 652/538/392
f 382/527/381 384/537/391 389/542/396 385/543/397
f 385/543/397 389/542/396 648/544/398 647/545/399
f 384/537/391 653/539/393 654/546/400 389/542/396
f 389/542/396 654/546/400 727/547/401 648/544/398
f 382/527/381 385/543/397 390/548/402 386/528/382
f 386/528/382 390/548/402 655/549/403 656/533/387
f 385/543/397 647/545/399 646/550/404 390/548/402
f 390/548/402 646/550/404 726/551/405 655/549/403
f 391/552/406 395/553/407 396/554/408 392/555/409
f 392/555/409 396/554/408 669/556/410 668/557/411
f 395/553/407 710/558/412 709/559/413 396/554/408
f 396/554/408 709/559/413 729/560/414 669/556/410
f 391/552/406 392/555/409 397/561/415 393/562/416
f 393/563/416 397/564/415 595/565/417 596/566/418
f 392/555/409 668/557/411 667/567/419 397/561/415
f 397/564/415 667/568/419 715/541/395 595/565/417
f 391/552/406 393/562/416 398/569/420 394/570/421
f 394/570/421 398/569/420 670/571/422 671/572/423
f 393/563/416 596/566/418 597/573/424 398/574/420
f 398/574/420 597/573/424 719/575/425 670/576/422
f 391/552/406 394/570/421 399/577/426 395/553/407
f 395/553/407 399/577/426 711/578/427 710/558/412
f 394/570/421 671/572/423 672/579/428 399/577/426
f 399/577/426 672/579/428 730/580/429 711/578/427
f 400/581/430 404/582/431 405/583/432 401/584/433
f 401/584/433 405/583/432 672/579/428 671/572/423
f 404/582/431 707/585/434 706/586/435 405/583/432
f 405/583/432 706/586/435 730/580/429 672/579/428
f 400/581/430 401/584/433 406/587/436 402/588/437
f 402/589/437 406/590/436 628/591/438 629/592/439
f 401/584/433 671/572/423 670/571/422 406/587/436
f 406/590/436 670/576/422 719/575/425 628/591/438
f 400/581/430 402/588/437 407/593/440 403/594/441
f 403/594/441 407/593/440 676/595/442 677/596/443
f 402/589/437 629/592/439 630/597/444 407/598/440
f 407/598/440 630/597/444 720/599/445 676/600/442
f 400/581/430 403/594/441 408/601/446 404/582/431
f 404/582/431 408/601/446 708/602/447 707/585/434
f 403/594/441 677/596/443 678/603/448 408/601/446
f 408/601/446 678/603/448 732/604/449 708/602/447
f 409/605/450 413/606/451 414/607/452 410/608/453
f 410/608/453 414/607/452 675/609/454 674/610/455
f 413/606/451 704/611/456 703/612/457 414/607/452
f 414/607/452 703/612/457 731/613/458 675/609/454
f 409/605/450 410/608/453 415/614/459 411/615/460
f 411/616/460 415/617/459 613/618/461 614/619/462
f 410/608/453 674/610/455 673/620/463 415/614/459
f 415/617/459 673/621/463 717/622/464 613/618/461
f 409/605/450 411/615/460 416/623/465 412/624/466
f 412/625/466 416/626/465 585/627/467 584/628/468
f 411/616/460 614/619/462 615/629/469 416/630/465
f 416/630/465 615/629/469 713/535/389 585/631/467
f 409/605/450 412/624/466 417/632/470 413/606/451
f 413/606/451 417/632/470 705/633/471 704/611/456
f 412/624/466 584/634/468 583/635/472 417/632/470
f 417/632/470 583/635/472 728/636/473 705/633/471
f 418/637/474 422/638/475 423/639/476 419/640/477
f 419/640/477 423/639/476 594/641/478 593/642/479
f 422/638/475 581/643/480 580/644/481 423/639/476
f 423/639/476 580/644/481 714/645/482 594/641/478
f 418/637/474 419/640/477 424/646/483 420/647/484
f 420/647/484 424/646/483 603/648/485 602/649/486
f 419/640/477 593/642/479 592/650/487 424/646/483
f 424/646/483 592/650/487 718/651/488 603/648/485
f 418/637/474 420/647/484 425/652/489 421/653/490
f 421/653/490 425/652/489 612/654/491 611/655/492
f 420/647/484 602/649/486 601/656/493 425/652/489
f 425/652/489 601/656/493 716/657/494 612/654/491
f 418/637/474 421/653/490 426/658/495 422/638/475
f 422/638/475 426/658/495 582/659/496 581/643/480
f 421/653/490 611/655/492 610/660/497 426/658/495
f 426/658/495 610/660/497 712/661/498 582/659/496
f 427/662/499 431/663/500 432/664/501 428/665/502
f 428/665/502 432/664/501 597/573/424 596/566/418
f 431/663/500 605/666/503 604/667/504 432/664/501
f 432/664/501 604/667/504 719/575/425 597/573/424
f 427/662/499 428/665/502 433/668/505 429/669/506
f 429/669/506 433/668/505 588/540/394 587/532/386
f 428/665/502 596/566/418 595/565/417 433/668/505
f 433/668/505 595/565/417 715/541/395 588/540/394
f 427/662/499 429/669/506 434/670/507 430/671/508
f 430/671/508 434/670/507 615/629/469 614/619/462
f 429/669/506 587/532/386 586/531/385 434/670/507
f 434/670/507 586/531/385 713/535/389 615/629/469
f 427/662/499 430/671/508 435/672/509 431/663/500
f 431/663/500 435/672/509 606/673/510 605/666/503
f 430/671/508 614/619/462 613/618/461 435/672/509
f 435/672/509 613/618/461 717/622/464 606/673/510
f 436/674/511 440/675/512 441/676/513 437/677/514
f 437/678/514 441/679/513 678/603/448 677/596/443
f 440/675/512 701/680/515 700/681/516 441/676/513
f 441/679/513 700/682/516 732/604/449 678/603/448
f 436/674/511 437/677/514 442/683/517 438/684/518
f 438/685/518 442/686/517 622/687/519 623/688/520
f 437/678/514 677/596/443 676/595/442 442/689/517
f 442/686/517 676/600/442 720/599/445 622/687/519
f 436/674/511 438/684/518 443/690/521 439/691/522
f 439/691/522 443/690/521 679/692/523 680/693/524
f 438/685/518 623/688/520 624/694/525 443/695/521
f 443/690/521 624/696/525 723/697/526 679/692/523
f 436/674/511 439/691/522 444/698/527 440/675/512
f 440/675/512 444/698/527 702/699/528 701/680/515
f 439/691/522 680/693/524 681/700/529 444/698/527
f 444/698/527 681/700/529 733/701/530 702/699/528
f 445/702/531 449/703/532 450/704/533 446/705/534
f 446/705/534 450/704/533 607/706/535 608/707/536
f 449/703/532 698/708/537 697/709/538 450/704/533
f 450/704/533 697/709/538 731/613/458 607/706/535
f 445/710/539 446/711/540 451/712/541 447/713/542
f 447/713/542 451/712/541 634/714/543 635/715/544
f 446/711/540 608/716/545 609/717/546 451/712/541
f 451/712/541 609/717/546 716/657/494 634/714/543
f 445/702/539 447/718/542 452/719/547 448/720/548
f 448/720/548 452/719/547 627/721/549 626/722/550
f 447/713/542 635/715/544 636/723/551 452/724/547
f 452/724/547 636/723/551 722/725/552 627/726/549
f 445/702/531 448/720/553 453/727/554 449/703/532
f 449/703/532 453/727/554 699/728/555 698/708/537
f 448/720/553 626/722/556 625/729/557 453/727/554
f 453/727/554 625/729/557 733/701/530 699/728/555
f 454/730/558 458/731/559 459/732/560 455/733/561
f 455/733/561 459/732/560 601/656/493 602/649/486
f 458/731/559 635/715/544 634/714/543 459/732/560
f 459/732/560 634/714/543 716/657/494 601/656/493
f 454/730/558 455/733/561 460/734/562 456/735/563
f 456/735/563 460/734/562 633/736/564 632/737/565
f 455/733/561 602/649/486 603/648/485 460/734/562
f 460/734/562 603/648/485 718/651/488 633/736/564
f 454/730/558 456/735/563 461/738/566 457/739/567
f 457/739/567 461/738/566 621/740/568 620/741/569
f 456/735/563 632/737/565 631/742/570 461/738/566
f 461/738/566 631/742/570 721/743/571 621/740/568
f 454/730/558 457/739/567 462/744/572 458/731/559
f 458/731/559 462/744/572 636/723/551 635/715/544
f 457/739/567 620/741/569 619/745/573 462/744/572
f 462/744/572 619/745/573 722/725/552 636/723/551
f 463/746/574 467/747/575 468/748/576 464/749/577
f 464/749/577 468/748/576 604/667/504 605/666/503
f 467/747/575 629/592/439 628/591/438 468/748/576
f 468/748/576 628/591/438 719/575/425 604/667/504
f 463/746/574 464/749/577 469/750/578 465/751/579
f 465/751/579 469/750/578 639/752/580 638/753/581
f 464/749/577 605/666/503 606/673/510 469/750/578
f 469/750/578 606/673/510 717/622/464 639/752/580
f 463/746/574 465/751/579 470/754/582 466/755/583
f 466/755/583 470/754/582 624/694/525 623/688/520
f 465/751/579 638/753/581 637/756/584 470/754/582
f 470/754/582 637/756/584 723/757/526 624/694/525
f 463/746/574 466/755/583 471/758/585 467/747/575
f 467/747/575 471/758/585 630/597/444 629/592/439
f 466/755/583 623/688/520 622/687/519 471/758/585
f 471/758/585 622/687/519 720/599/445 630/597/444
f 472/759/586 476/760/587 477/761/588 473/762/589
f 473/762/589 477/761/588 643/763/590 644/764/591
f 476/760/587 695/765/592 694/766/593 477/761/588
f 477/761/588 694/766/593 734/767/594 643/763/590
f 472/759/586 473/762/589 478/768/595 474/769/596
f 474/769/596 478/768/595 646/770/404 647/771/399
f 473/762/589 644/764/591 645/772/597 478/768/595
f 478/768/595 645/772/597 726/773/405 646/770/404
f 472/759/586 474/769/596 479/774/598 475/775/599
f 475/775/599 479/774/598 685/776/600 686/777/601
f 474/769/596 647/771/399 648/778/398 479/774/598
f 479/779/598 648/544/398 727/547/401 685/780/600
f 472/759/586 475/775/599 480/781/602 476/760/587
f 476/760/587 480/781/602 696/782/603 695/765/592
f 475/775/599 686/777/601 687/783/604 480/781/602
f 480/781/602 687/783/604 735/784/605 696/782/603
f 481/785/606 485/786/607 486/787/608 482/788/609
f 482/788/609 486/787/608 580/644/481 581/643/480
f 485/786/607 662/789/610 663/790/611 486/787/608
f 486/787/608 663/790/611 714/645/482 580/644/481
f 481/785/606 482/788/609 487/791/612 483/792/613
f 483/792/613 487/791/612 658/793/614 659/794/615
f 482/788/609 581/643/480 582/659/496 487/791/612
f 487/791/612 582/659/496 712/661/498 658/793/614
f 481/785/606 483/792/613 488/795/616 484/796/617
f 484/796/617 488/795/616 642/797/618 641/798/619
f 483/792/613 659/794/615 660/799/620 488/795/616
f 488/795/616 660/799/620 725/800/621 642/797/618
f 481/785/606 484/796/617 489/801/622 485/786/607
f 485/786/607 489/801/622 661/802/623 662/789/610
f 484/796/617 641/798/619 640/803/624 489/801/622
f 489/801/622 640/803/624 724/804/625 661/802/623
f 490/805/626 494/806/627 495/807/628 491/808/629
f 491/808/629 495/807/628 589/809/630 590/810/631
f 494/806/627 692/811/632 691/812/633 495/807/628
f 495/807/628 691/812/633 729/560/414 589/809/630
f 490/813/634 491/814/635 496/815/636 492/816/637
f 492/816/637 496/815/636 663/790/611 662/789/610
f 491/814/635 590/817/638 591/818/639 496/815/636
f 496/815/636 591/818/639 714/645/482 663/790/611
f 490/813/634 492/816/637 497/819/640 493/820/641
f 493/820/641 497/819/640 651/821/642 650/822/643
f 492/816/637 662/789/610 661/802/623 497/819/640
f 497/819/640 661/802/623 724/804/625 651/821/642
f 490/805/626 493/823/644 498/824/645 494/806/627
f 494/806/627 498/824/645 693/825/646 692/811/632
f 493/823/644 650/826/647 649/827/648 498/824/645
f 498/824/645 649/827/648 735/828/605 693/825/646
f 499/829/649 503/830/650 504/831/651 500/832/652
f 500/832/652 504/831/651 583/833/472 584/628/468
f 503/830/650 689/834/653 688/835/654 504/831/651
f 504/831/651 688/835/654 728/836/473 583/833/472
f 499/829/649 500/832/652 505/837/655 501/838/656
f 501/839/656 505/840/655 657/534/388 656/533/387
f 500/832/652 584/628/468 585/627/467 505/837/655
f 505/840/655 585/631/467 713/535/389 657/534/388
f 499/829/649 501/838/656 506/841/657 502/842/658
f 502/842/658 506/841/657 645/772/597 644/764/591
f 501/838/656 656/843/387 655/844/403 506/841/657
f 506/841/657 655/844/403 726/773/405 645/772/597
f 499/829/649 502/842/658 507/845/659 503/830/650
f 503/830/650 507/845/659 690/846/660 689/834/653
f 502/842/658 644/764/591 643/763/590 507/845/659
f 507/845/659 643/763/590 734/767/594 690/846/660
f 508/847/661 512/848/662 513/849/663 509/850/664
f 509/850/664 513/849/663 664/851/665 665/852/666
f 512/848/662 659/794/615 658/793/614 513/849/663
f 513/849/663 658/793/614 712/661/498 664/851/665
f 508/853/667 509/854/668 514/855/669 510/856/670
f 510/856/670 514/855/669 688/835/654 689/834/653
f 509/854/668 665/857/671 666/858/672 514/855/669
f 514/855/669 666/858/672 728/836/473 688/835/654
f 508/853/667 510/856/670 515/859/673 511/860/674
f 511/860/674 515/859/673 684/861/675 683/862/676
f 510/856/670 689/834/653 690/846/660 515/859/673
f 515/859/673 690/846/660 734/767/594 684/861/675
f 508/847/661 511/863/677 516/864/678 512/848/662
f 512/848/662 516/864/678 660/799/620 659/794/615
f 511/863/677 683/865/679 682/866/680 516/864/678
f 516/864/678 682/866/680 725/800/621 660/799/620
f 517/867/681 521/868/682 522/869/683 518/870/684
f 518/870/684 522/869/683 667/567/419 668/557/411
f 521/871/682 653/539/393 652/538/392 522/872/683
f 522/872/683 652/538/392 715/541/395 667/568/419
f 517/867/681 518/870/684 523/873/685 519/874/686
f 519/874/686 523/873/685 691/812/633 692/811/632
f 518/870/684 668/557/411 669/556/410 523/873/685
f 523/873/685 669/556/410 729/560/414 691/812/633
f 517/867/681 519/874/686 524/875/687 520/876/688
f 520/876/688 524/875/687 687/877/604 686/878/601
f 519/874/686 692/811/632 693/825/646 524/875/687
f 524/875/687 693/825/646 735/828/605 687/877/604
f 517/867/681 520/876/688 525/879/689 521/868/682
f 521/871/682 525/880/689 654/546/400 653/539/393
f 520/876/688 686/878/601 685/881/600 525/879/689
f 525/880/689 685/780/600 727/547/401 654/546/400
f 526/882/690 530/883/691 531/884/692 527/885/693
f 527/885/693 531/884/692 682/866/680 683/865/679
f 530/883/691 641/798/619 642/797/618 531/884/692
f 531/884/692 642/797/618 725/800/621 682/866/680
f 526/886/694 527/887/695 532/888/696 528/889/697
f 528/889/697 532/888/696 694/766/593 695/765/592
f 527/887/695 683/862/676 684/861/675 532/888/696
f 532/888/696 684/861/675 734/767/594 694/766/593
f 526/886/694 528/889/697 533/890/698 529/891/699
f 529/891/699 533/890/698 649/892/648 650/893/647
f 528/889/697 695/765/592 696/782/603 533/890/698
f 533/890/698 696/782/603 735/784/605 649/892/648
f 526/882/690 529/894/700 534/895/701 530/883/691
f 530/883/691 534/895/701 640/803/624 641/798/619
f 529/894/700 650/822/643 651/821/642 534/895/701
f 534/895/701 651/821/642 724/804/625 640/803/624
f 535/896/702 539/897/703 540/898/704 536/899/705
f 536/899/705 540/898/704 673/620/463 674/610/455
f 539/900/703 638/753/581 639/752/580 540/901/704
f 540/901/704 639/752/580 717/622/464 673/621/463
f 535/896/702 536/899/705 541/902/706 537/903/707
f 537/903/707 541/902/706 697/709/538 698/708/537
f 536/899/705 674/610/455 675/609/454 541/902/706
f 541/902/706 675/609/454 731/613/458 697/709/538
f 535/896/702 537/903/707 542/904/708 538/905/709
f 538/905/709 542/904/708 681/700/529 680/693/524
f 537/903/707 698/708/537 699/728/555 542/904/708
f 542/904/708 699/728/555 733/701/530 681/700/529
f 535/896/702 538/905/709 543/906/710 539/897/703
f 539/897/703 543/906/710 637/907/584 638/908/581
f 538/905/709 680/693/524 679/692/523 543/906/710
f 543/906/710 679/692/523 723/697/526 637/907/584
f 544/909/711 548/910/712 549/911/713 545/912/714
f 545/912/714 549/911/713 618/913/715 617/914/716
f 548/910/712 620/741/569 621/740/568 549/911/713
f 549/911/713 621/740/568 721/743/571 618/913/715
f 544/915/711 545/916/714 550/917/717 546/918/718
f 546/918/718 550/917/717 700/681/516 701/680/515
f 545/919/714 617/920/719 616/921/720 550/922/717
f 550/922/717 616/921/720 732/604/449 700/682/516
f 544/915/711 546/918/718 551/923/721 547/924/722
f 547/924/722 551/923/721 625/729/557 626/722/556
f 546/918/718 701/680/515 702/699/528 551/923/721
f 551/923/721 702/699/528 733/701/530 625/729/557
f 544/909/711 547/925/722 552/926/723 548/910/712
f 548/910/712 552/926/723 619/745/573 620/741/569
f 547/924/722 626/722/550 627/721/549 552/927/723
f 552/926/723 627/726/549 722/725/552 619/745/573
f 553/928/724 557/929/725 558/930/726 554/931/727
f 554/931/727 558/930/726 609/717/546 608/716/545
f 557/929/725 611/655/492 612/654/491 558/930/726
f 558/930/726 612/654/491 716/657/494 609/717/546
f 553/932/728 554/933/729 559/934/730 555/935/731
f 555/935/731 559/934/730 703/612/457 704/611/456
f 554/933/729 608/707/536 607/706/535 559/934/730
f 559/934/730 607/706/535 731/613/458 703/612/457
f 553/932/728 555/935/731 560/936/732 556/937/733
f 556/937/733 560/936/732 666/938/672 665/939/671
f 555/935/731 704/611/456 705/633/471 560/936/732
f 560/936/732 705/633/471 728/636/473 666/938/672
f 553/928/724 556/940/734 561/941/735 557/929/725
f 557/929/725 561/941/735 610/660/497 611/655/492
f 556/940/734 665/852/666 664/851/665 561/941/735
f 561/941/735 664/851/665 712/661/498 610/660/497
f 562/942/736 566/943/737 567/944/738 563/945/739
f 563/945/739 567/944/738 600/946/740 599/947/741
f 566/943/737 632/737/565 633/736/564 567/944/738
f 567/944/738 633/736/564 718/651/488 600/946/740
f 562/948/742 563/949/743 568/950/744 564/951/745
f 564/951/745 568/950/744 706/586/435 707/585/434
f 563/949/743 599/952/746 598/953/747 568/950/744
f 568/950/744 598/953/747 730/580/429 706/586/435
f 562/948/742 564/951/745 569/954/748 565/955/749
f 565/955/749 569/954/748 616/921/720 617/920/719
f 564/951/745 707/585/434 708/602/447 569/954/748
f 569/954/748 708/602/447 732/604/449 616/921/720
f 562/942/736 565/956/750 570/957/751 566/943/737
f 566/943/737 570/957/751 631/742/570 632/737/565
f 565/956/750 617/914/716 618/913/715 570/957/751
f 570/957/751 618/913/715 721/743/571 631/742/570
f 571/958/752 575/959/753 576/960/754 572/961/755
f 572/961/755 576/960/754 591/818/639 590/817/638
f 575/959/753 593/642/479 594/641/478 576/960/754
f 576/960/754 594/641/478 714/645/482 591/818/639
f 571/962/756 572/963/757 577/964/758 573/965/759
f 573/965/759 577/964/758 709/559/413 710/558/412
f 572/963/757 590/810/631 589/809/630 577/964/758
f 577/964/758 589/809/630 729/560/414 709/559/413
f 571/962/756 573/965/759 578/966/760 574/967/761
f 574/967/761 578/966/760 598/953/747 599/952/746
f 573/965/759 710/558/412 711/578/427 578/966/760
f 578/966/760 711/578/427 730/580/429 598/953/747
f 571/958/752 574/968/762 579/969/763 575/959/753
f 575/959/753 579/969/763 592/650/487 593/642/479
f 574/968/762 599/947/741 600/946/740 579/969/763
f 579/969/763 600/946/740 718/651/488 592/650/487
f 736/970/764 739/971/765 740/972/766 737/973/767
f 737/973/767 740/972/766 817/974/768 816/975/769
f 739/971/765 819/976/770 820/977/771 740/972/766
f 740/972/766 820/977/771 858/978/772 817/974/768
f 736/970/764 738/979/773 741/980/774 739/971/765
f 739/971/765 741/980/774 818/981/775 819/976/770
f 738/979/773 821/982/776 822/983/777 741/980/774
f 741/980/774 822/983/777 860/984/778 818/981/775
f 742/985/779 745/986/780 746/987/781 743/988/782
f 743/988/782 746/987/781 822/983/777 821/982/776
f 745/986/780 839/989/783 840/990/784 746/987/781
f 746/987/781 840/990/784 860/984/778 822/983/777
f 742/985/779 744/991/785 747/992/786 745/986/780
f 745/986/780 747/992/786 838/993/787 839/989/783
f 744/991/785 831/994/788 832/995/789 747/992/786
f 747/992/786 832/995/789 861/996/790 838/993/787
f 748/997/791 751/998/792 752/999/793 749/1000/794
f 749/1000/794 752/999/793 827/1001/795 826/1002/796
f 751/998/792 829/1003/797 830/1004/798 752/999/793
f 752/999/793 830/1004/798 859/1005/799 827/1001/795
f 748/997/791 750/1006/800 753/1007/801 751/998/792
f 751/998/792 753/1007/801 828/1008/802 829/1003/797
f 750/1006/800 815/1009/803 814/1010/804 753/1007/801
f 753/1011/801 814/1012/804 857/1013/805 828/1014/802
f 754/1015/806 758/1016/807 759/1017/808 755/1018/809
f 755/1018/809 759/1017/808 820/1019/771 819/1020/770
f 758/1016/807 812/1021/810 811/1022/811 759/1017/808
f 759/1017/808 811/1022/811 858/1023/772 820/1019/771
f 754/1015/806 755/1018/809 760/1024/812 756/1025/813
f 756/1025/813 760/1024/812 825/1026/814 824/1027/815
f 755/1018/809 819/1020/770 818/1028/775 760/1024/812
f 760/1024/812 818/1028/775 860/1029/778 825/1026/814
f 754/1015/806 756/1025/813 761/1030/816 757/1031/817
f 757/1031/817 761/1030/816 830/1032/798 829/1033/797
f 756/1025/813 824/1027/815 823/1034/818 761/1030/816
f 761/1030/816 823/1034/818 859/1035/799 830/1032/798
f 754/1015/806 757/1031/817 762/1036/819 758/1016/807
f 758/1016/807 762/1036/819 813/1037/820 812/1021/810
f 757/1031/817 829/1033/797 828/1014/802 762/1036/819
f 762/1036/819 828/1014/802 857/1013/805 813/1037/820
f 763/1038/821 766/1039/822 767/1040/823 764/1041/824
f 764/1042/824 767/1043/823 832/995/789 831/994/788
f 766/1039/822 834/1044/825 835/1045/826 767/1040/823
f 767/1043/823 835/1046/826 861/996/790 832/995/789
f 763/1038/821 765/1047/827 768/1048/828 766/1039/822
f 766/1039/822 768/1048/828 833/1049/829 834/1044/825
f 765/1047/827 836/1050/830 837/1051/831 768/1048/828
f 768/1048/828 837/1051/831 862/1052/832 833/1049/829
f 769/1053/833 770/1054/834 773/1055/835 771/1056/836
f 771/1056/836 773/1055/835 841/1057/837 842/1058/838
f 770/1054/834 826/1002/796 827/1001/795 773/1055/835
f 773/1055/835 827/1001/795 859/1005/799 841/1057/837
f 769/1053/833 771/1056/836 774/1059/839 772/1060/840
f 772/1060/840 774/1059/839 837/1051/831 836/1050/830
f 771/1056/836 842/1058/838 843/1061/841 774/1059/839
f 774/1059/839 843/1061/841 862/1052/832 837/1051/831
f 775/1062/842 779/1063/843 780/1064/844 776/1065/845
f 776/1065/845 780/1064/844 823/1034/818 824/1027/815
f 779/1063/843 842/1066/838 841/1067/837 780/1064/844
f 780/1064/844 841/1067/837 859/1035/799 823/1034/818
f 775/1062/842 776/1065/845 781/1068/846 777/1069/847
f 777/1069/847 781/1068/846 840/1070/784 839/1071/783
f 776/1065/845 824/1027/815 825/1026/814 781/1068/846
f 781/1068/846 825/1026/814 860/1029/778 840/1070/784
f 775/1062/842 777/1069/847 782/1072/848 778/1073/849
f 778/1073/849 782/1072/848 835/1074/826 834/1075/825
f 777/1069/847 839/1071/783 838/1076/787 782/1072/848
f 782/1072/848 838/1076/787 861/1077/790 835/1074/826
f 775/1062/842 778/1073/849 783/1078/850 779/1063/843
f 779/1063/843 783/1078/850 843/1079/841 842/1066/838
f 778/1073/849 834/1075/825 833/1080/829 783/1078/850
f 783/1081/850 833/1049/829 862/1052/832 843/1061/841
f 784/1082/851 787/1083/852 788/1084/853 785/1085/854
f 785/1085/854 788/1084/853 847/1086/855 848/1087/856
f 787/1083/852 845/1088/857 846/1089/858 788/1084/853
f 788/1084/853 846/1089/858 864/1090/859 847/1086/855
f 784/1082/851 786/1091/860 789/1092/861 787/1083/852
f 787/1083/852 789/1092/861 844/1093/862 845/1088/857
f 786/1091/860 849/1094/863 850/1095/864 789/1092/861
f 789/1096/861 850/1097/864 863/1098/865 844/1099/862
f 790/1100/866 794/1101/867 795/1102/868 791/1103/869
f 791/1103/869 795/1102/868 811/1022/811 812/1021/810
f 794/1101/867 855/1104/870 856/1105/871 795/1102/868
f 795/1102/868 856/1105/871 858/1023/772 811/1022/811
f 790/1100/866 791/1103/869 796/1106/872 792/1107/873
f 792/1107/873 796/1106/872 851/1108/874 852/1109/875
f 791/1103/869 812/1021/810 813/1037/820 796/1106/872
f 796/1106/872 813/1037/820 857/1013/805 851/1108/874
f 790/1100/866 792/1107/873 797/1110/876 793/1111/877
f 793/1111/877 797/1110/876 846/1112/858 845/1113/857
f 792/1107/873 852/1109/875 853/1114/878 797/1110/876
f 797/1110/876 853/1114/878 864/1115/859 846/1112/858
f 790/1100/866 793/1111/877 798/1116/879 794/1101/867
f 794/1101/867 798/1116/879 854/1117/880 855/1104/870
f 793/1111/877 845/1113/857 844/1099/862 798/1116/879
f 798/1116/879 844/1099/862 863/1098/865 854/1117/880
f 799/1118/881 800/1119/882 803/1120/883 801/1121/884
f 801/1121/884 803/1120/883 856/1122/871 855/1123/870
f 800/1119/882 816/975/769 817/974/768 803/1120/883
f 803/1120/883 817/974/768 858/978/772 856/1122/871
f 799/1118/881 801/1121/884 804/1124/885 802/1125/886
f 802/1125/886 804/1124/885 850/1126/864 849/1127/863
f 801/1121/884 855/1123/870 854/1128/880 804/1124/885
f 804/1129/885 854/1117/880 863/1098/865 850/1097/864
f 805/1130/887 808/1131/888 809/1132/889 806/1133/890
f 806/1134/890 809/1135/889 814/1010/804 815/1009/803
f 808/1136/888 852/1109/875 851/1108/874 809/1137/889
f 809/1137/889 851/1108/874 857/1013/805 814/1012/804
f 805/1130/887 807/1138/891 810/1139/892 808/1131/888
f 808/1131/888 810/1139/892 853/1140/878 852/1141/875
f 807/1138/891 848/1087/856 847/1086/855 810/1139/892
f 810/1139/892 847/1086/855 864/1090/859 853/1140/878
