# Blender v3.2.0 OBJ File: ''
# www.blender.org
mtllib test222222222222222.mtl
o sheriff
v -35.855099 10.602691 56.229099
v -36.450901 9.385491 50.532799
v -38.142399 5.484891 52.805901
v -38.139702 6.742990 57.247398
v -36.933201 7.343893 46.391399
v -38.142399 1.863292 48.071098
v -35.592999 10.316890 62.550499
v -38.136902 6.738390 62.213200
v -38.131802 5.270189 66.694603
v -35.545300 9.386889 68.684402
v -37.234798 10.066594 36.917801
v -33.718601 13.914989 62.631104
v -34.201302 15.193092 49.628902
v -32.874298 12.124687 73.644997
v -35.848400 6.572588 73.928902
v -33.619099 9.408788 76.485703
v -38.127300 2.593189 70.641296
v -31.285101 7.018687 81.772598
v -32.900902 3.050987 81.072403
v -26.889099 0.885686 85.733299
v -25.306400 5.255886 85.583000
v -20.345900 -0.810615 89.296997
v -18.718500 3.737485 89.294098
v -34.496700 -5.545113 79.846001
v -35.561600 1.163887 77.869301
v -37.840500 -1.684512 74.103798
v -36.775600 -7.377213 75.866096
v -33.664902 -9.515513 79.859497
v -34.490700 -14.387113 76.035599
v -32.211800 -14.056713 79.874901
v -30.706200 -10.053113 82.981903
v -29.240700 -6.156314 84.590302
v -22.522100 -6.759014 88.606903
v -34.299599 16.156595 34.028503
v -38.199200 -3.463207 44.470501
v -37.319901 3.913693 42.402199
v -37.418800 -1.770606 39.161999
v -36.368599 -8.965305 37.596901
v -37.585602 -8.990107 43.169201
v -37.577202 0.911794 36.501801
v -36.702099 -6.691094 -38.692600
v -36.531502 -7.576199 -9.945201
v -37.574902 3.184502 -10.759799
v -37.413300 -0.583094 -39.800201
v -37.573399 4.790807 -42.926800
v -37.232899 12.485002 -11.549598
v -36.690498 14.080908 -44.405396
v -36.873299 10.654509 -50.982399
v -36.181198 14.649810 -55.997696
v -36.884399 -10.965794 -38.420799
v -36.776199 -11.378698 -9.673402
v -35.825100 -14.818793 -43.314102
v -35.751499 -14.825706 43.153797
v -36.618401 -12.021006 35.068096
v -36.341400 -8.972906 35.413502
v -37.247200 8.069808 -46.471199
v -36.513599 12.285709 -55.919495
v -38.199100 -1.684493 -45.245098
v -37.566101 -8.115993 -43.466900
v -38.127300 2.593208 -48.707600
v -38.131699 5.270208 -52.654301
v -38.136902 6.738410 -57.135601
v -33.177101 19.641708 -47.299297
v -32.756401 20.001509 -56.426197
v -34.295898 18.252703 -12.057497
v -31.020100 20.027212 -75.768997
v -34.664200 15.006912 -76.570503
v -35.560600 14.942410 -66.284103
v -32.149399 20.112211 -66.097603
v -29.368500 19.769114 -85.440300
v -33.245602 14.999114 -86.856796
v -28.443300 19.856915 -87.960701
v -26.715000 19.958315 -89.723099
v -25.884501 17.558615 -92.806000
v -31.181601 14.997614 -90.468002
v -27.942200 14.995416 -93.502502
v -24.726000 14.993115 -94.783997
v -38.139702 6.743010 -62.101398
v -36.287399 12.476210 -60.964596
v -35.987301 11.651111 -66.388397
v -38.142399 5.484911 -66.542900
v -35.840599 9.304711 -71.228600
v -37.911098 1.863312 -71.277802
v -35.730701 6.147913 -75.056198
v -35.414101 0.821413 -78.656799
v -37.373100 -3.463188 -74.878403
v -35.297001 -3.018987 -80.296501
v -36.134399 -8.990088 -76.179703
v -34.646099 -8.430387 -80.957901
v -33.484901 -13.269486 -80.135597
v -34.017399 -13.832188 -76.194901
v -32.951900 7.151014 -88.698097
v -33.938202 3.111214 -86.257599
v -34.621601 8.002314 -83.571404
v -34.701801 1.693314 -83.948898
v -24.808901 -13.285714 86.979500
v -24.108500 -11.326815 87.663696
v -30.317301 9.850716 -92.991302
v -31.966499 10.904315 -90.965599
v -27.424101 9.288615 -95.095299
v -23.703899 9.202516 -96.490196
v -30.362499 -1.892085 -94.592300
v -32.694599 -2.176585 -90.991798
v -26.249500 -1.657784 -97.511597
v -21.737600 -1.553184 -98.929398
v -29.486700 -11.985586 -89.189102
v -31.902100 -12.424585 -86.095299
v -25.126101 -11.811786 -90.421700
v -19.982700 -11.720585 -91.037903
v -9.322400 18.844616 -97.550598
v -8.163900 14.987216 -99.478798
v -16.444901 14.990116 -97.580498
v -17.603399 18.315516 -95.627296
v -10.152900 21.639315 -94.914101
v -19.175900 20.888916 -92.767601
v 0.001000 18.942316 -98.006302
v 0.001000 14.997016 -99.891296
v -20.164801 14.991515 -96.324303
v 0.001000 21.908615 -95.592796
v -8.175800 14.950016 -97.436798
v -7.878500 9.524217 -98.902603
v -15.732800 9.525216 -97.592499
v -16.462601 14.977215 -96.250198
v -7.900200 7.881516 -100.644501
v -7.244200 -1.393483 -101.895103
v -13.095500 -1.393684 -101.118500
v -14.406600 8.205716 -99.448402
v -6.658600 -11.721385 -91.696297
v -15.442200 -11.720685 -91.480400
v 0.001000 15.004716 -97.817101
v 0.001000 9.526416 -99.563301
v -19.114901 10.008816 -96.754402
v -20.008900 14.977015 -95.346901
v 0.001000 7.748816 -101.179703
v 0.001000 -1.393283 -102.395599
v -17.255301 -1.400184 -100.049599
v -19.142099 9.205716 -97.979797
v 0.001000 -11.720984 -91.711800
v -29.336901 14.794589 66.668701
v -29.744600 16.230892 50.358402
v -28.734100 13.265087 75.683899
v -29.741301 17.012394 39.486603
v -31.573299 16.718094 36.676903
v -32.209400 18.897402 -12.053397
v -31.090599 20.286407 -47.295197
v -30.669901 20.646109 -56.422096
v -32.213100 16.657494 34.033604
v -27.449800 20.671812 -75.003700
v -26.347401 20.321913 -85.436203
v -29.895901 20.756912 -66.884697
v -30.706200 11.629687 78.893402
v -28.052601 11.129786 81.778297
v -22.845400 21.558712 -64.949699
v -25.867599 20.836611 -73.746597
v -24.243999 21.395111 -64.665901
v -16.261200 20.459616 -90.328598
v -16.938400 21.267014 -86.082901
v -8.898100 21.815413 -86.092499
v -8.471100 21.008116 -90.655502
v 0.001000 22.143913 -86.095703
v 0.001000 21.336515 -90.705101
v -18.242599 20.753613 -86.082001
v -21.038300 21.759512 -65.198799
v -19.470400 22.366011 -64.991501
v -11.250200 22.963812 -65.476997
v 0.001000 23.227512 -65.723297
v -18.035900 14.678988 71.334702
v -20.995800 16.467291 56.380405
v -23.056299 10.562387 84.208397
v -15.034900 12.505286 81.259003
v -26.920000 17.170492 41.297005
v -16.366100 15.990189 71.252197
v -19.325899 18.026991 56.501804
v -21.058901 18.690292 45.050804
v -22.963499 17.291092 42.993103
v -14.252700 13.605686 79.615501
v -13.038700 11.500787 84.096100
v -16.600000 9.829185 86.542198
v -12.769700 9.530786 87.653397
v -6.696200 9.167585 88.979698
v -7.031500 11.396686 85.847702
v -10.202400 18.009991 58.055004
v -8.709600 15.973088 72.805397
v -11.074500 18.673193 46.620205
v -7.643800 13.588687 81.168602
v 0.000900 8.865486 89.636398
v 0.000900 11.292485 86.728798
v 0.001000 17.992891 58.737602
v 0.001000 15.955988 73.487999
v 0.001000 18.656092 47.254005
v 0.000900 13.571587 81.851303
v 0.001000 17.248793 45.657703
v -11.083600 17.265892 45.023804
v -6.687500 9.164085 87.803200
v -12.570100 9.489985 86.555901
v -12.537500 3.152085 90.083099
v -6.510500 1.824185 91.493401
v -14.491200 3.550385 89.554398
v 0.000900 8.837585 88.388100
v 0.000900 0.690785 92.081398
v -19.432899 -11.706015 88.406601
v -12.906500 -11.705514 90.142601
v -12.888600 -11.706015 88.975700
v -19.263800 -11.706214 87.413101
v -6.785300 -11.705914 89.966904
v -6.790600 -11.707416 91.078003
v 0.000900 -11.705714 90.435097
v 0.000900 -11.707516 91.463799
v -6.799700 -6.753715 92.530899
v 0.000900 -6.753615 93.324501
v 0.000900 -0.350215 93.788696
v -6.748900 1.007785 93.048401
v -12.797800 -6.753715 91.251900
v -12.827000 2.352185 91.637199
v -14.909900 2.841985 90.952301
v -17.981001 -6.753915 89.702400
v -12.872400 -13.296314 89.831100
v -6.769000 -13.297114 90.690399
v 0.000900 -13.297815 91.116302
v 0.000900 -6.750815 91.709900
v -6.749200 -6.750815 91.045097
v -12.741100 -6.752415 89.843102
v -17.776501 -6.752714 88.488800
v -20.071600 -13.289914 87.957603
v -24.499201 5.271509 -52.652699
v -24.489300 -14.817493 -43.312504
v -24.499701 -1.683193 -45.243500
v -24.492399 5.495691 52.808102
v -24.492300 5.280989 66.696800
v -24.463600 -14.384313 76.036903
v -24.490000 -1.673712 74.106003
v -24.492800 -3.452407 44.472698
v -24.481800 -14.814907 43.155994
v -24.499201 5.486211 -66.541397
v -24.466700 -13.830888 -76.193398
v -24.493200 -3.461888 -74.876801
v -24.910601 28.121710 -62.918396
v -26.180201 24.396711 -69.662796
v -28.626301 24.741409 -62.051994
v -27.356701 28.726009 -55.815598
v -29.400299 24.617708 -52.339195
v -28.228201 28.589308 -46.852596
v -23.733299 31.846609 -54.770298
v -25.904900 32.710609 -47.845997
v -27.219200 32.263908 -40.190296
v -25.073400 35.148109 -39.333992
v -22.850401 35.144409 -46.249592
v -22.456200 37.739204 -25.069294
v -22.463400 37.105209 -36.449192
v -24.758699 36.359604 -32.812492
v -24.751499 36.993603 -23.543194
v -26.856199 33.799603 -33.127995
v -26.849001 34.322704 -23.623194
v -22.451300 37.946903 -13.398194
v -24.746599 37.086803 -13.327894
v -26.733400 34.447502 -13.275694
v -22.667500 37.322701 -3.110194
v -24.962799 36.402199 -3.449194
v -25.531500 34.457199 6.513306
v -23.236300 35.436401 7.199706
v -26.587200 34.126499 -3.880394
v -26.963200 32.626701 5.490305
v -26.566401 31.522799 14.961104
v -24.271200 32.223495 15.823405
v -27.717100 30.055899 13.454705
v -25.854799 27.941196 23.488504
v -27.975300 27.394796 21.911804
v -29.625200 22.269693 29.426403
v -27.792200 22.597895 31.783903
v -28.930799 26.406397 20.163004
v -30.481300 21.866896 27.013304
v -16.032200 35.419102 7.612106
v -16.747700 32.755596 16.757505
v -7.537900 33.063995 17.383406
v -7.213300 35.965302 7.842606
v -15.639000 36.786301 -3.086594
v -7.035000 37.332298 -3.077994
v -19.182100 22.828394 33.351204
v -20.529699 17.100092 41.751602
v -9.253200 17.207392 42.844505
v -8.642000 23.019894 34.515804
v -17.842600 28.313396 24.524504
v -8.034400 28.610796 25.585604
v 0.001000 33.117195 17.670206
v 0.001000 36.139400 7.881306
v -22.041901 34.971001 7.294706
v 0.001000 37.444099 -3.063494
v -20.995600 36.297100 -3.103294
v 0.001000 17.295092 43.162605
v 0.001000 23.101194 34.991802
v 0.001000 28.714296 25.998404
v -15.482800 37.353004 -13.415295
v -6.952200 37.727802 -13.436094
v -6.953900 37.520103 -25.107094
v -15.486200 37.145405 -25.086294
v -15.491300 36.449306 -37.139294
v -6.956300 36.755707 -37.574192
v -15.440300 34.102207 -47.216595
v -6.931600 34.443909 -47.971497
v 0.001000 37.814606 -13.453094
v 0.001000 37.607002 -25.124195
v -20.692600 36.706604 -25.074493
v -20.700899 36.914005 -13.402994
v 0.001000 36.803707 -37.591194
v -20.759800 36.072208 -36.453793
v 0.001000 34.560909 -48.155396
v -21.284800 33.745506 -46.423096
v -22.399401 30.883509 -54.946095
v -23.669001 27.347710 -63.094196
v -24.938601 23.622812 -69.838692
v -8.082200 31.232510 -54.889397
v 0.001000 31.395010 -55.075996
v 0.001000 26.896210 -61.690098
v -9.910700 26.678009 -61.514797
v -16.544800 30.793310 -54.326694
v -18.220400 26.199709 -61.046597
v -22.218300 30.134510 -53.675198
v -23.313900 25.521410 -60.436398
v 38.144299 5.484891 52.805901
v 36.452801 9.385491 50.532799
v 35.856998 10.602691 56.229099
v 38.141602 6.742990 57.247398
v 38.144299 1.863292 48.071098
v 36.935101 7.343893 46.391399
v 35.594898 10.316890 62.550499
v 35.547199 9.386889 68.684402
v 38.133701 5.270189 66.694603
v 38.138802 6.738390 62.213200
v 37.236698 10.066594 36.917801
v 33.720501 13.914989 62.631104
v 34.203201 15.193092 49.628902
v 32.876202 12.124687 73.644997
v 33.620998 9.408788 76.485703
v 35.850300 6.572588 73.928902
v 38.129200 2.593189 70.641296
v 31.287001 7.018687 81.772598
v 25.308300 5.255886 85.583000
v 26.891001 0.885686 85.733299
v 32.902802 3.050987 81.072403
v 20.347799 -0.810615 89.296997
v 18.720400 3.737485 89.294098
v 34.498600 -5.545113 79.846001
v 36.777500 -7.377213 75.866096
v 37.842400 -1.684512 74.103798
v 35.563499 1.163887 77.869301
v 33.666801 -9.515513 79.859497
v 30.708000 -10.053113 82.981903
v 32.213699 -14.056713 79.874901
v 34.492599 -14.387113 76.035599
v 22.524000 -6.759014 88.606903
v 29.242599 -6.156314 84.590302
v 34.301498 16.156595 34.028503
v 38.201099 -3.463207 44.470501
v 37.420700 -1.770606 39.162102
v 37.321800 3.913693 42.402199
v 37.587502 -8.990107 43.169201
v 36.370499 -8.965305 37.597000
v 37.579102 0.911794 36.501900
v 37.576801 3.184502 -10.759799
v 36.533401 -7.576199 -9.945201
v 36.703999 -6.691094 -38.692600
v 37.415199 -0.583094 -39.800201
v 37.575298 4.790807 -42.926800
v 36.692501 14.080908 -44.405396
v 37.234798 12.485002 -11.549598
v 36.875301 10.654509 -50.982399
v 36.183102 14.649810 -55.997696
v 36.886299 -10.965794 -38.420799
v 36.778099 -11.378698 -9.673402
v 36.620300 -12.021006 35.068096
v 35.753399 -14.825706 43.153896
v 35.827000 -14.818793 -43.314102
v 36.343300 -8.972906 35.413601
v 37.249199 8.069808 -46.471199
v 36.515598 12.285709 -55.919495
v 38.201099 -1.684493 -45.245098
v 37.568001 -8.115993 -43.466900
v 38.129200 2.593208 -48.707600
v 38.133701 5.270308 -52.654301
v 38.138802 6.738410 -57.135601
v 32.758301 20.001509 -56.426197
v 33.179100 19.641708 -47.299297
v 34.297798 18.252703 -12.057497
v 31.021999 20.027212 -75.768997
v 32.151299 20.112211 -66.097603
v 35.562500 14.942410 -66.284103
v 34.666100 15.006912 -76.570503
v 29.370399 19.769114 -85.440399
v 33.247501 14.999114 -86.856796
v 25.886400 17.558615 -92.806000
v 26.716900 19.958315 -89.723099
v 28.445299 19.856915 -87.960701
v 31.183500 14.997614 -90.468002
v 27.944099 14.995416 -93.502502
v 24.727900 14.993115 -94.783997
v 38.141602 6.743010 -62.101398
v 35.989201 11.651111 -66.388397
v 36.289299 12.476210 -60.964596
v 38.144299 5.484911 -66.542999
v 35.842499 9.304711 -71.228600
v 37.912998 1.863312 -71.277802
v 35.732601 6.147913 -75.056198
v 35.416000 0.821413 -78.656799
v 37.375000 -3.463188 -74.878403
v 35.298901 -3.018987 -80.296501
v 33.486801 -13.269486 -80.135597
v 34.647999 -8.430387 -80.957901
v 36.136299 -8.990088 -76.179703
v 34.019299 -13.832188 -76.194901
v 32.953899 7.151014 -88.698097
v 34.623501 8.002314 -83.571404
v 33.940102 3.111214 -86.257599
v 34.703701 1.693314 -83.948898
v 24.110399 -11.326815 87.663696
v 24.810801 -13.285714 86.979500
v 31.968500 10.904315 -90.965599
v 30.319201 9.850716 -92.991302
v 27.426001 9.288615 -95.095299
v 23.705799 9.202516 -96.490196
v 32.696499 -2.176585 -90.991798
v 30.364401 -1.891985 -94.592300
v 26.251400 -1.657784 -97.511597
v 21.739599 -1.553184 -98.929398
v 29.488701 -11.985586 -89.189102
v 31.904100 -12.424585 -86.095299
v 25.128099 -11.811786 -90.421700
v 19.984600 -11.720585 -91.038002
v 9.324300 18.844616 -97.550598
v 17.605301 18.315516 -95.627296
v 16.446899 14.990116 -97.580498
v 8.165800 14.987216 -99.478798
v 10.154800 21.639315 -94.914101
v 19.177799 20.888916 -92.767601
v 20.166800 14.991515 -96.324303
v 8.177700 14.950016 -97.436798
v 16.464500 14.977215 -96.250198
v 15.734700 9.525216 -97.592499
v 7.880500 9.524217 -98.902603
v 7.902100 7.881516 -100.644501
v 14.408500 8.205716 -99.448402
v 13.097400 -1.393684 -101.118500
v 7.246100 -1.393483 -101.895103
v 6.660500 -11.721385 -91.696297
v 15.444100 -11.720685 -91.480400
v 19.116800 10.008816 -96.754402
v 20.010799 14.977015 -95.346901
v 17.257200 -1.400184 -100.049599
v 19.143999 9.205716 -97.979797
v 29.746500 16.230892 50.358402
v 29.338800 14.794589 66.668701
v 28.736000 13.265087 75.683899
v 29.743200 17.012394 39.486603
v 31.575199 16.718094 36.676903
v 31.092600 20.286407 -47.295197
v 32.211300 18.897402 -12.053397
v 30.671900 20.646109 -56.422096
v 32.215000 16.657494 34.033604
v 26.349300 20.321913 -85.436203
v 27.451700 20.671812 -75.003700
v 29.897900 20.756912 -66.884697
v 30.708099 11.629687 78.893402
v 28.054501 11.129786 81.778297
v 22.847401 21.558712 -64.949699
v 24.245899 21.395111 -64.665901
v 25.869499 20.836611 -73.746597
v 8.900000 21.815413 -86.092499
v 16.940300 21.267014 -86.083000
v 16.263100 20.459616 -90.328598
v 8.473100 21.008116 -90.655502
v 18.244600 20.753613 -86.082001
v 21.040199 21.759512 -65.198799
v 11.252100 22.963812 -65.476997
v 19.472300 22.366011 -64.991501
v 20.997700 16.467291 56.380405
v 18.037800 14.678988 71.334702
v 23.058201 10.562387 84.208397
v 15.036800 12.505286 81.259003
v 26.921900 17.170492 41.297005
v 19.327801 18.026991 56.501804
v 16.368000 15.990189 71.252197
v 22.965401 17.291092 42.993103
v 21.060801 18.690292 45.050903
v 14.254600 13.605686 79.615501
v 13.040600 11.500787 84.096100
v 16.601900 9.829185 86.542198
v 12.771600 9.530786 87.653397
v 7.033400 11.396686 85.847702
v 6.698100 9.167585 88.979698
v 10.204300 18.009991 58.055004
v 8.711500 15.973088 72.805397
v 11.076400 18.673193 46.620205
v 7.645700 13.588687 81.168602
v 11.085500 17.265892 45.023804
v 6.689400 9.164085 87.803200
v 6.512400 1.824185 91.493401
v 12.539400 3.152085 90.083099
v 12.572000 9.489985 86.555901
v 14.493100 3.550385 89.554398
v 12.890500 -11.706015 88.975700
v 12.908400 -11.705514 90.142601
v 19.434799 -11.706015 88.406601
v 19.265699 -11.706214 87.413101
v 6.787200 -11.705914 89.966904
v 6.792500 -11.707416 91.078003
v 6.801600 -6.753715 92.530899
v 6.750800 1.007785 93.048401
v 12.799700 -6.753715 91.251900
v 12.828900 2.352185 91.637199
v 14.911800 2.841985 90.952301
v 17.982901 -6.753915 89.702400
v 6.770900 -13.297114 90.690399
v 12.874300 -13.296314 89.831100
v 6.751100 -6.750815 91.045097
v 12.743000 -6.752415 89.843102
v 17.778400 -6.752714 88.488800
v 20.073500 -13.289914 87.957603
v 24.501101 5.271509 -52.652699
v 24.491199 -14.817493 -43.312504
v 24.501600 -1.683193 -45.243500
v 24.494301 5.495691 52.808102
v 24.494200 5.280989 66.696800
v 24.465500 -14.384313 76.036903
v 24.491899 -1.673712 74.106003
v 24.494699 -3.452407 44.472698
v 24.483700 -14.814907 43.155994
v 24.501101 5.486211 -66.541397
v 24.468599 -13.830888 -76.193398
v 24.495100 -3.461888 -74.876801
v 24.912500 28.121710 -62.918396
v 27.358601 28.726009 -55.815598
v 28.628201 24.741409 -62.051994
v 26.182100 24.396711 -69.662895
v 28.230200 28.589308 -46.852596
v 29.402201 24.617708 -52.339195
v 23.735201 31.846609 -54.770298
v 25.906799 32.710609 -47.845997
v 27.221100 32.263908 -40.190296
v 22.852301 35.144409 -46.249592
v 25.075300 35.148109 -39.334091
v 22.458099 37.739204 -25.069294
v 24.753401 36.993603 -23.543194
v 24.760599 36.359604 -32.812492
v 22.465300 37.105209 -36.449192
v 26.850901 34.322704 -23.623194
v 26.858101 33.799603 -33.127995
v 22.453199 37.946903 -13.398194
v 24.748501 37.086803 -13.327894
v 26.735300 34.447502 -13.275694
v 22.669399 37.322701 -3.110194
v 23.238199 35.436401 7.199706
v 25.533400 34.457199 6.513306
v 24.964701 36.402199 -3.449194
v 26.965099 32.626701 5.490305
v 26.589100 34.126499 -3.880394
v 24.273100 32.223495 15.823405
v 26.568399 31.522799 14.961104
v 27.719000 30.055899 13.454705
v 25.856701 27.941196 23.488504
v 27.794100 22.597895 31.783903
v 29.627100 22.269693 29.426403
v 27.977200 27.394796 21.911804
v 30.483200 21.866896 27.013304
v 28.932699 26.406397 20.163004
v 16.034100 35.419102 7.612106
v 7.215200 35.965302 7.842606
v 7.539800 33.063995 17.383505
v 16.749701 32.755596 16.757607
v 15.640900 36.786301 -3.086594
v 7.036900 37.332298 -3.077994
v 19.184000 22.828394 33.351204
v 8.643900 23.019894 34.515804
v 9.255100 17.207392 42.844505
v 20.531601 17.100092 41.751705
v 17.844500 28.313396 24.524603
v 8.036300 28.610796 25.585604
v 22.043800 34.971001 7.294706
v 20.997499 36.297100 -3.103294
v 6.955800 37.520103 -25.107094
v 6.954100 37.727802 -13.436094
v 15.484700 37.353004 -13.415295
v 15.488100 37.145405 -25.086294
v 15.493200 36.449306 -37.139294
v 6.958200 36.755707 -37.574192
v 15.442200 34.102207 -47.216595
v 6.933500 34.443909 -47.971497
v 20.694500 36.706604 -25.074493
v 20.702801 36.914005 -13.402994
v 20.761700 36.072208 -36.453793
v 21.286699 33.745506 -46.423096
v 23.670900 27.347710 -63.094196
v 22.401300 30.883610 -54.946095
v 24.940599 23.622812 -69.838692
v 8.084100 31.232510 -54.889397
v 9.912700 26.678009 -61.514896
v 16.546801 30.793310 -54.326694
v 18.222300 26.199709 -61.046597
v 23.315800 25.521410 -60.436398
v 22.220301 30.134510 -53.675198
v 33.470299 17.831097 25.502203
v 40.972198 18.103395 22.134403
v 40.742401 17.831097 26.738903
v 39.018398 17.681293 29.723305
v 39.782902 21.133196 25.591904
v 40.012798 21.356697 22.562904
v 33.495701 20.871595 25.455004
v 33.506699 20.889294 30.050304
v 33.519402 17.587194 31.197304
v 38.058899 20.983397 28.576303
v 34.127602 22.836197 25.161404
v 38.492100 22.683395 24.948704
v 38.793499 22.843596 23.120903
v 34.028999 22.507196 28.527704
v 37.119801 22.571396 27.322104
v -33.468399 17.831097 25.502203
v -40.740501 17.831097 26.738903
v -40.970299 18.103395 22.134403
v -39.016499 17.681293 29.723305
v -39.780998 21.133196 25.591904
v -40.010799 21.356697 22.563004
v -33.493801 20.871595 25.455004
v -33.504700 20.889294 30.050304
v -33.517502 17.587194 31.197304
v -38.056999 20.983397 28.576303
v -34.125702 22.836197 25.161404
v -38.791599 22.843596 23.120903
v -38.490200 22.683395 24.948704
v -37.117901 22.571396 27.322104
v -34.027100 22.507196 28.527803
v -22.454000 39.321999 -6.736794
v -22.454000 41.447800 -6.736794
v -22.454000 41.447704 -20.484793
v -22.454000 39.322002 -20.484795
v 22.439800 39.321999 -6.736794
v 22.439800 39.321903 -20.484795
v 22.439800 41.447704 -20.484793
v 22.439800 41.447701 -6.736794
v 21.165400 42.246304 -19.417692
v -21.179600 42.246304 -19.417692
v -21.179600 42.246300 -7.803893
v 21.165400 42.246300 -7.803893
v -21.080000 -1.025383 -102.734497
v -23.098301 9.542616 -100.314003
v -19.778200 9.497016 -101.469299
v -17.913099 -0.953083 -103.558701
v -16.521400 -9.103583 -96.777496
v -19.734200 -9.372985 -95.577797
v -18.836000 2.376485 93.032204
v -15.521600 2.242385 93.747200
v -21.328199 -4.663815 92.591797
v -17.673800 -4.333015 93.513397
v -23.096500 -9.551415 91.612000
v -19.387899 -9.555515 92.380501
v 21.081900 -1.025383 -102.734497
v 17.915100 -0.953083 -103.558701
v 19.780100 9.497016 -101.469299
v 23.100300 9.542616 -100.314003
v 16.523300 -9.103583 -96.777496
v 19.736099 -9.372985 -95.577797
v 15.523500 2.242385 93.747200
v 18.837900 2.376485 93.032204
v 17.675699 -4.333015 93.513397
v 21.330099 -4.663815 92.591797
v 19.389799 -9.555515 92.380501
v 23.098400 -9.551415 91.612000
v -32.053799 17.421797 25.876102
v -32.037899 17.259495 31.687702
v -33.522301 17.853994 29.769403
v -33.522301 17.985096 26.139904
v -33.522301 20.454596 25.911604
v -30.995001 20.469496 25.654503
v -33.522301 20.379097 27.542704
v -31.000900 20.365196 27.882605
v 32.055698 17.421797 25.876102
v 33.524200 17.985096 26.139904
v 33.524200 17.853994 29.769403
v 32.039799 17.259495 31.687702
v 33.524200 20.454596 25.911604
v 30.996901 20.469496 25.654503
v 33.524200 20.379097 27.542704
v 31.002800 20.365196 27.882605
v -38.473202 11.794901 -3.408798
v -39.283001 12.179402 -11.523298
v -39.366699 10.535802 -11.384998
v -38.529301 10.464801 -3.408798
v -38.515301 10.925903 -18.600399
v -38.364700 12.256103 -18.600399
v -37.301201 10.414900 -1.935198
v -37.245201 11.745000 -1.935198
v -37.297298 10.256502 -11.354398
v -37.287201 10.966403 -20.395199
v -37.136600 12.296403 -20.395199
v -37.213699 12.478002 -11.543298
v 38.475101 11.794901 -3.408798
v 38.531200 10.464801 -3.408798
v 39.368599 10.535802 -11.384998
v 39.284901 12.179302 -11.523298
v 38.517200 10.925903 -18.600399
v 38.366600 12.256002 -18.600399
v 37.247101 11.745000 -1.935198
v 37.303101 10.414900 -1.935198
v 37.299198 10.256502 -11.354398
v 37.289101 10.966403 -20.395199
v 37.138500 12.296403 -20.395199
v 37.215599 12.478002 -11.543298
v -19.761499 37.503506 -20.211094
v -17.641001 37.669403 -20.211094
v -17.903400 37.027203 -20.424494
v -20.217400 36.813103 -20.424494
v -20.119699 36.975803 -13.631194
v -18.584200 39.317505 -17.320293
v -19.657000 37.677402 -18.260593
v -16.968399 39.332104 -17.320293
v -17.572701 37.843304 -18.260593
v -17.846001 37.173306 -13.631194
v -19.915400 37.271999 -7.051394
v -20.371401 36.581600 -6.837994
v -17.998501 36.795700 -6.837994
v -17.736099 37.437901 -7.051394
v -18.584200 39.317501 -9.942193
v -19.811001 37.445900 -9.001894
v -17.667801 37.611801 -9.001894
v -16.968399 39.332100 -9.942193
v 19.763399 37.503506 -20.211094
v 20.219299 36.813103 -20.424494
v 17.905300 37.027203 -20.424494
v 17.642900 37.669403 -20.211094
v 20.121599 36.975803 -13.631194
v 19.658899 37.677402 -18.260593
v 18.586100 39.317505 -17.320293
v 17.574600 37.843304 -18.260593
v 16.970301 39.332104 -17.320293
v 17.847900 37.173306 -13.631194
v 19.917299 37.271999 -7.051394
v 17.738001 37.437901 -7.051394
v 18.000401 36.795700 -6.837994
v 20.373301 36.581600 -6.837994
v 18.586100 39.317501 -9.942193
v 16.970301 39.332100 -9.942193
v 17.669800 37.611801 -9.001894
v 19.812901 37.445900 -9.001894
v 27.930300 -9.467587 -74.328697
v 37.191799 -9.467587 -74.328697
v 37.191799 -15.004587 -73.227303
v 27.930300 -15.004587 -73.227303
v 37.191799 -19.698589 -70.090897
v 27.930300 -19.698589 -70.090897
v 37.191799 -22.834988 -65.396896
v 27.930300 -22.834988 -65.396896
v 37.191799 -23.936390 -59.860004
v 27.930300 -23.936390 -59.859905
v 37.191799 -22.834990 -54.323006
v 27.930300 -22.834990 -54.323006
v 37.191799 -19.698593 -49.629005
v 27.930300 -19.698593 -49.629005
v 37.191799 -15.004592 -46.492603
v 27.930300 -15.004592 -46.492603
v 37.191799 -9.467592 -45.391201
v 27.930300 -9.467592 -45.391201
v 37.191799 -3.930692 -46.492599
v 27.930300 -3.930692 -46.492599
v 37.191799 0.763308 -49.629002
v 27.930300 0.763308 -49.629002
v 37.191799 3.899709 -54.323002
v 27.930300 3.899709 -54.323002
v 37.191799 5.001110 -59.860001
v 27.930300 5.001110 -59.859901
v 37.191799 3.899711 -65.396896
v 27.930300 3.899711 -65.396896
v 37.191799 0.763311 -70.090897
v 27.930300 0.763311 -70.090897
v 37.191799 -3.930688 -73.227303
v 27.930300 -3.930688 -73.227303
v 37.191799 -9.467590 -59.859901
v 27.930300 -9.467607 45.237801
v 37.191799 -9.467607 45.237801
v 37.191799 -15.004607 46.339195
v 27.930300 -15.004607 46.339195
v 37.191799 -19.698608 49.475597
v 27.930300 -19.698608 49.475597
v 37.191799 -22.835009 54.169598
v 27.930300 -22.835009 54.169598
v 37.191799 -23.936409 59.706497
v 27.930300 -23.936409 59.706596
v 37.191799 -22.835011 65.243500
v 27.930300 -22.835011 65.243500
v 37.191799 -19.698612 69.937500
v 27.930300 -19.698612 69.937500
v 37.191799 -15.004611 73.073898
v 27.930300 -15.004611 73.073898
v 37.191799 -9.467612 74.175301
v 27.930300 -9.467612 74.175301
v 37.191799 -3.930712 73.073898
v 27.930300 -3.930712 73.073898
v 37.191799 0.763289 69.937500
v 27.930300 0.763289 69.937500
v 37.191799 3.899689 65.243500
v 27.930300 3.899689 65.243500
v 37.191799 5.001091 59.706501
v 27.930300 5.001091 59.706600
v 37.191799 3.899691 54.169601
v 27.930300 3.899691 54.169601
v 37.191799 0.763292 49.475601
v 27.930300 0.763292 49.475601
v 37.191799 -3.930708 46.339199
v 27.930300 -3.930708 46.339199
v 37.191799 -9.467609 59.706600
v -27.929001 -9.467587 -74.328697
v -27.929001 -15.004587 -73.227303
v -37.190498 -15.004587 -73.227303
v -37.190498 -9.467587 -74.328697
v -27.929001 -19.698589 -70.090897
v -37.190498 -19.698589 -70.090897
v -27.929001 -22.834988 -65.396896
v -37.190498 -22.834988 -65.396896
v -27.929001 -23.936390 -59.859905
v -37.190498 -23.936390 -59.860004
v -27.929001 -22.834990 -54.323006
v -37.190498 -22.834990 -54.323006
v -27.929001 -19.698593 -49.629005
v -37.190498 -19.698593 -49.629005
v -27.929001 -15.004592 -46.492603
v -37.190498 -15.004592 -46.492603
v -27.929001 -9.467592 -45.391201
v -37.190498 -9.467592 -45.391201
v -27.929001 -3.930692 -46.492599
v -37.190498 -3.930692 -46.492599
v -27.929001 0.763308 -49.629002
v -37.190498 0.763308 -49.629002
v -27.929001 3.899709 -54.323002
v -37.190498 3.899709 -54.323002
v -27.929001 5.001110 -59.859901
v -37.190498 5.001110 -59.860001
v -27.929001 3.899711 -65.396896
v -37.190498 3.899711 -65.396896
v -27.929001 0.763311 -70.090897
v -37.190498 0.763311 -70.090897
v -27.929001 -3.930688 -73.227303
v -37.190498 -3.930688 -73.227303
v -37.190498 -9.467590 -59.859901
v -27.929001 -9.467607 45.237801
v -27.929001 -15.004607 46.339195
v -37.190498 -15.004607 46.339195
v -37.190498 -9.467607 45.237801
v -27.929001 -19.698608 49.475597
v -37.190498 -19.698608 49.475597
v -27.929001 -22.835009 54.169598
v -37.190498 -22.835009 54.169598
v -27.929001 -23.936409 59.706596
v -37.190498 -23.936409 59.706497
v -27.929001 -22.835011 65.243500
v -37.190498 -22.835011 65.243500
v -27.929001 -19.698612 69.937500
v -37.190498 -19.698612 69.937500
v -27.929001 -15.004611 73.073898
v -37.190498 -15.004611 73.073898
v -27.929001 -9.467612 74.175301
v -37.190498 -9.467612 74.175301
v -27.929001 -3.930712 73.073898
v -37.190498 -3.930712 73.073898
v -27.929001 0.763289 69.937500
v -37.190498 0.763289 69.937500
v -27.929001 3.899689 65.243500
v -37.190498 3.899689 65.243500
v -27.929001 5.001091 59.706600
v -37.190498 5.001091 59.706501
v -27.929001 3.899691 54.169601
v -37.190498 3.899691 54.169601
v -27.929001 0.763292 49.475601
v -37.190498 0.763292 49.475601
v -27.929001 -3.930708 46.339199
v -37.190498 -3.930708 46.339199
v -37.190498 -9.467609 59.706600
vt 0.158600 0.130200
vt 0.180300 0.135400
vt 0.171500 0.151300
vt 0.154600 0.147000
vt 0.196000 0.143300
vt 0.189600 0.164300
vt 0.134600 0.130400
vt 0.135600 0.146900
vt 0.118000 0.151200
vt 0.111200 0.132600
vt 0.231700 0.133100
vt 0.134600 0.115200
vt 0.183600 0.112000
vt 0.092800 0.117800
vt 0.090600 0.141300
vt 0.081300 0.127500
vt 0.101600 0.159400
vt 0.057800 0.130800
vt 0.059200 0.147000
vt 0.029600 0.146400
vt 0.030100 0.129000
vt 0.001000 0.144100
vt 0.001100 0.125900
vt 0.057100 0.180000
vt 0.072200 0.158300
vt 0.085200 0.173000
vt 0.071300 0.191700
vt 0.050600 0.193600
vt 0.057300 0.216100
vt 0.041600 0.209300
vt 0.034600 0.190800
vt 0.031100 0.174500
vt 0.002300 0.168200
vt 0.242300 0.107500
vt 0.203100 0.184200
vt 0.211100 0.156300
vt 0.223300 0.177800
vt 0.229500 0.205100
vt 0.208200 0.204900
vt 0.233300 0.167600
vt 0.516300 0.195900
vt 0.408200 0.199700
vt 0.411200 0.159100
vt 0.520500 0.172700
vt 0.532200 0.152300
vt 0.413900 0.124300
vt 0.537500 0.117200
vt 0.562600 0.129500
vt 0.581200 0.113700
vt 0.515300 0.212000
vt 0.407200 0.213900
vt 0.533600 0.227000
vt 0.208700 0.227600
vt 0.239000 0.216500
vt 0.237700 0.205100
vt 0.545600 0.139700
vt 0.581100 0.122700
vt 0.541300 0.176700
vt 0.534500 0.201000
vt 0.554200 0.160400
vt 0.569200 0.150200
vt 0.586200 0.144300
vt 0.548100 0.092400
vt 0.582400 0.089800
vt 0.415600 0.100200
vt 0.655500 0.084800
vt 0.658600 0.108200
vt 0.619900 0.110800
vt 0.618900 0.087300
vt 0.692300 0.082100
vt 0.697600 0.105200
vt 0.701900 0.079700
vt 0.709500 0.074700
vt 0.724000 0.079100
vt 0.712500 0.099900
vt 0.726900 0.091400
vt 0.736500 0.082600
vt 0.605100 0.143700
vt 0.600200 0.121200
vt 0.620800 0.123300
vt 0.622000 0.147800
vt 0.639600 0.131100
vt 0.640600 0.160200
vt 0.654900 0.142100
vt 0.670100 0.161200
vt 0.656000 0.179000
vt 0.677600 0.175300
vt 0.664300 0.199400
vt 0.682800 0.195500
vt 0.683300 0.214600
vt 0.668800 0.218800
vt 0.707200 0.133800
vt 0.698500 0.149900
vt 0.686700 0.132500
vt 0.689800 0.156000
vt 0.005600 0.194800
vt 0.004100 0.186800
vt 0.905400 0.185400
vt 0.898200 0.164900
vt 0.907500 0.169800
vt 0.920800 0.187700
vt 0.888800 0.184100
vt 0.885000 0.162100
vt 0.875800 0.184000
vt 0.870000 0.161700
vt 0.726700 0.122100
vt 0.733200 0.165900
vt 0.718200 0.168100
vt 0.715700 0.118900
vt 0.741300 0.123800
vt 0.751200 0.164700
vt 0.756600 0.123800
vt 0.768400 0.165200
vt 0.722100 0.207200
vt 0.706500 0.209100
vt 0.739700 0.209700
vt 0.759000 0.214100
vt 0.166000 0.350900
vt 0.182100 0.347400
vt 0.175900 0.378900
vt 0.161000 0.382200
vt 0.151900 0.353700
vt 0.146100 0.387400
vt 0.167800 0.316400
vt 0.183900 0.316400
vt 0.172000 0.393500
vt 0.153800 0.316400
vt 0.152800 0.414200
vt 0.136900 0.416600
vt 0.256200 0.638500
vt 0.277300 0.637000
vt 0.277300 0.667100
vt 0.256200 0.670300
vt 0.286100 0.636500
vt 0.321000 0.633400
vt 0.321500 0.655100
vt 0.285100 0.661200
vt 0.375500 0.633000
vt 0.374000 0.666600
vt 0.256000 0.607000
vt 0.277500 0.607000
vt 0.275400 0.680200
vt 0.256000 0.684200
vt 0.286300 0.607000
vt 0.320600 0.607000
vt 0.322400 0.671000
vt 0.281200 0.679700
vt 0.376100 0.607000
vt 0.165900 0.411200
vt 0.191600 0.316400
vt 0.189300 0.349200
vt 0.180300 0.381100
vt 0.175700 0.394600
vt 0.118100 0.099700
vt 0.179600 0.095100
vt 0.083700 0.102400
vt 0.220300 0.092000
vt 0.231600 0.097600
vt 0.415300 0.092200
vt 0.547800 0.084200
vt 0.582300 0.081500
vt 0.241900 0.099300
vt 0.653600 0.070900
vt 0.693500 0.070700
vt 0.622000 0.078300
vt 0.072000 0.112500
vt 0.059400 0.104700
vt 0.894200 0.873100
vt 0.874000 0.880200
vt 0.879300 0.866100
vt 0.041900 0.404700
vt 0.119600 0.416000
vt 0.075500 0.415300
vt 0.041100 0.410100
vt 0.136000 0.377200
vt 0.119900 0.380200
vt 0.118800 0.349900
vt 0.135900 0.348100
vt 0.118400 0.316400
vt 0.135600 0.316400
vt 0.120500 0.385400
vt 0.042200 0.397700
vt 0.040700 0.391100
vt 0.041400 0.359500
vt 0.041900 0.316400
vt 0.852600 0.794300
vt 0.835600 0.751600
vt 0.892300 0.763300
vt 0.914700 0.796200
vt 0.817900 0.791500
vt 0.793500 0.788800
vt 0.784200 0.769900
vt 0.797300 0.739700
vt 0.949100 0.785400
vt 0.955700 0.796100
vt 0.837100 0.744000
vt 0.892800 0.755000
vt 0.935400 0.762000
vt 0.943200 0.770200
vt 0.804500 0.736300
vt 0.785800 0.732000
vt 0.774800 0.745500
vt 0.898800 0.853000
vt 0.908700 0.870000
vt 0.925700 0.847500
vt 0.929600 0.869300
vt 0.954300 0.843300
vt 0.955500 0.869500
vt 0.770300 0.730800
vt 0.765200 0.707900
vt 0.779500 0.709200
vt 0.887300 0.720900
vt 0.831400 0.715400
vt 0.930400 0.724600
vt 0.798900 0.711500
vt 0.762400 0.682800
vt 0.776400 0.682800
vt 0.885000 0.682800
vt 0.829000 0.682800
vt 0.928300 0.682800
vt 0.796400 0.682800
vt 0.936500 0.682800
vt 0.938400 0.724700
vt 0.214900 0.487600
vt 0.218000 0.510100
vt 0.190800 0.509600
vt 0.184100 0.486800
vt 0.192900 0.517100
vt 0.213000 0.462500
vt 0.179400 0.462300
vt 0.990400 0.651200
vt 0.984400 0.626600
vt 0.988800 0.626600
vt 0.994100 0.650700
vt 0.985500 0.603600
vt 0.981300 0.603500
vt 0.984000 0.578000
vt 0.980200 0.578000
vt 0.224200 0.237800
vt 0.249600 0.238300
vt 0.249600 0.262400
vt 0.224100 0.267100
vt 0.201200 0.237300
vt 0.200700 0.271600
vt 0.192500 0.273300
vt 0.181000 0.236800
vt 0.761000 0.709100
vt 0.766100 0.731600
vt 0.200900 0.278200
vt 0.193200 0.279400
vt 0.224600 0.273700
vt 0.249600 0.270000
vt 0.757900 0.682800
vt 0.028900 0.937700
vt 0.028900 0.931600
vt 0.052100 0.932100
vt 0.052100 0.938300
vt 0.077600 0.932400
vt 0.077600 0.938500
vt 0.249600 0.232300
vt 0.223600 0.232300
vt 0.200300 0.232100
vt 0.180600 0.232200
vt 0.003500 0.936700
vt 0.001000 0.930600
vt 0.974800 0.097600
vt 0.993900 0.097500
vt 0.993400 0.123000
vt 0.974200 0.123000
vt 0.975800 0.074600
vt 0.994700 0.074200
vt 0.976900 0.055000
vt 0.995900 0.049600
vt 0.122700 0.995500
vt 0.139000 0.943800
vt 0.140500 0.995000
vt 0.227000 0.940500
vt 0.228800 0.983000
vt 0.204000 0.990700
vt 0.177200 0.942500
vt 0.179000 0.993900
vt 0.158400 0.994400
vt 0.816500 0.944000
vt 0.832900 0.995600
vt 0.815600 0.995300
vt 0.793100 0.994900
vt 0.851600 0.995600
vt 0.868700 0.944100
vt 0.869400 0.995400
vt 0.887300 0.995100
vt 0.955100 0.942000
vt 0.956200 0.979600
vt 0.930200 0.989100
vt 0.906800 0.943400
vt 0.907900 0.993500
vt 0.770600 0.942900
vt 0.769100 0.994300
vt 0.727600 0.941500
vt 0.747800 0.991400
vt 0.726200 0.983800
vt 0.104000 0.995700
vt 0.086800 0.944400
vt 0.086700 0.995600
vt 0.064300 0.994700
vt 0.001700 0.943000
vt 0.040900 0.943800
vt 0.019000 0.987300
vt 0.001000 0.978900
vt 0.821600 0.257800
vt 0.932800 0.267800
vt 0.936500 0.306900
vt 0.812900 0.306900
vt 0.850300 0.232500
vt 0.902500 0.233200
vt 0.450600 0.231200
vt 0.482400 0.264300
vt 0.370900 0.259200
vt 0.398400 0.232700
vt 0.364300 0.307100
vt 0.487900 0.307000
vt 0.812900 0.264300
vt 0.487900 0.264600
vt 0.990500 0.304300
vt 0.992900 0.323700
vt 0.951500 0.273000
vt 0.974100 0.278900
vt 0.985900 0.288000
vt 0.936500 0.271000
vt 0.349800 0.278000
vt 0.364300 0.269400
vt 0.323000 0.305800
vt 0.319400 0.323600
vt 0.312400 0.350700
vt 0.307500 0.399000
vt 0.309100 0.373600
vt 0.994600 0.340700
vt 0.995400 0.373800
vt 0.995500 0.398800
vt 0.606500 0.044700
vt 0.632000 0.058600
vt 0.602800 0.063700
vt 0.578900 0.048800
vt 0.566400 0.066400
vt 0.545400 0.051300
vt 0.576000 0.030400
vt 0.548900 0.033500
vt 0.520300 0.037500
vt 0.517100 0.024100
vt 0.543700 0.018700
vt 0.464100 0.008800
vt 0.507000 0.011400
vt 0.492800 0.019600
vt 0.458100 0.017700
vt 0.493900 0.032000
vt 0.458500 0.030500
vt 0.420000 0.008600
vt 0.419900 0.017800
vt 0.419800 0.030200
vt 0.381300 0.011600
vt 0.383000 0.020800
vt 0.345700 0.028200
vt 0.342500 0.019100
vt 0.384700 0.031200
vt 0.349600 0.036800
vt 0.314000 0.039700
vt 0.309600 0.031200
vt 0.319700 0.046600
vt 0.280400 0.048800
vt 0.287800 0.055700
vt 0.259400 0.075800
vt 0.249400 0.070600
vt 0.294400 0.060800
vt 0.268500 0.078700
vt 0.040200 0.744200
vt 0.004400 0.747200
vt 0.002100 0.712500
vt 0.039600 0.711000
vt 0.080800 0.742700
vt 0.080900 0.710300
vt 0.682200 0.735100
vt 0.644000 0.740300
vt 0.640700 0.697800
vt 0.678900 0.695400
vt 0.721300 0.730100
vt 0.718500 0.693100
vt 0.754900 0.726100
vt 0.753600 0.691300
vt 0.001000 0.684000
vt 0.039500 0.683900
vt 0.340900 0.014600
vt 0.080800 0.683900
vt 0.380100 0.004400
vt 0.639900 0.662900
vt 0.677500 0.662900
vt 0.686800 0.767700
vt 0.651000 0.775200
vt 0.717400 0.662900
vt 0.723900 0.760400
vt 0.752800 0.662900
vt 0.756900 0.754600
vt 0.119700 0.742100
vt 0.119800 0.710000
vt 0.163600 0.710000
vt 0.163600 0.742100
vt 0.209000 0.742000
vt 0.210500 0.709900
vt 0.247900 0.742000
vt 0.250500 0.709900
vt 0.119800 0.683900
vt 0.163600 0.683800
vt 0.464500 0.001100
vt 0.419800 0.001000
vt 0.210600 0.683800
vt 0.508400 0.004100
vt 0.251200 0.683700
vt 0.547600 0.011900
vt 0.041200 0.766800
vt 0.007600 0.775600
vt 0.080700 0.762900
vt 0.119600 0.761700
vt 0.163600 0.761700
vt 0.206600 0.761900
vt 0.245100 0.764100
vt 0.579600 0.025300
vt 0.609800 0.040400
vt 0.635200 0.054700
vt 0.651000 0.063400
vt 0.836900 0.114200
vt 0.836600 0.144600
vt 0.806600 0.144600
vt 0.806700 0.107300
vt 0.837800 0.082400
vt 0.807200 0.076100
vt 0.786100 0.144600
vt 0.786300 0.102100
vt 0.865600 0.118400
vt 0.865200 0.144600
vt 0.786700 0.071000
vt 0.867300 0.086200
vt 0.578200 0.019900
vt 0.609200 0.028300
vt 0.869100 0.064000
vt 0.838600 0.060800
vt 0.807700 0.056600
vt 0.632000 0.033700
vt 0.785100 0.058000
vt 0.784700 0.064900
vt 0.785600 0.052600
vt 0.948300 0.761100
vt 0.946800 0.718200
vt 0.945900 0.682800
vt 0.040200 0.992200
vt 0.171500 0.845700
vt 0.180300 0.861500
vt 0.158700 0.866800
vt 0.154600 0.850000
vt 0.189600 0.832500
vt 0.196000 0.853500
vt 0.134600 0.866600
vt 0.111300 0.864600
vt 0.117900 0.845900
vt 0.135600 0.850100
vt 0.231700 0.863600
vt 0.134700 0.881900
vt 0.183700 0.884900
vt 0.092900 0.879300
vt 0.081400 0.869700
vt 0.090600 0.855900
vt 0.101500 0.837700
vt 0.057800 0.866500
vt 0.030100 0.868400
vt 0.029600 0.851000
vt 0.059200 0.850300
vt 0.001000 0.853300
vt 0.001200 0.871600
vt 0.057000 0.817300
vt 0.071200 0.805500
vt 0.085200 0.824200
vt 0.072100 0.838900
vt 0.050400 0.803700
vt 0.034500 0.806600
vt 0.041500 0.788100
vt 0.057100 0.781200
vt 0.002200 0.829200
vt 0.031000 0.822900
vt 0.242400 0.889200
vt 0.203000 0.812600
vt 0.223200 0.819000
vt 0.211000 0.840400
vt 0.208100 0.791900
vt 0.229300 0.791600
vt 0.233300 0.829100
vt 0.411200 0.837000
vt 0.408100 0.796500
vt 0.516200 0.799900
vt 0.520500 0.823100
vt 0.532300 0.843500
vt 0.537600 0.878600
vt 0.414000 0.871800
vt 0.562600 0.866200
vt 0.581300 0.881900
vt 0.515100 0.783900
vt 0.407000 0.782300
vt 0.238800 0.780200
vt 0.208500 0.769200
vt 0.533400 0.768800
vt 0.237500 0.791700
vt 0.545700 0.856100
vt 0.581200 0.872900
vt 0.541200 0.819100
vt 0.534300 0.794800
vt 0.554200 0.835300
vt 0.569300 0.845500
vt 0.586300 0.851300
vt 0.582600 0.905900
vt 0.548200 0.903400
vt 0.415800 0.896000
vt 0.655700 0.910700
vt 0.619100 0.908300
vt 0.620000 0.884900
vt 0.658800 0.887400
vt 0.692500 0.913400
vt 0.697800 0.890400
vt 0.724200 0.916400
vt 0.709700 0.920800
vt 0.702100 0.915800
vt 0.712700 0.895600
vt 0.727100 0.904100
vt 0.736700 0.912900
vt 0.605200 0.851900
vt 0.621000 0.872300
vt 0.600300 0.874400
vt 0.622100 0.847800
vt 0.639700 0.864500
vt 0.640800 0.835400
vt 0.655100 0.853500
vt 0.670300 0.834400
vt 0.656200 0.816600
vt 0.677700 0.820300
vt 0.683400 0.781000
vt 0.683000 0.800000
vt 0.664500 0.796100
vt 0.669000 0.776700
vt 0.707400 0.861700
vt 0.686800 0.863100
vt 0.698600 0.845700
vt 0.689900 0.839500
vt 0.004000 0.810600
vt 0.005500 0.802600
vt 0.099700 0.083800
vt 0.084300 0.086300
vt 0.097300 0.068200
vt 0.106500 0.063200
vt 0.116300 0.082200
vt 0.119700 0.060100
vt 0.129300 0.081900
vt 0.134700 0.059500
vt 0.718400 0.827500
vt 0.733400 0.829700
vt 0.726900 0.873500
vt 0.715800 0.876600
vt 0.751300 0.830900
vt 0.741400 0.871700
vt 0.768600 0.830400
vt 0.756800 0.871800
vt 0.722300 0.788300
vt 0.706600 0.786400
vt 0.739900 0.785900
vt 0.759200 0.781500
vt 0.166000 0.281900
vt 0.161000 0.250600
vt 0.175900 0.254000
vt 0.182100 0.285500
vt 0.151900 0.279200
vt 0.146100 0.245400
vt 0.172000 0.239300
vt 0.152800 0.218700
vt 0.136900 0.216300
vt 0.256200 0.575500
vt 0.256200 0.543600
vt 0.277300 0.546900
vt 0.277300 0.577000
vt 0.286100 0.577500
vt 0.285100 0.552800
vt 0.321500 0.558900
vt 0.321000 0.580500
vt 0.375500 0.580900
vt 0.374000 0.547300
vt 0.275400 0.533700
vt 0.256000 0.529800
vt 0.322400 0.542900
vt 0.281200 0.534200
vt 0.165900 0.221600
vt 0.189300 0.283600
vt 0.180300 0.251800
vt 0.175700 0.238200
vt 0.179700 0.901800
vt 0.118200 0.897300
vt 0.083800 0.894800
vt 0.220400 0.904800
vt 0.231800 0.899100
vt 0.548000 0.911500
vt 0.415500 0.904000
vt 0.582500 0.914200
vt 0.242100 0.897400
vt 0.693800 0.924800
vt 0.653900 0.924700
vt 0.622200 0.917300
vt 0.072100 0.884700
vt 0.059500 0.892600
vt 0.062300 0.084300
vt 0.077300 0.077600
vt 0.082400 0.091700
vt 0.041900 0.228100
vt 0.041100 0.222800
vt 0.075500 0.217500
vt 0.119600 0.216800
vt 0.118800 0.283000
vt 0.119900 0.252700
vt 0.136000 0.255600
vt 0.135900 0.284800
vt 0.120500 0.247400
vt 0.042200 0.235100
vt 0.041400 0.273300
vt 0.040700 0.241800
vt 0.852600 0.571400
vt 0.914700 0.569400
vt 0.892300 0.602300
vt 0.835600 0.614100
vt 0.784200 0.595800
vt 0.793500 0.576900
vt 0.817900 0.574200
vt 0.797300 0.626000
vt 0.955700 0.569600
vt 0.949100 0.580300
vt 0.892800 0.610700
vt 0.837200 0.621700
vt 0.943200 0.595500
vt 0.935400 0.603700
vt 0.804500 0.629400
vt 0.785800 0.633700
vt 0.774800 0.620200
vt 0.047900 0.081000
vt 0.058000 0.064200
vt 0.031200 0.058200
vt 0.026900 0.080000
vt 0.002600 0.053600
vt 0.001000 0.079800
vt 0.770300 0.634900
vt 0.779600 0.656500
vt 0.765200 0.657800
vt 0.887300 0.644700
vt 0.831500 0.650300
vt 0.930400 0.641100
vt 0.798900 0.654200
vt 0.938400 0.641000
vt 0.215200 0.437300
vt 0.184300 0.437800
vt 0.191200 0.415100
vt 0.218500 0.414900
vt 0.193500 0.407700
vt 0.989600 0.529600
vt 0.985300 0.529500
vt 0.991700 0.505000
vt 0.995400 0.505600
vt 0.985900 0.552500
vt 0.981700 0.552500
vt 0.275100 0.237800
vt 0.275100 0.267100
vt 0.298000 0.237300
vt 0.298500 0.271600
vt 0.306700 0.273300
vt 0.318200 0.236800
vt 0.761000 0.656600
vt 0.766100 0.634100
vt 0.298300 0.278200
vt 0.306000 0.279400
vt 0.274600 0.273700
vt 0.103100 0.932200
vt 0.126300 0.931600
vt 0.126400 0.937700
vt 0.103200 0.938300
vt 0.275600 0.232300
vt 0.298900 0.232100
vt 0.318700 0.232200
vt 0.154300 0.930600
vt 0.151800 0.936700
vt 0.993900 0.148600
vt 0.974800 0.148500
vt 0.994700 0.171800
vt 0.975800 0.171500
vt 0.995900 0.196500
vt 0.976900 0.191000
vt 0.107200 0.055300
vt 0.089500 0.055100
vt 0.090100 0.003800
vt 0.002100 0.001900
vt 0.052000 0.003100
vt 0.025900 0.051700
vt 0.001000 0.044400
vt 0.050900 0.054600
vt 0.071600 0.054800
vt 0.905600 0.003500
vt 0.906500 0.054800
vt 0.889100 0.055100
vt 0.928900 0.054400
vt 0.870400 0.055100
vt 0.852700 0.054900
vt 0.853400 0.003600
vt 0.834800 0.054600
vt 0.767000 0.001400
vt 0.815300 0.002900
vt 0.791900 0.048500
vt 0.765900 0.039100
vt 0.814200 0.053000
vt 0.951500 0.002400
vt 0.953000 0.053800
vt 0.994500 0.001000
vt 0.995900 0.043300
vt 0.974200 0.051000
vt 0.142300 0.003600
vt 0.125900 0.055200
vt 0.143300 0.054900
vt 0.165700 0.053600
vt 0.227500 0.001000
vt 0.228700 0.036800
vt 0.210900 0.045500
vt 0.188200 0.002400
vt 0.821800 0.540100
vt 0.813000 0.491000
vt 0.936700 0.490800
vt 0.932900 0.529900
vt 0.902700 0.564500
vt 0.850500 0.565400
vt 0.450700 0.566900
vt 0.398500 0.565400
vt 0.371000 0.538800
vt 0.482400 0.533700
vt 0.364400 0.491000
vt 0.488000 0.491000
vt 0.813000 0.533600
vt 0.488000 0.533400
vt 0.990700 0.493200
vt 0.951700 0.524700
vt 0.993000 0.473900
vt 0.986000 0.509600
vt 0.974300 0.518700
vt 0.936700 0.526700
vt 0.349900 0.520100
vt 0.323000 0.492300
vt 0.364400 0.528700
vt 0.319400 0.474500
vt 0.312400 0.447400
vt 0.309100 0.424500
vt 0.994600 0.456800
vt 0.995400 0.423800
vt 0.606800 0.950900
vt 0.579200 0.946900
vt 0.603100 0.932000
vt 0.632300 0.937000
vt 0.545700 0.944500
vt 0.566700 0.929400
vt 0.576300 0.965300
vt 0.549200 0.962300
vt 0.520600 0.958300
vt 0.544100 0.977100
vt 0.517400 0.971800
vt 0.464500 0.987200
vt 0.458500 0.978300
vt 0.493100 0.976300
vt 0.507300 0.984500
vt 0.458800 0.965500
vt 0.494300 0.963900
vt 0.420400 0.987500
vt 0.420300 0.978300
vt 0.420100 0.965900
vt 0.381700 0.984600
vt 0.342900 0.977300
vt 0.346100 0.968200
vt 0.383400 0.975500
vt 0.349900 0.959500
vt 0.385000 0.965100
vt 0.310000 0.965300
vt 0.314400 0.956800
vt 0.320000 0.949800
vt 0.280700 0.947800
vt 0.249600 0.926100
vt 0.259600 0.920900
vt 0.288100 0.940800
vt 0.268800 0.917900
vt 0.294700 0.935700
vt 0.040100 0.623700
vt 0.039500 0.656800
vt 0.002100 0.655400
vt 0.004300 0.620700
vt 0.080700 0.625100
vt 0.080800 0.657500
vt 0.682200 0.590700
vt 0.678900 0.630400
vt 0.640700 0.628100
vt 0.644000 0.585600
vt 0.721300 0.595800
vt 0.718500 0.632700
vt 0.754900 0.599800
vt 0.753600 0.634500
vt 0.341300 0.981800
vt 0.380500 0.991800
vt 0.651000 0.550600
vt 0.686800 0.558200
vt 0.723900 0.565500
vt 0.756900 0.571300
vt 0.163600 0.657700
vt 0.119700 0.657700
vt 0.119600 0.625700
vt 0.163500 0.625600
vt 0.208900 0.625600
vt 0.210500 0.657700
vt 0.247800 0.625500
vt 0.250500 0.657600
vt 0.464900 0.994900
vt 0.420200 0.995100
vt 0.508800 0.991800
vt 0.548000 0.983900
vt 0.041100 0.601000
vt 0.007400 0.592300
vt 0.080600 0.604900
vt 0.119500 0.606000
vt 0.163500 0.605900
vt 0.206400 0.605700
vt 0.244900 0.603400
vt 0.610100 0.955200
vt 0.579900 0.970400
vt 0.635400 0.940900
vt 0.651200 0.932100
vt 0.836900 0.174900
vt 0.806700 0.181800
vt 0.837800 0.206700
vt 0.807200 0.213100
vt 0.786300 0.187000
vt 0.865600 0.170800
vt 0.786700 0.218200
vt 0.867300 0.203000
vt 0.609500 0.967300
vt 0.578600 0.975800
vt 0.869100 0.225100
vt 0.838600 0.228300
vt 0.807700 0.232500
vt 0.632300 0.961900
vt 0.785100 0.231200
vt 0.784700 0.224300
vt 0.785600 0.236500
vt 0.948300 0.604600
vt 0.946800 0.647500
vt 0.189700 0.050700
vt 0.868200 0.880300
vt 0.837300 0.880000
vt 0.845300 0.864600
vt 0.855900 0.857100
vt 0.931100 0.219800
vt 0.929200 0.206400
vt 0.946200 0.211000
vt 0.941800 0.223400
vt 0.142200 0.071900
vt 0.138900 0.059500
vt 0.169800 0.060100
vt 0.169100 0.071500
vt 0.097000 0.920000
vt 0.079800 0.919200
vt 0.080400 0.907800
vt 0.101800 0.907700
vt 0.918600 0.219300
vt 0.902700 0.227300
vt 0.895800 0.215800
vt 0.915500 0.206300
vt 0.920700 0.240600
vt 0.930800 0.227600
vt 0.937300 0.230000
vt 0.909900 0.232900
vt 0.920700 0.227000
vt 0.147000 0.077800
vt 0.166100 0.078700
vt 0.091100 0.926100
vt 0.078400 0.926900
vt 0.877000 0.860700
vt 0.973800 0.230200
vt 0.978600 0.257500
vt 0.961300 0.258500
vt 0.989800 0.250900
vt 0.247200 0.974700
vt 0.236500 0.978200
vt 0.232100 0.965800
vt 0.249200 0.961300
vt 0.876500 0.846800
vt 0.849700 0.845700
vt 0.849200 0.834300
vt 0.880100 0.834500
vt 0.876800 0.092600
vt 0.872000 0.080400
vt 0.893400 0.080500
vt 0.894000 0.091900
vt 0.259800 0.974300
vt 0.262900 0.961300
vt 0.282500 0.970800
vt 0.275600 0.982400
vt 0.257500 0.995600
vt 0.241000 0.984900
vt 0.247500 0.982500
vt 0.257600 0.981900
vt 0.268400 0.987900
vt 0.871600 0.852600
vt 0.852500 0.853100
vt 0.895400 0.099600
vt 0.882700 0.098800
vt 0.995200 0.230200
vt 0.040700 0.536300
vt 0.048700 0.536300
vt 0.048900 0.588000
vt 0.040900 0.588000
vt 0.227100 0.535700
vt 0.227300 0.587400
vt 0.219300 0.587400
vt 0.219100 0.535700
vt 0.955400 0.936700
vt 0.786700 0.936600
vt 0.786700 0.884900
vt 0.955500 0.885000
vt 0.049700 0.596900
vt 0.049700 0.588900
vt 0.218500 0.588400
vt 0.218500 0.596400
vt 0.213600 0.583400
vt 0.054500 0.583900
vt 0.054300 0.540300
vt 0.213500 0.539800
vt 0.049500 0.535300
vt 0.218300 0.534800
vt 0.049500 0.527300
vt 0.218200 0.526800
vt 0.952800 0.121400
vt 0.960500 0.162100
vt 0.947400 0.161200
vt 0.940500 0.121100
vt 0.943500 0.081000
vt 0.956400 0.079900
vt 0.945500 0.058500
vt 0.962300 0.061600
vt 0.950600 0.202500
vt 0.911700 0.169600
vt 0.933400 0.176000
vt 0.964100 0.202000
vt 0.964300 0.242600
vt 0.950900 0.243700
vt 0.949300 0.266600
vt 0.971500 0.189900
vt 0.953400 0.188800
vt 0.236100 0.374900
vt 0.220300 0.349600
vt 0.234700 0.351900
vt 0.234800 0.309800
vt 0.220200 0.308100
vt 0.253000 0.282400
vt 0.271700 0.277800
vt 0.947000 0.247600
vt 0.945600 0.267200
vt 0.249300 0.487500
vt 0.242600 0.524900
vt 0.230200 0.522000
vt 0.234500 0.485100
vt 0.244800 0.553000
vt 0.231400 0.548000
vt 0.247000 0.572700
vt 0.233200 0.569100
vt 0.900000 0.128000
vt 0.901400 0.109900
vt 0.914400 0.124100
vt 0.914900 0.096000
vt 0.900600 0.085900
vt 0.912800 0.076200
vt 0.898500 0.067500
vt 0.896500 0.059500
vt 0.251100 0.595600
vt 0.233500 0.591000
vt 0.417700 0.597800
vt 0.428600 0.599500
vt 0.430600 0.625500
vt 0.417300 0.636000
vt 0.887900 0.151400
vt 0.402600 0.572900
vt 0.428700 0.646500
vt 0.413700 0.662400
vt 0.414500 0.655800
vt 0.412600 0.636300
vt 0.410800 0.656100
vt 0.412100 0.595400
vt 0.398500 0.573300
vt 0.392000 0.695000
vt 0.404300 0.694300
vt 0.399000 0.734600
vt 0.385800 0.736000
vt 0.399700 0.654300
vt 0.386800 0.653700
vt 0.380200 0.635700
vt 0.396900 0.631900
vt 0.793400 0.846800
vt 0.815000 0.840300
vt 0.776400 0.873500
vt 0.762900 0.873000
vt 0.763000 0.913700
vt 0.776400 0.914700
vt 0.778300 0.937600
vt 0.394000 0.762500
vt 0.376000 0.764200
vt 0.075700 0.521900
vt 0.077200 0.498900
vt 0.091600 0.496700
vt 0.077400 0.456800
vt 0.091900 0.455200
vt 0.059300 0.429400
vt 0.040700 0.424600
vt 0.780400 0.918500
vt 0.781900 0.938100
vt 0.935700 0.166700
vt 0.920800 0.168600
vt 0.917700 0.131500
vt 0.930200 0.129000
vt 0.919700 0.105600
vt 0.933100 0.101000
vt 0.922000 0.084600
vt 0.935900 0.081300
vt 0.973200 0.628000
vt 0.958700 0.624600
vt 0.971300 0.610000
vt 0.957300 0.596500
vt 0.971400 0.586000
vt 0.958900 0.576700
vt 0.972900 0.567600
vt 0.974600 0.559500
vt 0.922800 0.062700
vt 0.940500 0.058500
vt 0.749100 0.077500
vt 0.749700 0.039400
vt 0.762800 0.050300
vt 0.760000 0.076200
vt 0.986000 0.651100
vt 0.733300 0.102100
vt 0.761500 0.029300
vt 0.747600 0.019500
vt 0.746900 0.012900
vt 0.745100 0.039000
vt 0.743800 0.019200
vt 0.743400 0.079800
vt 0.729200 0.101600
vt 0.348200 0.272600
vt 0.326300 0.272000
vt 0.333700 0.266300
vt 0.347400 0.266700
vt 0.337200 0.248000
vt 0.328100 0.244900
vt 0.335700 0.235400
vt 0.340300 0.239300
vt 0.335800 0.254000
vt 0.326300 0.253100
vt 0.233100 0.038200
vt 0.233900 0.032300
vt 0.247500 0.031900
vt 0.255000 0.037500
vt 0.244100 0.013600
vt 0.240900 0.004800
vt 0.245500 0.001000
vt 0.253100 0.010500
vt 0.245500 0.019500
vt 0.254900 0.018700
vt 0.755100 0.006300
vt 0.724500 0.007200
vt 0.725100 0.001000
vt 0.755200 0.001300
vt 0.697800 0.002200
vt 0.697600 0.007200
vt 0.762400 0.001400
vt 0.762400 0.006400
vt 0.948900 0.840000
vt 0.918900 0.843200
vt 0.919000 0.835400
vt 0.954400 0.835300
vt 0.891700 0.840500
vt 0.884900 0.836000
vt 0.689600 0.002700
vt 0.689500 0.007700
vt 0.007800 0.089400
vt 0.034400 0.086300
vt 0.034300 0.094200
vt 0.001000 0.093900
vt 0.065000 0.089400
vt 0.070500 0.094000
vt 0.008400 0.925700
vt 0.008200 0.920700
vt 0.038300 0.919600
vt 0.039100 0.925800
vt 0.065700 0.920100
vt 0.065900 0.925100
vt 0.001200 0.926000
vt 0.001000 0.921000
vt 0.036400 0.907000
vt 0.036700 0.914800
vt 0.006600 0.912300
vt 0.001000 0.907800
vt 0.070500 0.906700
vt 0.063800 0.911400
vt 0.073800 0.920400
vt 0.074100 0.925400
vt 0.909200 0.202300
vt 0.908900 0.194400
vt 0.935600 0.196900
vt 0.942500 0.201200
vt 0.873000 0.203000
vt 0.878400 0.198300
vt 0.967700 0.102900
vt 0.959700 0.103200
vt 0.960800 0.100700
vt 0.969500 0.100200
vt 0.930300 0.820100
vt 0.916400 0.830600
vt 0.912900 0.823200
vt 0.963400 0.117200
vt 0.957300 0.117200
vt 0.959700 0.110600
vt 0.967600 0.110200
vt 0.043900 0.102400
vt 0.040400 0.108400
vt 0.026500 0.099700
vt 0.052100 0.099000
vt 0.051300 0.101700
vt 0.904800 0.819300
vt 0.905600 0.822400
vt 0.892600 0.815200
vt 0.890900 0.812500
vt 0.899800 0.813300
vt 0.900800 0.815900
vt 0.944100 0.830700
vt 0.897000 0.830500
vt 0.892400 0.822600
vt 0.900500 0.823200
vt 0.903000 0.830600
vt 0.009100 0.101500
vt 0.012700 0.108500
vt 0.001000 0.098200
vt 0.001800 0.100800
vt 0.947700 0.822300
vt 0.955800 0.818500
vt 0.955000 0.821600
vt 0.077100 0.062300
vt 0.075400 0.059500
vt 0.084100 0.060400
vt 0.085000 0.062900
vt 0.930300 0.803300
vt 0.947700 0.806400
vt 0.944200 0.813800
vt 0.080800 0.076800
vt 0.076900 0.069600
vt 0.084700 0.070300
vt 0.086900 0.077000
vt 0.009100 0.896200
vt 0.026500 0.893500
vt 0.012700 0.902300
vt 0.001800 0.895600
vt 0.001000 0.892900
vt 0.955800 0.802500
vt 0.955000 0.805600
vt 0.113300 0.912400
vt 0.105100 0.912700
vt 0.106100 0.910200
vt 0.115100 0.909700
vt 0.916500 0.813800
vt 0.108300 0.927500
vt 0.102200 0.927300
vt 0.105000 0.920100
vt 0.113100 0.919700
vt 0.043900 0.895200
vt 0.040400 0.902200
vt 0.052100 0.891900
vt 0.051300 0.894500
vt 0.912900 0.805400
vt 0.905600 0.804700
vt 0.904800 0.801600
vt 0.960300 0.910400
vt 0.995100 0.910400
vt 0.995100 0.931600
vt 0.960300 0.931600
vt 0.995100 0.952800
vt 0.960300 0.952800
vt 0.995100 0.974100
vt 0.960300 0.974100
vt 0.995100 0.995300
vt 0.960300 0.995300
vt 0.960300 0.655800
vt 0.995100 0.655800
vt 0.995100 0.677000
vt 0.960300 0.677000
vt 0.995100 0.698200
vt 0.960300 0.698200
vt 0.995100 0.719400
vt 0.960300 0.719400
vt 0.995100 0.740600
vt 0.960300 0.740600
vt 0.995100 0.761900
vt 0.960300 0.761900
vt 0.995100 0.783100
vt 0.960300 0.783100
vt 0.995100 0.804300
vt 0.960300 0.804300
vt 0.995100 0.825500
vt 0.960300 0.825500
vt 0.995100 0.846700
vt 0.960300 0.846700
vt 0.995100 0.868000
vt 0.960300 0.868000
vt 0.995100 0.889200
vt 0.960300 0.889200
vt 0.470600 0.650800
vt 0.441300 0.721900
vt 0.441200 0.680300
vt 0.453000 0.662600
vt 0.512300 0.650800
vt 0.541700 0.680200
vt 0.491400 0.646600
vt 0.529900 0.662500
vt 0.541800 0.721800
vt 0.512400 0.751200
vt 0.545900 0.701000
vt 0.530000 0.739400
vt 0.470700 0.751300
vt 0.491600 0.755400
vt 0.453100 0.739500
vt 0.437100 0.701100
vt 0.634300 0.749600
vt 0.646100 0.767200
vt 0.595800 0.788000
vt 0.650200 0.788000
vt 0.646100 0.808800
vt 0.634300 0.826500
vt 0.616600 0.838300
vt 0.595800 0.842400
vt 0.575000 0.838300
vt 0.557400 0.826500
vt 0.545600 0.808800
vt 0.541400 0.788000
vt 0.545600 0.767200
vt 0.557400 0.749600
vt 0.575000 0.737800
vt 0.595800 0.733600
vt 0.616600 0.737800
vt 0.960300 0.910400
vt 0.995100 0.910400
vt 0.995100 0.931600
vt 0.960300 0.931600
vt 0.995100 0.952800
vt 0.960300 0.952800
vt 0.995100 0.974100
vt 0.960300 0.974100
vt 0.995100 0.995300
vt 0.960300 0.995300
vt 0.960300 0.655800
vt 0.995100 0.655800
vt 0.995100 0.677000
vt 0.960300 0.677000
vt 0.995100 0.698200
vt 0.960300 0.698200
vt 0.995100 0.719400
vt 0.960300 0.719400
vt 0.995100 0.740600
vt 0.960300 0.740600
vt 0.995100 0.761900
vt 0.960300 0.761900
vt 0.995100 0.783100
vt 0.960300 0.783100
vt 0.995100 0.804300
vt 0.960300 0.804300
vt 0.995100 0.825500
vt 0.960300 0.825500
vt 0.995100 0.846700
vt 0.960300 0.846700
vt 0.995100 0.868000
vt 0.960300 0.868000
vt 0.995100 0.889200
vt 0.960300 0.889200
vt 0.470600 0.650800
vt 0.441300 0.721900
vt 0.441200 0.680300
vt 0.453000 0.662600
vt 0.512300 0.650800
vt 0.541700 0.680200
vt 0.491400 0.646600
vt 0.529900 0.662500
vt 0.541800 0.721800
vt 0.512400 0.751200
vt 0.545900 0.701000
vt 0.530000 0.739400
vt 0.470700 0.751300
vt 0.491600 0.755400
vt 0.453100 0.739500
vt 0.437100 0.701100
vt 0.634300 0.749600
vt 0.646100 0.767200
vt 0.595800 0.788000
vt 0.650200 0.788000
vt 0.646100 0.808800
vt 0.634300 0.826500
vt 0.616600 0.838300
vt 0.595800 0.842400
vt 0.575000 0.838300
vt 0.557400 0.826500
vt 0.545600 0.808800
vt 0.541400 0.788000
vt 0.545600 0.767200
vt 0.557400 0.749600
vt 0.575000 0.737800
vt 0.595800 0.733600
vt 0.616600 0.737800
vt 0.960300 0.910400
vt 0.960300 0.931600
vt 0.995100 0.931600
vt 0.995100 0.910400
vt 0.960300 0.952800
vt 0.995100 0.952800
vt 0.960300 0.974100
vt 0.995100 0.974100
vt 0.960300 0.995300
vt 0.995100 0.995300
vt 0.960300 0.655800
vt 0.960300 0.677000
vt 0.995100 0.677000
vt 0.995100 0.655800
vt 0.960300 0.698200
vt 0.995100 0.698200
vt 0.960300 0.719400
vt 0.995100 0.719400
vt 0.960300 0.740600
vt 0.995100 0.740600
vt 0.960300 0.761900
vt 0.995100 0.761900
vt 0.960300 0.783100
vt 0.995100 0.783100
vt 0.960300 0.804300
vt 0.995100 0.804300
vt 0.960300 0.825500
vt 0.995100 0.825500
vt 0.960300 0.846700
vt 0.995100 0.846700
vt 0.960300 0.868000
vt 0.995100 0.868000
vt 0.960300 0.889200
vt 0.995100 0.889200
vt 0.470600 0.650800
vt 0.453000 0.662600
vt 0.441200 0.680300
vt 0.441300 0.721900
vt 0.512300 0.650800
vt 0.491400 0.646600
vt 0.541700 0.680200
vt 0.529900 0.662500
vt 0.541800 0.721800
vt 0.545900 0.701000
vt 0.512400 0.751200
vt 0.530000 0.739400
vt 0.470700 0.751300
vt 0.491600 0.755400
vt 0.453100 0.739500
vt 0.437100 0.701100
vt 0.634300 0.749600
vt 0.595800 0.788000
vt 0.646100 0.767200
vt 0.650200 0.788000
vt 0.646100 0.808800
vt 0.634300 0.826500
vt 0.616600 0.838300
vt 0.595800 0.842400
vt 0.575000 0.838300
vt 0.557400 0.826500
vt 0.545600 0.808800
vt 0.541400 0.788000
vt 0.545600 0.767200
vt 0.557400 0.749600
vt 0.575000 0.737800
vt 0.595800 0.733600
vt 0.616600 0.737800
vt 0.960300 0.910400
vt 0.960300 0.931600
vt 0.995100 0.931600
vt 0.995100 0.910400
vt 0.960300 0.952800
vt 0.995100 0.952800
vt 0.960300 0.974100
vt 0.995100 0.974100
vt 0.960300 0.995300
vt 0.995100 0.995300
vt 0.960300 0.655800
vt 0.960300 0.677000
vt 0.995100 0.677000
vt 0.995100 0.655800
vt 0.960300 0.698200
vt 0.995100 0.698200
vt 0.960300 0.719400
vt 0.995100 0.719400
vt 0.960300 0.740600
vt 0.995100 0.740600
vt 0.960300 0.761900
vt 0.995100 0.761900
vt 0.960300 0.783100
vt 0.995100 0.783100
vt 0.960300 0.804300
vt 0.995100 0.804300
vt 0.960300 0.825500
vt 0.995100 0.825500
vt 0.960300 0.846700
vt 0.995100 0.846700
vt 0.960300 0.868000
vt 0.995100 0.868000
vt 0.960300 0.889200
vt 0.995100 0.889200
vt 0.470600 0.650800
vt 0.453000 0.662600
vt 0.441200 0.680300
vt 0.441300 0.721900
vt 0.512300 0.650800
vt 0.491400 0.646600
vt 0.541700 0.680200
vt 0.529900 0.662500
vt 0.541800 0.721800
vt 0.545900 0.701000
vt 0.512400 0.751200
vt 0.530000 0.739400
vt 0.470700 0.751300
vt 0.491600 0.755400
vt 0.453100 0.739500
vt 0.437100 0.701100
vt 0.634300 0.749600
vt 0.595800 0.788000
vt 0.646100 0.767200
vt 0.650200 0.788000
vt 0.646100 0.808800
vt 0.634300 0.826500
vt 0.616600 0.838300
vt 0.595800 0.842400
vt 0.575000 0.838300
vt 0.557400 0.826500
vt 0.545600 0.808800
vt 0.541400 0.788000
vt 0.545600 0.767200
vt 0.557400 0.749600
vt 0.575000 0.737800
vt 0.595800 0.733600
vt 0.616600 0.737800
vn -0.8723 0.4888 -0.0136
vn -0.9377 0.3371 -0.0842
vn -0.9335 0.3494 -0.0805
vn -0.8680 0.4966 -0.0074
vn -0.9689 0.2289 -0.0939
vn -0.9796 0.1733 -0.1017
vn -0.8406 0.5359 0.0786
vn -0.8406 0.5357 0.0796
vn -0.8703 0.4634 0.1669
vn -0.8720 0.4591 0.1699
vn -0.9945 0.0895 0.0546
vn -0.9922 0.1076 0.0625
vn -0.9987 0.0458 0.0206
vn -0.8747 0.4750 0.0966
vn -0.9129 0.4056 0.0464
vn -0.9048 0.4220 0.0570
vn -0.8729 0.4777 0.0988
vn -0.8561 0.4824 0.1854
vn -0.8535 0.4984 0.1520
vn -0.8573 0.4700 0.2103
vn -0.9042 0.3125 0.2910
vn -0.9039 0.3164 0.2880
vn -0.9211 0.3877 0.0348
vn -0.7062 0.2044 0.6778
vn -0.7256 0.1610 0.6690
vn -0.5276 0.1033 0.8432
vn -0.4893 0.1638 0.8566
vn -0.4662 0.1160 0.8770
vn -0.4440 0.1749 0.8788
vn -0.8433 0.2485 0.4765
vn -0.8339 0.2701 0.4813
vn -0.8511 -0.0983 0.5157
vn -0.8926 0.1256 0.4330
vn -0.8899 0.1102 0.4427
vn -0.8476 -0.1191 0.5171
vn -0.8032 -0.2352 0.5474
vn -0.8006 -0.2365 0.5506
vn -0.7426 -0.2454 0.6232
vn -0.6835 -0.2413 0.6889
vn -0.8071 0.1876 0.5599
vn -0.6869 -0.0077 0.7268
vn -0.5925 -0.0105 0.8055
vn -0.5155 0.0072 0.8569
vn -0.9040 0.4256 0.0398
vn -0.8994 0.4359 0.0318
vn -0.9883 0.0060 -0.1523
vn -0.9869 0.1272 -0.0989
vn -0.9877 -0.0031 -0.1563
vn -0.9853 -0.1313 -0.1091
vn -0.9841 -0.1186 -0.1321
vn -0.9986 0.0361 0.0377
vn -0.9995 -0.0295 0.0096
vn -0.9966 -0.0822 -0.0079
vn -0.9947 -0.1029 0.0053
vn -0.9943 -0.1065 0.0012
vn -0.9997 -0.0261 0.0000
vn -0.9981 -0.0622 0.0009
vn -0.9991 0.0428 -0.0038
vn -0.9986 0.0523 -0.0020
vn -0.9960 0.0883 -0.0153
vn -0.9924 0.1190 -0.0325
vn -0.9894 0.1403 -0.0375
vn -0.9986 0.0532 0.0060
vn -0.9979 0.0652 0.0058
vn -0.9979 0.0638 0.0058
vn -0.9600 -0.2801 0.0003
vn -0.9804 -0.1942 0.0317
vn -0.9815 -0.1862 -0.0453
vn -0.9695 -0.2445 -0.0173
vn -0.9782 -0.2060 0.0260
vn -0.9968 0.0800 0.0009
vn -0.9964 0.0844 -0.0041
vn -0.9929 -0.1174 -0.0213
vn -0.9911 -0.1260 -0.0427
vn -0.9957 0.0916 -0.0124
vn -0.9952 0.0966 -0.0130
vn -0.9899 0.1381 -0.0320
vn -0.9877 -0.0976 0.1220
vn -0.9898 -0.0099 0.1424
vn -0.9912 0.0072 0.1324
vn -0.9883 -0.1043 0.1116
vn -0.9927 0.0923 0.0774
vn -0.9897 0.1237 0.0718
vn -0.9774 0.2042 0.0544
vn -0.9858 0.1591 0.0540
vn -0.9761 0.2107 0.0527
vn -0.9623 0.2717 0.0132
vn -0.9626 0.2704 0.0146
vn -0.8424 0.5382 -0.0262
vn -0.8611 0.5085 -0.0046
vn -0.8542 0.5199 -0.0086
vn -0.8418 0.5390 -0.0283
vn -0.8825 0.4701 0.0118
vn -0.8806 0.4738 0.0101
vn -0.7954 0.5970 -0.1045
vn -0.7938 0.5989 -0.1062
vn -0.8274 0.5582 -0.0617
vn -0.8271 0.5586 -0.0623
vn -0.7453 0.6261 -0.2293
vn -0.7438 0.6261 -0.2340
vn -0.6440 0.6143 -0.4559
vn -0.4861 0.6191 -0.6168
vn -0.4048 0.5784 -0.7082
vn -0.6362 0.6145 -0.4665
vn -0.4735 0.5640 -0.6766
vn -0.3149 0.4627 -0.8287
vn -0.9455 0.3157 -0.0805
vn -0.9496 0.3090 -0.0520
vn -0.9361 0.3278 -0.1279
vn -0.9351 0.3040 -0.1820
vn -0.9353 0.2890 -0.2043
vn -0.9339 0.2055 -0.2926
vn -0.9341 0.2109 -0.2880
vn -0.9299 0.1397 -0.3403
vn -0.9389 0.0458 -0.3411
vn -0.9504 -0.0334 -0.3093
vn -0.9305 -0.2102 -0.2998
vn -0.9357 -0.1970 -0.2926
vn -0.9160 -0.2904 -0.2769
vn -0.9097 -0.3291 -0.2532
vn -0.9855 0.1604 -0.0559
vn -0.9878 0.1343 -0.0791
vn -0.9463 0.0406 -0.3206
vn -0.9518 0.0344 -0.3047
vn -0.9768 0.0628 -0.2050
vn -0.9886 0.1142 -0.0977
vn -0.9873 0.1147 -0.1101
vn -0.9877 0.1308 -0.0857
vn -0.9897 0.0786 -0.1199
vn -0.9805 0.0258 -0.1946
vn -0.9701 0.0758 -0.2306
vn -0.9917 0.0230 -0.1263
vn -0.6307 -0.2366 0.7391
vn -0.6425 -0.0749 0.7626
vn -0.5513 -0.0522 0.8327
vn -0.6954 -0.0886 0.7132
vn -0.7365 0.2186 -0.6401
vn -0.6679 0.2138 -0.7129
vn -0.7949 0.2211 -0.5650
vn -0.5068 0.2142 -0.8350
vn -0.4619 0.2151 -0.8604
vn -0.3492 0.2149 -0.9121
vn -0.7273 0.0848 -0.6810
vn -0.6998 0.0910 -0.7086
vn -0.9045 0.0401 -0.4246
vn -0.8611 0.0608 -0.5049
vn -0.4738 0.1360 -0.8701
vn -0.4393 0.1425 -0.8870
vn -0.3193 0.1627 -0.9336
vn -0.9726 -0.0151 -0.2320
vn -0.9534 0.0431 -0.2986
vn -0.9467 0.0520 -0.3178
vn -0.9777 -0.0367 -0.2066
vn -0.8315 -0.2906 -0.4735
vn -0.5213 -0.4637 -0.7164
vn -0.5974 -0.4316 -0.6759
vn -0.8703 -0.2796 -0.4055
vn -0.2595 -0.5603 -0.7866
vn -0.2426 -0.5672 -0.7870
vn -0.1532 -0.6004 -0.7849
vn -0.1375 0.5401 -0.8303
vn -0.1151 0.4249 -0.8979
vn -0.2449 0.4083 -0.8794
vn -0.2640 0.5411 -0.7984
vn -0.1522 0.6526 -0.7422
vn -0.2884 0.6555 -0.6980
vn 0.0000 0.5476 -0.8368
vn 0.0000 0.4334 -0.9012
vn -0.3046 0.4383 -0.8457
vn 0.0000 0.6546 -0.7560
vn -0.1078 0.2564 -0.9605
vn -0.1035 0.2588 -0.9604
vn -0.1800 0.2263 -0.9573
vn -0.1903 0.2242 -0.9558
vn -0.1126 0.1333 -0.9847
vn -0.1074 0.1328 -0.9853
vn -0.2000 0.1361 -0.9703
vn -0.2148 0.1362 -0.9671
vn -0.1058 -0.6741 -0.7310
vn -0.0373 -0.7007 -0.7125
vn -0.0743 -0.6830 -0.7266
vn 0.0000 0.2810 -0.9597
vn -0.2238 0.2159 -0.9504
vn 0.0000 0.1304 -0.9915
vn -0.2577 0.1363 -0.9566
vn 0.0000 -0.7113 -0.7029
vn -0.1889 -0.6467 -0.7390
vn 0.0001 -0.9999 -0.0104
vn -0.0000 -1.0000 -0.0072
vn -0.0007 -0.9999 -0.0113
vn -0.0040 -0.9999 -0.0131
vn -0.0042 -0.9999 -0.0136
vn -0.0036 -0.9999 -0.0117
vn -0.0357 0.8031 -0.5948
vn -0.0775 0.7684 -0.6353
vn -0.0121 0.8211 -0.5707
vn -0.0739 0.7274 -0.6822
vn -0.0710 0.7244 -0.6857
vn 0.0000 0.7008 -0.7134
vn -0.2829 0.9519 0.1179
vn -0.3233 0.9332 0.1566
vn -0.2525 0.9640 0.0833
vn -0.2518 0.9645 0.0800
vn -0.3506 0.9162 0.1939
vn -0.3263 0.9150 0.2372
vn -0.2427 0.9678 0.0669
vn -0.2505 0.9664 0.0581
vn -0.2801 0.9593 0.0366
vn -0.2952 0.9551 0.0261
vn -0.2952 0.9551 0.0262
vn -0.2796 0.9594 0.0369
vn -0.2906 0.9568 0.0068
vn -0.2909 0.9567 0.0081
vn -0.2479 0.9680 0.0394
vn -0.2553 0.9657 0.0468
vn -0.1430 0.9886 -0.0481
vn -0.1126 0.9918 -0.0601
vn -0.1751 0.9836 -0.0443
vn -0.1933 0.9797 -0.0531
vn -0.2409 0.9698 -0.0375
vn -0.2607 0.9651 -0.0252
vn -0.2575 0.9157 0.3084
vn -0.2010 0.9172 0.3439
vn -0.7015 0.4797 0.5271
vn -0.7350 0.5759 0.3579
vn -0.7207 0.5273 0.4500
vn -0.0779 0.9959 -0.0465
vn -0.1506 0.9870 -0.0567
vn -0.0963 0.9943 -0.0458
vn -0.1127 0.9929 -0.0392
vn -0.1245 0.9915 -0.0386
vn -0.0556 0.9979 0.0318
vn -0.0721 0.9901 -0.1203
vn -0.0527 0.9913 -0.1207
vn -0.0449 0.9989 -0.0109
vn 0.0000 0.9933 -0.1156
vn 0.0000 0.9998 -0.0197
vn -0.0608 0.9954 -0.0736
vn -0.0683 0.9963 -0.0528
vn -0.0721 0.9955 -0.0621
vn -0.0531 0.9968 -0.0594
vn 0.0000 0.9984 -0.0561
vn -0.3560 0.9300 -0.0918
vn -0.3572 0.9194 -0.1646
vn -0.3571 0.9221 -0.1492
vn -0.3567 0.9057 -0.2291
vn 0.0000 0.9908 0.1352
vn -0.0389 0.9854 0.1657
vn -0.0388 0.9779 0.2052
vn -0.0584 0.9881 0.1422
vn -0.0529 0.9836 0.1727
vn -0.0667 0.9927 0.1004
vn -0.0735 0.9936 0.0852
vn -0.0608 0.9653 0.2540
vn -0.0845 0.9322 0.3518
vn -0.0832 0.9244 0.3722
vn -0.0727 0.9321 0.3549
vn -0.0890 0.9933 0.0731
vn -0.1014 0.9923 0.0713
vn -0.5854 0.7606 0.2807
vn -0.5833 0.7614 0.2830
vn -0.6585 0.7292 0.1863
vn -0.6618 0.7276 0.1806
vn -0.6818 0.7172 0.1445
vn -0.4691 0.8020 0.3698
vn -0.3096 0.8447 0.4366
vn -0.2289 0.8557 0.4640
vn -0.0776 0.8899 0.4495
vn -0.0933 0.8800 0.4658
vn -0.5686 0.4137 0.7110
vn -0.5193 0.3980 0.7562
vn -0.3613 0.3932 0.8455
vn -0.3568 0.3970 0.8457
vn -0.3181 0.4281 0.8459
vn -0.0737 0.9944 0.0753
vn -0.0920 0.8512 0.5167
vn -0.0699 0.8113 0.5804
vn -0.0724 0.8606 0.5042
vn -0.0110 0.9949 0.1000
vn -0.0141 0.9958 0.0906
vn -0.0371 0.9804 0.1936
vn -0.0297 0.9767 0.2128
vn -0.0049 0.9983 0.0582
vn -0.0078 0.9982 0.0588
vn -0.0766 0.9371 0.3407
vn -0.0583 0.9307 0.3610
vn -0.0000 0.7908 0.6121
vn -0.0000 0.8488 0.5288
vn 0.0000 0.9951 0.0993
vn 0.0000 0.9777 0.2099
vn 0.0000 0.9983 0.0579
vn -0.0000 0.9346 0.3557
vn -0.0000 0.7501 -0.6614
vn 0.0748 0.7559 -0.6504
vn 0.0711 0.7553 -0.6515
vn 0.1069 0.7607 -0.6402
vn -0.0865 0.4474 0.8902
vn -0.1326 0.4645 0.8756
vn -0.1336 0.4692 0.8729
vn -0.0737 0.4433 0.8933
vn -0.1362 0.4812 0.8659
vn -0.0000 0.4301 0.9028
vn 0.0000 1.0000 -0.0003
vn 0.0001 1.0000 0.0001
vn 0.0001 1.0000 0.0000
vn -0.0000 1.0000 0.0010
vn -0.0000 1.0000 0.0015
vn -0.1716 -0.0600 0.9833
vn -0.1190 -0.0682 0.9906
vn -0.1772 -0.0591 0.9824
vn -0.2596 -0.0436 0.9647
vn -0.2643 -0.0425 0.9635
vn -0.2959 -0.0353 0.9546
vn -0.0548 -0.9984 0.0134
vn -0.0537 -0.9985 0.0133
vn -0.0604 -0.9981 0.0134
vn 0.0681 0.8814 0.4675
vn 0.0547 0.8838 0.4647
vn 0.0711 0.8808 0.4682
vn 0.0971 0.8698 0.4837
vn 0.0989 0.8687 0.4854
vn 0.1117 0.8600 0.4978
vn -0.0000 -0.9999 0.0128
vn -0.1958 -0.1981 0.9604
vn -0.1970 -0.1977 0.9603
vn -0.1005 -0.2202 0.9703
vn -0.0999 -0.2203 0.9703
vn -0.0582 -0.2252 0.9726
vn 0.0000 -1.0000 -0.0018
vn 0.0003 -1.0000 -0.0017
vn 0.0003 -1.0000 -0.0016
vn 0.0004 -1.0000 -0.0012
vn 0.0004 -1.0000 -0.0011
vn 0.0003 -1.0000 -0.0009
vn -0.2502 -0.1802 0.9513
vn -0.1272 -0.2091 0.9696
vn -0.1293 -0.2081 0.9695
vn -0.0000 -0.2307 0.9730
vn -0.2088 -0.1680 0.9634
vn -0.2117 -0.1664 0.9631
vn -0.2451 -0.1472 0.9583
vn -0.0607 -0.9894 -0.1318
vn -0.0569 -0.9129 -0.4042
vn 0.0001 -0.8977 -0.4405
vn -0.0437 -0.1082 -0.9932
vn -0.0262 -0.1724 -0.9847
vn -0.0347 -0.4462 -0.8943
vn -0.0187 -0.5021 -0.8646
vn -0.0216 -0.7510 -0.6599
vn -0.0614 -0.9064 0.4179
vn -0.0597 -0.9929 0.1027
vn 0.0006 -0.8940 0.4481
vn -0.0299 -0.7017 0.7118
vn -0.0600 -0.9895 -0.1319
vn -0.0563 -0.9131 -0.4039
vn 0.0008 -0.8977 -0.4406
vn -0.0206 -0.7525 -0.6582
vn -0.0497 -0.1115 -0.9925
vn -0.0281 -0.1923 -0.9809
vn -0.0371 -0.4505 -0.8920
vn -0.0193 -0.5251 -0.8508
vn -0.0383 -0.3966 0.9172
vn -0.0252 -0.4538 0.8907
vn -0.0350 -0.0809 0.9961
vn -0.0199 -0.1454 0.9892
vn -0.0604 -0.9929 0.1026
vn -0.0626 -0.9067 0.4171
vn 0.0000 -0.8951 0.4459
vn -0.0305 -0.7051 0.7084
vn -0.0371 -0.0924 0.9950
vn -0.0396 -0.4027 0.9145
vn -0.0204 -0.1549 0.9877
vn -1.0000 -0.0012 -0.0003
vn -1.0000 -0.0012 -0.0004
vn -1.0000 -0.0014 -0.0002
vn -1.0000 -0.0003 -0.0001
vn -1.0000 0.0002 -0.0001
vn -1.0000 -0.0011 0.0003
vn -1.0000 -0.0015 0.0004
vn 0.0005 -1.0000 -0.0000
vn 0.0002 -1.0000 -0.0100
vn 0.0002 -1.0000 0.0044
vn 0.0001 -0.9901 -0.1405
vn -0.0088 -0.9896 -0.1433
vn -0.0009 -0.9947 -0.1031
vn 0.0001 -0.9900 -0.1409
vn -0.0001 -0.9901 -0.1405
vn 0.0002 -0.9900 -0.1413
vn 0.0050 -0.9954 0.0953
vn -0.0027 -0.9979 0.0654
vn -0.0127 -0.9951 0.0980
vn -0.0254 -0.9946 0.1007
vn -0.0157 -0.9957 0.0917
vn -0.0000 -0.9972 0.0746
vn -0.0065 -0.9966 0.0818
vn -0.0068 -0.9900 -0.1407
vn -0.0010 -0.9907 -0.1359
vn 0.0000 -0.9909 -0.1349
vn -0.9455 0.0405 -0.3232
vn -0.6639 0.6970 -0.2711
vn -0.7497 0.6092 -0.2584
vn -0.8278 0.5330 -0.1750
vn -0.7775 0.6013 -0.1841
vn -0.9194 0.3866 -0.0729
vn -0.8859 0.4542 -0.0939
vn -0.5749 0.7744 -0.2642
vn -0.7151 0.6773 -0.1728
vn -0.8143 0.5408 -0.2108
vn -0.7671 0.5888 -0.2547
vn -0.8007 0.5915 -0.0950
vn -0.9264 0.3705 -0.0668
vn -0.6430 0.7551 -0.1281
vn -0.5282 0.8225 -0.2111
vn -0.3556 0.9337 -0.0426
vn -0.4618 0.8775 -0.1292
vn -0.5963 0.7997 -0.0703
vn -0.5850 0.8107 -0.0242
vn -0.7774 0.6255 -0.0660
vn -0.7853 0.6187 -0.0205
vn -0.3487 0.9370 0.0189
vn -0.5941 0.8042 0.0175
vn -0.7998 0.6001 0.0132
vn -0.3863 0.9167 0.1020
vn -0.6132 0.7863 0.0761
vn -0.6260 0.7650 0.1517
vn -0.4084 0.8884 0.2098
vn -0.8090 0.5861 0.0452
vn -0.8149 0.5740 0.0800
vn -0.6403 0.7309 0.2362
vn -0.4256 0.8446 0.3248
vn -0.8266 0.5505 0.1173
vn -0.4988 0.7801 0.3777
vn -0.6730 0.6842 0.2809
vn -0.7055 0.6485 0.2858
vn -0.5942 0.7172 0.3640
vn -0.8315 0.5333 0.1556
vn -0.8228 0.5380 0.1831
vn -0.6839 0.6585 0.3142
vn -0.6218 0.6970 0.3571
vn -0.8208 0.5374 0.1936
vn -0.9438 0.3305 0.0064
vn -0.9421 0.3350 0.0159
vn -0.9414 0.3370 0.0160
vn -0.9391 0.3434 0.0155
vn -0.9401 0.3406 0.0164
vn -0.9417 0.3358 0.0209
vn -0.9427 0.3332 0.0158
vn -0.9413 0.3370 0.0178
vn -0.0756 0.9765 0.2020
vn -0.0768 0.9571 0.2795
vn -0.0398 0.9570 0.2874
vn -0.0410 0.9777 0.2060
vn -0.0724 0.9936 0.0863
vn -0.0379 0.9959 0.0818
vn -0.0979 0.8372 0.5381
vn -0.1013 0.8247 0.5565
vn -0.0514 0.8215 0.5678
vn -0.0544 0.8353 0.5470
vn -0.0927 0.8621 0.4983
vn -0.0539 0.8637 0.5010
vn -0.0899 0.8740 0.4775
vn -0.0500 0.8783 0.4755
vn -0.0000 0.9562 0.2927
vn -0.0000 0.9782 0.2077
vn 0.3845 0.8831 0.2689
vn 0.3880 0.8830 0.2641
vn 0.3128 0.8772 0.3643
vn 0.0000 0.9969 0.0791
vn 0.4832 0.8676 0.1175
vn 0.4838 0.8674 0.1167
vn 0.0000 0.8182 0.5749
vn 0.0000 0.8333 0.5528
vn -0.1229 0.8362 0.5345
vn -0.1333 0.8236 0.5513
vn -0.0000 0.8653 0.5013
vn -0.1113 0.8608 0.4966
vn -0.0000 0.8818 0.4715
vn -0.1110 0.8733 0.4744
vn -0.0671 0.9976 0.0163
vn -0.0310 0.9995 0.0118
vn -0.0269 0.9989 -0.0394
vn -0.0626 0.9973 -0.0378
vn -0.0676 0.9874 -0.1428
vn -0.0298 0.9896 -0.1407
vn -0.0718 0.9722 -0.2228
vn -0.0330 0.9756 -0.2169
vn 0.0000 1.0000 0.0095
vn 0.0000 0.9992 -0.0403
vn 0.5090 0.8602 -0.0326
vn 0.5089 0.8602 -0.0322
vn 0.5109 0.8593 0.0246
vn 0.5109 0.8593 0.0244
vn 0.0000 0.9904 -0.1380
vn 0.5478 0.8270 -0.1268
vn 0.5456 0.8292 -0.1216
vn 0.0000 0.9772 -0.2123
vn 0.5760 0.7754 -0.2589
vn 0.5749 0.7698 -0.2773
vn -0.0907 0.9744 0.2058
vn -0.0949 0.9562 0.2769
vn -0.0862 0.9923 0.0893
vn -0.0857 0.9961 0.0192
vn -0.0826 0.9959 -0.0370
vn -0.0875 0.9868 -0.1359
vn -0.0939 0.9701 -0.2239
vn 0.5137 0.7676 -0.3833
vn 0.4338 0.7722 -0.4642
vn 0.4422 0.7740 -0.4532
vn 0.5277 0.7635 -0.3723
vn 0.3918 0.7356 -0.5526
vn 0.3956 0.7434 -0.5394
vn 0.3798 0.7115 -0.5912
vn -0.0517 0.8718 -0.4871
vn -0.0000 0.8709 -0.4914
vn -0.0000 0.7843 -0.6204
vn -0.0560 0.7853 -0.6166
vn -0.1114 0.8705 -0.4794
vn -0.1277 0.7851 -0.6061
vn -0.0000 0.7372 -0.6757
vn -0.0626 0.7360 -0.6741
vn -0.0489 0.9090 -0.4139
vn 0.0000 0.9091 -0.4167
vn -0.1446 0.7329 -0.6648
vn -0.1015 0.9051 -0.4129
vn 0.9896 -0.0097 -0.1433
vn 0.9904 0.0018 -0.1381
vn 0.9878 -0.0326 -0.1522
vn 0.9870 -0.0416 -0.1555
vn 0.9909 0.0126 -0.1338
vn -0.1314 0.9002 -0.4151
vn -0.1497 0.8654 -0.4782
vn -0.1764 0.7781 -0.6029
vn 0.9850 -0.0599 -0.1616
vn 0.9829 -0.0782 -0.1669
vn 0.9814 -0.0888 -0.1700
vn -0.1931 0.7273 -0.6586
vn -0.1771 0.7309 -0.6591
vn -0.2177 0.7221 -0.6566
vn -0.9457 0.3240 -0.0264
vn -0.9466 0.3215 -0.0237
vn -0.9435 0.3298 -0.0330
vn -0.9482 0.3170 -0.0197
vn -0.9491 0.3144 -0.0188
vn -0.9467 0.3219 -0.0095
vn 0.0084 0.9970 -0.0770
vn 0.0192 0.9931 -0.1157
vn 0.0161 0.9943 -0.1050
vn 0.0024 0.9989 -0.0470
vn -0.0007 0.9997 -0.0227
vn 0.0000 1.0000 -0.0039
vn -0.0280 -0.4686 0.8830
vn 0.9335 0.3494 -0.0805
vn 0.9377 0.3371 -0.0842
vn 0.8723 0.4888 -0.0136
vn 0.8680 0.4966 -0.0074
vn 0.9796 0.1733 -0.1017
vn 0.9689 0.2289 -0.0939
vn 0.8406 0.5359 0.0786
vn 0.8720 0.4591 0.1699
vn 0.8703 0.4634 0.1669
vn 0.8406 0.5357 0.0796
vn 0.9945 0.0895 0.0543
vn 0.9987 0.0458 0.0206
vn 0.9922 0.1076 0.0625
vn 0.8747 0.4750 0.0966
vn 0.8729 0.4777 0.0988
vn 0.9048 0.4219 0.0573
vn 0.9129 0.4056 0.0464
vn 0.8561 0.4824 0.1854
vn 0.8573 0.4700 0.2103
vn 0.8535 0.4984 0.1520
vn 0.9039 0.3164 0.2880
vn 0.9043 0.3124 0.2910
vn 0.9211 0.3877 0.0348
vn 0.7062 0.2044 0.6778
vn 0.4893 0.1638 0.8566
vn 0.5276 0.1033 0.8432
vn 0.7256 0.1610 0.6690
vn 0.4662 0.1160 0.8770
vn 0.4440 0.1749 0.8788
vn 0.8339 0.2701 0.4813
vn 0.8433 0.2485 0.4765
vn 0.8511 -0.0983 0.5157
vn 0.8476 -0.1191 0.5171
vn 0.8899 0.1102 0.4427
vn 0.8926 0.1256 0.4330
vn 0.8032 -0.2352 0.5474
vn 0.6835 -0.2413 0.6889
vn 0.7426 -0.2454 0.6232
vn 0.8006 -0.2365 0.5506
vn 0.8071 0.1876 0.5599
vn 0.6870 -0.0073 0.7266
vn 0.5155 0.0072 0.8569
vn 0.5925 -0.0105 0.8055
vn 0.9040 0.4256 0.0398
vn 0.8995 0.4359 0.0313
vn 0.9883 0.0060 -0.1523
vn 0.9877 -0.0033 -0.1565
vn 0.9869 0.1272 -0.0989
vn 0.9841 -0.1186 -0.1321
vn 0.9853 -0.1313 -0.1091
vn 0.9986 0.0361 0.0377
vn 0.9966 -0.0822 -0.0079
vn 0.9995 -0.0295 0.0096
vn 0.9997 -0.0261 0.0000
vn 0.9943 -0.1065 0.0012
vn 0.9947 -0.1029 0.0053
vn 0.9981 -0.0622 0.0009
vn 0.9991 0.0430 -0.0040
vn 0.9960 0.0883 -0.0153
vn 0.9986 0.0523 -0.0020
vn 0.9924 0.1190 -0.0325
vn 0.9894 0.1405 -0.0370
vn 0.9986 0.0532 0.0060
vn 0.9980 0.0636 0.0056
vn 0.9979 0.0652 0.0058
vn 0.9600 -0.2801 0.0003
vn 0.9695 -0.2445 -0.0173
vn 0.9815 -0.1862 -0.0453
vn 0.9804 -0.1942 0.0317
vn 0.9782 -0.2060 0.0260
vn 0.9968 0.0800 0.0009
vn 0.9964 0.0844 -0.0041
vn 0.9929 -0.1174 -0.0213
vn 0.9911 -0.1260 -0.0427
vn 0.9957 0.0917 -0.0125
vn 0.9952 0.0966 -0.0130
vn 0.9899 0.1382 -0.0320
vn 0.9912 0.0072 0.1324
vn 0.9898 -0.0099 0.1425
vn 0.9877 -0.0980 0.1217
vn 0.9883 -0.1043 0.1116
vn 0.9897 0.1237 0.0718
vn 0.9927 0.0923 0.0774
vn 0.9774 0.2042 0.0544
vn 0.9762 0.2103 0.0527
vn 0.9858 0.1591 0.0540
vn 0.9623 0.2717 0.0132
vn 0.9626 0.2704 0.0146
vn 0.8424 0.5382 -0.0262
vn 0.8418 0.5390 -0.0283
vn 0.8542 0.5199 -0.0086
vn 0.8611 0.5085 -0.0046
vn 0.8825 0.4701 0.0118
vn 0.8806 0.4738 0.0101
vn 0.7954 0.5970 -0.1045
vn 0.8271 0.5586 -0.0623
vn 0.8274 0.5582 -0.0617
vn 0.7938 0.5989 -0.1062
vn 0.7453 0.6261 -0.2293
vn 0.7438 0.6261 -0.2340
vn 0.4048 0.5784 -0.7082
vn 0.4861 0.6191 -0.6168
vn 0.6440 0.6143 -0.4559
vn 0.6362 0.6145 -0.4665
vn 0.4735 0.5640 -0.6766
vn 0.3147 0.4629 -0.8287
vn 0.9455 0.3156 -0.0805
vn 0.9361 0.3278 -0.1279
vn 0.9496 0.3090 -0.0520
vn 0.9351 0.3040 -0.1820
vn 0.9353 0.2890 -0.2043
vn 0.9339 0.2055 -0.2926
vn 0.9341 0.2109 -0.2880
vn 0.9299 0.1397 -0.3403
vn 0.9389 0.0458 -0.3411
vn 0.9504 -0.0334 -0.3093
vn 0.9160 -0.2904 -0.2769
vn 0.9357 -0.1970 -0.2926
vn 0.9305 -0.2102 -0.2998
vn 0.9097 -0.3291 -0.2532
vn 0.9855 0.1604 -0.0559
vn 0.9878 0.1343 -0.0791
vn 0.9463 0.0406 -0.3206
vn 0.9768 0.0628 -0.2050
vn 0.9518 0.0344 -0.3047
vn 0.9886 0.1142 -0.0977
vn 0.9873 0.1147 -0.1101
vn 0.9877 0.1308 -0.0857
vn 0.9897 0.0786 -0.1199
vn 0.9805 0.0258 -0.1946
vn 0.9701 0.0758 -0.2306
vn 0.9917 0.0230 -0.1263
vn 0.6307 -0.2366 0.7391
vn 0.5513 -0.0522 0.8327
vn 0.6425 -0.0749 0.7626
vn 0.6954 -0.0886 0.7132
vn 0.7365 0.2186 -0.6401
vn 0.7949 0.2211 -0.5650
vn 0.6679 0.2138 -0.7129
vn 0.5068 0.2142 -0.8350
vn 0.4619 0.2151 -0.8604
vn 0.3492 0.2149 -0.9121
vn 0.9045 0.0401 -0.4246
vn 0.6998 0.0910 -0.7086
vn 0.7273 0.0848 -0.6811
vn 0.8610 0.0608 -0.5049
vn 0.4393 0.1425 -0.8870
vn 0.4738 0.1360 -0.8701
vn 0.3193 0.1627 -0.9336
vn 0.9534 0.0431 -0.2986
vn 0.9726 -0.0151 -0.2320
vn 0.9467 0.0520 -0.3178
vn 0.9777 -0.0367 -0.2066
vn 0.5974 -0.4316 -0.6759
vn 0.5213 -0.4637 -0.7164
vn 0.8315 -0.2906 -0.4735
vn 0.8705 -0.2793 -0.4052
vn 0.2595 -0.5603 -0.7866
vn 0.2426 -0.5672 -0.7870
vn 0.1532 -0.6004 -0.7849
vn 0.1375 0.5401 -0.8303
vn 0.2640 0.5411 -0.7984
vn 0.2449 0.4083 -0.8794
vn 0.1151 0.4249 -0.8979
vn 0.1522 0.6526 -0.7422
vn 0.2884 0.6555 -0.6980
vn 0.3046 0.4383 -0.8456
vn 0.1078 0.2564 -0.9605
vn 0.1903 0.2242 -0.9558
vn 0.1800 0.2263 -0.9573
vn 0.1035 0.2588 -0.9604
vn 0.1126 0.1333 -0.9847
vn 0.2148 0.1362 -0.9671
vn 0.2000 0.1361 -0.9703
vn 0.1074 0.1328 -0.9853
vn 0.0373 -0.7007 -0.7125
vn 0.1058 -0.6741 -0.7310
vn 0.0743 -0.6830 -0.7266
vn 0.2238 0.2159 -0.9504
vn 0.2577 0.1363 -0.9566
vn 0.1889 -0.6467 -0.7390
vn 0.0001 -0.9999 -0.0107
vn 0.0007 -0.9999 -0.0113
vn 0.0039 -0.9999 -0.0134
vn 0.0040 -0.9999 -0.0131
vn 0.0036 -0.9999 -0.0117
vn 0.0357 0.8031 -0.5948
vn 0.0121 0.8211 -0.5707
vn 0.0775 0.7684 -0.6353
vn 0.0739 0.7274 -0.6822
vn 0.0710 0.7244 -0.6857
vn 0.2829 0.9519 0.1179
vn 0.2518 0.9645 0.0800
vn 0.2525 0.9640 0.0833
vn 0.3233 0.9332 0.1566
vn 0.3506 0.9162 0.1939
vn 0.3263 0.9150 0.2372
vn 0.2427 0.9678 0.0669
vn 0.2505 0.9664 0.0581
vn 0.2952 0.9551 0.0262
vn 0.2952 0.9551 0.0261
vn 0.2801 0.9593 0.0366
vn 0.2796 0.9594 0.0369
vn 0.2909 0.9567 0.0081
vn 0.2906 0.9568 0.0068
vn 0.2479 0.9680 0.0394
vn 0.2553 0.9657 0.0468
vn 0.1755 0.9835 -0.0444
vn 0.1126 0.9918 -0.0601
vn 0.1430 0.9885 -0.0481
vn 0.1933 0.9797 -0.0531
vn 0.2409 0.9698 -0.0375
vn 0.2607 0.9651 -0.0252
vn 0.2575 0.9157 0.3084
vn 0.2010 0.9172 0.3439
vn 0.7015 0.4797 0.5271
vn 0.7207 0.5274 0.4499
vn 0.7350 0.5759 0.3579
vn 0.1506 0.9870 -0.0567
vn 0.0779 0.9959 -0.0465
vn 0.0963 0.9943 -0.0458
vn 0.1245 0.9915 -0.0383
vn 0.1127 0.9929 -0.0392
vn 0.0527 0.9913 -0.1207
vn 0.0721 0.9901 -0.1203
vn 0.0556 0.9979 0.0318
vn 0.0449 0.9989 -0.0109
vn 0.0608 0.9954 -0.0736
vn 0.0683 0.9963 -0.0528
vn 0.0531 0.9968 -0.0594
vn 0.0721 0.9955 -0.0621
vn 0.3572 0.9194 -0.1646
vn 0.3560 0.9300 -0.0918
vn 0.3571 0.9221 -0.1492
vn 0.3567 0.9057 -0.2291
vn 0.0389 0.9854 0.1657
vn 0.0388 0.9779 0.2052
vn 0.0584 0.9881 0.1422
vn 0.0735 0.9936 0.0852
vn 0.0665 0.9927 0.1001
vn 0.0529 0.9836 0.1727
vn 0.0832 0.9244 0.3722
vn 0.0845 0.9322 0.3518
vn 0.0608 0.9653 0.2540
vn 0.0727 0.9321 0.3549
vn 0.1014 0.9923 0.0713
vn 0.0890 0.9933 0.0731
vn 0.5854 0.7606 0.2807
vn 0.6618 0.7276 0.1806
vn 0.6585 0.7292 0.1863
vn 0.5833 0.7614 0.2830
vn 0.6818 0.7172 0.1445
vn 0.4691 0.8020 0.3698
vn 0.3096 0.8447 0.4366
vn 0.2289 0.8557 0.4640
vn 0.0776 0.8899 0.4495
vn 0.0933 0.8800 0.4658
vn 0.5193 0.3980 0.7562
vn 0.5686 0.4137 0.7110
vn 0.3613 0.3932 0.8455
vn 0.3568 0.3970 0.8457
vn 0.3181 0.4281 0.8459
vn 0.0737 0.9944 0.0753
vn 0.0920 0.8512 0.5167
vn 0.0725 0.8605 0.5042
vn 0.0699 0.8113 0.5804
vn 0.0110 0.9949 0.1000
vn 0.0297 0.9767 0.2128
vn 0.0371 0.9804 0.1936
vn 0.0138 0.9958 0.0906
vn 0.0049 0.9983 0.0582
vn 0.0078 0.9982 0.0588
vn 0.0583 0.9307 0.3610
vn 0.0766 0.9371 0.3407
vn -0.0711 0.7553 -0.6515
vn -0.0748 0.7559 -0.6504
vn -0.1069 0.7607 -0.6402
vn 0.0865 0.4474 0.8902
vn 0.0737 0.4433 0.8933
vn 0.1336 0.4692 0.8729
vn 0.1326 0.4645 0.8756
vn 0.1362 0.4812 0.8659
vn -0.0001 1.0000 0.0000
vn -0.0001 1.0000 0.0001
vn 0.1716 -0.0600 0.9833
vn 0.1772 -0.0591 0.9824
vn 0.1190 -0.0682 0.9906
vn 0.2596 -0.0436 0.9647
vn 0.2643 -0.0425 0.9635
vn 0.2959 -0.0353 0.9546
vn 0.0604 -0.9981 0.0134
vn 0.0537 -0.9985 0.0133
vn 0.0548 -0.9984 0.0134
vn -0.0681 0.8814 0.4675
vn -0.0711 0.8808 0.4682
vn -0.0547 0.8838 0.4647
vn -0.0971 0.8698 0.4837
vn -0.0989 0.8687 0.4854
vn -0.1117 0.8600 0.4978
vn 0.1005 -0.2202 0.9703
vn 0.1970 -0.1977 0.9603
vn 0.1958 -0.1981 0.9604
vn 0.0999 -0.2203 0.9703
vn 0.0582 -0.2252 0.9726
vn -0.0003 -1.0000 -0.0017
vn -0.0003 -1.0000 -0.0016
vn -0.0004 -1.0000 -0.0012
vn -0.0004 -1.0000 -0.0011
vn -0.0003 -1.0000 -0.0009
vn 0.2502 -0.1802 0.9513
vn 0.1293 -0.2081 0.9695
vn 0.1269 -0.2089 0.9697
vn 0.2117 -0.1664 0.9631
vn 0.2088 -0.1680 0.9634
vn 0.2450 -0.1475 0.9582
vn 0.0607 -0.9894 -0.1318
vn -0.0001 -0.8977 -0.4405
vn 0.0569 -0.9129 -0.4042
vn 0.0437 -0.1082 -0.9932
vn 0.0347 -0.4462 -0.8943
vn 0.0262 -0.1724 -0.9847
vn 0.0187 -0.5021 -0.8646
vn 0.0216 -0.7510 -0.6600
vn 0.0614 -0.9064 0.4179
vn -0.0006 -0.8940 0.4481
vn 0.0597 -0.9929 0.1027
vn 0.0299 -0.7017 0.7118
vn 0.0600 -0.9895 -0.1319
vn -0.0008 -0.8977 -0.4406
vn 0.0563 -0.9131 -0.4039
vn 0.0209 -0.7525 -0.6583
vn 0.0497 -0.1115 -0.9925
vn 0.0371 -0.4505 -0.8920
vn 0.0281 -0.1923 -0.9809
vn 0.0193 -0.5251 -0.8508
vn 0.0383 -0.3966 0.9172
vn 0.0252 -0.4538 0.8907
vn 0.0350 -0.0809 0.9961
vn 0.0199 -0.1454 0.9892
vn 0.0626 -0.9067 0.4171
vn 0.0603 -0.9929 0.1023
vn 0.0305 -0.7051 0.7084
vn 0.0371 -0.0924 0.9950
vn 0.0204 -0.1549 0.9877
vn 0.0396 -0.4027 0.9145
vn 1.0000 -0.0012 -0.0003
vn 1.0000 -0.0014 -0.0002
vn 1.0000 -0.0012 -0.0004
vn 1.0000 -0.0003 -0.0001
vn 1.0000 0.0002 -0.0001
vn 1.0000 -0.0011 0.0003
vn 1.0000 -0.0015 0.0004
vn -0.0002 -1.0000 0.0044
vn -0.0002 -1.0000 -0.0100
vn -0.0005 -1.0000 -0.0000
vn -0.0001 -0.9900 -0.1409
vn 0.0009 -0.9947 -0.1031
vn 0.0088 -0.9896 -0.1433
vn -0.0002 -0.9900 -0.1413
vn -0.0052 -0.9954 0.0955
vn 0.0127 -0.9951 0.0980
vn 0.0027 -0.9979 0.0654
vn 0.0254 -0.9946 0.1007
vn 0.0157 -0.9957 0.0917
vn 0.0065 -0.9966 0.0818
vn 0.0068 -0.9900 -0.1407
vn 0.0010 -0.9907 -0.1359
vn 0.9453 0.0405 -0.3235
vn 0.6639 0.6970 -0.2711
vn 0.7775 0.6013 -0.1841
vn 0.8278 0.5330 -0.1750
vn 0.7497 0.6092 -0.2584
vn 0.8859 0.4542 -0.0939
vn 0.9194 0.3866 -0.0729
vn 0.5749 0.7744 -0.2642
vn 0.7151 0.6773 -0.1728
vn 0.8143 0.5408 -0.2108
vn 0.7671 0.5888 -0.2547
vn 0.8007 0.5915 -0.0948
vn 0.9264 0.3705 -0.0668
vn 0.5282 0.8225 -0.2111
vn 0.6430 0.7551 -0.1281
vn 0.3556 0.9337 -0.0426
vn 0.5850 0.8107 -0.0242
vn 0.5963 0.7997 -0.0703
vn 0.4618 0.8775 -0.1292
vn 0.7853 0.6187 -0.0205
vn 0.7774 0.6255 -0.0660
vn 0.3487 0.9370 0.0189
vn 0.5941 0.8042 0.0175
vn 0.7998 0.6001 0.0132
vn 0.3863 0.9167 0.1020
vn 0.4084 0.8884 0.2098
vn 0.6260 0.7650 0.1517
vn 0.6132 0.7863 0.0761
vn 0.8149 0.5740 0.0800
vn 0.8090 0.5861 0.0452
vn 0.4256 0.8446 0.3248
vn 0.6403 0.7309 0.2362
vn 0.8266 0.5505 0.1173
vn 0.4988 0.7801 0.3777
vn 0.5942 0.7172 0.3640
vn 0.7055 0.6485 0.2858
vn 0.6730 0.6842 0.2809
vn 0.8228 0.5380 0.1831
vn 0.8315 0.5333 0.1556
vn 0.6218 0.6970 0.3571
vn 0.6839 0.6585 0.3142
vn 0.8208 0.5374 0.1936
vn 0.9438 0.3303 0.0061
vn 0.9414 0.3370 0.0160
vn 0.9421 0.3350 0.0162
vn 0.9391 0.3434 0.0155
vn 0.9401 0.3406 0.0164
vn 0.9417 0.3358 0.0209
vn 0.9427 0.3332 0.0158
vn 0.9413 0.3370 0.0178
vn 0.0756 0.9765 0.2020
vn 0.0410 0.9777 0.2059
vn 0.0398 0.9570 0.2874
vn 0.0768 0.9571 0.2795
vn 0.0724 0.9936 0.0863
vn 0.0379 0.9959 0.0818
vn 0.0979 0.8372 0.5381
vn 0.0544 0.8353 0.5470
vn 0.0514 0.8215 0.5678
vn 0.1013 0.8247 0.5565
vn 0.0927 0.8621 0.4983
vn 0.0539 0.8637 0.5010
vn 0.0899 0.8740 0.4775
vn 0.0500 0.8783 0.4755
vn -0.3845 0.8831 0.2689
vn -0.3128 0.8772 0.3643
vn -0.3880 0.8830 0.2641
vn -0.4831 0.8676 0.1178
vn -0.4838 0.8674 0.1167
vn 0.1333 0.8236 0.5513
vn 0.1229 0.8362 0.5345
vn 0.1113 0.8608 0.4966
vn 0.1110 0.8733 0.4744
vn 0.0269 0.9989 -0.0394
vn 0.0310 0.9995 0.0118
vn 0.0671 0.9976 0.0163
vn 0.0626 0.9973 -0.0378
vn 0.0676 0.9874 -0.1428
vn 0.0298 0.9896 -0.1407
vn 0.0717 0.9723 -0.2225
vn 0.0330 0.9756 -0.2169
vn -0.5109 0.8593 0.0246
vn -0.5089 0.8602 -0.0322
vn -0.5090 0.8602 -0.0326
vn -0.5109 0.8593 0.0244
vn -0.5456 0.8292 -0.1216
vn -0.5478 0.8270 -0.1268
vn -0.5759 0.7754 -0.2589
vn -0.5749 0.7698 -0.2773
vn 0.0907 0.9744 0.2058
vn 0.0949 0.9562 0.2769
vn 0.0862 0.9923 0.0893
vn 0.0857 0.9961 0.0192
vn 0.0826 0.9959 -0.0370
vn 0.0875 0.9868 -0.1359
vn 0.0939 0.9701 -0.2239
vn -0.4422 0.7740 -0.4532
vn -0.4338 0.7722 -0.4642
vn -0.5137 0.7676 -0.3833
vn -0.5276 0.7635 -0.3723
vn -0.3956 0.7434 -0.5394
vn -0.3918 0.7356 -0.5526
vn -0.3799 0.7115 -0.5912
vn 0.0517 0.8718 -0.4871
vn 0.0560 0.7853 -0.6166
vn 0.1114 0.8705 -0.4794
vn 0.1277 0.7851 -0.6061
vn 0.0629 0.7359 -0.6742
vn 0.0489 0.9090 -0.4139
vn 0.1446 0.7329 -0.6648
vn 0.1015 0.9051 -0.4129
vn -0.9896 -0.0097 -0.1433
vn -0.9870 -0.0416 -0.1555
vn -0.9878 -0.0326 -0.1522
vn -0.9904 0.0020 -0.1383
vn -0.9909 0.0125 -0.1338
vn 0.1311 0.9003 -0.4150
vn 0.1497 0.8654 -0.4782
vn 0.1764 0.7781 -0.6029
vn -0.9850 -0.0599 -0.1616
vn -0.9829 -0.0781 -0.1670
vn -0.9814 -0.0887 -0.1700
vn 0.1931 0.7273 -0.6586
vn 0.1771 0.7309 -0.6591
vn 0.2177 0.7221 -0.6566
vn 0.9457 0.3240 -0.0264
vn 0.9435 0.3298 -0.0330
vn 0.9466 0.3215 -0.0237
vn 0.9482 0.3170 -0.0197
vn 0.9491 0.3144 -0.0188
vn 0.9467 0.3219 -0.0095
vn -0.0084 0.9970 -0.0770
vn -0.0161 0.9943 -0.1050
vn -0.0192 0.9931 -0.1160
vn -0.0024 0.9989 -0.0470
vn 0.0007 0.9997 -0.0227
vn 0.0280 -0.4686 0.8830
vn 0.0074 -0.9988 -0.0482
vn 0.0100 -0.9982 -0.0585
vn 0.0090 -0.9986 -0.0527
vn 0.0069 -0.9990 -0.0446
vn 0.8234 0.5002 0.2681
vn 0.8768 0.3592 0.3199
vn 0.9547 0.2878 0.0762
vn 0.8874 0.4492 0.1035
vn -0.4062 -0.0030 -0.9138
vn -0.4075 -0.0051 -0.9132
vn -0.4059 -0.0024 -0.9139
vn -0.9952 0.0977 0.0046
vn -0.9864 0.1641 0.0037
vn -1.0000 0.0031 0.0059
vn 0.5134 0.5317 0.6736
vn 0.2537 0.4786 0.8406
vn 0.2575 0.3507 0.9004
vn 0.5533 0.3956 0.7330
vn 0.0284 0.9958 0.0874
vn 0.4372 0.8783 0.1933
vn 0.5547 0.8219 0.1297
vn 0.1695 0.8319 0.5284
vn 0.2963 0.8711 0.3916
vn -0.4036 0.0014 -0.9149
vn -0.9516 0.3074 0.0015
vn 0.0056 -0.9991 -0.0428
vn -0.0074 -0.9988 -0.0482
vn -0.0090 -0.9986 -0.0527
vn -0.0100 -0.9982 -0.0585
vn -0.0069 -0.9990 -0.0446
vn -0.8234 0.5002 0.2681
vn -0.8874 0.4492 0.1035
vn -0.9547 0.2878 0.0762
vn -0.8768 0.3592 0.3199
vn 0.4062 -0.0030 -0.9138
vn 0.4059 -0.0024 -0.9139
vn 0.4075 -0.0051 -0.9132
vn 0.9952 0.0977 0.0046
vn 1.0000 0.0031 0.0059
vn 0.9865 0.1637 0.0034
vn -0.5134 0.5317 0.6736
vn -0.5533 0.3956 0.7330
vn -0.2575 0.3507 0.9004
vn -0.2537 0.4785 0.8406
vn -0.0284 0.9958 0.0874
vn -0.5547 0.8219 0.1296
vn -0.4372 0.8783 0.1933
vn -0.2963 0.8711 0.3916
vn -0.1695 0.8319 0.5285
vn 0.4036 0.0014 -0.9149
vn 0.9516 0.3074 0.0015
vn -0.0056 -0.9991 -0.0428
vn -1.0000 0.0000 0.0000
vn 1.0000 0.0000 0.0000
vn -0.0000 -1.0000 0.0000
vn 0.0000 0.0000 -1.0000
vn 0.0000 1.0000 0.0000
vn 0.0000 0.8006 0.5991
vn -0.5310 0.8474 -0.0000
vn 0.5310 0.8474 0.0000
vn 0.0000 0.8006 -0.5992
vn 0.0000 -0.0000 1.0000
vn -0.2892 0.1495 -0.9455
vn -0.1975 -0.6516 -0.7325
vn -0.0630 -0.8932 -0.4453
vn 0.9801 0.0898 -0.1771
vn 0.9819 0.0132 -0.1891
vn 0.9755 0.1419 -0.1683
vn 0.9655 0.2077 -0.1574
vn 0.9647 0.2111 -0.1575
vn 0.9635 0.2164 -0.1576
vn -0.2412 0.6545 -0.7166
vn -0.9783 -0.1238 -0.1660
vn -0.9754 -0.1357 -0.1736
vn -0.9764 -0.1316 -0.1710
vn -0.9476 -0.2501 -0.1987
vn -0.9596 -0.2071 -0.1905
vn -0.9208 -0.3270 -0.2127
vn 0.9634 0.2166 -0.1576
vn -0.1454 0.6704 0.7276
vn -0.2293 0.0301 0.9729
vn -0.2217 -0.0713 0.9725
vn -0.2252 -0.0275 0.9739
vn -0.2165 -0.1277 0.9679
vn -0.9286 0.3572 0.1009
vn -0.9385 0.3302 0.1012
vn -0.9349 0.3407 0.0992
vn -0.9402 0.3239 0.1058
vn -0.9422 0.3170 0.1083
vn -0.9440 0.3113 0.1097
vn -0.9464 0.3044 0.1081
vn -0.9475 0.3013 0.1074
vn -0.1355 -0.7465 0.6515
vn 0.9544 -0.2559 0.1538
vn 0.9461 -0.2926 0.1386
vn 0.9382 -0.3184 0.1355
vn 0.9354 -0.3210 0.1483
vn -0.9236 0.3687 0.1052
vn 0.9593 -0.2201 0.1772
vn 0.9294 -0.3348 0.1556
vn 0.8828 -0.4172 0.2158
vn 0.9125 -0.3655 0.1839
vn 0.9356 -0.3155 0.1582
vn 0.9591 -0.2192 0.1790
vn 0.2892 0.1495 -0.9455
vn 0.1975 -0.6516 -0.7325
vn 0.0630 -0.8932 -0.4453
vn -0.9819 0.0132 -0.1891
vn -0.9801 0.0898 -0.1771
vn -0.9755 0.1419 -0.1683
vn -0.9655 0.2077 -0.1574
vn -0.9647 0.2111 -0.1575
vn -0.9635 0.2164 -0.1577
vn 0.2412 0.6545 -0.7166
vn 0.9783 -0.1238 -0.1659
vn 0.9764 -0.1316 -0.1710
vn 0.9754 -0.1357 -0.1736
vn 0.9476 -0.2501 -0.1987
vn 0.9596 -0.2071 -0.1905
vn 0.9208 -0.3271 -0.2127
vn -0.9634 0.2166 -0.1577
vn 0.1454 0.6704 0.7276
vn 0.2293 0.0301 0.9729
vn 0.2252 -0.0275 0.9739
vn 0.2217 -0.0713 0.9725
vn 0.2162 -0.1277 0.9680
vn 0.9286 0.3572 0.1009
vn 0.9349 0.3407 0.0992
vn 0.9385 0.3302 0.1012
vn 0.9402 0.3239 0.1058
vn 0.9422 0.3170 0.1083
vn 0.9440 0.3113 0.1097
vn 0.9464 0.3044 0.1081
vn 0.9475 0.3013 0.1074
vn 0.1355 -0.7465 0.6515
vn -0.9544 -0.2559 0.1538
vn -0.9354 -0.3210 0.1483
vn -0.9382 -0.3184 0.1355
vn -0.9461 -0.2926 0.1386
vn 0.9236 0.3687 0.1052
vn -0.9593 -0.2201 0.1772
vn -0.9294 -0.3348 0.1556
vn -0.9125 -0.3655 0.1839
vn -0.8828 -0.4172 0.2158
vn -0.9356 -0.3155 0.1582
vn -0.9591 -0.2192 0.1790
vn -0.3510 -0.9359 -0.0285
vn -0.1364 -0.0545 -0.9892
vn -0.0010 0.9989 0.0465
vn -0.2488 0.7290 0.6377
vn 0.3510 -0.9359 -0.0285
vn 0.1364 -0.0545 -0.9892
vn 0.0010 0.9989 0.0465
vn 0.2488 0.7290 0.6377
vn -0.9933 0.0515 0.1031
vn -0.9979 0.0631 -0.0167
vn -0.9981 0.0616 -0.0002
vn -0.9901 0.0724 -0.1202
vn -0.7673 0.0323 0.6405
vn -0.1038 -0.9945 0.0100
vn -0.1074 -0.9937 -0.0319
vn -0.1074 -0.9937 -0.0310
vn -0.1108 -0.9912 -0.0729
vn -0.8227 0.0931 -0.5608
vn -0.1095 0.9939 -0.0134
vn -0.1070 0.9939 0.0277
vn -0.1071 0.9939 0.0264
vn -0.1044 0.9923 0.0672
vn 0.9933 0.0515 0.1031
vn 0.9981 0.0617 0.0003
vn 0.9979 0.0631 -0.0167
vn 0.9901 0.0724 -0.1199
vn 0.7673 0.0323 0.6405
vn 0.1074 -0.9937 -0.0310
vn 0.1074 -0.9937 -0.0319
vn 0.1038 -0.9945 0.0100
vn 0.1108 -0.9912 -0.0729
vn 0.8227 0.0932 -0.5608
vn 0.1071 0.9939 0.0264
vn 0.1071 0.9939 0.0277
vn 0.1096 0.9939 -0.0134
vn 0.1045 0.9923 0.0671
vn -0.0273 0.3182 -0.9476
vn -0.8365 0.5480 0.0004
vn -0.8366 0.5479 -0.0004
vn -0.8370 0.5472 -0.0014
vn -0.0256 0.5250 -0.8507
vn 0.9264 -0.3765 0.0004
vn 0.9265 -0.3763 0.0002
vn 0.9264 -0.3765 0.0000
vn 0.9264 -0.3766 0.0005
vn -0.8371 0.5470 -0.0017
vn -0.0784 0.9933 -0.0851
vn -0.0265 0.3179 0.9478
vn -0.8363 0.5483 0.0001
vn -0.0227 0.4733 0.8806
vn 0.9265 -0.3764 -0.0002
vn 0.9264 -0.3766 0.0000
vn 0.9265 -0.3763 -0.0003
vn -0.8372 0.5468 0.0008
vn -0.8375 0.5465 0.0014
vn -0.0763 0.9934 0.0852
vn 0.0273 0.3182 -0.9476
vn 0.8365 0.5480 -0.0001
vn 0.8370 0.5472 -0.0014
vn 0.8365 0.5480 0.0000
vn 0.0256 0.5250 -0.8507
vn -0.9264 -0.3765 0.0004
vn -0.9264 -0.3765 0.0000
vn -0.9265 -0.3763 0.0002
vn -0.9264 -0.3766 0.0005
vn 0.8371 0.5470 -0.0017
vn 0.0784 0.9933 -0.0851
vn 0.0265 0.3179 0.9478
vn 0.8363 0.5483 0.0001
vn 0.0227 0.4733 0.8806
vn -0.9265 -0.3764 -0.0002
vn -0.9264 -0.3766 0.0000
vn -0.9265 -0.3762 -0.0003
vn 0.8372 0.5468 0.0008
vn 0.8375 0.5465 0.0014
vn 0.0763 0.9934 0.0852
vn 0.0000 -0.3827 -0.9239
vn 0.0000 -0.7071 -0.7071
vn -0.0000 -0.9239 -0.3827
vn 0.0000 -0.9239 0.3827
vn 0.0000 -0.7071 0.7071
vn 0.0000 -0.3827 0.9239
vn 0.0000 0.3827 0.9239
vn 0.0000 0.7071 0.7071
vn 0.0000 0.9239 0.3827
vn -0.0000 0.9239 -0.3827
vn 0.0000 0.7071 -0.7071
vn 0.0000 0.3827 -0.9239
vn -1.0000 0.0002 -0.0003
vn 1.0000 -0.0003 -0.0002
usemtl Default_OBJ
s 1
f 1/1/1 2/2/2 3/3/3 4/4/4
f 3/3/3 2/2/2 5/5/5 6/6/6
f 7/7/7 8/8/8 9/9/9 10/10/10
f 5/5/11 2/2/12 11/11/13
f 12/12/14 13/13/15 1/1/16 7/7/17
f 14/14/18 10/10/19 15/15/20 16/16/20
f 10/10/19 14/14/18 12/12/14 7/7/17
f 17/17/21 15/15/22 10/10/10 9/9/9
f 4/4/4 8/8/8 7/7/7 1/1/1
f 1/1/16 13/13/15 2/2/23
f 18/18/24 19/19/25 20/20/26 21/21/27
f 22/22/28 23/23/29 21/21/27 20/20/26
f 19/19/25 18/18/24 16/16/30 15/15/31
f 24/24/32 25/25/33 26/26/34 27/27/35
f 28/28/36 29/29/37 30/30/38 31/31/39
f 25/25/33 15/15/22 17/17/21 26/26/34
f 15/15/31 25/25/40 19/19/25
f 24/24/41 19/19/25 25/25/40
f 20/20/26 32/32/42 33/33/43 22/22/28
f 11/11/44 2/2/23 13/13/15 34/34/45
f 35/35/46 6/6/6 36/36/47 37/37/48
f 37/37/48 38/38/49 39/39/50 35/35/46
f 36/36/47 6/6/6 5/5/5
f 36/36/51 40/40/52 37/37/53
f 36/36/51 5/5/11 11/11/13 40/40/52
f 41/41/54 42/42/55 43/43/56 44/44/57
f 45/45/58 43/43/56 46/46/59 47/47/60
f 11/11/13 46/46/59 43/43/56 40/40/52
f 44/44/57 43/43/56 45/45/58
f 48/48/61 47/47/60 49/49/62
f 50/50/63 51/51/64 42/42/65 41/41/63
f 51/51/66 52/52/67 53/53/68 54/54/69
f 51/51/66 50/50/70 52/52/67
f 38/38/49 54/54/69 53/53/68 39/39/50
f 42/42/65 51/51/64 54/54/71 55/55/72
f 40/40/52 43/43/56 42/42/55 55/55/73
f 37/37/53 40/40/52 55/55/73 38/38/74
f 54/54/71 38/38/75 55/55/72
f 47/47/60 48/48/61 56/56/76
f 47/47/60 56/56/76 45/45/58
f 48/48/61 49/49/62 57/57/77
f 41/41/78 44/44/79 58/58/80 59/59/81
f 58/58/80 44/44/79 45/45/82 60/60/83
f 61/61/84 60/60/83 56/56/85 48/48/86
f 62/62/87 61/61/84 48/48/86 57/57/88
f 59/59/81 52/52/67 50/50/70 41/41/78
f 56/56/85 60/60/83 45/45/82
f 49/49/89 47/47/90 63/63/91 64/64/92
f 46/46/93 11/11/44 34/34/45 65/65/94
f 47/47/90 46/46/93 65/65/94 63/63/91
f 66/66/95 67/67/96 68/68/97 69/69/98
f 70/70/99 71/71/100 67/67/96 66/66/95
f 68/68/97 49/49/89 64/64/92 69/69/98
f 72/72/101 73/73/102 74/74/103 75/75/104
f 71/71/100 70/70/99 72/72/101 75/75/104
f 76/76/105 74/74/103 77/77/106
f 75/75/104 74/74/103 76/76/105
f 78/78/107 79/79/108 80/80/109
f 81/81/110 78/78/107 80/80/109 82/82/111
f 83/83/112 81/81/110 82/82/111 84/84/113
f 83/83/112 84/84/113 85/85/114 86/86/115
f 87/87/116 86/86/115 85/85/114
f 88/88/117 89/89/118 90/90/119 91/91/120
f 62/62/87 57/57/88 79/79/108 78/78/107
f 87/87/116 89/89/118 88/88/117 86/86/115
f 79/79/121 49/49/62 68/68/122
f 57/57/77 49/49/62 79/79/121
f 92/92/123 93/93/124 94/94/125
f 82/82/126 68/68/122 67/67/127
f 80/80/128 68/68/122 82/82/126
f 82/82/126 67/67/127 84/84/129
f 79/79/121 68/68/122 80/80/128
f 95/95/130 94/94/125 93/93/124
f 94/94/125 84/84/129 67/67/127 71/71/131
f 85/85/132 84/84/129 94/94/125 95/95/130
f 31/31/39 30/30/38 96/96/133 97/97/133
f 19/19/25 24/24/41 32/32/42 20/20/26
f 32/32/42 31/31/134 97/97/135 33/33/43
f 24/24/41 28/28/136 31/31/134 32/32/42
f 27/27/35 29/29/37 28/28/36 24/24/32
f 75/98/137 98/99/138 99/100/139 71/101/139
f 76/102/140 100/103/141 98/99/138 75/98/137
f 77/104/142 101/105/142 100/103/141 76/102/140
f 98/106/143 102/107/144 103/108/145 99/109/146
f 100/110/147 104/111/148 102/107/144 98/106/143
f 101/112/149 105/113/149 104/111/148 100/110/147
f 103/108/145 95/95/150 93/93/151
f 103/108/145 93/93/151 92/92/152
f 87/87/153 85/85/153 95/95/150 103/108/145
f 103/108/154 102/107/155 106/114/156 107/115/157
f 108/116/158 106/114/156 102/107/155 104/111/159
f 109/117/160 108/116/158 104/111/159 105/113/160
f 107/115/157 90/90/119 89/89/118 103/108/154
f 87/87/116 103/108/154 89/89/118
f 110/118/161 111/119/162 112/120/163 113/121/164
f 114/122/165 110/118/161 113/121/164 115/123/166
f 116/124/167 117/125/168 111/119/162 110/118/161
f 113/121/164 112/120/163 118/126/169
f 119/127/170 116/124/167 110/118/161 114/122/165
f 74/128/103 73/129/102 115/123/166 113/121/164
f 120/130/171 121/131/172 122/132/173 123/133/174
f 124/134/175 125/135/176 126/136/177 127/137/178
f 126/136/179 125/135/180 128/138/180 129/139/181
f 130/140/182 131/141/182 121/131/172 120/130/171
f 132/142/183 133/143/183 123/133/174 122/132/173
f 134/144/184 135/145/184 125/135/176 124/134/175
f 136/146/185 137/147/185 127/137/178 126/136/177
f 138/148/186 128/138/180 125/135/180 135/145/186
f 126/136/179 129/139/181 136/146/187
f 74/128/103 113/121/164 118/126/169 77/149/106
f 111/119/188 117/125/189 130/150/189 120/151/190
f 120/151/190 123/152/191 112/120/192 111/119/188
f 123/152/191 133/153/193 118/126/193 112/120/192
f 122/132/194 127/137/195 137/147/196 132/142/196
f 121/131/197 124/134/198 127/137/195 122/132/194
f 131/141/199 134/144/199 124/134/198 121/131/197
f 12/12/200 139/154/201 140/155/202 13/13/203
f 14/14/204 141/156/205 139/154/201 12/12/200
f 142/157/206 143/158/207 13/13/203 140/155/202
f 144/159/208 145/160/209 63/63/210 65/65/211
f 145/160/209 146/161/212 64/64/213 63/63/210
f 147/162/214 144/159/208 65/65/211 34/34/215
f 148/163/216 149/164/217 70/70/218 66/66/219
f 150/165/220 148/163/216 66/66/219 69/69/221
f 146/161/212 150/165/220 69/69/221 64/64/213
f 151/166/222 152/167/223 141/156/205
f 141/156/205 14/14/204 151/166/222
f 151/168/224 14/169/225 16/170/226
f 149/164/217 73/73/227 72/72/228
f 72/72/228 70/70/218 149/164/217
f 153/171/229 149/172/217 154/173/230 155/174/231
f 156/175/232 157/176/233 158/177/234 159/178/235
f 159/178/235 158/177/234 160/179/236 161/180/237
f 162/181/238 156/175/232 73/129/227 149/172/217
f 163/182/239 162/181/238 149/172/217 153/171/229
f 157/176/233 164/183/240 165/184/241 158/177/234
f 158/177/234 165/184/241 166/185/242 160/179/236
f 163/182/243 164/183/243 157/176/244 162/181/245
f 162/181/245 157/176/244 156/175/246
f 119/127/247 114/122/248 159/178/235 161/180/237
f 114/122/248 115/123/249 156/175/232 159/178/235
f 73/129/227 156/175/232 115/123/249
f 139/186/250 167/187/251 168/188/252 140/189/253
f 141/190/254 152/191/255 169/192/256 170/193/257
f 140/189/253 171/194/258 142/195/259
f 141/190/254 170/193/257 167/187/251 139/186/250
f 167/187/260 172/196/261 173/197/262 168/188/263
f 168/188/263 173/197/262 174/198/264 175/199/264
f 176/200/265 172/196/261 167/187/260 170/193/266
f 176/200/265 170/193/266 177/201/267
f 170/193/257 169/192/256 178/202/268 177/201/269
f 151/168/224 16/170/226 18/203/270 152/204/271
f 21/205/272 169/206/273 152/204/271 18/203/270
f 23/207/274 178/208/274 169/206/273 21/205/272
f 140/189/253 168/188/252 175/199/275 171/194/258
f 179/209/276 180/210/277 181/211/278 177/201/269
f 182/212/279 173/197/280 172/196/281 183/213/282
f 184/214/283 174/198/284 173/197/280 182/212/279
f 183/213/282 172/196/281 176/200/285 185/215/286
f 185/215/286 176/200/285 177/201/269 181/211/278
f 179/209/276 177/201/269 178/202/268
f 180/210/277 186/216/287 187/217/288 181/211/278
f 188/218/289 182/212/279 183/213/282 189/219/290
f 190/220/291 184/214/283 182/212/279 188/218/289
f 189/219/290 183/213/282 185/215/286 191/221/292
f 191/221/292 185/215/286 181/211/278 187/217/288
f 192/222/293 193/223/294 184/214/295 190/220/293
f 193/223/294 175/199/296 174/198/296 184/214/295
f 194/224/297 195/225/298 196/226/299 197/227/300
f 196/226/299 195/225/298 198/228/301
f 199/229/302 194/224/297 197/227/300 200/230/302
f 201/231/303 202/232/304 203/233/305 204/234/303
f 205/235/306 203/233/305 202/232/304 206/236/306
f 207/237/307 205/235/306 206/236/306 208/238/307
f 209/239/308 210/240/309 211/241/309 212/242/310
f 213/243/311 209/239/308 212/242/310 214/244/312
f 215/245/313 216/246/313 213/243/311 214/244/312
f 194/247/314 180/210/315 179/209/316 195/248/316
f 196/249/317 198/250/318 215/245/318 214/244/319
f 197/251/320 196/249/317 214/244/319 212/242/321
f 200/252/322 197/251/320 212/242/321 211/241/322
f 199/253/323 186/216/323 180/210/315 194/247/314
f 202/254/324 217/255/325 218/256/326 206/257/327
f 206/257/327 218/256/326 219/258/328 208/259/328
f 220/260/329 210/240/329 209/239/330 221/261/331
f 221/261/331 209/239/330 213/243/332 222/262/333
f 222/262/333 213/243/332 216/246/334 223/263/334
f 201/264/335 224/265/335 217/255/325 202/254/324
f 221/266/336 205/267/337 207/268/338 220/269/338
f 222/270/339 203/271/340 205/267/337 221/266/336
f 223/272/341 204/273/341 203/271/340 222/270/339
f 62/274/342 225/275/343 61/276/344
f 226/277/345 52/278/345 59/279/346 227/280/347
f 58/281/348 227/280/347 59/279/346
f 227/280/347 58/281/348 60/282/349 225/275/343
f 228/283/350 4/284/351 3/285/352
f 6/286/353 228/283/350 3/285/352
f 8/287/354 229/288/355 9/289/356
f 9/289/356 229/288/355 17/290/357
f 230/291/358 29/292/358 27/293/359 231/294/360
f 231/294/360 26/295/361 17/290/357 229/288/355
f 232/296/362 228/283/350 6/286/353 35/297/363
f 233/298/364 232/296/362 39/299/365 53/300/364
f 78/301/366 234/302/367 225/275/343 62/274/342
f 81/303/368 234/302/367 78/301/366
f 83/304/369 234/302/367 81/303/368
f 235/305/370 236/306/371 88/307/372 91/308/370
f 227/309/373 236/310/374 235/311/375 226/312/375
f 227/309/373 225/313/376 234/314/376 236/310/374
f 228/315/377 232/316/378 231/317/378 229/318/377
f 230/319/379 231/317/378 232/316/378 233/320/379
f 52/321/380 226/312/381 233/320/382 53/322/380
f 108/323/383 109/324/384 235/311/385 90/325/386
f 108/323/383 90/325/386 107/326/387 106/327/387
f 235/311/385 91/328/388 90/325/386
f 30/329/389 29/330/389 230/319/390 96/331/391
f 224/332/392 230/319/390 217/333/393
f 219/334/394 218/335/395 230/319/390
f 109/324/384 129/336/396 235/311/385
f 128/337/397 138/338/398 235/311/385
f 235/311/385 129/336/396 128/337/397
f 224/332/392 96/331/391 230/319/390
f 230/319/390 218/335/395 217/333/393
f 71/71/131 99/109/399 92/92/123 94/94/125
f 92/92/152 99/109/146 103/108/145
f 237/339/400 238/340/401 239/341/402 240/342/403
f 240/342/403 239/341/402 241/343/404 242/344/405
f 243/345/406 237/339/400 240/342/403 244/346/407
f 150/165/408 239/341/402 238/340/401 148/163/409
f 244/346/407 240/342/403 242/344/405 245/347/410
f 146/161/411 241/343/404 239/341/402 150/165/408
f 244/346/407 246/348/412 247/349/413 243/345/406
f 245/347/410 246/348/412 244/346/407
f 248/350/414 249/351/415 250/352/416 251/353/417
f 250/352/416 252/354/418 253/355/419 251/353/417
f 254/356/420 248/350/414 251/353/417 255/357/421
f 246/348/412 250/352/416 249/351/415 247/349/413
f 251/353/417 253/355/419 256/358/422 255/357/421
f 252/354/418 250/352/416 246/348/412 245/347/410
f 257/359/423 258/360/424 259/361/425 260/362/426
f 258/360/424 261/363/427 262/364/428 259/361/425
f 260/362/426 259/361/425 263/365/429 264/366/430
f 258/360/424 257/359/423 254/356/420 255/357/421
f 259/361/425 262/364/428 265/367/431 263/365/429
f 261/363/427 258/360/424 255/357/421 256/358/422
f 266/368/432 267/369/433 268/370/434 269/371/435
f 267/369/433 270/372/436 271/373/437 268/370/434
f 143/158/207 147/162/214 34/34/215
f 269/371/435 268/370/434 143/158/438 142/157/439
f 267/369/433 266/368/432 264/366/430 263/365/429
f 268/370/434 271/373/437 147/162/440 143/158/438
f 270/372/436 267/369/433 263/365/429 265/367/431
f 143/158/207 34/34/215 13/13/203
f 144/159/441 147/162/442 271/373/443
f 270/372/444 265/367/445 144/159/441
f 144/159/441 271/373/443 270/372/444
f 261/363/446 256/358/447 144/159/441
f 265/367/445 262/364/448 261/363/446 144/159/441
f 272/374/449 273/375/450 274/376/451 275/377/452
f 276/378/453 272/374/449 275/377/452 277/379/454
f 278/380/455 279/381/456 280/382/457 281/383/458
f 282/384/459 278/380/455 281/383/458 283/385/460
f 273/386/461 282/384/459 283/385/460 274/387/462
f 275/377/452 274/376/451 284/388/463 285/389/464
f 286/390/465 260/362/466 264/366/467
f 277/379/454 275/377/452 285/389/464 287/391/468
f 288/392/469 257/359/470 260/362/466 286/390/465
f 281/383/458 280/382/457 289/393/471 290/394/472
f 278/380/455 269/395/473 142/396/474 279/381/456
f 291/397/475 283/385/460 281/383/458 290/394/472
f 278/380/455 282/384/459 266/398/476 269/395/473
f 284/399/477 274/387/462 283/385/460 291/397/475
f 282/384/459 273/386/461 264/400/478 266/398/476
f 292/401/479 293/402/480 294/403/481 295/404/482
f 296/405/483 295/404/482 294/403/481 297/406/484
f 298/407/485 296/405/483 297/406/484 299/408/486
f 293/402/480 300/409/487 301/410/488 294/403/481
f 302/411/489 248/350/490 254/356/491 303/412/492
f 294/403/481 301/410/488 304/413/493 297/406/484
f 302/411/489 305/414/494 249/351/495 248/350/490
f 299/408/486 297/406/484 304/413/493 306/415/496
f 247/349/497 249/351/495 305/414/494 307/416/498
f 286/417/499 264/418/500 273/375/450 272/374/449
f 288/419/501 286/417/499 272/374/449 276/378/453
f 303/420/502 292/401/479 295/404/482 302/421/503
f 305/422/504 302/421/503 295/404/482 296/405/483
f 307/423/505 305/422/504 296/405/483 298/407/485
f 254/356/491 257/359/470 288/392/469 303/412/492
f 276/378/453 292/401/479 303/420/502 288/419/501
f 277/379/454 293/402/480 292/401/479 276/378/453
f 300/409/487 293/402/480 277/379/454 287/391/468
f 308/424/506 309/425/507 237/339/508 243/345/509
f 309/425/507 310/426/510 238/340/511 237/339/508
f 307/416/498 308/424/506 243/345/509 247/349/497
f 154/427/512 148/163/512 238/340/511 310/426/510
f 149/164/217 148/163/216 154/427/230
f 311/428/513 312/429/514 313/430/515 314/431/516
f 315/432/517 311/428/513 314/431/516 316/433/518
f 314/431/516 313/430/515 166/434/519 165/435/520
f 312/429/514 311/428/513 299/436/521 306/437/522
f 316/433/518 314/431/516 165/435/520 164/438/523
f 311/428/513 315/432/517 298/439/524 299/436/521
f 308/424/525 317/440/526 318/441/527 309/425/528
f 317/440/526 308/424/525 307/416/529
f 307/442/530 298/439/524 315/432/517 317/443/531
f 316/433/518 318/444/532 317/443/531 315/432/517
f 155/445/533 310/426/534 309/425/528 318/441/527
f 155/445/533 154/427/535 310/426/534
f 153/446/536 318/444/532 163/447/537
f 153/446/536 155/448/538 318/444/532
f 316/433/518 164/438/523 163/447/537 318/444/532
f 145/160/539 242/344/540 241/343/541 146/161/541
f 145/160/539 144/159/441 245/347/542 242/344/540
f 252/354/543 245/347/542 144/159/441
f 253/355/544 252/354/543 144/159/441
f 256/358/447 253/355/544 144/159/441
f 279/449/545 142/195/546 171/194/546 175/199/547
f 193/223/548 280/450/549 279/449/545 175/199/547
f 192/222/550 289/451/550 280/450/549 193/223/548
f 27/293/359 26/295/361 231/294/360
f 232/296/362 35/297/363 39/299/365
f 229/288/355 8/287/354 4/284/351 228/283/350
f 236/306/371 86/452/551 88/307/372
f 236/306/371 234/302/367 83/304/369 86/452/551
f 60/282/349 61/276/344 225/275/343
f 319/453/552 320/454/553 321/455/554 322/456/555
f 319/453/552 323/457/556 324/458/557 320/454/553
f 325/459/558 326/460/559 327/461/560 328/462/561
f 324/458/562 329/463/563 320/454/564
f 330/464/565 325/459/566 321/455/567 331/465/568
f 332/466/569 333/467/570 334/468/570 326/460/571
f 326/460/571 325/459/566 330/464/565 332/466/569
f 326/460/559 334/468/572 335/469/573 327/461/560
f 325/459/558 328/462/561 322/456/555 321/455/554
f 321/455/567 320/454/574 331/465/568
f 336/470/575 337/471/576 338/472/577 339/473/578
f 340/474/579 338/472/577 337/471/576 341/475/580
f 339/473/578 334/468/581 333/467/582 336/470/575
f 342/476/583 343/477/584 344/478/585 345/479/586
f 346/480/587 347/481/588 348/482/589 349/483/590
f 345/479/586 344/478/585 335/469/573 334/468/572
f 334/468/581 339/473/578 345/479/591
f 342/476/592 345/479/591 339/473/578
f 338/472/577 340/474/579 350/484/593 351/485/594
f 329/463/595 352/486/596 331/465/568 320/454/574
f 353/487/597 354/488/598 355/489/599 323/457/556
f 354/488/598 353/487/597 356/490/600 357/491/601
f 355/489/599 324/458/557 323/457/556
f 355/489/602 354/488/603 358/492/604
f 355/489/602 358/492/604 329/463/563 324/458/562
f 359/493/605 360/494/606 361/495/607 362/496/608
f 363/497/609 364/498/610 365/499/611 359/493/605
f 329/463/563 358/492/604 359/493/605 365/499/611
f 362/496/608 363/497/609 359/493/605
f 366/500/612 367/501/613 364/498/610
f 368/502/614 361/495/614 360/494/615 369/503/616
f 369/503/617 370/504/618 371/505/619 372/506/620
f 369/503/617 372/506/620 368/502/621
f 371/505/619 370/504/618 357/491/601 356/490/600
f 370/504/622 369/503/616 360/494/615 373/507/623
f 358/492/604 373/507/624 360/494/606 359/493/605
f 354/488/603 357/491/625 373/507/624 358/492/604
f 370/504/622 373/507/623 357/491/626
f 364/498/610 374/508/627 366/500/612
f 364/498/610 363/497/609 374/508/627
f 366/500/612 375/509/628 367/501/613
f 376/510/629 362/496/630 361/495/631 377/511/632
f 376/510/629 378/512/633 363/497/634 362/496/630
f 379/513/635 366/500/636 374/508/637 378/512/633
f 380/514/638 375/509/639 366/500/636 379/513/635
f 377/511/632 361/495/631 368/502/621 372/506/620
f 374/508/637 363/497/634 378/512/633
f 367/501/640 381/515/641 382/516/642 364/498/643
f 365/499/644 383/517/645 352/486/596 329/463/595
f 364/498/643 382/516/642 383/517/645 365/499/644
f 384/518/646 385/519/647 386/520/648 387/521/649
f 388/522/650 384/518/646 387/521/649 389/523/651
f 386/520/648 385/519/647 381/515/641 367/501/640
f 390/524/652 391/525/653 392/526/654 393/527/655
f 389/523/651 393/527/655 392/526/654 388/522/650
f 394/528/656 395/529/657 390/524/652
f 393/527/655 394/528/656 390/524/652
f 396/530/658 397/531/659 398/532/660
f 399/533/661 400/534/662 397/531/659 396/530/658
f 401/535/663 402/536/664 400/534/662 399/533/661
f 403/537/665 402/536/664 401/535/663 404/538/666
f 405/539/667 403/537/665 404/538/666
f 406/540/668 407/541/669 408/542/670 409/543/671
f 380/514/638 396/530/658 398/532/660 375/509/639
f 405/539/667 404/538/666 408/542/670 407/541/669
f 398/532/672 386/520/673 367/501/613
f 375/509/628 398/532/672 367/501/613
f 410/544/674 411/545/675 412/546/676
f 400/534/677 387/521/678 386/520/673
f 397/531/679 400/534/677 386/520/673
f 400/534/677 402/536/680 387/521/678
f 398/532/672 397/531/679 386/520/673
f 413/547/681 412/546/676 411/545/675
f 411/545/675 389/523/682 387/521/678 402/536/680
f 403/537/683 413/547/681 411/545/675 402/536/680
f 347/481/588 414/548/684 415/549/684 348/482/589
f 339/473/578 338/472/577 351/485/594 342/476/592
f 351/485/594 350/484/593 414/548/685 347/481/686
f 342/476/592 351/485/594 347/481/686 346/480/687
f 343/477/584 342/476/583 346/480/587 349/483/590
f 393/550/688 389/551/689 416/552/689 417/553/690
f 394/554/691 393/550/688 417/553/690 418/555/692
f 395/556/693 394/554/691 418/555/692 419/557/693
f 420/558/694 421/559/695 417/560/696 416/561/697
f 421/559/695 422/562/698 418/563/699 417/560/696
f 422/562/698 423/564/700 419/565/700 418/563/699
f 420/558/694 412/546/701 413/547/702
f 420/558/694 410/544/703 412/546/701
f 405/539/704 420/558/694 413/547/702 403/537/704
f 424/566/705 421/559/706 420/558/707 425/567/708
f 421/559/706 424/566/705 426/568/709 422/562/710
f 422/562/710 426/568/709 427/569/711 423/564/711
f 425/567/708 420/558/707 407/541/669 406/540/668
f 405/539/667 407/541/669 420/558/707
f 428/570/712 429/571/713 430/572/714 431/573/715
f 432/574/716 433/575/717 429/571/713 428/570/712
f 116/124/167 428/570/712 431/573/715 117/125/168
f 429/571/713 434/576/718 430/572/714
f 119/127/170 432/574/716 428/570/712 116/124/167
f 390/577/652 429/571/713 433/575/717 391/578/653
f 435/579/719 436/580/720 437/581/721 438/582/722
f 439/583/723 440/584/724 441/585/725 442/586/726
f 443/587/727 442/586/727 441/585/728 444/588/729
f 130/140/182 435/579/719 438/582/722 131/141/182
f 445/589/730 437/581/721 436/580/720 446/590/730
f 134/144/184 439/583/723 442/586/726 135/145/184
f 447/591/731 441/585/725 440/584/724 448/592/731
f 442/586/727 443/587/727 138/148/186 135/145/186
f 441/585/728 447/591/732 444/588/729
f 434/576/718 429/571/713 390/577/652 395/593/657
f 130/150/189 117/125/189 431/573/733 435/594/734
f 430/572/735 436/595/736 435/594/734 431/573/733
f 434/576/737 446/596/737 436/595/736 430/572/735
f 437/581/738 445/589/739 448/592/739 440/584/740
f 438/582/741 437/581/738 440/584/740 439/583/742
f 131/141/199 438/582/741 439/583/742 134/144/199
f 330/464/743 331/465/744 449/597/745 450/598/746
f 332/466/747 330/464/743 450/598/746 451/599/748
f 452/600/749 449/597/745 331/465/744 453/601/750
f 382/516/751 454/602/752 455/603/753 383/517/754
f 381/515/755 456/604/756 454/602/752 382/516/751
f 383/517/754 455/603/753 457/605/757 352/486/758
f 388/522/759 458/606/760 459/607/761 384/518/762
f 384/518/762 459/607/761 460/608/763 385/519/764
f 385/519/764 460/608/763 456/604/756 381/515/755
f 461/609/765 451/599/748 462/610/766
f 451/599/748 461/609/765 332/466/747
f 461/611/767 333/612/768 332/613/769
f 458/606/760 392/526/770 391/525/771
f 392/526/770 458/606/760 388/522/759
f 463/614/772 464/615/773 465/616/774 458/617/760
f 466/618/775 467/619/776 468/620/777 469/621/778
f 469/621/778 161/180/237 160/179/236 466/618/775
f 391/578/771 468/620/777 470/622/779 458/617/760
f 471/623/780 463/614/772 458/617/760 470/622/779
f 467/619/776 466/618/775 472/624/781 473/625/782
f 466/618/775 160/179/236 166/185/242 472/624/781
f 467/619/783 473/625/784 471/623/784 470/622/785
f 470/622/785 468/620/786 467/619/783
f 119/127/247 161/180/237 469/621/778 432/574/787
f 432/574/787 469/621/778 468/620/777 433/575/788
f 391/578/771 433/575/788 468/620/777
f 450/626/789 449/627/790 474/628/791 475/629/792
f 476/630/793 462/631/794 451/632/795 477/633/796
f 449/627/790 452/634/797 478/635/798
f 451/632/795 450/626/789 475/629/792 477/633/796
f 475/629/799 474/628/800 479/636/801 480/637/802
f 474/628/800 481/638/803 482/639/803 479/636/801
f 475/629/799 480/637/802 483/640/804 477/633/805
f 483/640/804 484/641/806 477/633/805
f 485/642/807 476/630/793 477/633/796 484/641/808
f 461/611/767 462/643/809 336/644/810 333/612/768
f 337/645/811 336/644/810 462/643/809 476/646/812
f 341/647/813 337/645/811 476/646/812 485/648/813
f 449/627/790 478/635/798 481/638/814 474/628/791
f 486/649/815 484/641/808 487/650/816 488/651/817
f 489/652/818 490/653/819 480/637/820 479/636/821
f 491/654/822 489/652/818 479/636/821 482/639/823
f 490/653/819 492/655/824 483/640/825 480/637/820
f 492/655/824 487/650/816 484/641/808 483/640/825
f 486/649/815 485/642/807 484/641/808
f 488/651/817 487/650/816 187/217/288 186/216/287
f 188/218/289 189/219/290 490/653/819 489/652/818
f 190/220/291 188/218/289 489/652/818 491/654/822
f 189/219/290 191/221/292 492/655/824 490/653/819
f 191/221/292 187/217/288 487/650/816 492/655/824
f 491/654/826 493/656/827 192/222/293 190/220/293
f 482/639/828 481/638/828 493/656/827 491/654/826
f 494/657/829 495/658/830 496/659/831 497/660/832
f 496/659/831 498/661/833 497/660/832
f 199/229/302 200/230/302 495/658/830 494/657/829
f 499/662/834 500/663/835 501/664/303 502/665/303
f 500/663/835 499/662/834 503/666/306 504/667/306
f 207/237/307 208/238/307 504/667/306 503/666/306
f 505/668/836 506/669/837 211/241/838 210/240/838
f 507/670/839 508/671/840 506/669/837 505/668/836
f 509/672/841 508/671/840 507/670/839 510/673/841
f 486/649/842 488/651/843 494/674/844 497/675/842
f 496/676/845 508/671/846 509/672/847 498/677/847
f 495/678/848 506/669/849 508/671/846 496/676/845
f 200/252/850 211/241/850 506/669/849 495/678/848
f 488/651/843 186/216/323 199/253/323 494/674/844
f 511/679/851 512/680/852 500/681/853 504/682/854
f 219/258/855 511/679/851 504/682/854 208/259/855
f 505/668/856 210/240/329 220/260/329 513/683/857
f 507/670/858 505/668/856 513/683/857 514/684/859
f 510/673/860 507/670/858 514/684/859 515/685/860
f 512/680/852 516/686/861 501/687/861 500/681/853
f 207/268/338 503/688/862 513/689/863 220/269/338
f 503/688/862 499/690/864 514/691/865 513/689/863
f 499/690/864 502/692/866 515/693/866 514/691/865
f 380/694/867 379/695/868 517/696/869
f 518/697/870 519/698/871 377/699/872 372/700/870
f 376/701/873 377/699/872 519/698/871
f 519/698/871 517/696/869 378/702/874 376/701/873
f 520/703/875 319/704/876 322/705/877
f 323/706/878 319/704/876 520/703/875
f 328/707/879 327/708/880 521/709/881
f 327/708/880 335/710/882 521/709/881
f 522/711/883 523/712/884 343/713/885 349/714/883
f 523/712/884 521/709/881 335/710/882 344/715/886
f 524/716/887 353/717/888 323/706/878 520/703/875
f 525/718/889 371/719/889 356/720/890 524/716/887
f 517/696/869 526/721/891 396/722/892 380/694/867
f 399/723/368 396/722/892 526/721/891
f 401/724/893 399/723/368 526/721/891
f 527/725/894 409/726/894 408/727/895 528/728/896
f 519/729/897 518/730/898 527/731/898 528/732/899
f 519/729/897 528/732/899 526/733/900 517/734/900
f 520/735/901 521/736/901 523/737/902 524/738/902
f 524/738/902 523/737/902 522/739/903 525/740/903
f 525/740/904 518/730/905 372/741/906 371/742/906
f 426/743/387 406/744/907 527/731/908 427/745/909
f 426/743/387 424/746/383 425/747/383 406/744/907
f 527/731/908 406/744/907 409/748/910
f 348/749/911 415/750/912 522/739/913 349/751/911
f 516/752/914 512/753/915 522/739/913
f 219/334/394 522/739/913 511/754/916
f 427/745/909 527/731/908 444/755/917
f 443/756/918 527/731/908 138/338/398
f 527/731/908 443/756/918 444/755/917
f 516/752/914 522/739/913 415/750/912
f 522/739/913 512/753/915 511/754/916
f 410/544/674 416/561/919 389/523/682 411/545/675
f 410/544/703 420/558/694 416/561/697
f 529/757/920 530/758/921 531/759/922 532/760/923
f 530/758/921 533/761/924 534/762/925 531/759/922
f 535/763/926 536/764/927 530/758/921 529/757/920
f 460/608/928 459/607/929 532/760/923 531/759/922
f 536/764/927 537/765/930 533/761/924 530/758/921
f 456/604/931 460/608/928 531/759/922 534/762/925
f 536/764/927 535/763/926 538/766/932 539/767/933
f 537/765/930 536/764/927 539/767/933
f 540/768/934 541/769/935 542/770/936 543/771/937
f 542/770/936 541/769/935 544/772/938 545/773/939
f 546/774/940 547/775/941 541/769/935 540/768/934
f 539/767/933 538/766/932 543/771/937 542/770/936
f 541/769/935 547/775/941 548/776/942 544/772/938
f 545/773/939 537/765/930 539/767/933 542/770/936
f 549/777/943 550/778/944 551/779/945 552/780/946
f 552/780/946 551/779/945 553/781/947 554/782/948
f 550/778/944 555/783/949 556/784/950 551/779/945
f 546/774/940 549/777/943 552/780/946 547/775/941
f 551/779/945 556/784/950 557/785/951 553/781/947
f 547/775/941 552/780/946 554/782/948 548/776/942
f 558/786/952 559/787/953 560/788/954 561/789/955
f 561/789/955 560/788/954 562/790/956 563/791/957
f 453/601/750 352/486/758 457/605/757
f 559/787/953 452/600/958 453/601/959 560/788/954
f 561/789/955 556/784/950 555/783/949 558/786/952
f 560/788/954 453/601/959 457/605/960 562/790/956
f 563/791/957 557/785/951 556/784/950 561/789/955
f 453/601/750 331/465/744 352/486/758
f 455/603/961 562/790/962 457/605/963
f 563/791/964 455/603/961 557/785/965
f 455/603/961 563/791/964 562/790/962
f 554/782/966 455/603/961 548/776/967
f 554/782/966 553/781/968 557/785/965 455/603/961
f 564/792/969 565/793/970 566/794/971 567/795/972
f 568/796/973 569/797/974 565/793/970 564/792/969
f 570/798/975 571/799/976 572/800/977 573/801/978
f 574/802/979 575/803/980 571/799/976 570/798/975
f 567/804/981 566/805/982 575/803/980 574/802/979
f 284/388/463 566/794/971 565/793/970 285/389/464
f 576/806/983 555/783/984 550/778/985
f 569/797/974 287/391/468 285/389/464 565/793/970
f 577/807/986 576/806/983 550/778/985 549/777/987
f 289/393/471 572/800/977 571/799/976 290/394/472
f 452/808/988 559/809/989 570/798/975 573/801/978
f 291/397/475 290/394/472 571/799/976 575/803/980
f 570/798/975 559/809/989 558/810/990 574/802/979
f 284/399/477 291/397/475 575/803/980 566/805/982
f 574/802/979 558/810/990 555/811/991 567/804/981
f 578/812/992 579/813/993 580/814/994 581/815/995
f 582/816/996 583/817/997 578/812/992 581/815/995
f 584/818/998 585/819/999 583/817/997 582/816/996
f 301/410/488 300/409/487 579/813/993 578/812/992
f 546/774/1000 540/768/1001 586/820/1002 587/821/1003
f 304/413/493 301/410/488 578/812/992 583/817/997
f 586/820/1002 540/768/1001 543/771/1004 588/822/1005
f 585/819/999 306/415/496 304/413/493 583/817/997
f 538/766/1006 589/823/1007 588/822/1005 543/771/1004
f 576/824/1008 564/792/969 567/795/972 555/825/1009
f 577/826/1010 568/796/973 564/792/969 576/824/1008
f 581/815/995 580/814/994 587/827/1011 586/828/1012
f 581/815/995 586/828/1012 588/829/1013 582/816/996
f 589/830/1014 584/818/998 582/816/996 588/829/1013
f 577/807/986 549/777/987 546/774/1000 587/821/1003
f 568/796/973 577/826/1010 587/827/1011 580/814/994
f 569/797/974 568/796/973 580/814/994 579/813/993
f 569/797/974 579/813/993 300/409/487 287/391/468
f 529/757/1015 590/831/1016 591/832/1017 535/763/1018
f 532/760/1019 592/833/1020 590/831/1016 529/757/1015
f 535/763/1018 591/832/1017 589/823/1007 538/766/1006
f 465/834/1021 592/833/1020 532/760/1019 459/607/1021
f 458/606/760 465/834/774 459/607/761
f 593/835/1022 594/836/1023 313/430/515 312/429/514
f 595/837/1024 596/838/1025 594/836/1023 593/835/1022
f 594/836/1023 472/839/1026 166/434/519 313/430/515
f 312/429/514 306/437/522 585/840/1027 593/835/1022
f 596/838/1025 473/841/1028 472/839/1026 594/836/1023
f 593/835/1022 585/840/1027 584/842/1029 595/837/1024
f 591/832/1030 590/831/1031 597/843/1032 598/844/1033
f 598/844/1033 589/823/1034 591/832/1030
f 589/845/1035 598/846/1036 595/837/1024 584/842/1029
f 596/838/1025 595/837/1024 598/846/1036 597/847/1037
f 464/848/1038 597/843/1032 590/831/1031 592/833/1039
f 464/848/1038 592/833/1039 465/834/1040
f 463/849/1041 471/850/1042 597/847/1037
f 463/849/1041 597/847/1037 464/851/1043
f 596/838/1025 597/847/1037 471/850/1042 473/841/1028
f 454/602/1044 456/604/1045 534/762/1045 533/761/1046
f 454/602/1044 533/761/1046 537/765/1047 455/603/961
f 545/773/1048 455/603/961 537/765/1047
f 544/772/1049 455/603/961 545/773/1048
f 548/776/967 455/603/961 544/772/1049
f 573/852/1050 481/638/1051 478/635/1052 452/634/1052
f 493/656/1053 481/638/1051 573/852/1050 572/853/1054
f 192/222/550 493/656/1053 572/853/1054 289/451/550
f 343/713/885 523/712/884 344/715/886
f 524/716/887 356/720/890 353/717/888
f 322/705/877 328/707/879 521/709/881 520/703/875
f 528/728/896 408/727/895 404/854/1055
f 528/728/896 404/854/1055 401/724/893 526/721/891
f 378/702/874 517/696/869 379/695/868
f 525/740/904 522/739/913 230/319/390 233/320/382
f 518/730/905 525/740/904 233/320/382 226/312/381
f 527/731/908 518/730/905 226/312/381 235/311/385
f 522/739/913 219/334/394 230/319/390
f 235/311/385 138/338/398 527/731/908
f 599/855/1056 600/856/1057 601/857/1058
f 599/855/1056 601/857/1058 602/858/1059
f 603/859/1060 601/860/1061 600/861/1062 604/862/1063
f 604/863/1064 600/864/1065 599/865/1065 605/866/1066
f 606/867/1067 605/868/1068 599/869/1069 607/870/1069
f 608/871/1070 606/872/1071 607/873/1072 602/874/1073
f 608/871/1070 602/874/1073 601/860/1061 603/859/1060
f 609/875/1074 610/876/1075 611/877/1076
f 609/875/1074 612/878/1077 613/879/1078
f 610/876/1075 603/859/1060 604/862/1063 611/877/1076
f 611/880/1079 604/863/1064 605/866/1066 609/881/1079
f 605/868/1068 606/867/1067 612/882/1080 609/883/1080
f 608/871/1070 613/879/1078 612/878/1077 606/872/1071
f 613/879/1078 608/871/1070 603/859/1060 610/876/1075
f 613/879/1078 610/876/1075 609/875/1074
f 602/858/1059 607/884/1081 599/855/1056
f 614/885/1082 615/886/1083 616/887/1084
f 614/885/1082 617/888/1085 615/886/1083
f 618/889/1086 619/890/1087 616/891/1088 615/892/1089
f 619/893/1090 620/894/1091 614/895/1092 616/896/1092
f 621/897/1093 622/898/1094 614/899/1094 620/900/1095
f 623/901/1096 617/902/1097 622/903/1098 621/904/1099
f 623/901/1096 618/889/1086 615/892/1089 617/902/1097
f 624/905/1100 625/906/1101 626/907/1102
f 624/905/1100 627/908/1103 628/909/1104
f 626/907/1102 625/906/1101 619/890/1087 618/889/1086
f 625/910/1105 624/911/1105 620/894/1091 619/893/1090
f 620/900/1095 624/912/1106 628/913/1106 621/897/1093
f 628/909/1104 627/908/1103 623/901/1096 621/904/1099
f 627/908/1103 626/907/1102 618/889/1086 623/901/1096
f 627/908/1103 624/905/1100 626/907/1102
f 617/888/1085 614/885/1082 622/914/1107
f 629/915/1108 630/916/1108 631/917/1108 632/918/1108
f 633/919/1109 634/920/1109 635/921/1109 636/922/1109
f 633/923/1110 629/924/1110 632/925/1110 634/926/1110
f 632/927/1111 631/928/1111 635/929/1111 634/930/1111
f 637/931/1112 638/932/1112 639/933/1112 640/934/1112
f 639/933/1113 630/935/1113 636/936/1113 640/934/1113
f 630/916/1114 639/933/1114 638/932/1114 631/917/1114
f 635/921/1115 637/931/1115 640/934/1115 636/922/1115
f 631/928/1116 638/932/1116 637/931/1116 635/929/1116
f 630/935/1117 629/937/1117 633/938/1117 636/936/1117
f 641/939/1118 642/940/1118 643/941/1118 644/942/1118
f 645/943/1119 646/944/1119 641/939/1119 644/942/1119
f 129/945/1120 109/946/1120 646/944/1120 645/943/1120
f 136/947/1121 129/948/1122 645/949/1122 644/950/1123
f 643/951/1124 137/952/1125 136/947/1121 644/950/1123
f 137/952/1125 643/951/1124 118/953/1126
f 642/940/1127 77/954/1127 118/955/1127 643/941/1127
f 77/956/1128 642/957/1129 101/958/1130
f 105/959/1131 101/958/1130 642/957/1129 641/960/1132
f 646/961/1133 109/962/1133 105/959/1131 641/960/1132
f 132/963/1134 137/952/1125 118/953/1126 133/964/1134
f 178/965/1135 647/966/1135 648/967/1135 179/968/1135
f 647/966/1136 649/969/1137 650/970/1138 648/967/1136
f 649/969/1137 651/971/1139 652/972/1139 650/970/1138
f 23/973/1140 22/974/1141 647/975/1142
f 649/976/1143 647/975/1142 22/974/1141 33/977/1144
f 651/978/1145 649/976/1143 33/977/1144 97/979/1146
f 97/979/1146 96/980/1147 651/978/1145
f 651/971/1148 96/981/1148 224/982/1148 652/972/1148
f 215/983/1149 648/984/1150 650/985/1151 216/986/1152
f 178/987/1153 23/973/1140 647/975/1142
f 179/988/1154 648/984/1150 215/983/1149
f 652/989/1155 224/990/1156 201/991/1157
f 652/989/1155 201/991/1157 216/986/1152 650/985/1151
f 223/992/1158 216/986/1152 201/991/1157 204/993/1158
f 198/994/1159 195/995/1159 179/988/1154 215/983/1149
f 653/996/1160 654/997/1160 655/998/1160 656/999/1160
f 657/1000/1161 654/997/1161 653/996/1161 658/1001/1161
f 658/1001/1162 427/1002/1162 444/1003/1162 657/1000/1162
f 657/1004/1163 444/1005/1163 447/1006/1164 654/1007/1165
f 655/1008/1166 654/1007/1165 447/1006/1164 448/1009/1167
f 448/1009/1167 434/1010/1168 655/1008/1166
f 656/999/1169 655/998/1169 434/1011/1169 395/1012/1169
f 395/1013/1170 419/1014/1171 656/1015/1172
f 656/1015/1172 419/1014/1171 423/1016/1173 653/1017/1174
f 658/1018/1175 653/1017/1174 423/1016/1173 427/1019/1175
f 445/1020/1176 446/1021/1176 434/1010/1168 448/1009/1167
f 485/1022/1177 486/1023/1177 659/1024/1177 660/1025/1177
f 660/1025/1178 659/1024/1178 661/1026/1179 662/1027/1180
f 663/1028/1181 664/1029/1181 662/1027/1180 661/1026/1179
f 341/1030/1182 660/1031/1183 340/1032/1184
f 662/1033/1185 350/1034/1186 340/1032/1184 660/1031/1183
f 664/1035/1187 414/1036/1188 350/1034/1186 662/1033/1185
f 414/1036/1188 664/1035/1187 415/1037/1189
f 516/1038/1190 415/1039/1190 664/1029/1190 663/1028/1190
f 509/1040/1191 510/1041/1192 661/1042/1193 659/1043/1194
f 485/1044/1195 660/1031/1183 341/1030/1182
f 486/1045/1196 509/1040/1191 659/1043/1194
f 663/1046/1197 501/1047/1198 516/1048/1199
f 663/1046/1197 661/1042/1193 510/1041/1192 501/1047/1198
f 515/1049/1200 502/1050/1200 501/1047/1198 510/1041/1192
f 498/1051/1201 509/1040/1191 486/1045/1196 497/1052/1201
f 665/1053/1202 666/1054/1202 667/1055/1202 668/1056/1202
f 669/1057/1203 670/1058/1203 665/1059/1203 668/1060/1203
f 670/1058/1204 669/1057/1204 671/1061/1204 672/1062/1204
f 667/1055/1205 666/1054/1205 672/1062/1205 671/1061/1205
f 673/1063/1206 674/1064/1206 675/1065/1206 676/1066/1206
f 677/1067/1207 674/1068/1207 673/1069/1207 678/1070/1207
f 679/1071/1208 677/1067/1208 678/1070/1208 680/1072/1208
f 680/1072/1209 676/1066/1209 675/1065/1209 679/1071/1209
f 681/1073/1210 682/1074/1211 683/1075/1212 684/1076/1210
f 685/1077/1213 683/1075/1212 682/1074/1211 686/1078/1213
f 684/1076/1214 687/1079/1214 688/1080/1214 681/1073/1214
f 684/1081/1215 683/1082/1216 689/1083/1217 687/1084/1215
f 689/1083/1217 683/1082/1216 685/1085/1218 690/1086/1218
f 690/1087/1219 685/1077/1219 686/1078/1219 691/1088/1219
f 686/1089/1220 682/1090/1221 692/1091/1222 691/1092/1220
f 692/1091/1222 682/1090/1221 681/1093/1223 688/1094/1223
f 693/1095/1224 694/1096/1224 695/1097/1225 696/1098/1226
f 697/1099/1227 698/1100/1227 696/1098/1226 695/1097/1225
f 694/1096/1228 693/1095/1228 699/1101/1228 700/1102/1228
f 701/1103/1229 695/1104/1230 694/1105/1231 700/1106/1231
f 701/1103/1229 702/1107/1232 697/1108/1232 695/1104/1230
f 702/1109/1233 703/1110/1233 698/1100/1233 697/1099/1233
f 704/1111/1234 696/1112/1235 698/1113/1236 703/1114/1236
f 704/1111/1234 699/1115/1237 693/1116/1237 696/1112/1235
f 705/1117/1238 706/1118/1238 707/1119/1238 708/1120/1238
f 709/1121/1239 710/1122/1240 711/1123/1241
f 710/1124/1242 712/1125/1242 713/1126/1242 711/1127/1242
f 713/1128/1243 712/1129/1244 714/1130/1245
f 713/1128/1243 714/1130/1245 707/1131/1246 706/1132/1246
f 708/1133/1247 709/1121/1239 711/1123/1241 705/1134/1247
f 711/1127/1248 713/1126/1248 706/1118/1248 705/1117/1248
f 715/1135/1249 716/1136/1249 717/1137/1249 718/1138/1249
f 709/1121/1239 719/1139/1250 710/1122/1240
f 719/1140/1251 720/1141/1251 721/1142/1251 722/1143/1251
f 721/1144/1252 714/1130/1245 722/1145/1253
f 717/1146/1254 714/1130/1245 721/1144/1252 718/1147/1254
f 720/1148/1255 709/1121/1239 716/1149/1256 715/1150/1256
f 720/1141/1257 715/1135/1257 718/1138/1257 721/1142/1257
f 709/1121/1239 720/1148/1255 719/1139/1250
f 714/1130/1245 712/1129/1244 722/1145/1253
f 723/1151/1258 724/1152/1258 725/1153/1258 726/1154/1258
f 727/1155/1259 728/1156/1260 729/1157/1261
f 729/1158/1262 728/1159/1262 730/1160/1262 731/1161/1262
f 730/1162/1263 732/1163/1264 731/1164/1265
f 730/1162/1263 726/1165/1266 725/1166/1266 732/1163/1264
f 724/1167/1267 723/1168/1267 728/1156/1260 727/1155/1259
f 728/1159/1268 723/1151/1268 726/1154/1268 730/1160/1268
f 733/1169/1269 734/1170/1269 735/1171/1269 736/1172/1269
f 727/1155/1259 729/1157/1261 737/1173/1270
f 737/1174/1271 738/1175/1271 739/1176/1271 740/1177/1271
f 739/1178/1272 738/1179/1273 732/1163/1264
f 735/1180/1274 734/1181/1274 739/1178/1272 732/1163/1264
f 740/1182/1275 733/1183/1276 736/1184/1276 727/1155/1259
f 740/1177/1277 739/1176/1277 734/1170/1277 733/1169/1277
f 727/1155/1259 737/1173/1270 740/1182/1275
f 732/1163/1264 738/1179/1273 731/1164/1265
f 741/1185/1111 742/1186/1111 743/1187/1278 744/1188/1278
f 744/1188/1278 743/1187/1278 745/1189/1279 746/1190/1279
f 746/1190/1279 745/1189/1279 747/1191/1280 748/1192/1280
f 748/1192/1280 747/1191/1280 749/1193/1110 750/1194/1110
f 750/1195/1110 749/1196/1110 751/1197/1281 752/1198/1281
f 752/1198/1281 751/1197/1281 753/1199/1282 754/1200/1282
f 754/1200/1282 753/1199/1282 755/1201/1283 756/1202/1283
f 756/1202/1283 755/1201/1283 757/1203/1117 758/1204/1117
f 758/1204/1117 757/1203/1117 759/1205/1284 760/1206/1284
f 760/1206/1284 759/1205/1284 761/1207/1285 762/1208/1285
f 762/1208/1285 761/1207/1285 763/1209/1286 764/1210/1286
f 764/1210/1286 763/1209/1286 765/1211/1112 766/1212/1112
f 766/1212/1112 765/1211/1112 767/1213/1287 768/1214/1287
f 768/1214/1287 767/1213/1287 769/1215/1288 770/1216/1288
f 770/1216/1288 769/1215/1288 771/1217/1289 772/1218/1289
f 772/1218/1289 771/1217/1289 742/1186/1111 741/1185/1111
f 748/1219/1108 772/1220/1108 744/1221/1108 746/1222/1108
f 752/1223/1108 756/1224/1108 748/1219/1108 750/1225/1108
f 752/1223/1108 754/1226/1108 756/1224/1108
f 760/1227/1108 764/1228/1108 756/1224/1108 758/1229/1108
f 760/1227/1108 762/1230/1108 764/1228/1108
f 768/1231/1108 772/1220/1108 764/1228/1108 766/1232/1108
f 768/1231/1108 770/1233/1108 772/1220/1108
f 748/1219/1108 756/1224/1108 764/1228/1108 772/1220/1108
f 741/1234/1108 744/1221/1108 772/1220/1108
f 743/1235/1109 742/1236/1109 773/1237/1109
f 742/1236/1109 771/1238/1109 773/1237/1109
f 771/1238/1109 769/1239/1109 773/1237/1109
f 769/1239/1109 767/1240/1109 773/1237/1109
f 767/1240/1109 765/1241/1109 773/1237/1109
f 765/1241/1109 763/1242/1109 773/1237/1109
f 763/1242/1109 761/1243/1109 773/1237/1109
f 761/1243/1109 759/1244/1109 773/1237/1109
f 759/1244/1109 757/1245/1109 773/1237/1109
f 757/1245/1109 755/1246/1109 773/1237/1109
f 755/1246/1109 753/1247/1109 773/1237/1109
f 753/1247/1109 751/1248/1109 773/1237/1109
f 751/1248/1109 749/1249/1109 773/1237/1109
f 749/1249/1109 747/1250/1109 773/1237/1109
f 747/1250/1109 745/1251/1109 773/1237/1109
f 745/1251/1109 743/1235/1109 773/1237/1109
f 774/1252/1111 775/1253/1111 776/1254/1278 777/1255/1278
f 777/1255/1278 776/1254/1278 778/1256/1279 779/1257/1279
f 779/1257/1279 778/1256/1279 780/1258/1280 781/1259/1280
f 781/1259/1280 780/1258/1280 782/1260/1110 783/1261/1110
f 783/1262/1110 782/1263/1110 784/1264/1281 785/1265/1281
f 785/1265/1281 784/1264/1281 786/1266/1282 787/1267/1282
f 787/1267/1282 786/1266/1282 788/1268/1283 789/1269/1283
f 789/1269/1283 788/1268/1283 790/1270/1117 791/1271/1117
f 791/1271/1117 790/1270/1117 792/1272/1284 793/1273/1284
f 793/1273/1284 792/1272/1284 794/1274/1285 795/1275/1285
f 795/1275/1285 794/1274/1285 796/1276/1286 797/1277/1286
f 797/1277/1286 796/1276/1286 798/1278/1112 799/1279/1112
f 799/1279/1112 798/1278/1112 800/1280/1287 801/1281/1287
f 801/1281/1287 800/1280/1287 802/1282/1288 803/1283/1288
f 803/1283/1288 802/1282/1288 804/1284/1289 805/1285/1289
f 805/1285/1289 804/1284/1289 775/1253/1111 774/1252/1111
f 781/1286/1108 805/1287/1108 777/1288/1108 779/1289/1108
f 785/1290/1108 789/1291/1108 781/1286/1108 783/1292/1108
f 785/1290/1108 787/1293/1108 789/1291/1108
f 793/1294/1108 797/1295/1108 789/1291/1108 791/1296/1108
f 793/1294/1108 795/1297/1108 797/1295/1108
f 801/1298/1108 805/1287/1108 797/1295/1108 799/1299/1108
f 801/1298/1108 803/1300/1108 805/1287/1108
f 781/1286/1108 789/1291/1108 797/1295/1108 805/1287/1108
f 774/1301/1108 777/1288/1108 805/1287/1108
f 776/1302/1109 775/1303/1109 806/1304/1109
f 775/1303/1109 804/1305/1109 806/1304/1109
f 804/1305/1109 802/1306/1109 806/1304/1109
f 802/1306/1109 800/1307/1109 806/1304/1109
f 800/1307/1109 798/1308/1109 806/1304/1109
f 798/1308/1109 796/1309/1109 806/1304/1109
f 796/1309/1109 794/1310/1109 806/1304/1109
f 794/1310/1109 792/1311/1109 806/1304/1109
f 792/1311/1109 790/1312/1109 806/1304/1109
f 790/1312/1109 788/1313/1109 806/1304/1109
f 788/1313/1109 786/1314/1109 806/1304/1109
f 786/1314/1109 784/1315/1109 806/1304/1109
f 784/1315/1109 782/1316/1109 806/1304/1109
f 782/1316/1109 780/1317/1109 806/1304/1109
f 780/1317/1109 778/1318/1109 806/1304/1109
f 778/1318/1109 776/1302/1109 806/1304/1109
f 807/1319/1111 808/1320/1278 809/1321/1278 810/1322/1111
f 808/1320/1278 811/1323/1279 812/1324/1279 809/1321/1278
f 811/1323/1279 813/1325/1280 814/1326/1280 812/1324/1279
f 813/1325/1280 815/1327/1110 816/1328/1110 814/1326/1280
f 815/1329/1110 817/1330/1281 818/1331/1281 816/1332/1110
f 817/1330/1281 819/1333/1282 820/1334/1282 818/1331/1281
f 819/1333/1282 821/1335/1283 822/1336/1283 820/1334/1282
f 821/1335/1283 823/1337/1117 824/1338/1117 822/1336/1283
f 823/1337/1117 825/1339/1284 826/1340/1284 824/1338/1117
f 825/1339/1284 827/1341/1285 828/1342/1285 826/1340/1284
f 827/1341/1285 829/1343/1286 830/1344/1286 828/1342/1285
f 829/1343/1286 831/1345/1112 832/1346/1112 830/1344/1286
f 831/1345/1112 833/1347/1287 834/1348/1287 832/1346/1112
f 833/1347/1287 835/1349/1288 836/1350/1288 834/1348/1287
f 835/1349/1288 837/1351/1289 838/1352/1289 836/1350/1288
f 837/1351/1289 807/1319/1111 810/1322/1111 838/1352/1289
f 813/1353/1109 811/1354/1109 808/1355/1109 837/1356/1109
f 817/1357/1109 815/1358/1109 813/1353/1109 821/1359/1109
f 817/1357/1109 821/1359/1109 819/1360/1109
f 825/1361/1109 823/1362/1109 821/1359/1109 829/1363/1109
f 825/1361/1109 829/1363/1109 827/1364/1109
f 833/1365/1109 831/1366/1109 829/1363/1109 837/1356/1109
f 833/1365/1109 837/1356/1109 835/1367/1109
f 813/1353/1109 837/1356/1109 829/1363/1109 821/1359/1109
f 807/1368/1109 837/1356/1109 808/1355/1109
f 809/1369/1108 839/1370/1108 810/1371/1108
f 810/1371/1108 839/1370/1108 838/1372/1108
f 838/1372/1108 839/1370/1108 836/1373/1108
f 836/1373/1108 839/1370/1108 834/1374/1108
f 834/1374/1108 839/1370/1108 832/1375/1108
f 832/1375/1108 839/1370/1108 830/1376/1108
f 830/1376/1108 839/1370/1108 828/1377/1108
f 828/1377/1108 839/1370/1108 826/1378/1108
f 826/1378/1108 839/1370/1108 824/1379/1108
f 824/1379/1108 839/1370/1108 822/1380/1108
f 822/1380/1108 839/1370/1108 820/1381/1108
f 820/1381/1108 839/1370/1108 818/1382/1108
f 818/1382/1108 839/1370/1108 816/1383/1108
f 816/1383/1108 839/1370/1108 814/1384/1108
f 814/1384/1108 839/1370/1108 812/1385/1108
f 812/1385/1108 839/1370/1108 809/1369/1108
f 840/1386/1111 841/1387/1278 842/1388/1278 843/1389/1111
f 841/1387/1278 844/1390/1279 845/1391/1279 842/1388/1278
f 844/1390/1279 846/1392/1280 847/1393/1280 845/1391/1279
f 846/1392/1280 848/1394/1110 849/1395/1110 847/1393/1280
f 848/1396/1110 850/1397/1281 851/1398/1281 849/1399/1110
f 850/1397/1281 852/1400/1282 853/1401/1282 851/1398/1281
f 852/1400/1282 854/1402/1283 855/1403/1283 853/1401/1282
f 854/1402/1283 856/1404/1117 857/1405/1117 855/1403/1283
f 856/1404/1117 858/1406/1284 859/1407/1284 857/1405/1117
f 858/1406/1284 860/1408/1285 861/1409/1285 859/1407/1284
f 860/1408/1285 862/1410/1286 863/1411/1286 861/1409/1285
f 862/1410/1286 864/1412/1112 865/1413/1112 863/1411/1286
f 864/1412/1112 866/1414/1287 867/1415/1287 865/1413/1112
f 866/1414/1287 868/1416/1288 869/1417/1288 867/1415/1287
f 868/1416/1288 870/1418/1289 871/1419/1289 869/1417/1288
f 870/1418/1289 840/1386/1111 843/1389/1111 871/1419/1289
f 846/1420/1108 844/1421/1108 841/1422/1108 870/1423/1290
f 850/1424/1108 848/1425/1108 846/1420/1108 854/1426/1108
f 850/1424/1108 854/1426/1108 852/1427/1108
f 858/1428/1108 856/1429/1108 854/1426/1108 862/1430/1108
f 858/1428/1108 862/1430/1108 860/1431/1108
f 866/1432/1108 864/1433/1108 862/1430/1108 870/1423/1290
f 866/1432/1108 870/1423/1290 868/1434/1108
f 846/1420/1108 870/1423/1290 862/1430/1108 854/1426/1108
f 840/1435/1108 870/1423/1290 841/1422/1108
f 842/1436/1109 872/1437/1109 843/1438/1109
f 843/1438/1109 872/1437/1109 871/1439/1109
f 871/1439/1109 872/1437/1109 869/1440/1109
f 869/1440/1109 872/1437/1109 867/1441/1109
f 867/1441/1109 872/1437/1109 865/1442/1109
f 865/1442/1109 872/1437/1109 863/1443/1109
f 863/1443/1109 872/1437/1109 861/1444/1291
f 861/1444/1291 872/1437/1109 859/1445/1109
f 859/1445/1109 872/1437/1109 857/1446/1109
f 857/1446/1109 872/1437/1109 855/1447/1109
f 855/1447/1109 872/1437/1109 853/1448/1109
f 853/1448/1109 872/1437/1109 851/1449/1109
f 851/1449/1109 872/1437/1109 849/1450/1109
f 849/1450/1109 872/1437/1109 847/1451/1109
f 847/1451/1109 872/1437/1109 845/1452/1109
f 845/1452/1109 872/1437/1109 842/1436/1109
